From	To
ENSG00000000457	Q8IZE3
ENSG00000000457	A0ACI8RLT7
ENSG00000000457	A0ACI8SG46
ENSG00000000457	A0ACI8VH11
ENSG00000000457	X6RHX1
ENSG00000000938	P09769
ENSG00000000938	A0ACI8PC72
ENSG00000000938	A0ACI8Q049
ENSG00000000938	A0ACI8QW34
ENSG00000000938	A0ACI8VMN1
ENSG00000000938	A0ACI8VMN8
ENSG00000000938	A0ACI8VN48
ENSG00000000938	Q5TGY6
ENSG00000002330	Q92934
ENSG00000002330	A0ACI8R2F3
ENSG00000002330	A8MXU7
ENSG00000002330	F5GYS3
ENSG00000002330	F5H1R6
ENSG00000002330	F5H3B1
ENSG00000003756	P52756
ENSG00000003756	A0ACI8P7B9
ENSG00000003756	A0ACI8P8S3
ENSG00000003756	A0ACI8PEJ0
ENSG00000003756	A0ACI8PJT1
ENSG00000003756	A0ACI8PSG6
ENSG00000003756	A0ACI8Q0P4
ENSG00000003756	A0ACI8Q9Z6
ENSG00000003756	A0ACI8QB32
ENSG00000003756	A0ACI8QI36
ENSG00000003756	A0ACI8RDS1
ENSG00000003756	A0ACI8RJG4
ENSG00000003756	A0ACI8TWY3
ENSG00000003756	A0ACI8TX25
ENSG00000003756	A0ACI8TX72
ENSG00000003756	A0ACI8TXJ6
ENSG00000003756	A0ACI8UQ90
ENSG00000003756	A0ACI8UQ92
ENSG00000003756	A0ACI8UQB8
ENSG00000003756	C9J9P7
ENSG00000003756	C9JFQ5
ENSG00000003756	C9JR02
ENSG00000003756	F8W910
ENSG00000003756	F8WE23
ENSG00000003756	H7BYM9
ENSG00000004142	Q9Y2S7
ENSG00000004142	A0ACI8QW38
ENSG00000004142	A0ACI8R6U9
ENSG00000004142	A0ACI8RCV0
ENSG00000004142	A0ACI8RGI5
ENSG00000004142	A0ACI8S5W5
ENSG00000004142	A0ACI8SBY9
ENSG00000004142	A0ACI8TGC8
ENSG00000004142	A0ACI8UTC5
ENSG00000004142	A0ACI8UTD6
ENSG00000004142	A0ACI8UTF0
ENSG00000004142	A0ACM8QGA3
ENSG00000004534	P78332
ENSG00000004534	A0ACI8PIE2
ENSG00000004534	A0ACI8RPL8
ENSG00000004534	A0ACI8UFL0
ENSG00000004534	C9J250
ENSG00000004534	C9JII0
ENSG00000004534	C9JMC8
ENSG00000004534	C9JSL1
ENSG00000004534	E9PGM9
ENSG00000004534	F8WCA5
ENSG00000004534	F8WCT0
ENSG00000004534	F8WF63
ENSG00000004660	Q8N5S9
ENSG00000004660	A0ACI8QJQ7
ENSG00000004660	J3KPJ3
ENSG00000004846	Q2M3G0
ENSG00000004846	H7C165
ENSG00000005801	O14628
ENSG00000005801	A0A087WT67
ENSG00000005801	A0ACI8R9N4
ENSG00000005801	A0ACI8TGC1
ENSG00000005801	A0ACI8TGC2
ENSG00000005801	A0ACI8U5F7
ENSG00000005801	A0ACI8U5K5
ENSG00000005801	C9JG37
ENSG00000005801	E9PIN4
ENSG00000005801	E9PIT0
ENSG00000005801	E9PIY8
ENSG00000005801	E9PLF5
ENSG00000005801	E9PLW9
ENSG00000005801	E9PMX5
ENSG00000005801	E9PNM0
ENSG00000005801	E9PPF8
ENSG00000005801	E9PSE6
ENSG00000005801	H0YDV1
ENSG00000005893	P13473
ENSG00000005893	A0A9L9PXQ4
ENSG00000005893	A0ACI8PJS7
ENSG00000005893	A0ACI8PUI3
ENSG00000005893	A0ACI8QK78
ENSG00000005893	A0ACI8R7H8
ENSG00000005893	A0ACI8RBJ5
ENSG00000005893	A0ACI8S0S8
ENSG00000005893	A0ACI8TV86
ENSG00000005893	A0ACI8UNL3
ENSG00000005893	A0ACI8UNM5
ENSG00000005893	A0ACI8UNQ1
ENSG00000005893	A0ACI8UNY8
ENSG00000005893	A0ACI8USA3
ENSG00000005893	A0ACI8USA5
ENSG00000005893	A0ACI8USZ5
ENSG00000005893	H0YCG2
ENSG00000006128	P20366
ENSG00000006534	P43353
ENSG00000006534	A0A087WTE0
ENSG00000006534	A0A087WU54
ENSG00000006534	A0A087WUF8
ENSG00000006534	A0A087X192
ENSG00000006534	A0A087X2D4
ENSG00000006534	A0ACI8RGC8
ENSG00000006534	A0ACI8RVV6
ENSG00000006659	Q8TCE9
ENSG00000006659	M0R163
ENSG00000008517	P24001
ENSG00000008517	A0ACI8S5Q2
ENSG00000008517	A0ACI8UKR0
ENSG00000008517	E9PIV2
ENSG00000008517	E9PK07
ENSG00000008517	F6XF19
ENSG00000008517	F8VSD2
ENSG00000008517	F8VVN4
ENSG00000008517	F8W1V1
ENSG00000010319	Q9NS98
ENSG00000010319	A0ACI8UIG0
ENSG00000010319	C9JXB2
ENSG00000010319	H7C5M7
ENSG00000010379	Q9NSD5
ENSG00000010379	A0ACI8QW40
ENSG00000010379	A0ACI8VFV6
ENSG00000010379	F5GZA5
ENSG00000010379	F5H5D9
ENSG00000010379	F5H6S9
ENSG00000019102	Q96IQ7
ENSG00000019102	A0ACI8R3V6
ENSG00000019102	A0ACI8RSA5
ENSG00000019102	A0ACI8SC35
ENSG00000019169	Q9UEW3
ENSG00000019169	A0ACI8PRT1
ENSG00000019169	A0ACI8Q2U2
ENSG00000019169	A0ACI8Q6W9
ENSG00000019169	A0ACI8QV27
ENSG00000019169	A0ACI8R3F8
ENSG00000019169	A0ACI8R581
ENSG00000019169	A0ACI8RG24
ENSG00000019169	A0ACI8RJJ0
ENSG00000019169	A0ACI8RTN8
ENSG00000019169	A0ACI8RZ22
ENSG00000019169	A0ACI8S5R0
ENSG00000019169	A0ACI8V0C4
ENSG00000019169	A0ACI8V0D5
ENSG00000019169	A0ACI8V0F2
ENSG00000019169	A0ACI8V0F9
ENSG00000019169	A0ACI8V0G0
ENSG00000019169	A0ACI8V0T1
ENSG00000019169	A0ACI8V3G7
ENSG00000019169	A0ACI8V3I1
ENSG00000019169	A0ACI8V3S5
ENSG00000019169	A0ACI8V457
ENSG00000019169	A0ACI8V5N0
ENSG00000019169	A0ACI8V5Q1
ENSG00000019169	C9JKT8
ENSG00000020426	P51948
ENSG00000020426	A0ACI8TKS5
ENSG00000020426	A0ACI8TKT1
ENSG00000020426	A0ACI8TKW3
ENSG00000020426	A0ACI8V5C4
ENSG00000020426	A0ACI8V5E0
ENSG00000020426	A0ACI8V5M2
ENSG00000020426	H0YJ92
ENSG00000020426	H0YJF2
ENSG00000026103	P25445
ENSG00000026103	A0A087WTM9
ENSG00000026103	A0A499FID1
ENSG00000026103	A0A8I5KWV4
ENSG00000026103	A0A8Q3SIR6
ENSG00000026103	A0A8Q3SIY4
ENSG00000026103	A0A8Q3SJI5
ENSG00000026103	A0A8Q3WLI5
ENSG00000026103	A0A8Q3WLK1
ENSG00000026103	A0A8Q3WLK6
ENSG00000026103	A0A8Q3WLL4
ENSG00000026103	A0A8Q3WM13
ENSG00000026103	A0A8V8TKJ0
ENSG00000026103	A0A8V8TKN4
ENSG00000026103	A0A8V8TM64
ENSG00000033011	Q9BT22
ENSG00000033011	A0A804HHW1
ENSG00000033011	A0A804HIG6
ENSG00000033011	A0A804HJE3
ENSG00000033011	A0A804HJL6
ENSG00000033011	A0A804HJQ1
ENSG00000033011	A0A804HKJ4
ENSG00000033011	A0A804HKK4
ENSG00000033011	A0A804HKU4
ENSG00000033011	A0A804HKX7
ENSG00000033011	A0A804HLB7
ENSG00000033011	A0ACI8QVT3
ENSG00000033011	A0ACI8RPR2
ENSG00000033011	A0ACI8S1X9
ENSG00000033011	A0ACI8U3G5
ENSG00000033011	A0ACI8U3J8
ENSG00000033011	A0ACI8U3K0
ENSG00000033011	A0ACI8V5L1
ENSG00000033011	A0ACI8V5L2
ENSG00000033011	K7EID2
ENSG00000033011	K7EPU3
ENSG00000033011	K7EQK1
ENSG00000034152	P46734
ENSG00000034152	A0ACI8SI78
ENSG00000034152	A0ACI8SI87
ENSG00000034152	A0ACI8SIC3
ENSG00000034152	A0ACI8SID0
ENSG00000034152	A0ACI8UNQ2
ENSG00000034152	E9PMA8
ENSG00000034152	E9PRZ0
ENSG00000034152	J3KRV4
ENSG00000034152	J3QL77
ENSG00000034152	J3QR49
ENSG00000034152	X6RB39
ENSG00000035115	Q96HL8
ENSG00000035115	A0ACI8QCX4
ENSG00000035115	A0ACI8SDT9
ENSG00000035115	A0ACI8TX78
ENSG00000035115	A0ACI8TXB2
ENSG00000035115	A0ACI8VN96
ENSG00000035115	A0ACI8VN97
ENSG00000035115	A0ACI8VNA7
ENSG00000035115	C9J4Z8
ENSG00000035115	C9JJI3
ENSG00000035115	F5GYQ6
ENSG00000035115	H7C1B8
ENSG00000035115	H7C499
ENSG00000035115	S4R3I7
ENSG00000037474	Q08J23
ENSG00000037474	A0A140T9Y7
ENSG00000037474	A0A140T9Z1
ENSG00000037474	A0ACI8QWE4
ENSG00000037474	A0ACI8QWE9
ENSG00000037474	A0ACI8QX22
ENSG00000037474	A0ACI8QXA3
ENSG00000037474	A0ACI8QXM9
ENSG00000037474	A0ACI8RDL5
ENSG00000037474	A0ACI8RHA3
ENSG00000037474	A0ACI8SAU4
ENSG00000037474	A0ACI8SC80
ENSG00000037474	A0ACI8SE37
ENSG00000037474	A0ACI8U0I8
ENSG00000037474	A0ACI8U0M3
ENSG00000037474	A0ACI8U160
ENSG00000037474	A0ACI8U1E1
ENSG00000037474	A0ACI8U4M8
ENSG00000043514	Q9H3H1
ENSG00000043514	A0A3B3ITK2
ENSG00000043514	F6YA19
ENSG00000043514	S4R2X1
ENSG00000043514	S4R2Y2
ENSG00000043514	S4R2Z0
ENSG00000043514	S4R3C5
ENSG00000043514	S4R3F4
ENSG00000043514	S4R3U8
ENSG00000048162	Q9Y3C1
ENSG00000048162	A0A087WU10
ENSG00000048162	A0A0C4DGU5
ENSG00000048162	A0ACI8PS06
ENSG00000048162	A0ACI8TTW1
ENSG00000048162	A0ACI8TU73
ENSG00000048162	A0ACI8TUA8
ENSG00000048162	A0ACI8TV42
ENSG00000048162	A0ACI8TVI8
ENSG00000048162	A0ACI8TVJ8
ENSG00000048162	D6RC60
ENSG00000048162	D6RIC3
ENSG00000050327	Q12774
ENSG00000050327	C9J591
ENSG00000050327	H0Y895
ENSG00000050344	Q9Y4A8
ENSG00000050344	A0ACI8TFJ6
ENSG00000050344	A0ACI8TFL7
ENSG00000050344	A0ACI8TFM4
ENSG00000050344	A0ACI8TFM9
ENSG00000050344	U3KQ19
ENSG00000052749	Q5JTH9
ENSG00000052749	A0A087WYW2
ENSG00000052749	A0A087X0G0
ENSG00000052749	A0A087X1U8
ENSG00000052749	H7C1M8
ENSG00000054116	O43617
ENSG00000054116	A0A087WWM0
ENSG00000054116	A0A087WYS5
ENSG00000054116	A0ACI8RBZ4
ENSG00000054116	A0ACI8SEZ0
ENSG00000054116	A0ACI8T775
ENSG00000054116	A0ACI8T7A6
ENSG00000054116	A6NKE1
ENSG00000054967	Q969Z4
ENSG00000054967	A0ACI8RIZ6
ENSG00000054967	A0ACI8T9J0
ENSG00000054967	A0ACI8U3U6
ENSG00000054967	A0ACI8U468
ENSG00000054967	A0ACI8U5V9
ENSG00000054967	F5GYS9
ENSG00000054967	F5H2T5
ENSG00000055070	Q7Z422
ENSG00000055070	A0ACI8RFS0
ENSG00000055070	A0ACI8SND0
ENSG00000055070	A0ACI8U7A2
ENSG00000055070	A0ACI8U7F1
ENSG00000055070	A0ACI8U7N6
ENSG00000055070	F8WDF4
ENSG00000055208	Q9NYJ8
ENSG00000055208	A0A1B0GV57
ENSG00000055208	A0A8V8TQR7
ENSG00000055208	A0ACI8SYR3
ENSG00000055208	U3KQ62
ENSG00000055208	U3KQR0
ENSG00000056487	Q96EK2
ENSG00000056487	A0ACI8T9H7
ENSG00000056487	B0QYW2
ENSG00000056487	B1AHC5
ENSG00000056487	B1AHC6
ENSG00000057149	P29508
ENSG00000057149	A0ACI8PHE5
ENSG00000057149	A0ACI8QDU7
ENSG00000058404	Q13554
ENSG00000058404	A0A8V8TPG1
ENSG00000058404	A0A8V8TPG6
ENSG00000058404	A0A8V8TPH1
ENSG00000058404	A0A8V8TPJ7
ENSG00000058404	A0A8V8TPW6
ENSG00000058404	A0A8V8TPX2
ENSG00000058404	A0A8V8TPX9
ENSG00000058404	A0A8V8TQ05
ENSG00000058404	A0A8V8TQ06
ENSG00000058404	A0A8V8TQ12
ENSG00000058404	A0A8V8TQ13
ENSG00000058404	A0A8V8TQ39
ENSG00000058404	A0A8V8TQR5
ENSG00000058404	A0A8V8TQS2
ENSG00000058404	A0A8V8TQU0
ENSG00000058404	A0A8V8TQU4
ENSG00000058404	A0A8V8TR22
ENSG00000058404	A0A8V8TR26
ENSG00000058404	A0A8V8TR45
ENSG00000058404	A0ACI8QLD4
ENSG00000058404	A0ACI8QLD5
ENSG00000058404	A0ACI8QLH1
ENSG00000058404	A0ACI8QLL9
ENSG00000058404	A0ACI8QLY3
ENSG00000058404	A0ACI8QN38
ENSG00000058404	A0ACI8QPA7
ENSG00000058404	A0ACI8QYJ0
ENSG00000058404	A0ACI8R5W9
ENSG00000058404	A0ACI8RAG8
ENSG00000058404	A0ACI8RCL9
ENSG00000058404	A0ACI8RIY3
ENSG00000058404	A0ACI8RMW7
ENSG00000058404	A0ACI8RSG5
ENSG00000058404	A0ACI8RUM5
ENSG00000058404	A0ACI8RXU1
ENSG00000058404	A0ACI8S238
ENSG00000058404	A0ACI8S3D3
ENSG00000058404	A0ACI8S828
ENSG00000058404	A0ACI8S9I3
ENSG00000058404	A0ACI8SC65
ENSG00000058404	A0ACI8SEC2
ENSG00000058404	A0ACI8SFK1
ENSG00000058404	A0ACI8U7S8
ENSG00000058404	A0ACI8U7V2
ENSG00000058404	A0ACI8U7W2
ENSG00000058404	A0ACI8U7W3
ENSG00000058404	A0ACI8U7W9
ENSG00000058404	A0ACI8U7X5
ENSG00000058404	A0ACI8U7X7
ENSG00000058404	A0ACI8U7Y8
ENSG00000058404	A0ACI8U7Z1
ENSG00000058404	A0ACI8U7Z3
ENSG00000058404	A0ACI8U814
ENSG00000058404	A0ACI8U818
ENSG00000058404	A0ACI8U820
ENSG00000058404	A0ACI8U821
ENSG00000058404	A0ACI8U832
ENSG00000058404	A0ACI8U845
ENSG00000058404	A0ACI8U870
ENSG00000058404	A0ACI8U8E1
ENSG00000058404	A0ACI8U982
ENSG00000058404	A0ACI8U994
ENSG00000058404	A0ACI8UA20
ENSG00000058404	A0ACI8UAB7
ENSG00000058404	A0ACI8UAJ6
ENSG00000058404	A0ACI8UAQ0
ENSG00000058404	A0ACI8UAT0
ENSG00000058404	A0ACI8UB28
ENSG00000058404	A0ACI8UB56
ENSG00000058404	A0ACI8UB62
ENSG00000058404	A0ACI8UB65
ENSG00000058404	A0ACI8UB78
ENSG00000058404	A0ACI8UBA2
ENSG00000058404	A0ACI8UBB0
ENSG00000058404	A0ACI8UBC5
ENSG00000058404	A0ACI8UBJ1
ENSG00000058404	A0ACI8UBL2
ENSG00000058404	E7EQE4
ENSG00000058404	E7ERS6
ENSG00000058404	E9PBE8
ENSG00000058404	H7BXS4
ENSG00000058404	H7BZC6
ENSG00000062822	P28340
ENSG00000062822	A0A087WYJ2
ENSG00000062822	A0A2R8Y705
ENSG00000062822	A0A2R8Y7K6
ENSG00000062822	A0ACI8PXI7
ENSG00000062822	A0ACI8RPI1
ENSG00000062822	A0ACI8TUG3
ENSG00000062822	A0ACI8TUH4
ENSG00000062822	A0ACI8TUI1
ENSG00000062822	A0ACI8TVZ8
ENSG00000062822	A0ACI8TW27
ENSG00000062822	A0ACI8TWI6
ENSG00000062822	A0ACI8TWJ8
ENSG00000062822	M0QXE6
ENSG00000062822	M0QXQ2
ENSG00000062822	M0QZR8
ENSG00000062822	M0R2B7
ENSG00000062822	M0R2J2
ENSG00000064763	Q96K12
ENSG00000064763	A0A8I5KQJ4
ENSG00000064763	A0A8I5KS86
ENSG00000064763	A0A8I5KUM2
ENSG00000064763	A0A8I5KVC4
ENSG00000064763	A0A8I5KXF4
ENSG00000064763	A0ACI8SHK8
ENSG00000064763	A0ACI8TUZ9
ENSG00000064763	A0ACI8UHX2
ENSG00000064763	F8VPF2
ENSG00000064763	F8VX60
ENSG00000064763	H0YHP1
ENSG00000064763	H0YIE0
ENSG00000065328	Q7L590
ENSG00000065328	A0ACI8T338
ENSG00000065328	A0ACI8T348
ENSG00000065328	C9J600
ENSG00000065328	Q5T670
ENSG00000065361	P21860
ENSG00000065361	A0A087WYT2
ENSG00000065361	A0A2R8Y6T4
ENSG00000065361	A0ACI8QBF2
ENSG00000065361	A0ACI8R8A2
ENSG00000065361	A0ACI8RF02
ENSG00000065361	F8VRI5
ENSG00000065361	F8VRL0
ENSG00000065361	F8VRW8
ENSG00000065361	F8VRZ1
ENSG00000065361	F8VW48
ENSG00000065361	F8VYK4
ENSG00000065911	P13995
ENSG00000065911	A0A7I2V2G4
ENSG00000065911	A0A7I2V2U6
ENSG00000065911	A0A7I2V3T1
ENSG00000065911	A0A7I2V482
ENSG00000065911	A0A7I2YQD4
ENSG00000065911	B8ZZU9
ENSG00000065911	B9A062
ENSG00000065911	F8WF06
ENSG00000065911	F8WF89
ENSG00000066117	Q96GM5
ENSG00000066117	A0ACI8PXW5
ENSG00000066117	A0ACI8SRF8
ENSG00000066117	A0ACI8SRH4
ENSG00000066117	A0ACI8SRI7
ENSG00000066117	A0ACI8SRI8
ENSG00000066117	A0ACI8SRI9
ENSG00000066117	A0ACI8SRL4
ENSG00000066117	F8VRQ4
ENSG00000066117	F8VUB0
ENSG00000066117	F8VW95
ENSG00000066117	F8VZ70
ENSG00000066117	H0YHV1
ENSG00000066336	P17947
ENSG00000066336	A0AAA9YHK5
ENSG00000066336	A0AAA9YHU6
ENSG00000066336	A0ACI8RRX7
ENSG00000066336	F5GZ94
ENSG00000066336	F5H3K6
ENSG00000066855	Q15390
ENSG00000066855	A0ACI8RSJ0
ENSG00000066855	A0ACI8TW96
ENSG00000066855	A0ACI8VLR4
ENSG00000066855	E5RIB6
ENSG00000066855	H0YBZ4
ENSG00000066855	H0YF01
ENSG00000066855	H7C5V5
ENSG00000066923	Q9UJ98
ENSG00000066923	A0ACI8U142
ENSG00000066923	C9J3T3
ENSG00000066923	C9JTG4
ENSG00000066923	C9JYW5
ENSG00000066923	D6W5U7
ENSG00000066923	H7C0H6
ENSG00000067177	P46020
ENSG00000067177	A0ACI8QP96
ENSG00000067177	A0ACI8RBZ0
ENSG00000067177	A0ACI8TIW5
ENSG00000067177	A0ACI8TJ03
ENSG00000067177	A0ACI8V0H9
ENSG00000067177	A0ACI8V0W5
ENSG00000067177	A0ACI8V3J5
ENSG00000067177	A0ACI8V3K2
ENSG00000067177	A0ACI8V3U9
ENSG00000067177	A6NIT2
ENSG00000067177	A6NMN0
ENSG00000067560	P61586
ENSG00000067560	A0A7I2V3G1
ENSG00000067560	A0A7I2V5E6
ENSG00000067560	A0A7I2YQV1
ENSG00000067560	A0ACI8QNY9
ENSG00000067560	A0ACI8S703
ENSG00000067560	A0ACI8SWE8
ENSG00000067560	A0ACI8SWG3
ENSG00000067560	A0ACI8SWG8
ENSG00000067560	A0ACI8SWI0
ENSG00000067560	A0ACI8SWK4
ENSG00000067560	C9JNR4
ENSG00000067560	C9JRM1
ENSG00000067560	C9JX21
ENSG00000067606	Q05513
ENSG00000067606	A0ACI8PVI3
ENSG00000067606	A0ACI8QCV2
ENSG00000067606	A0ACI8QK71
ENSG00000067606	A0ACI8TDD3
ENSG00000067606	A0ACI8VF48
ENSG00000067606	D6RAN5
ENSG00000067606	D6RAU1
ENSG00000067606	D6RBD4
ENSG00000067606	D6RC84
ENSG00000067606	D6RCN4
ENSG00000067606	D6RD31
ENSG00000067606	D6RDM0
ENSG00000067606	D6REZ8
ENSG00000067606	D6RG01
ENSG00000067606	D6RGG1
ENSG00000067606	D6RJG4
ENSG00000067606	E9PBE1
ENSG00000067606	F2Z2H9
ENSG00000067606	F2Z3C5
ENSG00000067606	J3KRP7
ENSG00000067955	Q13951
ENSG00000067955	A0A494C0A9
ENSG00000067955	A0ACI8PEX2
ENSG00000067955	A0ACI8PI00
ENSG00000067955	A0ACI8PI36
ENSG00000067955	A0ACI8RCK6
ENSG00000067955	A0ACI8TGF9
ENSG00000067955	A0ACI8V3A1
ENSG00000067955	H3BSC0
ENSG00000067955	J3KRT0
ENSG00000067955	J3KS23
ENSG00000067955	J3KTD8
ENSG00000068697	Q15012
ENSG00000068697	A0ACI8PCK2
ENSG00000068697	A0ACI8QHQ4
ENSG00000068697	A0ACI8RTN3
ENSG00000068697	A0ACI8SJA4
ENSG00000068697	A0ACI8SJD4
ENSG00000068697	A0ACI8U5K8
ENSG00000069206	Q9H2U9
ENSG00000069206	C9JK28
ENSG00000069206	E5RK87
ENSG00000069493	Q9UHP7
ENSG00000069493	A0A0C4DG81
ENSG00000069493	A0A0C4DGG4
ENSG00000069493	F5H0P0
ENSG00000069493	F5H5U4
ENSG00000069493	F8WF99
ENSG00000069493	H0YGG6
ENSG00000069493	H0YH49
ENSG00000069535	P27338
ENSG00000069535	A0ACI8QCG7
ENSG00000069535	A0ACI8QP57
ENSG00000069535	A0ACI8QWJ3
ENSG00000069535	A0ACI8R297
ENSG00000069535	A0ACI8RGJ6
ENSG00000069535	A0ACI8RXE4
ENSG00000069535	A0ACI8S665
ENSG00000069535	A0ACI8S8Z5
ENSG00000069535	A0ACI8VC08
ENSG00000069535	A0ACI8VC48
ENSG00000069535	A0ACI8VC63
ENSG00000069535	A0ACI8VC68
ENSG00000070882	Q9H4L5
ENSG00000070882	A0ACI8QNZ9
ENSG00000070882	A0ACI8QRL7
ENSG00000070882	A0ACI8U5T2
ENSG00000070882	A0ACI8U5V2
ENSG00000070882	A0ACI8U5X8
ENSG00000070882	A0ACI8VPD4
ENSG00000070882	C9J8P4
ENSG00000070882	C9JEF2
ENSG00000070882	C9JZ19
ENSG00000072041	Q9H2J7
ENSG00000072041	A0A7P0T826
ENSG00000072041	A0A7P0T8B7
ENSG00000072041	A0A7P0T8I1
ENSG00000072041	A0A7P0T9G8
ENSG00000072041	A0A7P0T9P8
ENSG00000072041	A0A7P0T9Z9
ENSG00000072041	A0A7P0TA72
ENSG00000072041	A0A7P0TAT1
ENSG00000072041	A0A7P0TAZ8
ENSG00000072041	A0A7P0TB05
ENSG00000072041	A0A7P0TB74
ENSG00000072041	A0A7P0TBL2
ENSG00000072041	A0A7P0Z4F0
ENSG00000072041	A0A7P0Z4M4
ENSG00000072041	F8VSG1
ENSG00000072041	F8WJN6
ENSG00000073060	Q8WTV0
ENSG00000073060	A0A7P0T8Y8
ENSG00000073060	A0A7P0T913
ENSG00000073060	A0A7P0T9B3
ENSG00000073060	A0A7P0T9I2
ENSG00000073060	A0A7P0Z4E3
ENSG00000073060	A0A7P0Z4J8
ENSG00000073060	A0ACI8PVF7
ENSG00000073060	A0ACI8PXK0
ENSG00000073060	A0ACI8Q6Q6
ENSG00000073060	A0ACI8QCT4
ENSG00000073060	A0ACI8QK51
ENSG00000073060	A0ACI8QZS8
ENSG00000073060	A0ACI8RJL7
ENSG00000073060	A0ACI8RMV6
ENSG00000073060	A0ACI8RWI8
ENSG00000073060	A0ACI8S0P5
ENSG00000073060	A0ACI8TVA3
ENSG00000073060	A0ACI8TVB9
ENSG00000073060	A0ACI8TVD4
ENSG00000073060	A0ACI8TVD6
ENSG00000073060	A0ACI8VG85
ENSG00000073060	A0ACI8VG92
ENSG00000073060	A0ACI8VGC6
ENSG00000073060	A0ACI8VGE2
ENSG00000073060	F5H4X0
ENSG00000073060	F5H5E8
ENSG00000073578	P31040
ENSG00000073578	A0ACI8PRG4
ENSG00000073578	A0ACI8PRJ6
ENSG00000073578	A0ACI8PTE4
ENSG00000073578	A0ACI8PTS9
ENSG00000073578	A0ACI8PXI2
ENSG00000073578	A0ACI8Q2Q1
ENSG00000073578	A0ACI8Q8I7
ENSG00000073578	A0ACI8QFX3
ENSG00000073578	A0ACI8QUW7
ENSG00000073578	A0ACI8RFX1
ENSG00000073578	A0ACI8RJE6
ENSG00000073578	A0ACI8RQI4
ENSG00000073578	A0ACI8RTJ9
ENSG00000073578	A0ACI8RXY5
ENSG00000073578	A0ACI8S372
ENSG00000073578	A0ACI8S5N5
ENSG00000073578	A0ACI8TA64
ENSG00000073578	A0ACI8UPL1
ENSG00000073578	A0ACI8UPL6
ENSG00000073578	A0ACI8UPL8
ENSG00000073578	A0ACI8UPN5
ENSG00000073578	A0ACI8UPQ1
ENSG00000073578	A0ACI8UPS2
ENSG00000073578	A0ACI8UQ40
ENSG00000073578	A0ACI8US70
ENSG00000073578	A0ACI8US85
ENSG00000073578	A0ACI8USK0
ENSG00000073578	D6REB7
ENSG00000073578	D6RFM5
ENSG00000073578	H0Y8S2
ENSG00000073578	H0Y8X1
ENSG00000073754	O43866
ENSG00000075188	Q8NFH4
ENSG00000075188	A0ACI8SR04
ENSG00000075188	F8VTY2
ENSG00000075188	F8VXF5
ENSG00000075188	H0YHK8
ENSG00000077157	O60237
ENSG00000077157	A0A0U1RQD3
ENSG00000077157	A0A0U1RQI8
ENSG00000077157	A0A0U1RQP2
ENSG00000077157	A0A994J7P4
ENSG00000077157	A0ACI8VPH2
ENSG00000077157	A0ACI8VPM6
ENSG00000077157	A0ACI8VQ04
ENSG00000077157	F6U9E3
ENSG00000077157	H7C4R6
ENSG00000078043	O75928
ENSG00000078043	A0A087WUY7
ENSG00000078043	A0A0A0MS92
ENSG00000078043	A0ACI8PUA7
ENSG00000078043	A0ACI8QBQ3
ENSG00000078043	A0ACI8QWE8
ENSG00000078043	F6XCG3
ENSG00000078043	K7EJT4
ENSG00000078043	K7EMP6
ENSG00000078043	K7EQX5
ENSG00000078043	K7ER97
ENSG00000078070	Q96RQ3
ENSG00000078070	A0ACI8R5C3
ENSG00000078070	A0ACI8RDT5
ENSG00000078070	A0ACI8RYL6
ENSG00000078070	A0ACI8S264
ENSG00000078070	A0ACI8S3E0
ENSG00000078070	A0ACI8S950
ENSG00000078070	A0ACI8S9T4
ENSG00000078070	A0ACI8SE99
ENSG00000078070	A0ACI8SFZ2
ENSG00000078070	A0ACI8SHA9
ENSG00000078070	A0ACI8UEU9
ENSG00000078070	A0ACI8UEV3
ENSG00000078070	A0ACI8UEX7
ENSG00000078070	E9PG35
ENSG00000078070	E9PHF7
ENSG00000078070	F2Z2Z7
ENSG00000078070	F2Z3E2
ENSG00000078070	F8WDI3
ENSG00000078070	F8WF46
ENSG00000078070	G5E9X5
ENSG00000078596	O43736
ENSG00000078596	A0ACI8TS28
ENSG00000078596	A0ACI8TS96
ENSG00000078596	A0ACI8TSC7
ENSG00000078596	A0ACI8TSE5
ENSG00000078596	A0ACI8UA51
ENSG00000079393	Q9UII6
ENSG00000079393	A0A9L9PXN7
ENSG00000079393	E9PSD4
ENSG00000079393	U3KQA1
ENSG00000083454	Q93086
ENSG00000083454	A0ACI8PEY8
ENSG00000083454	A0ACI8VMK3
ENSG00000083454	A0ACI8VR83
ENSG00000083454	A0ACI8VRM7
ENSG00000083454	F8VPP4
ENSG00000083454	H0YHT9
ENSG00000083454	H0YII8
ENSG00000083454	K7EQ78
ENSG00000085514	Q9UKJ1
ENSG00000085514	C9JGG1
ENSG00000085514	C9JJ79
ENSG00000086061	P31689
ENSG00000086061	A0ACI8P7E7
ENSG00000086061	A0ACI8PAH4
ENSG00000086061	A0ACI8PDP3
ENSG00000086061	A0ACI8PRC6
ENSG00000086061	A0ACI8RI55
ENSG00000086061	A0ACI8TAG0
ENSG00000086061	A0ACI8TAM2
ENSG00000086061	A0ACI8TAQ1
ENSG00000086061	A0ACI8TAQ3
ENSG00000086061	A0ACI8V1B5
ENSG00000086289	Q9UM22
ENSG00000087053	Q13614
ENSG00000087053	A0A6Q8PF46
ENSG00000087053	A0A6Q8PFL3
ENSG00000087053	A0A6Q8PG25
ENSG00000087053	A0A6Q8PGS5
ENSG00000087053	A0A6Q8PGT1
ENSG00000087053	A0A6Q8PGV9
ENSG00000087053	A0A6Q8PHC4
ENSG00000087053	A0A6Q8PHL9
ENSG00000087053	A0A6Q8PHS7
ENSG00000087053	C9JEX3
ENSG00000087263	Q8N543
ENSG00000087263	A0A0A0MTR2
ENSG00000087263	A0ACI8Q0Q1
ENSG00000087263	A0ACI8S575
ENSG00000087263	A0ACI8T7G1
ENSG00000087263	A0ACI8T7I8
ENSG00000087263	A0ACI8VJP0
ENSG00000087263	H3BP48
ENSG00000087263	H3BR02
ENSG00000087263	H3BR79
ENSG00000087263	H3BUA6
ENSG00000087263	J3KNR5
ENSG00000088881	Q9BQW3
ENSG00000088881	A0A0A0MSW2
ENSG00000088881	A0A6I8PL90
ENSG00000088881	A0A6I8PR97
ENSG00000088881	A0A6I8PRX3
ENSG00000088881	E9PEI2
ENSG00000089050	O75884
ENSG00000089050	A0ACI8VE36
ENSG00000089327	Q96DB9
ENSG00000089327	A0ABB0MVH5
ENSG00000089327	A0ACI8PU59
ENSG00000089327	A0ACI8QTE8
ENSG00000089327	A0ACI8S4R4
ENSG00000089327	A0ACI8T4D0
ENSG00000089327	A0ACI8T4E8
ENSG00000089327	A0ACI8T4G2
ENSG00000089327	A0ACI8T512
ENSG00000089327	A0ACI8T550
ENSG00000089327	A0ACI8T551
ENSG00000089327	A0ACI8T554
ENSG00000089327	A0ACI8T567
ENSG00000089327	A0ACI8T590
ENSG00000089327	A0ACI8T593
ENSG00000089327	A0ACI8T5A6
ENSG00000089327	A8MVG1
ENSG00000089327	F5H4X8
ENSG00000089327	K7EJH6
ENSG00000089327	K7ER99
ENSG00000089775	P24278
ENSG00000089775	A0ACI8UXG7
ENSG00000089775	G3V2K3
ENSG00000089775	G3V351
ENSG00000090447	Q01664
ENSG00000090447	A0ACI8QF83
ENSG00000090447	A0ACI8RBE8
ENSG00000090447	A0ACI8RHV9
ENSG00000090447	A0ACI8S3T2
ENSG00000090447	I3L254
ENSG00000090447	I3L301
ENSG00000090447	I3L4L6
ENSG00000090989	Q9NV70
ENSG00000090989	A0ACI8QEZ1
ENSG00000090989	A0ACI8QRS2
ENSG00000090989	A0ACI8RIG0
ENSG00000090989	A0ACI8RNE7
ENSG00000090989	A0ACI8SAE5
ENSG00000090989	A0ACI8SEB8
ENSG00000090989	A0ACI8T720
ENSG00000090989	A0ACI8VK56
ENSG00000090989	A0ACI8VK58
ENSG00000090989	A0ACI8VK76
ENSG00000090989	A0ACI8VKG4
ENSG00000090989	A0ACI8VNU7
ENSG00000090989	A0ACI8VP51
ENSG00000090989	A0ACI8VPD0
ENSG00000090989	A0ACI8VPK4
ENSG00000090989	A0ACI8VQS7
ENSG00000090989	A0ACI8VQU8
ENSG00000090989	A0ACI8VR77
ENSG00000091527	Q9UKY7
ENSG00000091527	A0A8I5KX85
ENSG00000091527	A0ACI8SWM5
ENSG00000091527	A0ACI8UHT7
ENSG00000091527	D6R973
ENSG00000091527	D6R9V8
ENSG00000091527	D6RAV0
ENSG00000091527	D6RDN0
ENSG00000091527	D6RFH2
ENSG00000091527	H0Y8K3
ENSG00000091542	Q6P6C2
ENSG00000091542	K7ER58
ENSG00000091732	Q86WB0
ENSG00000091732	A0AAQ5BHD0
ENSG00000091732	A0AAQ5BHE3
ENSG00000091732	A0AAQ5BHH3
ENSG00000091732	A0AAQ5BHH8
ENSG00000091732	A0AAQ5BHI5
ENSG00000091732	A0AAQ5BHJ1
ENSG00000091732	A0AAQ5BHJ6
ENSG00000091732	A0ACI8PSK7
ENSG00000091732	A0ACI8TSP8
ENSG00000091732	A0ACI8TT38
ENSG00000091732	A0ACI8TTA7
ENSG00000091732	A0ACI8ULK4
ENSG00000091732	A0ACI8ULQ7
ENSG00000091732	C9J0I9
ENSG00000091732	F8WAU5
ENSG00000091732	F8WBD7
ENSG00000091732	F8WDK5
ENSG00000091732	F8WF13
ENSG00000092094	Q9NPF4
ENSG00000092094	A0ACI8Q369
ENSG00000092094	A0ACI8S1G1
ENSG00000092094	A0ACI8T7T4
ENSG00000092094	A0ACI8UWB9
ENSG00000092094	G3V249
ENSG00000092094	G3V445
ENSG00000092445	Q06418
ENSG00000092445	A0ACI8PLL2
ENSG00000092445	A0ACI8QAN0
ENSG00000092445	A0ACI8RAH2
ENSG00000092445	A0ACI8RP89
ENSG00000092445	A0ACI8TYE3
ENSG00000092445	A0ACI8TYI8
ENSG00000092445	A0ACI8TYJ4
ENSG00000092445	A0ACI8U8F3
ENSG00000092445	A0ACI8U8H3
ENSG00000092445	A0ACI8U8K9
ENSG00000092445	A0ACI8U8L1
ENSG00000092445	H0YKZ2
ENSG00000092445	H0YN24
ENSG00000092445	H0YNK6
ENSG00000092445	H3BPR7
ENSG00000092470	Q9H967
ENSG00000092470	A0A0C4DFX7
ENSG00000092470	A0ACI8RSP6
ENSG00000092470	A0ACI8U4H6
ENSG00000092470	A0ACI8U4V4
ENSG00000092470	A0ACI8VBA9
ENSG00000092470	C9JE56
ENSG00000092847	Q9UL18
ENSG00000092847	A0A0U1RQZ8
ENSG00000092847	A0A6I8PTZ8
ENSG00000092847	A0A8V8TNY0
ENSG00000092847	A0A8V8TPF2
ENSG00000092847	A0A8V8TQA7
ENSG00000092847	A0A8V8TQN5
ENSG00000092847	A0ACI8SHJ5
ENSG00000092847	A0ACI8SHK0
ENSG00000092847	A0ACI8SHK2
ENSG00000092847	A0ACI8TNF9
ENSG00000092847	A0ACI8TNI9
ENSG00000092847	Q5TA58
ENSG00000093183	Q9BRL7
ENSG00000093183	A0ACI8S9P2
ENSG00000093183	A0ACI8SRU3
ENSG00000093183	C9J2R1
ENSG00000093183	C9J448
ENSG00000093183	C9J9A4
ENSG00000093183	C9JNW1
ENSG00000093183	F8VQT7
ENSG00000093183	F8WBN1
ENSG00000093183	F8WDR5
ENSG00000093183	H7C479
ENSG00000095261	Q16401
ENSG00000095261	A0ACI8QSL5
ENSG00000095261	A0ACI8VE37
ENSG00000095261	F2Z3J2
ENSG00000095261	Q4VXH0
ENSG00000095485	Q69YN2
ENSG00000095485	A0A286YEP9
ENSG00000095485	A0A286YF56
ENSG00000095485	A0A286YF74
ENSG00000095485	A0ACI8R0M6
ENSG00000095485	A0ACI8RSE4
ENSG00000095485	A0ACI8T2S1
ENSG00000095485	A0ACI8UMZ0
ENSG00000095485	A0ACI8UN76
ENSG00000095485	A0ACI8UPD4
ENSG00000096696	P15924
ENSG00000096696	A0A804HL18
ENSG00000096696	A0AAQ5BH17
ENSG00000096696	A0AAQ5BH21
ENSG00000096696	A0AAQ5BH40
ENSG00000096696	A0AAQ5BH43
ENSG00000096696	A0AAQ5BH50
ENSG00000096696	A0AAQ5BH53
ENSG00000096696	A0AAQ5BH65
ENSG00000096696	A0AAQ5BH69
ENSG00000099284	Q9P0M6
ENSG00000099284	A0A7I2V2N7
ENSG00000099284	A0A7I2V3B3
ENSG00000099284	A0A7I2V3C2
ENSG00000099284	A0A7I2V3M7
ENSG00000099284	A0A7I2V3R0
ENSG00000099284	A0A7I2V3Z8
ENSG00000099284	A0A7I2V412
ENSG00000099284	A0A7I2V423
ENSG00000099284	A0A7I2V4D9
ENSG00000099284	A0A7I2V4W8
ENSG00000099284	A0A7I2V522
ENSG00000099284	A0A7I2V583
ENSG00000099284	A0A7I2V5A9
ENSG00000099284	A0A7I2V5G0
ENSG00000099284	A0A7I2V633
ENSG00000099284	A0A7I2V6E9
ENSG00000099284	A0A7I2YQB9
ENSG00000099284	A0A7I2YQD6
ENSG00000099284	A0A7I2YQF0
ENSG00000099284	A0A7I2YQR8
ENSG00000099284	Q5SQT3
ENSG00000099326	P28698
ENSG00000099326	A0ACI8QHW6
ENSG00000099326	A0ACI8QL93
ENSG00000099326	A0ACI8S6T8
ENSG00000099326	M0R1U5
ENSG00000099326	M0R2C0
ENSG00000099783	P52272
ENSG00000099783	A0ACI8RUV3
ENSG00000099783	A0ACI8S7H4
ENSG00000099783	A0ACI8TZS7
ENSG00000099783	A0ACI8TZS9
ENSG00000099783	A0ACI8TZT0
ENSG00000099783	A0ACI8TZW2
ENSG00000099783	A0ACI8U6Y0
ENSG00000099783	M0QY96
ENSG00000099783	M0QYL3
ENSG00000099783	M0QYQ7
ENSG00000099783	M0QZM1
ENSG00000099783	M0R019
ENSG00000099783	M0R0N3
ENSG00000099783	M0R0Y6
ENSG00000099783	M0R2I7
ENSG00000099783	M0R2T0
ENSG00000099940	O95721
ENSG00000099940	A0ACI8QAU6
ENSG00000099940	A0ACI8R4Y1
ENSG00000099940	A0ACI8RR45
ENSG00000099940	A0ACI8TZ01
ENSG00000099940	C9JAF7
ENSG00000099985	P13725
ENSG00000099985	B5MC70
ENSG00000099985	B5MCX1
ENSG00000099995	Q15459
ENSG00000099995	A0ACI8PPZ4
ENSG00000099995	A0ACI8PS49
ENSG00000099995	F8WB66
ENSG00000099995	F8WC79
ENSG00000099995	H7C1L2
ENSG00000100055	Q9UIA0
ENSG00000100055	A0ACI8RYP8
ENSG00000100055	B1AHH4
ENSG00000100055	B1AHH5
ENSG00000100055	B1AHH6
ENSG00000100055	H0Y724
ENSG00000100060	O00587
ENSG00000100060	A0A1B0GX02
ENSG00000100060	A0ACI8SGA6
ENSG00000100060	A0ACI8VHE1
ENSG00000100060	A0ACI8VHM6
ENSG00000100060	A0ACI8VL23
ENSG00000100060	A9UJP9
ENSG00000100060	A9UJQ1
ENSG00000100060	F8WE05
ENSG00000100060	F8WE21
ENSG00000100060	H0Y6Q9
ENSG00000100139	Q8N3F8
ENSG00000100139	A0A7P0T7Z5
ENSG00000100139	A0A7P0T8A6
ENSG00000100139	A0A7P0T9P2
ENSG00000100139	A0A7P0Z427
ENSG00000100139	A0A7P0Z4L3
ENSG00000100139	A0ACI8PWP4
ENSG00000100139	A0ACI8QN35
ENSG00000100139	A0ACI8RDT3
ENSG00000100139	A0ACI8SZH1
ENSG00000100139	B0QY86
ENSG00000100139	B0QY91
ENSG00000100139	H0Y6J8
ENSG00000100242	Q9UH99
ENSG00000100242	A0A8I5QKM0
ENSG00000100242	A0ACI8PN38
ENSG00000100242	A0ACI8PNC2
ENSG00000100242	A0ACI8PNF4
ENSG00000100242	A0ACI8PU94
ENSG00000100242	A0ACI8QBU7
ENSG00000100242	A0ACI8QL88
ENSG00000100242	A0ACI8R085
ENSG00000100242	A0ACI8R7F2
ENSG00000100242	A0ACI8RC58
ENSG00000100242	A0ACI8RFX3
ENSG00000100242	A0ACI8RW75
ENSG00000100242	A0ACI8S0Q3
ENSG00000100242	A0ACI8UWX4
ENSG00000100242	A0ACI8UWY1
ENSG00000100242	A0ACI8UWY2
ENSG00000100242	A0ACI8UWY3
ENSG00000100242	A0ACI8UWZ8
ENSG00000100242	A0ACI8UX14
ENSG00000100242	A0ACI8UX27
ENSG00000100242	A0ACI8UX31
ENSG00000100242	A0ACI8UXG9
ENSG00000100242	A0ACI8V137
ENSG00000100242	B0QY60
ENSG00000100242	B0QY63
ENSG00000100242	B0QY64
ENSG00000100242	B0QY66
ENSG00000100242	B0QY67
ENSG00000100242	B0QY68
ENSG00000100242	B0QY69
ENSG00000100284	O60784
ENSG00000100284	A0ACI8Q3P7
ENSG00000100284	A0ACI8Q3Q1
ENSG00000100284	A0ACI8Q3S6
ENSG00000100284	A0ACI8Q3T3
ENSG00000100284	A0ACI8Q5K6
ENSG00000100284	A0ACI8Q8P5
ENSG00000100284	A0ACI8QLT5
ENSG00000100284	A0ACI8QTR0
ENSG00000100284	A0ACI8QUZ5
ENSG00000100284	A0ACI8R465
ENSG00000100284	A0ACI8RZD0
ENSG00000100284	A0ACI8S5G4
ENSG00000100284	A0ACI8S998
ENSG00000100284	A0ACI8TJR0
ENSG00000100284	A0ACI8UQR9
ENSG00000100284	A0ACI8UQT3
ENSG00000100284	A0ACI8UQU2
ENSG00000100284	A0ACI8UR19
ENSG00000100284	A0ACI8UUH3
ENSG00000100284	A0ACI8UUN9
ENSG00000100284	A0ACI8UV93
ENSG00000100284	A0ACI8UVD2
ENSG00000100284	A0ACI8UVG8
ENSG00000100284	B0QY01
ENSG00000100284	B0QY02
ENSG00000100284	F8WAW7
ENSG00000100284	F8WB30
ENSG00000100284	F8WBB0
ENSG00000100284	F8WE29
ENSG00000100284	H7BYN7
ENSG00000100284	V9GYF4
ENSG00000100284	V9GZ68
ENSG00000100299	P15289
ENSG00000100299	A0A0C4DFZ2
ENSG00000100299	A0ACI8PER3
ENSG00000100299	A0ACI8PHU7
ENSG00000100299	A0ACI8PHZ0
ENSG00000100299	A0ACI8PLF4
ENSG00000100299	A0ACI8Q1D9
ENSG00000100299	A0ACI8RCF1
ENSG00000100299	A0ACI8RM05
ENSG00000100299	A0ACI8RT58
ENSG00000100299	A0ACI8V885
ENSG00000100299	V9GYR0
ENSG00000100321	O43759
ENSG00000100321	A0ACI8RE59
ENSG00000100321	A0ACI8RUG0
ENSG00000100321	A0ACI8TRP0
ENSG00000100321	A0ACI8TRR2
ENSG00000100321	A0ACI8VL48
ENSG00000100321	A0ACI8VLG7
ENSG00000100321	A0ACI8VMR1
ENSG00000100321	A2A283
ENSG00000100321	B5MCD7
ENSG00000100321	F8WCE4
ENSG00000100335	Q9NQG6
ENSG00000100335	B0QY94
ENSG00000100335	B0QY95
ENSG00000100360	Q9BW83
ENSG00000100360	A0ACI8PK01
ENSG00000100360	A0ACI8Q7T6
ENSG00000100360	A0ACI8RY32
ENSG00000100360	A0ACI8SUC4
ENSG00000100360	A0ACI8SUC7
ENSG00000100360	A0ACI8SUC9
ENSG00000100360	A0ACI8SUD9
ENSG00000100360	A0ACI8SUF6
ENSG00000100360	A0ACI8SUJ4
ENSG00000100360	B1AH56
ENSG00000100360	B1AH58
ENSG00000100360	F5GZ09
ENSG00000100360	H0Y6C7
ENSG00000100387	P62877
ENSG00000100387	A0ACI8Q4A4
ENSG00000100387	A0ACI8R0K5
ENSG00000100387	A0ACI8R900
ENSG00000100387	A0ACI8T001
ENSG00000100387	A0ACI8T045
ENSG00000100395	Q969R5
ENSG00000100395	A0ACI8QFK3
ENSG00000100395	A0ACI8QHI1
ENSG00000100395	A0ACI8S5T4
ENSG00000100395	A0ACI8T529
ENSG00000100395	A0ACI8T541
ENSG00000100395	A0ACI8T560
ENSG00000100395	A0ACI8VI70
ENSG00000100395	A0ACI8VI87
ENSG00000100395	A0ACI8VI89
ENSG00000100395	A0ACI8VI98
ENSG00000100395	A0ACI8VIA2
ENSG00000100395	H0Y5M2
ENSG00000100395	H7C228
ENSG00000100442	Q00688
ENSG00000100442	A0ACI8QYI4
ENSG00000100442	A0ACI8RR72
ENSG00000100442	A0ACI8TLD9
ENSG00000100442	A0ACI8TM37
ENSG00000100442	A0ACI8TM50
ENSG00000100442	G3V5F2
ENSG00000100554	Q9Y5K8
ENSG00000100554	G3V2S6
ENSG00000100554	G3V2V6
ENSG00000100554	G3V341
ENSG00000100554	G3V3T8
ENSG00000100554	G3V559
ENSG00000100554	G3V5S7
ENSG00000100554	H0YJ55
ENSG00000100554	H0YJH8
ENSG00000100554	H0YJS0
ENSG00000100577	O43708
ENSG00000100577	A0A0A0MR33
ENSG00000100577	A0A0C4DFM0
ENSG00000100577	A0ACI8PZX2
ENSG00000100577	A0ACI8RRZ1
ENSG00000100577	A0ACI8TXD0
ENSG00000100577	A0ACI8TXD7
ENSG00000100577	A0ACI8TXG1
ENSG00000100577	A0ACI8TYV0
ENSG00000100577	G3V267
ENSG00000100577	G3V3B9
ENSG00000100577	G3V4T6
ENSG00000100577	G3V5G8
ENSG00000100577	G3V5T0
ENSG00000100577	G3V5U6
ENSG00000100577	H0YJN8
ENSG00000100605	Q13572
ENSG00000100605	A0ACI8UBI2
ENSG00000100605	G3V3C0
ENSG00000100605	G3V4M9
ENSG00000100605	G3V588
ENSG00000100605	G3V5A3
ENSG00000100625	Q9UIU6
ENSG00000100625	G3V2N2
ENSG00000100647	Q92537
ENSG00000100647	A0ACI8PBG3
ENSG00000100647	A0ACI8R279
ENSG00000100647	A0ACI8UJ85
ENSG00000100804	P28074
ENSG00000100804	A0ACI8S3E3
ENSG00000100804	A0ACI8TB90
ENSG00000100804	G3V3K3
ENSG00000100804	G8JLC2
ENSG00000100804	H0YJM8
ENSG00000100883	P61011
ENSG00000100883	A0A7I2V584
ENSG00000100883	A0A7I2V591
ENSG00000100883	A0A7I2V5K0
ENSG00000100883	A0A7I2V5S0
ENSG00000100883	A0A7P0PJI2
ENSG00000100883	A0ACI8PQS5
ENSG00000100883	A0ACI8Q7W8
ENSG00000100883	A0ACI8QRP7
ENSG00000100883	A0ACI8THI4
ENSG00000100883	A0ACI8VG51
ENSG00000100883	A0ACI8VG56
ENSG00000100883	G3V346
ENSG00000100883	G3V3L9
ENSG00000100883	G3V480
ENSG00000100883	G3V4F7
ENSG00000101057	P10244
ENSG00000101057	A0ACI8S1Y7
ENSG00000101057	A0ACI8SNF1
ENSG00000101057	A0ACI8SNF3
ENSG00000101057	A0ACI8SNF5
ENSG00000101057	A0ACI8SNF8
ENSG00000101057	A0ACI8SNH8
ENSG00000101057	A0ACI8SNI6
ENSG00000101057	A0ACI8SNJ6
ENSG00000101057	A0ACI8SNK0
ENSG00000101057	A0ACI8SNK2
ENSG00000101057	A0ACI8SNK6
ENSG00000101057	A0ACI8SNP4
ENSG00000101057	A0ACI8SNP7
ENSG00000101057	A0ACI8SNQ0
ENSG00000101057	A0ACI8SNQ1
ENSG00000101057	A0ACI8SNQ2
ENSG00000101057	A0ACI8SNQ9
ENSG00000101057	A0ACI8SNR9
ENSG00000101057	A0ACI8SNS7
ENSG00000101057	A0ACI8SNS8
ENSG00000101057	A0ACI8SNT4
ENSG00000101057	A0ACI8SNT7
ENSG00000101057	A0ACI8SNU2
ENSG00000101057	A0ACI8SNV4
ENSG00000101057	A0ACI8SNW3
ENSG00000101057	A0ACI8SNX2
ENSG00000101057	A0ACI8SNZ0
ENSG00000101152	Q9H3Z4
ENSG00000101417	Q9Y6I8
ENSG00000101417	A0ACI8UEF0
ENSG00000101417	F8W990
ENSG00000101938	Q9BU40
ENSG00000101938	A0A452Q6Z9
ENSG00000101938	A0ACI8Q0K8
ENSG00000101938	A0ACI8RX13
ENSG00000101938	A0ACI8S7N6
ENSG00000101938	A0ACI8TPF4
ENSG00000101938	A0ACI8UB47
ENSG00000101938	A0ACI8UBA4
ENSG00000101955	P78539
ENSG00000101955	A0ACI8QPT1
ENSG00000101955	A0ACI8RF26
ENSG00000101955	A0ACI8VJ26
ENSG00000101955	A0ACI8VJ63
ENSG00000101955	A0ACI8VJ66
ENSG00000101955	A0ACI8VNW1
ENSG00000101955	A0ACI8VPD2
ENSG00000102100	P78381
ENSG00000102100	A0A0U1RR48
ENSG00000102100	A0A0U1RR61
ENSG00000102100	A0A0U1RRB4
ENSG00000102100	A0A0U1RRG4
ENSG00000102100	A0A0U1RRN1
ENSG00000102100	A0A0X1KG77
ENSG00000102100	A0AAG2UWE1
ENSG00000102100	A0AAG2UXR6
ENSG00000102100	A0ACI8PTR8
ENSG00000102100	A6NFI1
ENSG00000102100	A6NGW4
ENSG00000102100	A6NKM8
ENSG00000102100	C9JCV5
ENSG00000102119	P50402
ENSG00000102119	A0A804HIG7
ENSG00000102119	A0A804HIV7
ENSG00000102119	A0A804HLA2
ENSG00000102119	A0ACI8QN90
ENSG00000102119	A0ACI8TPW8
ENSG00000102119	A0ACI8TPX1
ENSG00000102119	F8WEQ1
ENSG00000102119	Q5HY57
ENSG00000102218	O75695
ENSG00000102218	A0ACI8UJS0
ENSG00000102317	P98179
ENSG00000102317	A0ACI8SQU7
ENSG00000102317	A0ACI8SQU9
ENSG00000102317	A0ACI8SQV4
ENSG00000102317	F6W5Y1
ENSG00000102974	P49711
ENSG00000102974	A0A2R8Y595
ENSG00000102974	A0A2R8Y6C1
ENSG00000102974	A0A2R8Y6Z6
ENSG00000102974	A0A2R8YFL0
ENSG00000102974	A0ACI8T394
ENSG00000103197	P49815
ENSG00000103197	A0A2R8Y5B2
ENSG00000103197	A0A2R8Y5F1
ENSG00000103197	A0A2R8Y670
ENSG00000103197	A0A2R8Y692
ENSG00000103197	A0A2R8Y6C9
ENSG00000103197	A0A2R8Y7C8
ENSG00000103197	A0A2R8Y7X5
ENSG00000103197	A0A2R8YCP8
ENSG00000103197	A0A2R8YCR8
ENSG00000103197	A0A2R8YDR3
ENSG00000103197	A0A2R8YDZ2
ENSG00000103197	A0A2R8YEJ8
ENSG00000103197	A0A2R8YGD6
ENSG00000103197	A0A2R8YGE6
ENSG00000103197	A0A2R8YGU4
ENSG00000103197	A0A2R8YHA2
ENSG00000103197	A0ACI8QX34
ENSG00000103197	A0ACI8QX66
ENSG00000103197	A0ACI8RCV4
ENSG00000103197	A0ACI8RKE6
ENSG00000103197	A0ACI8RQF3
ENSG00000103197	A0ACI8RY40
ENSG00000103197	A0ACI8RZV9
ENSG00000103197	A0ACI8S2I9
ENSG00000103197	A0ACI8S761
ENSG00000103197	A0ACI8SEI9
ENSG00000103197	A0ACI8SGR5
ENSG00000103197	A0ACI8T1L2
ENSG00000103197	A0ACI8T1S8
ENSG00000103197	A0ACI8U600
ENSG00000103197	A0ACI8U606
ENSG00000103197	A0ACI8U737
ENSG00000103197	A0ACI8U7N4
ENSG00000103197	F6VK09
ENSG00000103197	H3BMQ0
ENSG00000103197	H3BQK4
ENSG00000103197	H3BQY7
ENSG00000103197	I3L134
ENSG00000103197	I3L3B1
ENSG00000103275	P63279
ENSG00000103275	A0AAA9YHD0
ENSG00000103275	A0AAA9YHE7
ENSG00000103275	A0AAA9YHF5
ENSG00000103275	A0AAA9YHJ6
ENSG00000103275	A0AAA9YHJ9
ENSG00000103275	A0AAA9YHK4
ENSG00000103275	A0AAA9YHQ4
ENSG00000103275	A0AAA9YHQ8
ENSG00000103275	A0AAA9YHV5
ENSG00000103275	A0AAA9YHW0
ENSG00000103275	A0AAA9YHW2
ENSG00000103275	H3BPC4
ENSG00000103275	H3BQQ9
ENSG00000103275	H3BRD1
ENSG00000103653	P41240
ENSG00000103653	A0ACI8PBG0
ENSG00000103653	H3BN15
ENSG00000103653	H3BU69
ENSG00000103653	H3BUM9
ENSG00000103852	Q5W5X9
ENSG00000103852	A0ACI8QSI4
ENSG00000103852	A0ACI8V4G2
ENSG00000103852	H0YET0
ENSG00000103852	H0YKN9
ENSG00000103852	H0YM10
ENSG00000103852	H0YMN1
ENSG00000103852	H0YN45
ENSG00000103852	H0YNH7
ENSG00000103852	H0YNV8
ENSG00000103852	H7BZG4
ENSG00000104064	Q06547
ENSG00000104064	A0ACI8QT55
ENSG00000104064	A0ACI8QT68
ENSG00000104064	A0ACI8RHK4
ENSG00000104064	A0ACI8SFM9
ENSG00000104064	A0ACI8TFT3
ENSG00000104064	A0ACI8UDN7
ENSG00000104064	F5H7I4
ENSG00000104064	H0YMZ5
ENSG00000104064	H0YNZ0
ENSG00000104064	I3L0J4
ENSG00000104267	P00918
ENSG00000104267	A0ACI8V264
ENSG00000104267	E5RID5
ENSG00000104267	E5RK37
ENSG00000104442	Q9NVT9
ENSG00000104442	A0ACI8QCQ2
ENSG00000104442	A0ACI8R2F8
ENSG00000104442	E5RHK3
ENSG00000104442	E5RJ86
ENSG00000104442	E9PR92
ENSG00000104635	Q15043
ENSG00000104635	A0ACI8P6I8
ENSG00000104635	A0ACI8PA70
ENSG00000104635	A0ACI8PG20
ENSG00000104635	A0ACI8PL58
ENSG00000104635	A0ACI8PSN3
ENSG00000104635	A0ACI8Q216
ENSG00000104635	A0ACI8Q8L5
ENSG00000104635	A0ACI8Q9Q5
ENSG00000104635	A0ACI8QRG9
ENSG00000104635	A0ACI8RAI8
ENSG00000104635	A0ACI8RCK4
ENSG00000104635	A0ACI8RMM7
ENSG00000104635	A0ACI8TKP4
ENSG00000104635	A0ACI8U571
ENSG00000104635	E5RFF5
ENSG00000104635	E5RFT1
ENSG00000104635	E5RFZ8
ENSG00000104635	E5RGA7
ENSG00000104635	E5RIP4
ENSG00000104635	E5RJ40
ENSG00000104635	E5RJG5
ENSG00000104671	O00399
ENSG00000104671	A0ACI8Q249
ENSG00000104671	A0ACI8Q452
ENSG00000104671	A0ACI8RYF2
ENSG00000104671	E5RFU3
ENSG00000104671	E5RGW9
ENSG00000104671	E5RIK5
ENSG00000104671	E5RK00
ENSG00000104825	Q15653
ENSG00000104825	A0ACI8SXA1
ENSG00000104825	A0ACI8UK97
ENSG00000104825	G5E9C2
ENSG00000104825	H0YFH0
ENSG00000104825	I3L1A4
ENSG00000104825	I3L4X3
ENSG00000104853	O96005
ENSG00000104853	A0ACI8PMF8
ENSG00000104853	A0ACI8PY73
ENSG00000104853	A0ACI8QBP0
ENSG00000104853	A0ACI8RBG4
ENSG00000104853	A0ACI8RQ33
ENSG00000104853	A0ACI8T0A6
ENSG00000104853	A0ACI8VQ67
ENSG00000104853	K7EJ16
ENSG00000104853	K7EKQ7
ENSG00000104853	K7EQQ1
ENSG00000104853	K7ERL5
ENSG00000104915	O60499
ENSG00000104915	A0ACI8V9J1
ENSG00000104915	A0ACI8V9K0
ENSG00000104915	A0ACI8V9K6
ENSG00000104915	A0ACI8V9M3
ENSG00000104915	F6RTM7
ENSG00000104915	K7EIY4
ENSG00000104915	K7EJ05
ENSG00000104915	K7EK02
ENSG00000104915	K7EK75
ENSG00000104915	K7ELY2
ENSG00000104915	K7EPP9
ENSG00000104915	K7EQ84
ENSG00000104915	X6R2W0
ENSG00000105223	Q8IV08
ENSG00000105223	A0A0A0MS28
ENSG00000105223	A0A8V8TPY8
ENSG00000105223	A0A8V8TQH4
ENSG00000105223	A0A8V8TQH6
ENSG00000105223	A0A8V8TRD4
ENSG00000105223	A0ACI8P924
ENSG00000105223	A0ACI8T982
ENSG00000105223	A0ACI8UT12
ENSG00000105223	E2QRG1
ENSG00000105223	M0QX50
ENSG00000105223	M0QX99
ENSG00000105223	M0QY94
ENSG00000105223	M0QYJ4
ENSG00000105223	M0QZK2
ENSG00000105223	M0R1F7
ENSG00000105223	M0R2E7
ENSG00000105223	M0R2W7
ENSG00000105223	M0R3G9
ENSG00000105364	Q9BYD3
ENSG00000105364	A0ACI8R2W9
ENSG00000105364	A0ACI8RKU9
ENSG00000105364	A0ACI8S809
ENSG00000105364	A0ACI8SDK9
ENSG00000105364	A0ACI8TID2
ENSG00000105364	A0ACI8TIK0
ENSG00000105364	K7EJ73
ENSG00000105364	K7EKI4
ENSG00000105364	K7ELF1
ENSG00000105364	K7ELQ0
ENSG00000105364	K7ES61
ENSG00000105364	X6RAY8
ENSG00000105393	Q9NWV8
ENSG00000105393	A0ACI8PJC6
ENSG00000105393	A0ACI8Q397
ENSG00000105393	A0ACI8T3S6
ENSG00000105393	A0ACI8T3V6
ENSG00000105393	A0ACI8T3X4
ENSG00000105393	A0ACI8T429
ENSG00000105393	A0ACI8T490
ENSG00000105393	A0ACI8T4D8
ENSG00000105393	A0ACI8T4F9
ENSG00000105393	A0ACI8T4G9
ENSG00000105393	A0ACI8T4J0
ENSG00000105393	A0ACI8USG7
ENSG00000105393	A0ACI8USN2
ENSG00000105393	J3KQS6
ENSG00000105393	M0QXG9
ENSG00000105393	M0QYV1
ENSG00000105393	M0QZ44
ENSG00000105393	M0R0I0
ENSG00000105393	M0R193
ENSG00000105393	M0R2A4
ENSG00000105393	M0R2I2
ENSG00000105393	M0R2K3
ENSG00000105393	M0R3F4
ENSG00000105393	M0R3H9
ENSG00000105426	Q13332
ENSG00000105426	A0ABJ7H8K3
ENSG00000105426	A0ACI8SZ92
ENSG00000105426	A0ACI8SZC5
ENSG00000105426	G8JL96
ENSG00000105426	K7EJI5
ENSG00000105618	Q8WWY3
ENSG00000105618	A0ACI8PSJ8
ENSG00000105618	A0ACI8Q9R8
ENSG00000105618	A0ACI8QL81
ENSG00000105618	A0ACI8QU71
ENSG00000105618	A0ACI8THA9
ENSG00000105618	A0ACI8THB1
ENSG00000105618	A0ACI8THB5
ENSG00000105618	A0ACI8UM09
ENSG00000105618	E7EN72
ENSG00000105618	E7ESX0
ENSG00000105618	E7EU94
ENSG00000105618	E7EVX8
ENSG00000105639	P52333
ENSG00000105639	A0A8V8TKK0
ENSG00000105668	O00322
ENSG00000105829	O15155
ENSG00000105829	A0A3B3IU16
ENSG00000105829	C9JTT8
ENSG00000105829	F6V1J2
ENSG00000105829	H7C1N3
ENSG00000105894	P21246
ENSG00000105894	A0A8V8TNI1
ENSG00000105894	C9JR52
ENSG00000105971	P51636
ENSG00000105971	A0ACI8S053
ENSG00000105971	E9PCT3
ENSG00000106066	Q9H3G5
ENSG00000106066	A0ACI8RTW6
ENSG00000106066	A0ACI8S3I9
ENSG00000106066	A0ACI8TS61
ENSG00000106066	A0ACI8TSC3
ENSG00000106066	A0ACI8TSF0
ENSG00000106066	A0ACI8TSG4
ENSG00000106066	A0ACI8TSU8
ENSG00000106066	A0ACI8V1K5
ENSG00000106066	A0ACI8V1L4
ENSG00000106066	A0ACI8V1L6
ENSG00000106066	A0ACI8V232
ENSG00000106066	A0ACI8V4S2
ENSG00000106066	A0ACI8V4T7
ENSG00000106066	A0ACI8V534
ENSG00000106066	C9J6L4
ENSG00000106066	C9JI22
ENSG00000106066	C9JLV0
ENSG00000106066	C9JVI2
ENSG00000106066	C9JZ94
ENSG00000106066	H7C0X5
ENSG00000106066	H7C218
ENSG00000106077	Q8NFV4
ENSG00000106077	A0ACI8R348
ENSG00000106077	A0ACI8RH77
ENSG00000106077	A0ACI8RP95
ENSG00000106077	A0ACI8RTK6
ENSG00000106077	A0ACI8S118
ENSG00000106077	A0ACI8S4V7
ENSG00000106077	A0ACI8SFJ7
ENSG00000106077	A0ACI8TQD2
ENSG00000106077	A0ACI8TQH5
ENSG00000106077	C9J7Q4
ENSG00000106077	H0YC52
ENSG00000106077	H7BZ58
ENSG00000106077	H7C396
ENSG00000106258	P20815
ENSG00000106258	A0ACI8Q207
ENSG00000106258	A0ACI8Q272
ENSG00000106258	A0ACI8Q6W8
ENSG00000106258	A0ACI8QI59
ENSG00000106258	A0ACI8QSV3
ENSG00000106258	A0ACI8R215
ENSG00000106258	A0ACI8RDF8
ENSG00000106258	A0ACI8RK23
ENSG00000106258	A0ACI8S8F4
ENSG00000106258	F6RCE4
ENSG00000106609	Q9NWD8
ENSG00000106609	A0ACI8RT17
ENSG00000106609	A0ACI8TC68
ENSG00000106609	A0ACI8TCD4
ENSG00000106609	A0ACI8V816
ENSG00000106609	C9J3C8
ENSG00000106609	C9JKP5
ENSG00000106609	F8WE75
ENSG00000106609	U3KQ21
ENSG00000106692	O75072
ENSG00000106692	A0A2R8Y4L5
ENSG00000106692	A0A2R8Y6X6
ENSG00000106692	A0A2R8Y768
ENSG00000106692	A0A2R8Y7E3
ENSG00000106692	A0A2R8YDW9
ENSG00000106692	A0A6Q8PEY6
ENSG00000106692	A0A6Q8PF14
ENSG00000106692	A0A6Q8PG65
ENSG00000106692	A0A6Q8PG93
ENSG00000106692	A0A6Q8PGS8
ENSG00000106692	A0A6Q8PGV4
ENSG00000106692	A0A6Q8PHN1
ENSG00000106692	A0ACI8R2G4
ENSG00000106692	A0ACI8SF75
ENSG00000106692	A0ACI8T3S1
ENSG00000106692	H7C3W5
ENSG00000106692	I7HPB4
ENSG00000106692	R4GMU0
ENSG00000106823	O94769
ENSG00000106823	A0ACI8PHQ0
ENSG00000106823	A0ACI8PRZ9
ENSG00000106823	A0ACI8VKU9
ENSG00000106823	Q5T9F3
ENSG00000106823	Q5T9F4
ENSG00000107165	P17643
ENSG00000107165	C9JZ52
ENSG00000107165	E7EQI3
ENSG00000107281	Q9NQX5
ENSG00000107281	A0A087WYK7
ENSG00000107281	A0ACI8PQ55
ENSG00000107281	A0ACI8Q195
ENSG00000107281	A0ACI8Q6X8
ENSG00000107281	A0ACI8QEP2
ENSG00000107281	A0ACI8QT57
ENSG00000107281	A0ACI8REF0
ENSG00000107281	A0ACI8RI15
ENSG00000107281	A0ACI8RSK1
ENSG00000107281	A0ACI8RWY5
ENSG00000107281	A0ACI8UPI8
ENSG00000107281	A0ACI8UPJ7
ENSG00000107281	Q5SPY9
ENSG00000107882	Q9UMX1
ENSG00000107882	A0ACI8QGD2
ENSG00000107882	A0ACI8R0K6
ENSG00000107882	A0ACI8R6B5
ENSG00000107882	A0ACI8SAC3
ENSG00000107882	A0ACI8TJ15
ENSG00000107882	A0ACI8TJ67
ENSG00000107882	A0ACI8TJ93
ENSG00000108039	Q9NQW7
ENSG00000108039	A0ACI8QDH1
ENSG00000108039	A0ACI8QFF1
ENSG00000108039	A0ACI8QXP3
ENSG00000108039	A0ACI8S4T7
ENSG00000108039	A0ACI8S9E9
ENSG00000108039	A0ACI8TFF8
ENSG00000108039	A0ACI8TFM6
ENSG00000108039	A0ACI8TFQ3
ENSG00000108039	A0ACI8TFQ7
ENSG00000108039	A0ACI8U680
ENSG00000108039	A0ACI8U687
ENSG00000108039	A0ACI8U6C0
ENSG00000108039	A0ACI8U6J0
ENSG00000108039	A0ACI8U8C3
ENSG00000108039	A0ACI8U8V0
ENSG00000108039	A0ACI8U9A6
ENSG00000108039	A0ACI8U9E9
ENSG00000108039	Q5T6H2
ENSG00000108039	Q5T6H3
ENSG00000108039	Q5T6H7
ENSG00000108091	Q16204
ENSG00000108091	A0ACI8QF22
ENSG00000108091	A0ACI8TXC0
ENSG00000108091	A0ACI8TXS2
ENSG00000108091	A0ACI8TY04
ENSG00000108298	P84098
ENSG00000108298	A0A7I2V2L0
ENSG00000108298	A0A7I2V4U6
ENSG00000108298	A0A7I2V512
ENSG00000108298	A0A7I2V638
ENSG00000108298	A0A7I2YQG2
ENSG00000108298	A0ACI8Q2P6
ENSG00000108298	A0ACI8QA93
ENSG00000108298	A0ACI8SKW4
ENSG00000108298	A0ACI8SKW6
ENSG00000108298	A0ACI8SKX9
ENSG00000108298	A0ACI8SKY4
ENSG00000108298	A0ACI8SL01
ENSG00000108298	A0ACI8SL03
ENSG00000108298	A0ACI8SL30
ENSG00000108298	A0ACI8SL48
ENSG00000108298	A0ACI8SL49
ENSG00000108298	A0ACI8SL57
ENSG00000108298	J3KTE4
ENSG00000108298	J3QR09
ENSG00000108479	P51570
ENSG00000108479	A0ACI8PW40
ENSG00000108479	A0ACI8QDP4
ENSG00000108479	A0ACI8QQJ3
ENSG00000108479	A0ACI8QRA5
ENSG00000108479	A0ACI8QYF6
ENSG00000108479	A0ACI8RQN1
ENSG00000108479	A0ACI8TXM3
ENSG00000108479	A0ACI8TXP4
ENSG00000108479	A0ACI8UWS4
ENSG00000108479	A0ACI8UWU9
ENSG00000108479	K7EII7
ENSG00000108479	K7ERJ9
ENSG00000108479	K7ERN9
ENSG00000108604	Q92925
ENSG00000108604	A0A8V8TLC9
ENSG00000108604	A0A8V8TLF4
ENSG00000108604	A0A8V8TLV3
ENSG00000108604	A0A8V8TN45
ENSG00000108604	A0ACI8PMH0
ENSG00000108604	A0ACI8QYL5
ENSG00000108604	A0ACI8TU04
ENSG00000108604	A0ACI8TU77
ENSG00000108604	A0ACI8TUK0
ENSG00000108604	A0ACI8TUM3
ENSG00000108604	A0ACI8TV24
ENSG00000108604	A0ACI8UNH9
ENSG00000108604	J3KMX2
ENSG00000108604	J3KT18
ENSG00000108604	J3QQL7
ENSG00000108604	J3QS33
ENSG00000108604	J3QWB6
ENSG00000108963	Q9BZG8
ENSG00000108963	A0A0A0MTR4
ENSG00000108963	I3L1H5
ENSG00000108963	I3L3X9
ENSG00000108963	K7EQQ6
ENSG00000108963	U3KQN3
ENSG00000108963	V9GYC0
ENSG00000108963	V9GYS2
ENSG00000109016	Q6IAN0
ENSG00000109016	A0A0C4DGQ8
ENSG00000109016	A0ACI8RZL9
ENSG00000109016	A0ACI8SVH8
ENSG00000109016	J3KRS1
ENSG00000109016	J3QKT1
ENSG00000109016	J3QLJ8
ENSG00000109016	J3QLK1
ENSG00000109113	P0DI83
ENSG00000109113	Q9BZG1
ENSG00000109113	A0A0D9SG59
ENSG00000109113	A0A1B0GTQ2
ENSG00000109113	A0A1B0GVI6
ENSG00000109113	A0A1B0GWB1
ENSG00000109113	A0A1C7CYW6
ENSG00000109113	A0ACI8S028
ENSG00000109113	A0ACI8SAB3
ENSG00000109113	A0ACI8T7Z8
ENSG00000109113	A0ACI8T909
ENSG00000109113	A0ACI8T920
ENSG00000109113	A0ACI8V0T7
ENSG00000109113	A0ACI8V625
ENSG00000109113	A0ACI8V630
ENSG00000109113	A0ACI8V642
ENSG00000109113	A0ACI8V647
ENSG00000109113	C9JBG0
ENSG00000109113	C9JY26
ENSG00000109113	E7ES60
ENSG00000109113	H7C0Y7
ENSG00000109113	J3QLC6
ENSG00000109113	K7EIF2
ENSG00000109113	K7EJW7
ENSG00000109113	V9GY61
ENSG00000109205	A1E959
ENSG00000109205	A0ACI8QJJ1
ENSG00000109205	D6RA81
ENSG00000109205	H0Y8T7
ENSG00000109205	H0YA46
ENSG00000109670	Q969H0
ENSG00000109670	A0A2R8YEM7
ENSG00000109670	A0A994J3P3
ENSG00000109670	A0A994J3V4
ENSG00000109670	A0A994J497
ENSG00000109670	A0A994J6F2
ENSG00000109670	A0A994J6T8
ENSG00000109670	S4R3N3
ENSG00000109670	S4R3U4
ENSG00000109771	Q9P2M1
ENSG00000109771	A0ACI8RIW9
ENSG00000109771	D6RGF6
ENSG00000109771	G5E9Z9
ENSG00000109794	A5PLN7
ENSG00000109794	A0A0A0MRZ3
ENSG00000109794	D6RAL4
ENSG00000109794	D6RC92
ENSG00000109794	D6RGX1
ENSG00000109794	H0Y8Y9
ENSG00000109794	H0Y909
ENSG00000109794	H0Y965
ENSG00000110047	Q9H4M9
ENSG00000110047	A0A024R571
ENSG00000110047	C9IZH1
ENSG00000110047	C9J2Z4
ENSG00000110047	C9JC03
ENSG00000110047	C9JDQ8
ENSG00000110047	C9JIJ3
ENSG00000110400	Q15223
ENSG00000110400	A0A8V8TKI1
ENSG00000110651	P60033
ENSG00000110651	A0ACI8R001
ENSG00000110651	A0ACI8R012
ENSG00000110651	A0ACI8R0F1
ENSG00000110651	A0ACI8RG37
ENSG00000110651	A0ACI8RJK5
ENSG00000110651	A0ACI8SBM2
ENSG00000110651	A0ACI8SEU5
ENSG00000110651	A0ACI8TWA0
ENSG00000110651	A0ACI8UT37
ENSG00000110651	A0ACI8UTC4
ENSG00000110651	A6NMH8
ENSG00000110651	E9PIF1
ENSG00000110651	E9PJK1
ENSG00000110651	E9PPF5
ENSG00000110651	E9PQV4
ENSG00000110651	E9PRJ8
ENSG00000110651	H0YDJ9
ENSG00000110651	H0YDL9
ENSG00000110651	H0YEE2
ENSG00000110697	O00562
ENSG00000110697	A0ACI8RVD3
ENSG00000110697	A0ACI8SCI5
ENSG00000110697	A0ACI8TQL8
ENSG00000110697	A0ACI8UN51
ENSG00000110697	E9PMS0
ENSG00000110697	E9PMZ6
ENSG00000110697	E9PNU6
ENSG00000110697	E9PSD1
ENSG00000110801	O00233
ENSG00000110801	A0ACI8PC10
ENSG00000110801	A0ACI8PSN7
ENSG00000110801	A0ACI8PZX8
ENSG00000110801	A0ACI8QVT7
ENSG00000110801	A0ACI8RDM1
ENSG00000110801	A0ACI8RIT4
ENSG00000110801	A0ACI8T4S1
ENSG00000110801	A0ACI8T4T5
ENSG00000110801	A0ACI8T4Y0
ENSG00000110801	A0ACI8T4Y1
ENSG00000110801	A0ACI8T4Y2
ENSG00000110801	A0ACI8T4Y3
ENSG00000110801	A0ACI8T510
ENSG00000110801	A0ACI8VQZ6
ENSG00000110801	A0ACI8VR13
ENSG00000110801	F5GX23
ENSG00000110801	F5H169
ENSG00000110801	F5H5V4
ENSG00000110801	F5H7X1
ENSG00000110801	J3KN29
ENSG00000110881	P78348
ENSG00000110881	A0ACI8QJN2
ENSG00000110881	A0ACI8RB69
ENSG00000110881	A0ACI8SDY7
ENSG00000110881	A0ACI8VA37
ENSG00000110881	F8VSK4
ENSG00000110881	H0YHD6
ENSG00000110881	H7C1W9
ENSG00000110958	Q15185
ENSG00000110958	A0A087WYT3
ENSG00000110958	A0ACI8QL25
ENSG00000110958	A0ACI8S5U1
ENSG00000110958	A0ACI8U1J7
ENSG00000110958	A0ACI8U2M0
ENSG00000110958	A0ACI8U356
ENSG00000110958	A0ACI8V1C7
ENSG00000110958	F6RM87
ENSG00000110987	Q4VC05
ENSG00000110987	A0ACI8SWY8
ENSG00000110987	A0ACI8SX00
ENSG00000111012	O15528
ENSG00000111012	A0AAA9YHN9
ENSG00000111012	A0AAA9YHZ6
ENSG00000111012	A0ABB0MVF9
ENSG00000111012	A0ABB0MVH2
ENSG00000111186	Q9H1J7
ENSG00000111186	A0ACI8VIL3
ENSG00000111186	F5GYM2
ENSG00000111186	F5H034
ENSG00000111186	F5H364
ENSG00000111186	F5H7Q6
ENSG00000111224	Q9NR21
ENSG00000111224	A0ACI8U3E2
ENSG00000111224	F5H8L8
ENSG00000111224	F8WFA3
ENSG00000111224	G3V0I3
ENSG00000111321	P36941
ENSG00000111321	A0ACI8QKH4
ENSG00000111321	A0ACI8RF63
ENSG00000111321	A0ACI8RLU8
ENSG00000111321	A0ACI8S607
ENSG00000111321	A0ACI8UYD3
ENSG00000111321	A0ACI8UYD4
ENSG00000111321	A0ACI8UYE5
ENSG00000111321	A0ACI8UYF3
ENSG00000111321	A0ACI8UYJ1
ENSG00000111321	A0ACI8UYT2
ENSG00000111321	A0ACI8V1H2
ENSG00000111321	A0ACI8V1H5
ENSG00000111321	F5H1S5
ENSG00000111321	F5H2E7
ENSG00000111321	F5H627
ENSG00000111321	F5H6F8
ENSG00000111605	Q16630
ENSG00000111605	A0A3B3ISW1
ENSG00000111605	A0ACI8Q748
ENSG00000111605	A0ACI8Q749
ENSG00000111605	A0ACI8QBU1
ENSG00000111605	A0ACI8QYW5
ENSG00000111605	A0ACI8R7T7
ENSG00000111605	A0ACI8SAP6
ENSG00000111605	A0ACI8TD40
ENSG00000111605	A0ACI8TDA0
ENSG00000111605	A0ACI8TDU4
ENSG00000111605	A0ACI8TE45
ENSG00000111605	A0ACI8TEE5
ENSG00000111605	A0ACI8TEF6
ENSG00000111605	A0ACI8TEM3
ENSG00000111605	A0ACI8TER2
ENSG00000111605	A0ACI8TEU7
ENSG00000111605	A0ACI8U6K8
ENSG00000111605	F8VNP8
ENSG00000111605	F8W084
ENSG00000111605	F8WJN3
ENSG00000111641	P46087
ENSG00000111641	A0ACI8PVZ2
ENSG00000111641	A0ACI8TU98
ENSG00000111641	A0ACI8TUP0
ENSG00000111641	A0ACI8TUW0
ENSG00000111641	A0ACI8TUY5
ENSG00000111641	A0ACI8TW89
ENSG00000111641	A0ACI8TWA3
ENSG00000111641	A0ACI8V763
ENSG00000111641	A0ACI8V796
ENSG00000111641	A0ACI8V7A5
ENSG00000111641	F5GWB7
ENSG00000111641	F5GYR3
ENSG00000111641	F5H359
ENSG00000111641	F5H5X6
ENSG00000111641	F5H709
ENSG00000111641	F5H8G6
ENSG00000111843	Q9P0S9
ENSG00000111843	A0ACI8PEN4
ENSG00000111843	A0ACI8STT4
ENSG00000112175	P22003
ENSG00000112210	Q9ULC3
ENSG00000112210	A0ACI8VAB2
ENSG00000112210	A0ACI8VAD2
ENSG00000112539	Q5T5N4
ENSG00000113387	P53999
ENSG00000113387	A0ACI8RL41
ENSG00000113387	A0ACI8RXL6
ENSG00000113387	A0ACI8T3P8
ENSG00000113387	A0ACI8T3R9
ENSG00000113387	A0ACI8T3S3
ENSG00000113387	A0ACI8T3S4
ENSG00000113387	A0ACI8T3S9
ENSG00000113387	D6R970
ENSG00000113387	D6RC37
ENSG00000113532	Q92187
ENSG00000113532	A0ACI8QHR8
ENSG00000113532	A0ACI8S3L2
ENSG00000113532	A0ACI8V1E4
ENSG00000113532	E5RFK3
ENSG00000113558	P63208
ENSG00000113558	A0ACI8Q048
ENSG00000113558	A0ACI8Q4S6
ENSG00000113558	A0ACI8TRY7
ENSG00000113558	A0ACI8TS07
ENSG00000113558	A0ACI8TS58
ENSG00000113558	A0ACI8TSB5
ENSG00000113558	A0ACI8VHE3
ENSG00000113558	E5RGM3
ENSG00000113558	E5RGM4
ENSG00000113558	E5RHM3
ENSG00000113558	E5RJR5
ENSG00000113558	E5RK33
ENSG00000113558	E7ERH2
ENSG00000113558	F8W8N3
ENSG00000113758	Q16643
ENSG00000113758	A0ACI8PKK3
ENSG00000113758	A0ACI8QB40
ENSG00000113758	A0ACI8QCA7
ENSG00000113758	A0ACI8QJ44
ENSG00000113758	A0ACI8REQ0
ENSG00000113758	A0ACI8UPG3
ENSG00000113758	A0ACI8UPH0
ENSG00000113758	A0ACI8UPL2
ENSG00000113758	A0ACI8UPL3
ENSG00000113758	D6R9Q9
ENSG00000113758	D6R9W4
ENSG00000113758	D6RCR4
ENSG00000113758	D6RFI1
ENSG00000114346	Q9H8V3
ENSG00000114346	A0ACI8RKG6
ENSG00000114346	A0ACI8S1K6
ENSG00000114346	A0ACI8T373
ENSG00000114346	A0ACI8T392
ENSG00000114346	A0ACI8T3B6
ENSG00000114346	A0ACI8T3C9
ENSG00000114346	A0ACI8T3H2
ENSG00000114346	C9J0L6
ENSG00000114346	C9J1C4
ENSG00000114346	C9JB41
ENSG00000114346	C9JDB4
ENSG00000114346	C9JDV9
ENSG00000114346	C9JTI2
ENSG00000114346	H7C103
ENSG00000114346	H7C3G1
ENSG00000114416	P51114
ENSG00000114416	A0A8V8TM97
ENSG00000114416	A0A8V8TMQ1
ENSG00000114416	A0A8V8TNP6
ENSG00000114416	A0ACI8SW54
ENSG00000114416	A0ACI8SWH0
ENSG00000114416	A0ACI8SWH1
ENSG00000114416	A0ACI8SWH6
ENSG00000114416	A0ACI8SWI2
ENSG00000114416	A0ACI8SWI4
ENSG00000114416	A0ACI8SWI8
ENSG00000114416	A0ACI8SWJ5
ENSG00000114416	A0ACI8SWK0
ENSG00000114416	A0ACI8VDN5
ENSG00000114416	A0ACI8VDP3
ENSG00000114416	A0ACI8VDS9
ENSG00000114416	C9IZ22
ENSG00000114416	C9J5B4
ENSG00000114416	C9JAJ4
ENSG00000114416	C9JY20
ENSG00000114416	C9JYQ6
ENSG00000114416	C9JZE0
ENSG00000114416	E7EU85
ENSG00000114416	E9PFF5
ENSG00000114416	F6U8N9
ENSG00000114416	H7C4S4
ENSG00000114646	O95196
ENSG00000114646	A0A087WUT8
ENSG00000115159	P43304
ENSG00000115159	A0ACI8QGT9
ENSG00000115159	A0ACI8S6C7
ENSG00000115159	E7EM56
ENSG00000115159	E9PDK4
ENSG00000115159	F5GYK7
ENSG00000115170	Q04771
ENSG00000115170	A0A1B0GXA9
ENSG00000115170	A0A804HHZ2
ENSG00000115170	A0A804HJQ0
ENSG00000115170	A0ACI8PHA5
ENSG00000115170	A0ACI8TPS1
ENSG00000115170	A0ACI8UCI3
ENSG00000115170	C9JHJ7
ENSG00000115170	C9JW28
ENSG00000115226	Q9H6D8
ENSG00000115226	A0ACI8TQW4
ENSG00000115263	P01275
ENSG00000115289	Q9BSM1
ENSG00000115289	A0ACI8PUS4
ENSG00000115289	A0ACI8SM04
ENSG00000115289	A0ACI8SM22
ENSG00000115289	A0ACI8SM31
ENSG00000115289	A0ACI8SM40
ENSG00000115289	A0ACI8SM66
ENSG00000115289	A0ACI8UI67
ENSG00000115392	Q9NW38
ENSG00000115392	A0A087X0C0
ENSG00000115392	A0A8Q3SIE7
ENSG00000115392	A0A8Q3SIH1
ENSG00000115392	A0A8Q3SIH3
ENSG00000115392	A0A8Q3SIK5
ENSG00000115392	A0A8Q3SIK6
ENSG00000115392	A0A8Q3SIK9
ENSG00000115392	A0A8Q3SIL3
ENSG00000115392	A0A8Q3SIM1
ENSG00000115392	A0A8Q3SIM8
ENSG00000115392	A0A8Q3SIP2
ENSG00000115392	A0A8Q3SIP3
ENSG00000115392	A0A8Q3SIQ5
ENSG00000115392	A0A8Q3SIQ9
ENSG00000115392	A0A8Q3SIR8
ENSG00000115392	A0A8Q3SIR9
ENSG00000115392	A0A8Q3SIS2
ENSG00000115392	A0A8Q3SIS7
ENSG00000115392	A0A8Q3SIV1
ENSG00000115392	A0A8Q3SIV2
ENSG00000115392	A0A8Q3SIX5
ENSG00000115392	A0A8Q3SJE4
ENSG00000115392	A0A8Q3WL63
ENSG00000115392	A0A8Q3WL68
ENSG00000115392	A0A8Q3WL81
ENSG00000115392	A0A8Q3WL86
ENSG00000115392	A0A8Q3WL92
ENSG00000115392	A0A8Q3WL94
ENSG00000115392	A0A8Q3WL96
ENSG00000115392	A0A8Q3WLA1
ENSG00000115392	A0A8Q3WLA2
ENSG00000115392	A0A8Q3WLA4
ENSG00000115392	A0A8Q3WLA5
ENSG00000115392	A0A8Q3WLA7
ENSG00000115392	A0A8Q3WLB5
ENSG00000115392	A0A8Q3WLB8
ENSG00000115392	A0A8Q3WLC1
ENSG00000115392	A0A8Q3WLC2
ENSG00000115392	A0A8Q3WLD6
ENSG00000115392	A0A8Q3WLE2
ENSG00000115392	A0A8Q3WLF1
ENSG00000115392	A0A8Q3WLF5
ENSG00000115392	A0A8Q3WLH7
ENSG00000115392	A0A8Q3WLU8
ENSG00000115392	A0A8Q3WLW1
ENSG00000115392	A0A8Q3WM82
ENSG00000115392	A0A8Q3WM87
ENSG00000115392	A0A8Q3WM99
ENSG00000115392	A0A8Q3WMB2
ENSG00000115392	A0A8Q3WMB7
ENSG00000115392	A0A8Q3WMD3
ENSG00000115392	A0A8Q3WMD8
ENSG00000115392	A0A8Q3WMF1
ENSG00000115392	A0A8Q3WMF8
ENSG00000115392	A0A8Q3WMH1
ENSG00000115392	A0ACI8RS11
ENSG00000115392	A0ACI8SH53
ENSG00000115392	A0ACI8STX1
ENSG00000115392	A0ACI8STX8
ENSG00000115392	B5MC31
ENSG00000115392	B5MCZ6
ENSG00000115392	C9J512
ENSG00000115392	C9JZA9
ENSG00000115392	H7C1M0
ENSG00000115694	O00506
ENSG00000115694	A0ACI8QY87
ENSG00000115694	A0ACI8RKI6
ENSG00000115694	A0ACI8SG88
ENSG00000115694	A0ACI8TLV3
ENSG00000115694	C9J232
ENSG00000115694	C9J6L2
ENSG00000115694	C9J8E8
ENSG00000115694	C9JCC0
ENSG00000115694	C9JDH9
ENSG00000115694	C9JFA1
ENSG00000115694	C9JIH8
ENSG00000115694	C9JJV0
ENSG00000115694	C9JN58
ENSG00000115694	C9K0M6
ENSG00000115694	E7EM58
ENSG00000115694	H7C279
ENSG00000115808	O43815
ENSG00000115808	A0ACI8PRZ4
ENSG00000115808	A0ACI8QGD6
ENSG00000115808	A0ACI8TFF0
ENSG00000115808	A0ACI8UM91
ENSG00000115808	A0ACI8UME7
ENSG00000115808	A0ACI8UMX0
ENSG00000115808	A0ACI8UN52
ENSG00000116005	Q9UHG3
ENSG00000116005	A0ACI8RZS5
ENSG00000116005	A0ACI8T6B5
ENSG00000116005	A0ACI8V0E9
ENSG00000116005	A0ACI8V0F8
ENSG00000116005	C9JGT6
ENSG00000116005	C9JM55
ENSG00000116005	C9K055
ENSG00000116005	F8W8W4
ENSG00000116062	P52701
ENSG00000116062	A0A494C0M1
ENSG00000116062	A0A8V8TPJ4
ENSG00000116062	A0A8V8TPR2
ENSG00000116062	A0A8V8TQJ0
ENSG00000116062	A0A8V8TQW9
ENSG00000116062	A0ACI8QWG9
ENSG00000116062	A0ACI8RLM0
ENSG00000116062	A0ACI8S2F0
ENSG00000116062	A0ACI8TXW4
ENSG00000116062	A0ACI8TY01
ENSG00000116062	A0ACI8TY03
ENSG00000116062	A0ACI8TYH3
ENSG00000116062	F8W7G9
ENSG00000116062	F8WAX8
ENSG00000116141	Q9P0L2
ENSG00000116141	A0A087X0I6
ENSG00000116141	A0A0A0MSF1
ENSG00000116141	A0A7I2V4P8
ENSG00000116141	A0A7I2V550
ENSG00000116141	A0A7I2V624
ENSG00000116141	A0A7I2YQC1
ENSG00000116141	A0ACI8P8T8
ENSG00000116141	A0ACI8PBP6
ENSG00000116141	A0ACI8PC34
ENSG00000116141	A0ACI8R2Q6
ENSG00000116141	A0ACI8SS30
ENSG00000116141	A0ACI8SS39
ENSG00000116141	A0ACI8SS47
ENSG00000116141	A0ACI8UHD5
ENSG00000116141	A0ACI8UHS6
ENSG00000116141	A0ACI8UI71
ENSG00000116141	A0ACI8UI79
ENSG00000116141	A0ACI8UI81
ENSG00000116141	A0ACI8UIL5
ENSG00000116329	P41143
ENSG00000116525	Q9BVG3
ENSG00000116691	Q5JXC2
ENSG00000116691	A0ACI8PB12
ENSG00000116691	A0ACI8T2M0
ENSG00000116691	A0ACI8VML0
ENSG00000116809	Q13105
ENSG00000116809	A0ACI8QIP0
ENSG00000116809	A0ACI8QV97
ENSG00000116809	A0ACI8R8A0
ENSG00000116809	A0ACI8RKU0
ENSG00000116809	A0ACI8S0M6
ENSG00000116809	A0ACI8S1U5
ENSG00000116809	A0ACI8SF12
ENSG00000116809	A0ACI8USA0
ENSG00000116809	A0ACI8USB0
ENSG00000116809	A0ACI8USB5
ENSG00000116809	A0ACI8USD5
ENSG00000116809	H0Y6X2
ENSG00000116809	H7C1K8
ENSG00000116830	Q9UNY4
ENSG00000116830	A0ACI8TLX6
ENSG00000116830	A0ACI8TMB4
ENSG00000116830	A0ACI8TMC1
ENSG00000116830	A0ACI8TME3
ENSG00000116830	A0ACI8TMF6
ENSG00000116830	A0ACI8TMI4
ENSG00000116830	A0ACI8TML7
ENSG00000116830	X6RI15
ENSG00000116983	Q9UM19
ENSG00000116983	A0A087X1C8
ENSG00000116983	A0ACI8PQB1
ENSG00000116983	A0ACI8R1F3
ENSG00000117010	Q5T5D7
ENSG00000117010	A0ACI8QRQ3
ENSG00000117010	A0ACI8T467
ENSG00000117010	A0ACI8T471
ENSG00000117010	A0ACI8UDR3
ENSG00000117010	Q5T5D8
ENSG00000117010	Q5T5D9
ENSG00000117266	Q07002
ENSG00000117266	A0A0A0MSJ6
ENSG00000117266	A0ACI8S1Y6
ENSG00000117266	A0ACI8S8N9
ENSG00000117266	A0ACI8SFD3
ENSG00000117266	A0ACI8SH42
ENSG00000117266	A0ACI8TDS2
ENSG00000117266	A0ACI8TE27
ENSG00000117266	A0ACI8U9Q5
ENSG00000117266	A0ACI8U9U1
ENSG00000117266	D6R9B0
ENSG00000117281	O95971
ENSG00000117281	A0ACI8R409
ENSG00000117281	A0ACI8RPV6
ENSG00000117281	A0ACI8UV32
ENSG00000117308	Q14376
ENSG00000117308	A0ACI8P8T3
ENSG00000117308	A0ACI8R9H1
ENSG00000117308	Q5QPP1
ENSG00000117308	Q5QPP3
ENSG00000117308	Q5QPP4
ENSG00000117308	Q5QPP9
ENSG00000117385	Q32P28
ENSG00000117385	A0ACI8R4S0
ENSG00000117385	A0ACI8RQB9
ENSG00000117385	A0ACI8RUF8
ENSG00000117385	A0ACI8S5F5
ENSG00000117385	A0ACI8SGX0
ENSG00000117385	A0ACI8TFB0
ENSG00000117385	A0ACI8TFC1
ENSG00000117385	A0ACI8TFD7
ENSG00000117385	A0ACI8TFL6
ENSG00000117385	A0ACI8VEV5
ENSG00000117385	E2QRI1
ENSG00000117385	H7C2W6
ENSG00000117475	Q9H2G9
ENSG00000117475	A0ACI8QQV8
ENSG00000117475	A0ACI8RX12
ENSG00000117475	Q5T532
ENSG00000117475	Q5T534
ENSG00000117586	P23510
ENSG00000117586	A0AAQ5BI34
ENSG00000117682	Q86SQ9
ENSG00000117682	A0A8V8TQ81
ENSG00000117682	A0A8V8TQ96
ENSG00000117682	A0A8V8TQQ9
ENSG00000117682	A0A8V8TQS0
ENSG00000117682	A0A8V8TQU2
ENSG00000117682	A0A8V8TR89
ENSG00000117682	A0A8V8TRI4
ENSG00000117682	A0ACI8Q2A3
ENSG00000117682	A0ACI8RX66
ENSG00000117682	A0ACI8S3P1
ENSG00000117682	A0ACI8SY71
ENSG00000117682	A0ACI8SYB2
ENSG00000117682	A0ACI8SYC8
ENSG00000117682	A0ACI8SYD6
ENSG00000117682	A0ACI8V476
ENSG00000117682	A0ACI8V481
ENSG00000117682	A0ACI8V488
ENSG00000117682	E9PI09
ENSG00000117682	E9PI64
ENSG00000117682	E9PKJ5
ENSG00000117682	E9PL99
ENSG00000117682	E9PR24
ENSG00000117682	E9PRS7
ENSG00000117682	E9PSH7
ENSG00000117682	H0Y4T1
ENSG00000117682	Q5T0A0
ENSG00000117682	Q5T0A1
ENSG00000117682	Q5T0A2
ENSG00000117682	Q5T0A3
ENSG00000117682	Q5T0A6
ENSG00000118113	P22894
ENSG00000118113	E9PIY7
ENSG00000118113	E9PJB3
ENSG00000118113	E9PL87
ENSG00000118113	H7C1M3
ENSG00000118260	P16220
ENSG00000118260	A0ACI8RSK9
ENSG00000118260	A0ACI8SC82
ENSG00000118260	A0ACI8V5G2
ENSG00000118260	C9J276
ENSG00000118260	C9J4L5
ENSG00000118260	C9J896
ENSG00000118260	C9JBT4
ENSG00000118260	C9JCI4
ENSG00000118260	E7EWP8
ENSG00000118260	H7C1R5
ENSG00000118260	H7C3I0
ENSG00000118298	Q9ULX7
ENSG00000118298	A0ACI8RMI7
ENSG00000118298	A0ACI8TTE1
ENSG00000118298	A0ACI8TTK6
ENSG00000118298	A0ACI8UXJ2
ENSG00000118298	A0ACI8UXJ3
ENSG00000118298	A0ACI8UXM3
ENSG00000118298	U3KPU6
ENSG00000118298	U3KQH0
ENSG00000118495	Q9UM63
ENSG00000118495	A0A0D9SEQ4
ENSG00000118495	A0A0D9SFI7
ENSG00000118495	A0A0D9SFL4
ENSG00000118495	A0A0D9SFM8
ENSG00000118495	A0A0D9SFN6
ENSG00000118495	A0A0D9SGF7
ENSG00000118495	A0A3B3IRN7
ENSG00000118514	Q9H2A2
ENSG00000118514	A0ACI8Q4Y7
ENSG00000118514	A0ACI8QXM4
ENSG00000118514	A0ACI8RHX4
ENSG00000118514	A0ACI8RLC9
ENSG00000118514	A0ACI8RV79
ENSG00000118514	A0ACI8S6Q8
ENSG00000118514	E9PKV1
ENSG00000118514	H0YF40
ENSG00000118894	Q96G04
ENSG00000118894	A0ACI8RXL7
ENSG00000118894	A0ACI8U4D3
ENSG00000118894	A0ACI8U4F1
ENSG00000118894	A0ACI8U4H0
ENSG00000118894	A0ACI8V1T4
ENSG00000118894	K7EIJ3
ENSG00000118894	K7EQE4
ENSG00000118894	K7ES84
ENSG00000118961	Q9H6V9
ENSG00000118961	A0A0A0MSH6
ENSG00000118961	A0ACI8SJR4
ENSG00000118961	A0ACM8QBN3
ENSG00000118961	B5MCE2
ENSG00000118961	B5MCU4
ENSG00000118961	B5MDU6
ENSG00000118961	C9JHU6
ENSG00000118961	C9JUM0
ENSG00000118961	D3YTH1
ENSG00000119285	Q9H583
ENSG00000119285	A0ACI8TEI8
ENSG00000119285	F6SQN4
ENSG00000119285	Q5T3Q7
ENSG00000119414	O00743
ENSG00000119414	A0ACI8RYH5
ENSG00000119414	A0ACI8SZF9
ENSG00000119414	A0ACI8SZI2
ENSG00000119414	Q5T1S7
ENSG00000119471	Q6YN16
ENSG00000119471	A0ACI8PDH4
ENSG00000119471	A0ACI8PGV0
ENSG00000119471	A0ACI8PKD1
ENSG00000119471	A0ACI8PRS5
ENSG00000119471	A0ACI8PZZ3
ENSG00000119471	A0ACI8Q8T0
ENSG00000119471	A0ACI8QK74
ENSG00000119471	A0ACI8QKK8
ENSG00000119471	A0ACI8QT20
ENSG00000119471	A0ACI8RLP7
ENSG00000119471	A0ACI8RS03
ENSG00000119471	A0ACI8THC4
ENSG00000119471	A0ACI8U6B8
ENSG00000119471	A0ACI8U6S7
ENSG00000119471	A0ACI8U6U6
ENSG00000119471	A0ACI8U7V0
ENSG00000119471	A0ACI8U8C8
ENSG00000119471	A0ACI8U8W3
ENSG00000119471	A0ACI8U8Z8
ENSG00000119574	Q96K62
ENSG00000119574	A0ACI8QNM9
ENSG00000119574	A0ACI8TEV4
ENSG00000119574	M0QZ57
ENSG00000119574	M0R1I4
ENSG00000119636	Q8ND07
ENSG00000119636	A0A0B4J2D7
ENSG00000119636	A0ACI8QT78
ENSG00000119636	A0ACI8QT86
ENSG00000119636	G3V488
ENSG00000119655	P61916
ENSG00000119655	A0ACI8PDZ2
ENSG00000119655	A0ACI8TNK9
ENSG00000119655	A0ACI8TPZ1
ENSG00000119655	E7EMS2
ENSG00000119655	G3V2V8
ENSG00000119655	G3V3D1
ENSG00000119655	G3V3E8
ENSG00000119655	H0YIZ1
ENSG00000119655	H0YJE2
ENSG00000119655	J3KMY5
ENSG00000119737	O95800
ENSG00000119878	Q9P021
ENSG00000119878	A0ABB0MV94
ENSG00000119917	O14879
ENSG00000119917	A0A7P0T7D6
ENSG00000119917	A0A7P0T855
ENSG00000119917	A0A7P0TA20
ENSG00000119917	A0A7P0Z4G0
ENSG00000120008	Q9BZH6
ENSG00000120008	S4R3P9
ENSG00000120008	S4R3Z0
ENSG00000120008	S4R451
ENSG00000120071	Q7Z3B3
ENSG00000120071	A0A0G2JQP8
ENSG00000120071	A0A1W2PPV8
ENSG00000120071	A0A1W2PQT4
ENSG00000120071	A0A1W2PRA9
ENSG00000120071	A0A1W2PRB5
ENSG00000120071	A0A1W2PRR3
ENSG00000120071	A0A1W2PS83
ENSG00000120071	A0A3B3IT55
ENSG00000120071	A0A9S7M8F4
ENSG00000120071	A0ACI8QWV5
ENSG00000120071	A0ACI8QWY8
ENSG00000120071	A0ACI8SXW2
ENSG00000120071	I3L233
ENSG00000120563	Q6UWQ5
ENSG00000120563	H0YDZ2
ENSG00000120658	Q8TC92
ENSG00000120658	A0ACI8PQR3
ENSG00000120658	A0ACI8PUL6
ENSG00000120658	A0ACI8U577
ENSG00000120658	A0ACI8U5A1
ENSG00000120658	A0ACI8U5N3
ENSG00000120658	A0ACI8U7C4
ENSG00000121075	P57082
ENSG00000121075	K7EPY2
ENSG00000121351	P10997
ENSG00000121351	F5H0S1
ENSG00000121351	F5H1F0
ENSG00000121351	H0YF85
ENSG00000121851	Q9BT43
ENSG00000121851	A0ACI8QDQ1
ENSG00000121851	A0ACI8RGP9
ENSG00000121851	A6NGX6
ENSG00000121858	P50591
ENSG00000121858	A0ACI8P9S5
ENSG00000121858	A0ACI8PDG1
ENSG00000121858	A0ACI8PGS7
ENSG00000121858	A0ACI8PV96
ENSG00000121858	A0ACI8RMI2
ENSG00000121858	A0ACI8VIV8
ENSG00000121858	H7C246
ENSG00000122218	P53621
ENSG00000122218	A0A3B3IS23
ENSG00000122218	A0A3B3IS84
ENSG00000122218	A0A3B3ISC6
ENSG00000122218	A0A3B3ISK1
ENSG00000122218	A0A3B3IT15
ENSG00000122218	A0A3B3ITI7
ENSG00000122218	A0A3B3ITV3
ENSG00000122218	A0A3B3ITX2
ENSG00000122218	A0A3B3IU78
ENSG00000122218	A0A3B3IU84
ENSG00000122218	A0A3B3IU89
ENSG00000122218	A0ACI8QC35
ENSG00000122218	A0ACI8QC60
ENSG00000122218	A0ACI8SJX2
ENSG00000122218	A0ACI8SJZ8
ENSG00000122218	A0ACI8SK06
ENSG00000122218	A0ACI8SK39
ENSG00000122218	A0ACI8VR66
ENSG00000122218	A0ACI8VRL6
ENSG00000122218	A0ACI8VS51
ENSG00000122218	A0ACI8VS92
ENSG00000122218	A0ACI8VS97
ENSG00000122218	A0ACI8VS99
ENSG00000122218	A0ACI8VSF0
ENSG00000122218	A0ACI8VSI8
ENSG00000122218	A0ACI8VSJ5
ENSG00000122299	Q8IWR0
ENSG00000122299	I3L1Y3
ENSG00000122299	I3L282
ENSG00000122299	I3L2K5
ENSG00000122299	I3L2N8
ENSG00000122299	I3L323
ENSG00000122299	I3L382
ENSG00000122299	I3L3F9
ENSG00000122299	I3L3S2
ENSG00000123144	Q9BQ61
ENSG00000123144	K7ELS0
ENSG00000123144	K7EN60
ENSG00000123144	K7ERU7
ENSG00000123353	Q53FV1
ENSG00000123353	F8VWV8
ENSG00000123353	F8VXD5
ENSG00000123415	Q53HV7
ENSG00000123415	A0A0U1RRE6
ENSG00000123415	D6RA25
ENSG00000123415	D6RA78
ENSG00000123415	D6RAI1
ENSG00000123415	D6RAS0
ENSG00000123415	D6RD88
ENSG00000123415	D6RI04
ENSG00000123415	D6RIA4
ENSG00000123415	H0YA95
ENSG00000123444	Q9NVX7
ENSG00000123444	A0ACI8SQV9
ENSG00000123444	A0ACI8VB88
ENSG00000123444	E9PJ66
ENSG00000123444	E9PJY1
ENSG00000123444	E9PL18
ENSG00000123444	E9PM58
ENSG00000123444	E9PQ38
ENSG00000123444	E9PSA4
ENSG00000123560	P60201
ENSG00000123560	A0ACI8PK40
ENSG00000123560	A0ACI8PZF7
ENSG00000123560	A0ACI8Q7Z7
ENSG00000123560	A0ACI8QHB1
ENSG00000123560	A0ACI8R2X2
ENSG00000123560	A0ACI8RY52
ENSG00000123560	B1B1G1
ENSG00000123560	B1B1G2
ENSG00000123560	B1B1G3
ENSG00000123560	B1B1G4
ENSG00000123560	B1B1G6
ENSG00000124074	Q9H0I2
ENSG00000124074	A0A087X0D0
ENSG00000124074	A0ACI8QZT6
ENSG00000124074	R4GN60
ENSG00000124104	Q969T3
ENSG00000124104	A0A087WU61
ENSG00000124104	Q5JZH3
ENSG00000124104	Q5JZH4
ENSG00000124209	Q9UL26
ENSG00000124209	A0ACI8PN56
ENSG00000124209	A0ACI8PQE4
ENSG00000124214	O95793
ENSG00000124214	A0ACI8P699
ENSG00000124214	F6UDC6
ENSG00000124214	Q5JW28
ENSG00000124214	Q5JW30
ENSG00000124357	Q9UJ70
ENSG00000124357	A0ACI8Q038
ENSG00000124357	A0ACI8R3L9
ENSG00000124357	A0ACI8TWI4
ENSG00000124357	A0ACI8UN72
ENSG00000124357	C9JEV6
ENSG00000124357	C9JMR7
ENSG00000124357	E9PPU6
ENSG00000124357	H0YC94
ENSG00000124357	H0YE82
ENSG00000124357	H0YEB7
ENSG00000124357	H0YF44
ENSG00000124357	H7C1L7
ENSG00000124357	H7C286
ENSG00000124357	H7C3G9
ENSG00000124380	Q8WVK2
ENSG00000124380	A0ACI8SJT7
ENSG00000124380	A0ACI8SJU8
ENSG00000124380	A0ACI8UZC6
ENSG00000124380	B8ZZ98
ENSG00000124380	H0YBW5
ENSG00000124444	Q9H609
ENSG00000124444	A0ACI8S8X2
ENSG00000124535	Q96S55
ENSG00000124535	A0ACI8T430
ENSG00000124535	A0ACI8T475
ENSG00000124564	O00476
ENSG00000124564	A0ACI8PDZ1
ENSG00000124564	A0ACI8PKS2
ENSG00000124564	A0ACI8QKU1
ENSG00000124564	A0ACI8QTN9
ENSG00000124564	A0ACI8R445
ENSG00000124564	A0ACI8RSE9
ENSG00000124564	A0ACI8RW05
ENSG00000124564	E9PBQ8
ENSG00000124564	H0Y8R7
ENSG00000124564	H0Y9F7
ENSG00000124588	P16083
ENSG00000124588	A0ACI8QXC8
ENSG00000124588	A0ACI8TGP5
ENSG00000124588	A0ACI8TGP9
ENSG00000124588	A0ACI8TGQ0
ENSG00000124588	A0ACI8TGQ8
ENSG00000124588	A0ACI8TGU8
ENSG00000124588	A0ACI8TGV2
ENSG00000124588	A0ACI8UP68
ENSG00000124588	A2A2U4
ENSG00000124588	Q5TD05
ENSG00000124588	Q5TD07
ENSG00000124588	U3KQG7
ENSG00000124827	O75603
ENSG00000125245	Q14330
ENSG00000125245	Q5JUH9
ENSG00000125449	Q9H6L4
ENSG00000125449	A0ACI8USE6
ENSG00000125449	J3KST7
ENSG00000125449	J3KTE5
ENSG00000125450	Q9BW27
ENSG00000125450	A0ACI8QP22
ENSG00000125450	A0ACI8RKM3
ENSG00000125450	A0ACI8STL1
ENSG00000125450	A0ACI8VJY2
ENSG00000125450	F5H0W7
ENSG00000125450	J3KRC0
ENSG00000125450	J3KS87
ENSG00000125450	J3KSH3
ENSG00000125450	J3KT10
ENSG00000125450	J3KTC7
ENSG00000125450	J3QL49
ENSG00000125450	J3QL54
ENSG00000125450	J3QL91
ENSG00000125450	J3QLD4
ENSG00000125450	J3QLH0
ENSG00000125450	J3QLV0
ENSG00000125450	J3QRY3
ENSG00000125450	J3QS63
ENSG00000125458	Q8TCD5
ENSG00000125458	A0ACI8Q9J4
ENSG00000125458	A0ACI8R6E5
ENSG00000125458	A0ACI8S0Q4
ENSG00000125458	A0ACI8UXF6
ENSG00000125458	J3KRC4
ENSG00000125458	J3KSF0
ENSG00000125458	J3KSX6
ENSG00000125458	J3KSY6
ENSG00000125458	J3QQX8
ENSG00000125459	Q9BUK6
ENSG00000125459	A0A3B3IUD2
ENSG00000125459	A0A8V8TLP0
ENSG00000125459	A0ACI8PH92
ENSG00000125459	A0ACI8QPN7
ENSG00000125459	A0ACI8QQG5
ENSG00000125459	A0ACI8RQ46
ENSG00000125459	A0ACI8RYK3
ENSG00000125459	A0ACI8TP67
ENSG00000125459	A0ACI8TP86
ENSG00000125459	A0ACI8TPG7
ENSG00000125459	A0ACI8U578
ENSG00000125459	A0ACI8U5L2
ENSG00000125459	A0ACI8U789
ENSG00000125459	A0ACI8U7R0
ENSG00000125459	A0ACI8U881
ENSG00000125459	V9GYF2
ENSG00000125652	Q9BT30
ENSG00000125652	A0ACI8RQ08
ENSG00000125652	M0QZH2
ENSG00000125652	M0QZI0
ENSG00000125863	Q9NPJ1
ENSG00000125864	Q12934
ENSG00000125864	A0ACI8TJ05
ENSG00000125871	Q9BQP7
ENSG00000125871	A0ACI8QLR0
ENSG00000125871	A0ACI8QX14
ENSG00000125871	A0ACI8SBD6
ENSG00000125871	A0ACI8UHW2
ENSG00000125871	A0ACI8UI91
ENSG00000125871	A0ACI8ULC3
ENSG00000125871	Q5QPE7
ENSG00000125871	Q5QPE8
ENSG00000125879	Q9NRC9
ENSG00000125975	Q96LM9
ENSG00000125975	Q4VXR9
ENSG00000125999	Q8TDL5
ENSG00000125999	A0ACI8PL91
ENSG00000125999	A0ACI8PPU4
ENSG00000125999	A0ACI8PXJ9
ENSG00000125999	A0ACI8Q5Z0
ENSG00000125999	A0ACI8QF52
ENSG00000125999	A0ACI8QSA3
ENSG00000125999	A0ACI8R080
ENSG00000125999	A0ACI8RRS9
ENSG00000125999	A0ACI8RWR6
ENSG00000125999	A0ACI8V7Q0
ENSG00000125999	A0ACI8V8P8
ENSG00000125999	A0ACI8V8T4
ENSG00000125999	A0ACI8V8U2
ENSG00000125999	A2A2R0
ENSG00000126070	Q9H9G7
ENSG00000126070	A0A0U1RR19
ENSG00000126070	A0ACI8Q313
ENSG00000126070	A0ACI8QZ33
ENSG00000126070	A0ACI8RWA9
ENSG00000126070	A0ACI8VJM2
ENSG00000126070	Q5TA56
ENSG00000126522	P04424
ENSG00000126522	A0A5F9ZHC6
ENSG00000126522	A0A5F9ZHM8
ENSG00000126522	A0A5F9ZI35
ENSG00000126522	A0ACI8R311
ENSG00000126522	A0ACI8R325
ENSG00000126522	A0ACI8R366
ENSG00000126522	A0ACI8R449
ENSG00000126522	A0ACI8RCC4
ENSG00000126522	A0ACI8RHB1
ENSG00000126522	A0ACI8RI64
ENSG00000126522	A0ACI8RLL4
ENSG00000126522	A0ACI8RPB2
ENSG00000126522	A0ACI8RXL3
ENSG00000126522	A0ACI8S142
ENSG00000126522	A0ACI8S4W6
ENSG00000126522	A0ACI8S4X4
ENSG00000126522	A0ACI8S8E3
ENSG00000126522	A0ACI8S929
ENSG00000126522	A0ACI8SCA6
ENSG00000126522	A0ACI8SDU5
ENSG00000126522	A0ACI8SFB8
ENSG00000126522	A0ACI8SFK0
ENSG00000126522	A0ACI8SFK2
ENSG00000126522	A0ACI8SGS5
ENSG00000126522	A0ACI8SH78
ENSG00000126522	A0ACI8TK52
ENSG00000126522	A0ACI8TKG7
ENSG00000126522	A0ACI8UPK6
ENSG00000126522	A0ACI8UTC3
ENSG00000126522	A0ACI8UTI4
ENSG00000126522	A0ACI8UU14
ENSG00000126522	A0ACI8UU96
ENSG00000126522	A0ACI8UUL6
ENSG00000126522	F8W943
ENSG00000126803	P54652
ENSG00000127022	P27824
ENSG00000127022	A0A7P0T840
ENSG00000127022	A0A7P0T8G1
ENSG00000127022	A0A7P0T8N1
ENSG00000127022	A0A7P0T937
ENSG00000127022	A0A7P0T9L0
ENSG00000127022	A0A7P0T9S1
ENSG00000127022	A0A7P0T9S4
ENSG00000127022	A0A7P0TA04
ENSG00000127022	A0A7P0TAE9
ENSG00000127022	A0A7P0TAN9
ENSG00000127022	A0A7P0TAR9
ENSG00000127022	A0A7P0TB65
ENSG00000127022	A0A7P0Z484
ENSG00000127022	A0A7P0Z4D6
ENSG00000127022	A0A7P0Z4H2
ENSG00000127022	A0ACI8QY59
ENSG00000127022	A0ACI8R8M8
ENSG00000127022	A0ACI8REA5
ENSG00000127022	A0ACI8SEB2
ENSG00000127022	A0ACI8TYC2
ENSG00000127022	A0ACI8TYD8
ENSG00000127022	A0ACI8U014
ENSG00000127022	A0ACI8U0A9
ENSG00000127022	A0ACI8U0S7
ENSG00000127022	A0ACI8U0U8
ENSG00000127022	A0ACI8U122
ENSG00000127022	A0ACI8UKT2
ENSG00000127022	A0ACI8ULB1
ENSG00000127022	A0ACI8ULP9
ENSG00000127022	A0ACI8UMP6
ENSG00000127022	A0ACI8UMQ6
ENSG00000127022	D6RAQ8
ENSG00000127022	D6RAU8
ENSG00000127022	D6RD16
ENSG00000127022	D6RFL1
ENSG00000127022	D6RFW4
ENSG00000127022	D6RGY2
ENSG00000127129	P20800
ENSG00000127129	A0ACI8PUZ3
ENSG00000127129	A0ACI8Q0M1
ENSG00000127129	A0ACI8QJL4
ENSG00000127129	A0ACI8S561
ENSG00000127252	Q9HDD0
ENSG00000127252	A0ACI8VSR6
ENSG00000127252	H7C3Y1
ENSG00000127418	Q8N441
ENSG00000127418	A0ACI8U2W0
ENSG00000127418	D6RBN8
ENSG00000127418	D6REM7
ENSG00000127452	Q9NXK8
ENSG00000127452	K7EIK3
ENSG00000127452	K7EIR3
ENSG00000127452	K7EK37
ENSG00000127452	K7ELM5
ENSG00000127452	K7EPN7
ENSG00000127452	K7EPT3
ENSG00000127452	K7EQJ7
ENSG00000127452	K7EQY7
ENSG00000127452	K7ESL6
ENSG00000128039	Q9H8P0
ENSG00000128039	A0A7I2V5I5
ENSG00000128039	A0A7P0TBH6
ENSG00000128039	A0ACI8QY50
ENSG00000128039	A0ACI8RVR0
ENSG00000128039	A0ACI8SXW9
ENSG00000128039	H0Y9P9
ENSG00000128218	Q9UKI3
ENSG00000128218	A8MX21
ENSG00000128272	P18848
ENSG00000128272	A0A6Q8PFH6
ENSG00000128272	A0A6Q8PG17
ENSG00000128272	A0A6Q8PGY1
ENSG00000128272	A0A6Q8PHB3
ENSG00000128272	A0A7P0TBM4
ENSG00000128272	A0A7P0Z4J5
ENSG00000128609	Q16718
ENSG00000128609	A0A024R772
ENSG00000128609	A0A087WXR5
ENSG00000128609	A0A087X1G1
ENSG00000128609	A0A7I2V2W4
ENSG00000128609	A0A7I2V3L8
ENSG00000128609	A0ACI8RSM2
ENSG00000128609	A0ACI8SC88
ENSG00000128609	A0ACI8UDC2
ENSG00000128609	A0ACI8UDD7
ENSG00000128609	A0ACI8UDQ6
ENSG00000128609	C9IZN5
ENSG00000128609	F8WAS3
ENSG00000128609	H7BYD0
ENSG00000129083	P53618
ENSG00000129083	A0ACI8QUL9
ENSG00000129083	A0ACI8RLJ7
ENSG00000129083	A0ACI8RSS5
ENSG00000129083	A0ACI8SLQ6
ENSG00000129083	A0ACI8VF31
ENSG00000129083	A0ACI8VFA1
ENSG00000129083	E9PKQ1
ENSG00000129083	E9PP63
ENSG00000129083	E9PP73
ENSG00000129315	O60563
ENSG00000129315	A0ACI8QPC9
ENSG00000129315	A0ACI8QPD2
ENSG00000129315	A0ACI8QRX2
ENSG00000129315	A0ACI8RET1
ENSG00000129315	A0ACI8SEY5
ENSG00000129493	Q86XA9
ENSG00000129493	A0ACI8QXQ3
ENSG00000129493	A0ACI8RE89
ENSG00000129493	A0ACI8RNK5
ENSG00000129493	A0ACI8RUH3
ENSG00000129493	A0ACI8SAH8
ENSG00000129493	A0ACI8T9R3
ENSG00000129493	A0ACI8T9R8
ENSG00000129493	A0ACI8T9R9
ENSG00000129493	A0ACI8T9S5
ENSG00000129493	A0ACI8T9S8
ENSG00000129493	F5H619
ENSG00000129493	F8VQQ6
ENSG00000129493	H0YHE0
ENSG00000129493	H0YHS5
ENSG00000129493	H0YIW3
ENSG00000129493	H7C5W6
ENSG00000129675	Q15052
ENSG00000129675	A0ACI8QBK6
ENSG00000129675	A0ACI8R5T2
ENSG00000129675	A0ACI8RNY7
ENSG00000129675	A0ACI8RRL5
ENSG00000129675	A0ACI8S9Q9
ENSG00000129675	A0ACI8UZ72
ENSG00000130158	Q96HP0
ENSG00000130158	K7EKT0
ENSG00000130158	K7EP20
ENSG00000130158	K7EP51
ENSG00000130158	K7ERK2
ENSG00000130158	K7ESB7
ENSG00000130176	P51911
ENSG00000130176	A0ACI8PR73
ENSG00000130176	A0ACI8QUB1
ENSG00000130176	A0ACI8R4F3
ENSG00000130176	A0ACI8RIZ1
ENSG00000130176	A0ACI8S5F2
ENSG00000130176	A0ACI8VA94
ENSG00000130176	F6WH23
ENSG00000130176	K7ENC5
ENSG00000130176	K7EQ72
ENSG00000130176	K7ER02
ENSG00000130176	K7ERK4
ENSG00000130176	K7ERM8
ENSG00000130176	K7ESJ2
ENSG00000130202	Q92692
ENSG00000130202	A0ACI8Q388
ENSG00000130202	A0ACI8Q390
ENSG00000130202	A0ACI8Q830
ENSG00000130202	A0ACI8QUB8
ENSG00000130202	A0ACI8R3H6
ENSG00000130202	A0ACI8S907
ENSG00000130202	A0ACI8SWJ0
ENSG00000130202	A0ACI8SWM8
ENSG00000130202	A0ACI8UG70
ENSG00000130202	K7EK87
ENSG00000130202	K7EKE8
ENSG00000130202	K7ERL3
ENSG00000130254	Q14151
ENSG00000130254	A0ABB0MVL3
ENSG00000130254	A0ACI8SKG3
ENSG00000130254	A0ACI8SKG7
ENSG00000130254	K7EQU4
ENSG00000130254	K7ERX3
ENSG00000130299	Q969Y2
ENSG00000130299	A0ACI8TRT7
ENSG00000130299	A0ACI8TSH1
ENSG00000130299	M0QXA1
ENSG00000130299	M0QYW1
ENSG00000130299	M0R0S9
ENSG00000130299	M0R161
ENSG00000130299	M0R1X0
ENSG00000130528	P23327
ENSG00000130528	A0ACI8PUW1
ENSG00000130528	A0ACI8R802
ENSG00000130528	A0ACI8VJJ5
ENSG00000130528	A0ACI8VJK1
ENSG00000130528	M0QY84
ENSG00000130528	M0QZ43
ENSG00000130595	P45378
ENSG00000130595	A0A286YFB1
ENSG00000130595	A0A9L9PY19
ENSG00000130595	A0ACI8U8W0
ENSG00000130595	A0ACI8U8W9
ENSG00000130595	A0ACI8U8X2
ENSG00000130595	A0ACI8U8Z0
ENSG00000130595	A0ACI8U8Z3
ENSG00000130595	A0ACI8U900
ENSG00000130595	A0ACI8U918
ENSG00000130595	A0ACI8U920
ENSG00000130595	A0ACI8U930
ENSG00000130595	A0ACI8U937
ENSG00000130595	A0ACI8U941
ENSG00000130595	A0ACI8U942
ENSG00000130595	A0ACI8U965
ENSG00000130595	A0ACI8U9B2
ENSG00000130595	A0ACI8UAA7
ENSG00000130595	A0ACI8UB17
ENSG00000130595	A0ACI8UBD9
ENSG00000130595	A0ACI8UBH2
ENSG00000130595	A0ACI8UBK0
ENSG00000130595	A0ACI8UBU9
ENSG00000130595	A0ACI8UCA9
ENSG00000130595	A0ACI8UCC9
ENSG00000130595	A0ACI8UCJ1
ENSG00000130595	A0ACI8UCS8
ENSG00000130595	C9JCA5
ENSG00000130595	C9JZN9
ENSG00000130595	F8WA37
ENSG00000130595	H9KVA2
ENSG00000130656	P02008
ENSG00000130656	A0A494C057
ENSG00000130812	Q8NI99
ENSG00000130812	A0ACI8RM73
ENSG00000130812	A0ACI8S9T1
ENSG00000130812	K7EKF6
ENSG00000131196	O95644
ENSG00000131196	F5H4S8
ENSG00000131196	K7EQ04
ENSG00000131196	K7ER53
ENSG00000131242	Q86YS3
ENSG00000131242	A0ACI8V9V8
ENSG00000131242	J3QKR9
ENSG00000131242	J3QLM3
ENSG00000131242	K7EL58
ENSG00000131242	K7EMK3
ENSG00000131368	P82663
ENSG00000131368	A0A8Q3SHT9
ENSG00000131368	A0A8Q3SHU8
ENSG00000131368	A0A8Q3WKE1
ENSG00000131368	A0A8Q3WKE3
ENSG00000131368	A0A8Q3WKH6
ENSG00000131368	A0A8Q3WKJ5
ENSG00000131368	A0A8Q3WLJ1
ENSG00000131368	A0ACI8RWF8
ENSG00000131368	A0ACI8SCI1
ENSG00000131368	A0ACI8U4L0
ENSG00000131368	E7EPW2
ENSG00000131507	Q9BT67
ENSG00000131507	A0ACI8PAS5
ENSG00000131507	A0ACI8PDX8
ENSG00000131507	A0ACI8PE84
ENSG00000131507	A0ACI8PQS1
ENSG00000131507	A0ACI8R6Q4
ENSG00000131507	A0ACI8RGK2
ENSG00000131507	A0ACI8TE78
ENSG00000131507	A0ACI8UCH3
ENSG00000131507	A0ACI8UCY5
ENSG00000131626	Q13136
ENSG00000131626	A0A1B0GVT3
ENSG00000131626	A0A2R8Y7R9
ENSG00000131626	A0A3B3ITS2
ENSG00000131626	A0ACI8PFS2
ENSG00000131626	A0ACI8QKG3
ENSG00000131626	A0ACI8R4J5
ENSG00000131626	A0ACI8SRK1
ENSG00000131626	A0ACI8SRV7
ENSG00000131626	A0ACI8SRZ1
ENSG00000131626	A0ACI8SS01
ENSG00000131626	A0ACI8VCZ7
ENSG00000131626	A0ACI8VDA4
ENSG00000131626	E9PID5
ENSG00000131626	E9PJZ7
ENSG00000131626	E9PPF6
ENSG00000131626	H0YD39
ENSG00000131626	H0YD72
ENSG00000131626	H0YDW2
ENSG00000131626	H0YDZ8
ENSG00000131626	H0YEF9
ENSG00000131626	H0YEK0
ENSG00000131626	H0YF15
ENSG00000131808	P01225
ENSG00000132010	P17024
ENSG00000132010	C9JIP4
ENSG00000132010	F8WDZ5
ENSG00000132010	M0QYR3
ENSG00000132031	O15232
ENSG00000132031	A0ACI8PDR5
ENSG00000132274	Q8IYM9
ENSG00000132274	A0A8V8TN39
ENSG00000132274	A0A8V8TP25
ENSG00000132274	A0ACI8TNJ4
ENSG00000132274	A0ACI8TNJ9
ENSG00000132274	C9J060
ENSG00000132274	C9JIU5
ENSG00000132274	C9JWC5
ENSG00000132274	H7BZD3
ENSG00000132274	H7C262
ENSG00000132274	H7C2K0
ENSG00000132274	H7C376
ENSG00000132383	P27694
ENSG00000132383	A0ACI8P6U7
ENSG00000132383	A0ACI8P7N5
ENSG00000132383	A0ACI8PAH0
ENSG00000132383	A0ACI8PAQ9
ENSG00000132383	A0ACI8PE22
ENSG00000132383	A0ACI8PLJ9
ENSG00000132383	A0ACI8PRU4
ENSG00000132383	A0ACI8R0B6
ENSG00000132383	A0ACI8RB15
ENSG00000132383	A0ACI8RIT3
ENSG00000132383	A0ACI8TPJ1
ENSG00000132383	A0ACI8TR63
ENSG00000132383	A0ACI8TR92
ENSG00000132383	A0ACI8TRN3
ENSG00000132383	A0ACI8TRU4
ENSG00000132383	A0ACI8VC81
ENSG00000132383	I3L2M5
ENSG00000132383	I3L4R8
ENSG00000132383	I3L524
ENSG00000132485	O95218
ENSG00000132485	A0ACI8PGD8
ENSG00000132485	A0ACI8Q2G9
ENSG00000132485	A0ACI8QLG3
ENSG00000132485	A0ACI8TI98
ENSG00000132485	A0ACI8TIC6
ENSG00000132485	A0ACI8TJ28
ENSG00000132563	Q9BRK0
ENSG00000132563	A0ACI8RCX6
ENSG00000132563	A0ACI8RQH0
ENSG00000132563	A0ACI8S2K3
ENSG00000132563	A0ACI8SV45
ENSG00000132563	A0ACI8SV77
ENSG00000132563	A0ACI8SV88
ENSG00000132563	D6RB42
ENSG00000132563	F6R0J4
ENSG00000132563	H0YAC5
ENSG00000132631	Q9UJQ7
ENSG00000132932	Q9NTI2
ENSG00000132932	A0A804HI09
ENSG00000132932	A0A804HJ19
ENSG00000132932	A0A804HKN1
ENSG00000132932	A0A804HKW9
ENSG00000132932	A0A804HLG3
ENSG00000132932	F8W9B3
ENSG00000133026	P35580
ENSG00000133026	A0A8I5KSC2
ENSG00000133026	A0A8I5KTT7
ENSG00000133026	A0A8I5KZ38
ENSG00000133026	A0ACI8SSG1
ENSG00000133026	A0ACI8SSR4
ENSG00000133026	A0ACI8SSS0
ENSG00000133026	A0ACI8SSS8
ENSG00000133026	A0ACI8SST0
ENSG00000133026	A0ACI8SST4
ENSG00000133026	A0ACI8UY88
ENSG00000133059	Q6XUX3
ENSG00000133059	A0ACI8QGB4
ENSG00000133059	A0ACI8QYU1
ENSG00000133059	A0ACI8R8M3
ENSG00000133059	A0ACI8RF62
ENSG00000133059	A0ACI8RPC6
ENSG00000133059	A0ACI8RV31
ENSG00000133059	A0ACI8V2D0
ENSG00000133059	A0ACI8V2E5
ENSG00000133065	Q8IVJ1
ENSG00000133065	A0ACI8SIN6
ENSG00000133065	A0ACI8SIQ9
ENSG00000133065	A0ACI8SIS0
ENSG00000133065	A0ACI8SIS6
ENSG00000133065	A0ACI8ULK6
ENSG00000133065	A0ACI8ULL2
ENSG00000133065	A0ACI8ULU4
ENSG00000133067	Q9HBX8
ENSG00000133067	A0ACI8QZ93
ENSG00000133067	A0ACI8QZA1
ENSG00000133067	A0ACI8QZA4
ENSG00000133067	A0ACI8QZD5
ENSG00000133067	A0ACI8QZZ6
ENSG00000133067	A0ACI8R052
ENSG00000133067	A0ACI8R9T9
ENSG00000133067	A0ACI8REI0
ENSG00000133067	A0ACI8RFG7
ENSG00000133067	A0ACI8RJ34
ENSG00000133067	A0ACI8RLX7
ENSG00000133067	A0ACI8RRM2
ENSG00000133067	A0ACI8RVL3
ENSG00000133067	A0ACI8RZA4
ENSG00000133067	A0ACI8S0W4
ENSG00000133067	A0ACI8S3G5
ENSG00000133067	A0ACI8S787
ENSG00000133067	A0ACI8S7V4
ENSG00000133067	A0ACI8SCY2
ENSG00000133067	A0ACI8SEZ3
ENSG00000133067	A0ACI8SGG4
ENSG00000133067	A0ACI8SGX7
ENSG00000133067	A0ACI8UZI0
ENSG00000133067	A0ACI8V0V7
ENSG00000133067	A0ACI8V118
ENSG00000133067	A0ACI8V175
ENSG00000133067	D6R9F0
ENSG00000133067	Q5T508
ENSG00000133317	Q96DT0
ENSG00000133317	A0A6Q8JG94
ENSG00000133317	A0ACI8V4H3
ENSG00000133317	A0ACI8V623
ENSG00000133433	P0CG30
ENSG00000133433	A0ACI8S8P4
ENSG00000133433	A0ACI8TPQ7
ENSG00000133433	A0ACI8VA20
ENSG00000133433	F6QZV2
ENSG00000133710	Q9NQ38
ENSG00000133710	E5RFU9
ENSG00000133710	E5RG22
ENSG00000133710	E7EWP9
ENSG00000133789	Q9UH65
ENSG00000133789	A0ACI8PL69
ENSG00000133789	A0ACI8PSC3
ENSG00000133789	A0ACI8Q995
ENSG00000133789	A0ACI8RZ40
ENSG00000133789	A0ACI8VHD3
ENSG00000133789	A0ACI8VHX9
ENSG00000133789	E7EMB1
ENSG00000133789	E9PJK8
ENSG00000133789	E9PJM7
ENSG00000133789	H0YDK5
ENSG00000134121	O00533
ENSG00000134121	A0A087X0M8
ENSG00000134121	C9J905
ENSG00000134121	C9JEY3
ENSG00000134121	C9JH37
ENSG00000134121	C9JW79
ENSG00000134121	F8WEP4
ENSG00000134121	H7C0J0
ENSG00000134769	Q9Y4J8
ENSG00000134769	A0A7P0T818
ENSG00000134769	A0A7P0T8G2
ENSG00000134769	A0A7P0T8J4
ENSG00000134769	A0A7P0T8Y5
ENSG00000134769	A0A7P0T9L1
ENSG00000134769	A0A7P0TAN3
ENSG00000134769	A0A7P0TAU5
ENSG00000134769	A0A7P0TBG1
ENSG00000134769	A0A7P0TBH9
ENSG00000134769	A0A7P0Z4D7
ENSG00000134769	A0A804HHT6
ENSG00000134769	A0A804HHU2
ENSG00000134769	A0A804HII3
ENSG00000134769	A0A804HII4
ENSG00000134769	A0A804HJU0
ENSG00000134769	A0A804HKS8
ENSG00000134769	A0A804HKZ4
ENSG00000134769	A0A804HLB1
ENSG00000134769	A0ACI8P943
ENSG00000134769	A0ACI8VQR2
ENSG00000134769	K7EIV1
ENSG00000134769	K7EJ84
ENSG00000134769	K7EMN1
ENSG00000134769	K7ENJ7
ENSG00000134769	K7ERZ2
ENSG00000134769	K7ESB2
ENSG00000134769	M0QZ28
ENSG00000134769	M0R021
ENSG00000134853	P16234
ENSG00000134853	A0ACI8V0A7
ENSG00000134853	A0ACI8V0B0
ENSG00000134853	D6RDX0
ENSG00000134853	D6RG11
ENSG00000134853	D6RIG5
ENSG00000134853	D6RJH0
ENSG00000135046	P04083
ENSG00000135046	A0ACI8PKY7
ENSG00000135046	A0ACI8QU45
ENSG00000135046	A0ACI8UTE3
ENSG00000135046	A0ACI8UTF2
ENSG00000135046	A0ACI8UTG8
ENSG00000135046	Q5T3N0
ENSG00000135046	Q5T3N1
ENSG00000135048	Q9UHN6
ENSG00000135048	A0ACI8Q3W8
ENSG00000135048	A0ACI8VSG2
ENSG00000135048	F5GZC1
ENSG00000135048	F5H6B2
ENSG00000135048	F6SQ45
ENSG00000135048	H3BLX9
ENSG00000135048	H3BLY0
ENSG00000135083	Q8IV13
ENSG00000135083	A0A2R8Y754
ENSG00000135083	A0A2R8Y7P8
ENSG00000135083	A0A2R8YFU1
ENSG00000135083	A0ACI8QQD3
ENSG00000135083	A0ACI8RFQ9
ENSG00000135083	A0ACI8SVB4
ENSG00000135083	A0ACM8QGC6
ENSG00000135083	E5RFJ6
ENSG00000135083	E7EN43
ENSG00000135097	O43347
ENSG00000135097	A0ACI8PLN4
ENSG00000135097	A0ACI8T823
ENSG00000135097	A0ACI8T881
ENSG00000135097	A0ACI8T898
ENSG00000135097	A0ACI8T8E0
ENSG00000135097	H0YHB7
ENSG00000135218	P16671
ENSG00000135218	A0ACI8PA22
ENSG00000135218	A0ACI8PD46
ENSG00000135218	A0ACI8PDH1
ENSG00000135218	A0ACI8PPY2
ENSG00000135218	A0ACI8R595
ENSG00000135218	A0ACI8RFF8
ENSG00000135218	A0ACI8UX81
ENSG00000135218	A0ACI8UXE5
ENSG00000135218	A0ACI8UXS0
ENSG00000135218	A0ACI8V074
ENSG00000135218	E7ERZ9
ENSG00000135218	E7EU05
ENSG00000135218	E7EVU1
ENSG00000135218	E7EWI4
ENSG00000135218	E7EX47
ENSG00000135218	E9PC45
ENSG00000135218	E9PJX8
ENSG00000135218	E9PLT1
ENSG00000135218	H0YEE7
ENSG00000135447	Q13522
ENSG00000135447	A0ACI8P8L1
ENSG00000135447	A0ACI8QPQ9
ENSG00000135447	A0ACI8R977
ENSG00000135447	A0ACI8VGV9
ENSG00000135447	F8VR76
ENSG00000135447	H0YIU4
ENSG00000135447	R4GMQ8
ENSG00000135486	P09651
ENSG00000135486	A0A7I2V2F1
ENSG00000135486	A0A7I2V2L6
ENSG00000135486	A0A7I2V2M7
ENSG00000135486	A0A7I2V2Q7
ENSG00000135486	A0A7I2V2R4
ENSG00000135486	A0A7I2V2W8
ENSG00000135486	A0A7I2V2X1
ENSG00000135486	A0A7I2V2Z4
ENSG00000135486	A0A7I2V334
ENSG00000135486	A0A7I2V360
ENSG00000135486	A0A7I2V3C7
ENSG00000135486	A0A7I2V3F4
ENSG00000135486	A0A7I2V3J5
ENSG00000135486	A0A7I2V3K5
ENSG00000135486	A0A7I2V3R8
ENSG00000135486	A0A7I2V3S1
ENSG00000135486	A0A7I2V3U8
ENSG00000135486	A0A7I2V3U9
ENSG00000135486	A0A7I2V3W0
ENSG00000135486	A0A7I2V3W4
ENSG00000135486	A0A7I2V434
ENSG00000135486	A0A7I2V453
ENSG00000135486	A0A7I2V459
ENSG00000135486	A0A7I2V497
ENSG00000135486	A0A7I2V4E2
ENSG00000135486	A0A7I2V4F8
ENSG00000135486	A0A7I2V4M0
ENSG00000135486	A0A7I2V4P7
ENSG00000135486	A0A7I2V4R7
ENSG00000135486	A0A7I2V520
ENSG00000135486	A0A7I2V595
ENSG00000135486	A0A7I2V5H0
ENSG00000135486	A0A7I2V5L7
ENSG00000135486	A0A7I2V5N7
ENSG00000135486	A0A7I2V5P1
ENSG00000135486	A0A7I2V5T1
ENSG00000135486	A0A7I2V5U9
ENSG00000135486	A0A7I2V5W8
ENSG00000135486	A0A7I2V661
ENSG00000135486	A0A7I2V666
ENSG00000135486	A0A7I2YQ85
ENSG00000135486	A0A7I2YQJ2
ENSG00000135486	A0A7I2YQR6
ENSG00000135486	A0A7I2YQU4
ENSG00000135486	A0A7I2YQV3
ENSG00000135486	A0A7I2YQV6
ENSG00000135486	A0A7I2YQW0
ENSG00000135486	A0A7I2YQX9
ENSG00000135486	A0A7I2YQY2
ENSG00000135486	A0ACI8PX57
ENSG00000135486	A0ACI8TYK4
ENSG00000135486	A0ACI8TZ12
ENSG00000135486	F8VTQ5
ENSG00000135486	F8VYN5
ENSG00000135486	F8VZ49
ENSG00000135486	F8W646
ENSG00000135486	F8W6I7
ENSG00000135486	H0YH80
ENSG00000135517	P30301
ENSG00000135617	Q9BSG0
ENSG00000135617	A0ACI8UMB1
ENSG00000135624	Q99832
ENSG00000135624	A0ACI8Q297
ENSG00000135624	A0ACI8QIG6
ENSG00000135624	A0ACI8QT75
ENSG00000135624	A0ACI8R2D6
ENSG00000135624	A0ACI8RK96
ENSG00000135624	A0ACI8SQL6
ENSG00000135624	A0ACI8SQM5
ENSG00000135624	A0ACI8SQM9
ENSG00000135624	A0ACI8SQN0
ENSG00000135624	A0ACI8SQN5
ENSG00000135624	A0ACI8SQN6
ENSG00000135624	A0ACI8SQP1
ENSG00000135624	A0ACI8SQP3
ENSG00000135624	A0ACI8SQR4
ENSG00000135624	A0ACI8SQV8
ENSG00000135624	A0ACI8SQW9
ENSG00000135624	A0ACI8SQZ0
ENSG00000135624	A0ACI8SQZ2
ENSG00000135624	A0ACI8SR02
ENSG00000135624	A0ACI8V6X8
ENSG00000135624	A0ACI8V6Y8
ENSG00000135624	A0ACI8V700
ENSG00000135624	A0ACI8V706
ENSG00000135624	F8WAM2
ENSG00000135624	F8WBP8
ENSG00000135678	P14384
ENSG00000135678	A0ACI8QI66
ENSG00000135678	A0ACI8QLG2
ENSG00000135678	A0ACI8SDP3
ENSG00000135678	A0ACI8V4Z2
ENSG00000135678	A0ACI8V512
ENSG00000135678	F8VR29
ENSG00000135678	F8VU13
ENSG00000135678	F8VVI6
ENSG00000135678	F8W111
ENSG00000135678	H0YHG6
ENSG00000135678	H0YHN7
ENSG00000135821	P15104
ENSG00000135821	A0A2R8YDT1
ENSG00000135821	A0ABJ7BD24
ENSG00000135845	Q92535
ENSG00000135902	Q07001
ENSG00000135902	A0ACI8UXM7
ENSG00000135902	C9JJV8
ENSG00000135902	F6XHC5
ENSG00000135902	F8WB46
ENSG00000135902	F8WBS0
ENSG00000135917	Q9BZV2
ENSG00000135917	A0A2R8Y655
ENSG00000135917	A0A2R8Y694
ENSG00000135917	A0A2R8YFC5
ENSG00000135917	A0A2R8YHG5
ENSG00000135917	A0ACI8PJ08
ENSG00000135917	A0ACI8V3Z7
ENSG00000135917	B8ZZ39
ENSG00000135917	B8ZZW1
ENSG00000135917	C9IZI1
ENSG00000135917	C9J4J5
ENSG00000135917	E7EM61
ENSG00000135924	P25686
ENSG00000135924	C9J1G2
ENSG00000135924	C9JRD2
ENSG00000135924	C9JX00
ENSG00000135924	C9JXB9
ENSG00000135924	E7ETU0
ENSG00000136040	O60486
ENSG00000136040	F5H3A2
ENSG00000136040	F8VUW4
ENSG00000136040	F8W095
ENSG00000136040	F8W0N4
ENSG00000136040	F8W1K6
ENSG00000136449	Q8TBZ2
ENSG00000136449	A0ACI8PXQ9
ENSG00000136449	A0ACI8S8Q7
ENSG00000136449	A0ACI8SJA6
ENSG00000136449	C9JXR6
ENSG00000136449	C9JZX1
ENSG00000136449	H0Y7R1
ENSG00000136449	H7C0Z8
ENSG00000136449	K7EJ23
ENSG00000136449	K7EJV4
ENSG00000136449	K7EKR6
ENSG00000136682	Q8IUF1
ENSG00000136682	A0ACI8Q2N3
ENSG00000136682	A0ACI8Q2X4
ENSG00000136682	A0ACI8Q4N4
ENSG00000136682	A0ACI8Q7N5
ENSG00000136682	A0ACI8QKQ2
ENSG00000136682	A0ACI8QSS1
ENSG00000136682	A0ACI8QTW7
ENSG00000136682	A0ACI8RYR8
ENSG00000136682	A0ACI8S4Z0
ENSG00000136682	A0ACI8S8U3
ENSG00000136682	A0ACI8T1G8
ENSG00000136682	A0ACI8T1G9
ENSG00000136682	A0ACI8T1H3
ENSG00000136682	A0ACI8T1H9
ENSG00000136682	A0ACI8T1I2
ENSG00000136682	A0ACI8T1J0
ENSG00000136682	A0ACI8T1K4
ENSG00000136682	A0ACI8UJ34
ENSG00000136682	A0ACI8UJZ3
ENSG00000136682	A0ACI8UK37
ENSG00000136682	C9J3G2
ENSG00000136682	F8WEU0
ENSG00000136682	F8WFD0
ENSG00000136859	Q9UKU9
ENSG00000137055	Q9Y263
ENSG00000137055	A0ACI8QND5
ENSG00000137055	A0ACI8RDZ7
ENSG00000137055	A0ACI8RK39
ENSG00000137055	A0ACI8SEQ7
ENSG00000137055	A0ACI8TJC2
ENSG00000137055	A0ACI8TJH4
ENSG00000137055	A0ACI8VJR7
ENSG00000137055	A0ACI8VK48
ENSG00000137055	A0ACI8VNH4
ENSG00000137055	A0ACI8VNU4
ENSG00000137055	A0ACI8VP03
ENSG00000137055	A0ACI8VP45
ENSG00000137055	A0ACI8VQK6
ENSG00000137055	E5RIM3
ENSG00000137055	H0YAU9
ENSG00000137055	H0YBW4
ENSG00000137055	H0YC16
ENSG00000137198	P36959
ENSG00000137198	A0ACI8PHC8
ENSG00000137198	A0ACI8PKF0
ENSG00000137198	A0ACI8PYA1
ENSG00000137198	A0ACI8Q5V6
ENSG00000137198	A0ACI8RPZ0
ENSG00000137198	A0ACI8VIT3
ENSG00000137198	A0ACI8VJ17
ENSG00000137198	A0ACI8VJF0
ENSG00000137198	A0ACI8VJF4
ENSG00000137507	Q14392
ENSG00000137507	A0ACI8Q657
ENSG00000137507	C9JYU3
ENSG00000137642	Q92673
ENSG00000137642	A0ACI8RW67
ENSG00000137642	A0ACI8S861
ENSG00000137642	E9PKB0
ENSG00000137642	E9PP43
ENSG00000137642	E9PPB3
ENSG00000137642	E9PS32
ENSG00000137815	Q92541
ENSG00000137815	A0ACI8T9A2
ENSG00000137815	A0ACI8T9A3
ENSG00000137815	H0YKX1
ENSG00000137869	P11511
ENSG00000137869	A0ACI8UPP7
ENSG00000137869	E7EPL6
ENSG00000137869	E7EQ08
ENSG00000137869	E9PGZ6
ENSG00000137869	H0YK57
ENSG00000137869	H0YKN1
ENSG00000137869	H0YLP1
ENSG00000137869	H0YLS2
ENSG00000137869	H0YNJ7
ENSG00000138386	Q13506
ENSG00000138386	A0ACI8RU83
ENSG00000138386	A0ACI8SCB7
ENSG00000138386	B8ZZS2
ENSG00000138386	C9J3V0
ENSG00000138386	C9JFF6
ENSG00000138386	C9JID4
ENSG00000138386	C9JJ42
ENSG00000138386	C9JL92
ENSG00000138386	H0Y4C5
ENSG00000138587	Q8NEH6
ENSG00000138587	A0ACI8PVF8
ENSG00000138587	A0ACI8V2B3
ENSG00000138615	O75339
ENSG00000138615	A0ACI8RK41
ENSG00000138615	A0ACI8S8L3
ENSG00000138615	A0ACI8U4J9
ENSG00000138641	Q15034
ENSG00000138641	A0ACI8RQB3
ENSG00000138641	A0ACI8UPC1
ENSG00000138641	A0ACI8UPM5
ENSG00000138641	A0ACI8UQT1
ENSG00000138641	A0ACI8UQU9
ENSG00000138641	C9J6Z1
ENSG00000138641	C9J8E7
ENSG00000138641	C9JFL2
ENSG00000138641	C9JKA7
ENSG00000138641	H0Y8G9
ENSG00000138750	Q7Z3B4
ENSG00000138750	A0A8Q3SHX2
ENSG00000138750	A0A8Q3SI16
ENSG00000138750	A0A8Q3WKJ4
ENSG00000138750	A0A8Q3WKK2
ENSG00000138750	A0A8Q3WKL3
ENSG00000138750	A0A8Q3WKP8
ENSG00000138750	A0A8Q3WL42
ENSG00000138750	A0A8Q3WLP2
ENSG00000138750	A0A8Q3WLY5
ENSG00000138750	A0A8Z5F6C8
ENSG00000138750	A0ACI8PM93
ENSG00000138750	A0ACI8Q1K1
ENSG00000138750	A0ACI8QXA7
ENSG00000138750	A0ACI8QY85
ENSG00000138750	A0ACI8RV26
ENSG00000138750	A0ACI8TBZ9
ENSG00000138750	A0ACI8TC10
ENSG00000138750	D6RB65
ENSG00000138750	D6RBF7
ENSG00000138750	D6RFI8
ENSG00000138767	Q96LI5
ENSG00000138767	A0ACI8RPS0
ENSG00000138767	D6RIW9
ENSG00000138767	H0Y9C1
ENSG00000138767	H0Y9Z5
ENSG00000138795	Q9UJU2
ENSG00000138795	A0ACI8RC34
ENSG00000138795	A0ACI8RSX0
ENSG00000138795	A0ACI8UGJ2
ENSG00000138795	A0ACI8UGJ6
ENSG00000138795	D6RAB1
ENSG00000138795	D6RID7
ENSG00000138795	D6RIV1
ENSG00000138801	O43252
ENSG00000138801	A0ACI8S2I4
ENSG00000138801	A0ACI8TL68
ENSG00000138801	A0ACI8TL72
ENSG00000138801	A0ACI8TL86
ENSG00000138801	A0ACI8TL92
ENSG00000138801	A0ACI8TLE9
ENSG00000138801	A0ACI8VKK6
ENSG00000138801	A0ACI8VKM4
ENSG00000138801	A0ACI8VKP9
ENSG00000139211	Q86SJ2
ENSG00000139291	Q96HH6
ENSG00000139291	A0ACI8R2X8
ENSG00000139291	A0ACI8RRS2
ENSG00000139291	A0ACI8TYL6
ENSG00000139291	F8VRE8
ENSG00000139291	F8VS20
ENSG00000139291	H0YHY1
ENSG00000139291	H0YIS8
ENSG00000139445	Q96NZ1
ENSG00000139445	A0A0C4DG65
ENSG00000139445	S4R3U5
ENSG00000139572	Q9NQS5
ENSG00000139697	A3KN83
ENSG00000139697	A0ACI8TRI5
ENSG00000139697	A0ACI8TRK9
ENSG00000139697	A0ACI8TRZ0
ENSG00000139697	A0ACI8TSC4
ENSG00000139890	Q8IYK8
ENSG00000139890	A0ACI8SI11
ENSG00000139988	Q96NR8
ENSG00000140374	P13804
ENSG00000140374	A0A8I5KSA0
ENSG00000140374	A0A8I5KT03
ENSG00000140374	A0A8I5KU27
ENSG00000140374	A0A8I5KUF3
ENSG00000140374	A0A8I5KUR2
ENSG00000140374	A0A8I5KVC9
ENSG00000140374	A0A8I5KVL5
ENSG00000140374	A0A8I5KWN3
ENSG00000140374	A0A8I5KYH4
ENSG00000140374	A0A8I5KYP7
ENSG00000140374	A0ACI8QU22
ENSG00000140374	A0ACI8RSI4
ENSG00000140374	A0ACI8S646
ENSG00000140374	A0ACI8SGI2
ENSG00000140374	A0ACI8TBN0
ENSG00000140374	H0YK49
ENSG00000140374	H0YKF0
ENSG00000140374	H0YL83
ENSG00000140374	H0YLU7
ENSG00000140374	H0YM12
ENSG00000140374	H0YMU8
ENSG00000140374	H3BV91
ENSG00000140374	J3KN60
ENSG00000140505	P05177
ENSG00000140505	A0ACI8PPN5
ENSG00000140505	A0ACI8PRW8
ENSG00000140505	A0ACI8PS59
ENSG00000140505	A0ACI8RNS6
ENSG00000140505	A0ACI8RWM5
ENSG00000140525	Q9NVI1
ENSG00000140525	A0A6Q8PGF4
ENSG00000140525	A0A6Q8PH09
ENSG00000140525	A0A8Q3SIW9
ENSG00000140525	A0A8Q3SIZ6
ENSG00000140525	A0ACI8Q6V0
ENSG00000140525	A0ACI8RJZ8
ENSG00000140525	A0ACI8U3I8
ENSG00000140525	A0ACI8U3J2
ENSG00000140525	A0ACI8U3J5
ENSG00000140525	A0ACI8U3L1
ENSG00000140525	A0ACI8U3Q2
ENSG00000140525	A0ACI8U4C4
ENSG00000140525	A0ACI8U4F0
ENSG00000140525	A0ACI8U5Z7
ENSG00000140525	A0ACI8U6H5
ENSG00000140525	A0ACI8U6M7
ENSG00000140525	A0ACI8U6Q8
ENSG00000140525	A0ACI8U6S6
ENSG00000140525	F8W7R3
ENSG00000140525	H3BMG4
ENSG00000140525	H3BN35
ENSG00000140525	H3BP78
ENSG00000140525	H3BQE2
ENSG00000140525	H3BS60
ENSG00000140525	H3BT54
ENSG00000141012	P34059
ENSG00000141012	A0ACI8QBK4
ENSG00000141012	A0ACI8QW92
ENSG00000141012	A0ACI8TF04
ENSG00000141012	A0ACI8UMT9
ENSG00000141012	H3BMP8
ENSG00000141012	H3BNU2
ENSG00000141012	H3BP66
ENSG00000141012	H3BSU9
ENSG00000141012	H3BV24
ENSG00000141179	Q9UKL6
ENSG00000141179	I3L2M9
ENSG00000141179	I3L3H0
ENSG00000141179	I3L4Z8
ENSG00000141179	J3QT99
ENSG00000141279	P55786
ENSG00000141279	A0A7I2V389
ENSG00000141279	A0A7I2V3D7
ENSG00000141279	A0A7I2V3W8
ENSG00000141279	A0A7I2V5D4
ENSG00000141279	A0A7I2V5M8
ENSG00000141279	A0A7I2V604
ENSG00000141279	A0A7I2YQS3
ENSG00000141279	A0A8V8TQ95
ENSG00000141279	A0ACI8T4W9
ENSG00000141279	A0ACI8VSG5
ENSG00000141279	E9PI82
ENSG00000141279	E9PJF9
ENSG00000141279	E9PJY4
ENSG00000141279	E9PLK3
ENSG00000141279	E9PP11
ENSG00000141279	E9PPD4
ENSG00000141279	E9PPZ2
ENSG00000141279	H0YCQ5
ENSG00000141279	H0YDG0
ENSG00000141499	Q9BUR4
ENSG00000141499	A0A8V8TM44
ENSG00000141499	A0A8V8TM47
ENSG00000141499	A0A8V8TM74
ENSG00000141499	A0A8V8TMM9
ENSG00000141499	A0A8V8TNM2
ENSG00000141499	A0A8V8TNY4
ENSG00000141499	A0ACI8PLL5
ENSG00000141499	A0ACI8S272
ENSG00000141499	A0ACI8TN20
ENSG00000141499	A0ACI8TN24
ENSG00000141499	E9PMG4
ENSG00000141499	E9PMR3
ENSG00000141499	K7EJ50
ENSG00000141506	Q8WYR1
ENSG00000141506	A0ACI8TUQ5
ENSG00000141506	J3KRE9
ENSG00000141506	J3KSW1
ENSG00000141506	J3KT66
ENSG00000141506	X6R3K3
ENSG00000142544	Q7Z7A3
ENSG00000142546	Q9Y314
ENSG00000142546	A0A075B6F9
ENSG00000142546	A0A075B797
ENSG00000142546	A0ACI8PXF6
ENSG00000142546	M0QX85
ENSG00000142546	M0R1K2
ENSG00000142546	M0R1T7
ENSG00000142546	M0R3B2
ENSG00000142694	Q9NVM1
ENSG00000142765	Q8IYJ3
ENSG00000142765	A0A087X1N4
ENSG00000142765	A0ACI8QQI6
ENSG00000142765	A0ACI8RIR0
ENSG00000142765	A0ACI8VR67
ENSG00000142765	A0ACI8VR68
ENSG00000142765	A0ACI8VRA1
ENSG00000142765	Q5SSC6
ENSG00000142892	Q92643
ENSG00000142892	A0ACI8PCP3
ENSG00000142892	A0ACI8PPK4
ENSG00000142892	A0ACI8QH87
ENSG00000142892	A0ACI8QHX0
ENSG00000142892	A0ACI8R099
ENSG00000142892	A0ACI8RJE3
ENSG00000142892	A0ACI8RTR7
ENSG00000142892	A0ACI8SLG9
ENSG00000142892	A0ACI8SLH4
ENSG00000142892	A0ACI8SLK6
ENSG00000142892	A0ACI8UPC2
ENSG00000142892	A6NEM5
ENSG00000142892	B1AK81
ENSG00000142892	S4R3M5
ENSG00000142973	P13584
ENSG00000142973	A0ACI8Q8Y6
ENSG00000142973	A0ACI8Q8Y8
ENSG00000142973	A0ACI8QAT7
ENSG00000142973	A0ACI8QDD6
ENSG00000142973	A0ACI8S2K1
ENSG00000142973	A0ACI8U3S5
ENSG00000142973	A0ACI8U3T1
ENSG00000142973	A0ACI8U3T7
ENSG00000142973	A0ACI8U3V6
ENSG00000142973	A0ACI8U3Y8
ENSG00000142973	A0ACI8U4K1
ENSG00000142973	E9PL36
ENSG00000142973	E9PML0
ENSG00000142973	F5H1Q8
ENSG00000142973	F5H5Q6
ENSG00000142973	F6TRI2
ENSG00000143217	Q96NY8
ENSG00000143217	A0ACI8RZS7
ENSG00000143256	Q9UHV9
ENSG00000143256	A0ACI8PR62
ENSG00000143256	A0ACI8SWQ8
ENSG00000143256	A0ACI8SWV1
ENSG00000143256	A0ACI8SWY0
ENSG00000143443	Q9BUN1
ENSG00000143473	O95259
ENSG00000143473	A0A1W2PNI2
ENSG00000143473	A0A1W2PP36
ENSG00000143473	A0A1W2PP68
ENSG00000143473	A0A1W2PPA2
ENSG00000143473	A0A1W2PRD8
ENSG00000143473	A0A1W2PRG6
ENSG00000143473	A0A1W2PRV9
ENSG00000143473	A0A1W2PRZ5
ENSG00000143473	A0A1W2PS62
ENSG00000143473	A0A1X7SBS6
ENSG00000143473	A0ACI8RK27
ENSG00000143494	Q86V25
ENSG00000143494	A0ACI8SV81
ENSG00000143494	A0ACI8SV96
ENSG00000143494	A0ACI8SVA9
ENSG00000143494	A0ACI8SVC8
ENSG00000143494	A0ACI8SVF9
ENSG00000143494	A0ACI8SVN8
ENSG00000143494	C9JY36
ENSG00000143553	O95295
ENSG00000143553	A0ACI8SKA0
ENSG00000143553	A0ACI8VNA6
ENSG00000143624	Q68E01
ENSG00000143624	A0A096LNW8
ENSG00000143624	A0A096LPB9
ENSG00000143624	A0ACI8RHE7
ENSG00000143624	A0ACI8RKW6
ENSG00000143624	A0ACI8SF57
ENSG00000143624	A0ACI8TAQ0
ENSG00000143624	A0ACI8UZ39
ENSG00000143624	A0ACI8UZ41
ENSG00000143624	A0ACI8UZ51
ENSG00000143624	H0Y8Z1
ENSG00000143801	P49810
ENSG00000143801	A0A7I2V2W1
ENSG00000143801	A0A7I2V355
ENSG00000143801	A0A7I2V3R9
ENSG00000143801	A0A7I2V3Y8
ENSG00000143801	A0A7I2V4D0
ENSG00000143801	A0A7I2V4T4
ENSG00000143801	A0A7I2V4Y6
ENSG00000143801	A0A7I2V551
ENSG00000143801	A0A7I2V5L1
ENSG00000143801	A0A7I2V5Q3
ENSG00000143801	A0A7I2V5S6
ENSG00000143801	A0A7I2V5Y0
ENSG00000143801	A0A7I2YQG9
ENSG00000143801	A0ACI8QSL1
ENSG00000143801	A0ACI8RE62
ENSG00000143801	A0ACI8U6T4
ENSG00000143801	A0ACI8VHI0
ENSG00000143801	B1AP22
ENSG00000143801	E5RFW4
ENSG00000143801	E5RG63
ENSG00000143801	E5RHT1
ENSG00000143801	E5RJM5
ENSG00000143839	P00797
ENSG00000143839	A0A1B0GUZ2
ENSG00000143839	A0ACI8PFT6
ENSG00000143889	Q8WVV9
ENSG00000143889	B7WPG3
ENSG00000143889	C9IYN3
ENSG00000143889	C9JJZ7
ENSG00000143889	H7BXH8
ENSG00000143889	H7C464
ENSG00000143889	V9GYK2
ENSG00000143924	Q9HC35
ENSG00000143924	A0ACI8PG00
ENSG00000143924	A0ACI8QN47
ENSG00000143924	A0ACI8T2J9
ENSG00000143924	A0ACI8T2K4
ENSG00000143924	A0ACI8T2K5
ENSG00000143924	A0ACI8T2T0
ENSG00000143924	A0ACI8T2Y9
ENSG00000143924	A0ACI8T303
ENSG00000143924	A0ACI8T347
ENSG00000143924	A0ACI8T363
ENSG00000143924	A0ACI8T372
ENSG00000143924	A0ACI8VCQ6
ENSG00000143924	A0ACI8VEJ3
ENSG00000143924	B5MBZ0
ENSG00000144021	O76071
ENSG00000144021	A0ACI8QKE0
ENSG00000144021	A0ACI8R4A7
ENSG00000144021	A0ACI8RLS3
ENSG00000144021	A0ACI8UHF7
ENSG00000144021	A0ACI8UHH6
ENSG00000144152	Q53RD9
ENSG00000144152	A0ACI8PI68
ENSG00000144152	A0ACI8QEW2
ENSG00000144152	A0ACI8QZW2
ENSG00000144152	B8ZZC1
ENSG00000144152	H0Y2N7
ENSG00000144152	H7BZ65
ENSG00000144488	Q6ZVH7
ENSG00000144488	C9J6L8
ENSG00000144591	Q96IJ6
ENSG00000144591	A0A087WUI8
ENSG00000144591	A0A0U1RRC2
ENSG00000144591	A0A804HID2
ENSG00000144591	A0A804HIM4
ENSG00000144591	A0A804HIN0
ENSG00000144591	A0A804HIS0
ENSG00000144591	A0A804HJC3
ENSG00000144591	A0A804HKA4
ENSG00000144591	A0A804HLB2
ENSG00000144591	A0A804HLK2
ENSG00000144591	A0ACI8S7F7
ENSG00000144591	A0ACI8TJ20
ENSG00000144591	A0ACI8TJN4
ENSG00000144591	A0ACI8TJV7
ENSG00000144591	A0ACI8TKG5
ENSG00000144591	A0ACI8UKR4
ENSG00000144591	A0ACI8UKS1
ENSG00000144591	A0ACI8UKS2
ENSG00000144591	A0ACI8UP88
ENSG00000144591	A0ACI8UPE9
ENSG00000144591	A0ACI8UQ41
ENSG00000144591	C9J255
ENSG00000144591	C9JAH0
ENSG00000144591	F8WD54
ENSG00000144645	Q9BXB5
ENSG00000144645	A0A5F9ZH75
ENSG00000144645	A0A8V8TM06
ENSG00000144645	A0ACI8SJX9
ENSG00000144645	A0ACI8SK09
ENSG00000144645	A0ACI8V4J7
ENSG00000144645	A0ACI8V4M0
ENSG00000144645	H7C199
ENSG00000144645	H7C487
ENSG00000144837	Q53H76
ENSG00000144837	A0ACI8PRA6
ENSG00000144837	A0ACI8PT86
ENSG00000144837	A0ACI8PTL9
ENSG00000144837	A0ACI8PXD6
ENSG00000144837	A0ACI8RQC3
ENSG00000144837	G5E9W0
ENSG00000144837	H7C4H1
ENSG00000144857	Q9BWV1
ENSG00000144857	A0ACI8RVU8
ENSG00000144857	A0ACI8S373
ENSG00000144857	A0ACI8S484
ENSG00000144857	A0ACI8SGA5
ENSG00000144857	A0ACI8SH51
ENSG00000144857	A0ACI8V544
ENSG00000144857	A0ACI8V5E2
ENSG00000144857	A0ACI8V5M4
ENSG00000144857	A0ACI8V785
ENSG00000144857	A0ACI8V7A2
ENSG00000144857	A0ACI8V7D4
ENSG00000144857	C9J2L7
ENSG00000144857	C9J7V2
ENSG00000144857	C9J9M5
ENSG00000144857	C9JZ38
ENSG00000144857	F6UR31
ENSG00000144857	H7C4U8
ENSG00000144857	H7C5J2
ENSG00000144962	Q9BXB7
ENSG00000144962	A0A494BZR9
ENSG00000145287	Q9NZF1
ENSG00000145287	A0ABB0MVD5
ENSG00000145287	A0ABB0MVE1
ENSG00000145287	D6RA24
ENSG00000145358	Q96D03
ENSG00000145358	D6RD49
ENSG00000145358	D6RJ99
ENSG00000145414	Q96HR8
ENSG00000145414	A0ACI8PR19
ENSG00000145414	D6RIB3
ENSG00000145623	Q99650
ENSG00000145623	A0ACI8RHF3
ENSG00000145623	A0ACI8V4P6
ENSG00000145623	H0Y8W9
ENSG00000145623	H0Y9E3
ENSG00000145623	H0YAD1
ENSG00000145626	Q6NUS8
ENSG00000145626	A0ACI8RII5
ENSG00000145626	A0ACI8RVN3
ENSG00000145626	D6RHV6
ENSG00000145626	E9PD17
ENSG00000145626	F6S141
ENSG00000145832	Q6ZT89
ENSG00000145832	A0A3B3IRS1
ENSG00000145832	A0A3B3IS12
ENSG00000145832	A0ACI8PKA5
ENSG00000145832	A0ACI8Q940
ENSG00000145832	A0ACI8SYJ6
ENSG00000145832	C9JM56
ENSG00000145832	D6RFW8
ENSG00000145832	J3KQI1
ENSG00000146066	Q9BW72
ENSG00000146090	Q8N431
ENSG00000146090	J9JIG9
ENSG00000146221	Q5JU00
ENSG00000146221	Q5JU01
ENSG00000146453	Q8NA58
ENSG00000146453	A0ACI8U8E8
ENSG00000146453	V9GYA0
ENSG00000146469	P01282
ENSG00000146469	A0ACI8QMR6
ENSG00000146469	H0Y763
ENSG00000146701	P40926
ENSG00000146701	A0ACI8PI59
ENSG00000146701	A0ACI8Q5A6
ENSG00000146701	A0ACI8QPL0
ENSG00000146701	A0ACI8R928
ENSG00000146701	A0ACI8TJT2
ENSG00000146701	A0ACI8TK77
ENSG00000146701	A0ACI8TKA7
ENSG00000146701	A0ACI8VSA5
ENSG00000146701	G3XAL0
ENSG00000146701	U3KQ63
ENSG00000146731	P40227
ENSG00000146731	A0ACI8R0B3
ENSG00000146731	A0ACI8RFD3
ENSG00000146731	A0ACI8RMK9
ENSG00000146731	A0ACI8RS92
ENSG00000146731	A0ACI8RZT2
ENSG00000146731	A0ACI8S3W5
ENSG00000146731	A0ACI8T706
ENSG00000146731	A0ACI8T708
ENSG00000146731	A0ACI8T714
ENSG00000146731	A0ACI8T7V4
ENSG00000146731	A0ACI8T7V7
ENSG00000146731	A0ACI8T7X2
ENSG00000146731	A0ACI8T7Y9
ENSG00000146731	A0ACI8V7W5
ENSG00000146731	A0ACI8V865
ENSG00000147140	Q15233
ENSG00000147140	A0A7I2V447
ENSG00000147140	A0A7I2V464
ENSG00000147140	A0A7I2V4J2
ENSG00000147140	A0A7I2V4K9
ENSG00000147140	A0A7I2V4N2
ENSG00000147140	A0A7I2V535
ENSG00000147140	A0A7I2V5Y7
ENSG00000147140	A0A7I2YQK8
ENSG00000147140	A0A7P0MRW0
ENSG00000147140	A0ACI8R504
ENSG00000147140	A0ACI8RWK7
ENSG00000147140	A0ACI8TVU1
ENSG00000147140	A0ACI8V1Q3
ENSG00000147140	A0ACI8V1R0
ENSG00000147140	C9IZL7
ENSG00000147140	C9J4X2
ENSG00000147140	C9JJ13
ENSG00000147140	C9JYS8
ENSG00000147140	H7C367
ENSG00000147257	P51654
ENSG00000147257	A0A8I5KUG1
ENSG00000147257	A0A8I5KW36
ENSG00000147257	A0A8I5KYY0
ENSG00000147257	A0ACI8SII5
ENSG00000147257	A0ACI8TAA9
ENSG00000147257	A0ACI8TAD0
ENSG00000147257	H0Y3U6
ENSG00000147571	P06850
ENSG00000147679	Q9BRU9
ENSG00000147679	A0ACI8U2T2
ENSG00000147679	E5RG01
ENSG00000147679	E5RGP0
ENSG00000147679	E5RH13
ENSG00000147679	E5RIC4
ENSG00000147679	E5RIM0
ENSG00000147679	G3XAM4
ENSG00000147724	Q49AJ0
ENSG00000147724	E5RFQ7
ENSG00000147724	E5RH68
ENSG00000147724	J3QSR3
ENSG00000147862	O00712
ENSG00000147862	A0A0A0MRX8
ENSG00000147862	A0A1B0GTC1
ENSG00000147862	A0A1B0GU97
ENSG00000147862	A0A1B0GVN4
ENSG00000147862	A0A1B0GW37
ENSG00000147862	A0A1B0GWB8
ENSG00000147862	A0A1B0GWI9
ENSG00000147862	A0A1B0GWJ4
ENSG00000147862	A0A2R8Y7V8
ENSG00000147862	A0ACI8PVA1
ENSG00000147862	A0ACI8PWA7
ENSG00000147862	A0ACI8Q0Z0
ENSG00000147862	A0ACI8QAQ4
ENSG00000147862	A0ACI8QJZ6
ENSG00000147862	A0ACI8REE7
ENSG00000147862	A0ACI8S5C1
ENSG00000147862	A0ACI8V7C2
ENSG00000147862	Q5VW26
ENSG00000147862	Q5VW27
ENSG00000147862	Q5VW30
ENSG00000147862	Q5VW31
ENSG00000147862	Q5W0Y9
ENSG00000147862	U3KPY9
ENSG00000147862	U3KQE8
ENSG00000147894	Q96LT7
ENSG00000147894	A0A2R8Y5K2
ENSG00000147894	A0A2R8Y5U5
ENSG00000147894	A0A5F9ZHW7
ENSG00000147894	A0ACI8VFG2
ENSG00000147894	A0ACI8VHB2
ENSG00000148344	O14684
ENSG00000148935	O43903
ENSG00000148935	A0ACI8U4Y8
ENSG00000148935	E9PM28
ENSG00000148935	E9PQ37
ENSG00000148935	E9PQ74
ENSG00000148935	E9PRR5
ENSG00000148985	Q9UHJ9
ENSG00000148985	A0A0A0MS75
ENSG00000148985	A0ACI8PXS2
ENSG00000148985	A0ACI8Q5D4
ENSG00000148985	A0ACI8SVE1
ENSG00000148985	A8MYS5
ENSG00000148985	A8MZF5
ENSG00000148985	E9PKT0
ENSG00000148985	E9PQ19
ENSG00000148985	E9PRZ2
ENSG00000148985	F6R8M9
ENSG00000148985	H0YCQ4
ENSG00000148985	H0YDC6
ENSG00000148985	H0YDJ5
ENSG00000148985	H0YDQ4
ENSG00000148985	H0YEE9
ENSG00000149313	Q9NRN7
ENSG00000149313	A0ACI8RN62
ENSG00000149313	A0ACI8TC77
ENSG00000149313	A0ACI8TD53
ENSG00000149313	E9PLW6
ENSG00000149313	E9PNF3
ENSG00000149480	O94776
ENSG00000149499	Q32P44
ENSG00000149499	A0ACI8PCG7
ENSG00000149499	A0ACI8PCH0
ENSG00000149499	A0ACI8PCQ9
ENSG00000149499	A0ACI8PFZ6
ENSG00000149499	A0ACI8PG71
ENSG00000149499	A0ACI8PJJ3
ENSG00000149499	A0ACI8PQR2
ENSG00000149499	A0ACI8PT15
ENSG00000149499	A0ACI8PYU9
ENSG00000149499	A0ACI8Q0C7
ENSG00000149499	A0ACI8Q7T9
ENSG00000149499	A0ACI8QIZ2
ENSG00000149499	A0ACI8QRM0
ENSG00000149499	A0ACI8R9R2
ENSG00000149499	A0ACI8RJB6
ENSG00000149499	A0ACI8RR13
ENSG00000149499	A0ACI8TI05
ENSG00000149499	A0ACI8TI06
ENSG00000149499	A0ACI8VAE4
ENSG00000149499	A0ACI8VAF5
ENSG00000149499	A0ACI8VAG9
ENSG00000149499	A0ACI8VAH0
ENSG00000149499	A0ACI8VAI1
ENSG00000149499	B7WPE2
ENSG00000149499	C9J6V3
ENSG00000149499	E9PJV5
ENSG00000149499	E9PSB4
ENSG00000149499	G3V195
ENSG00000149499	G3V1D0
ENSG00000149499	H0Y3M3
ENSG00000149499	H7C355
ENSG00000149541	O94766
ENSG00000149541	A0ACI8PX72
ENSG00000149541	A0ACI8UTL1
ENSG00000149541	A0ACI8UTY2
ENSG00000149541	E9PNA1
ENSG00000149541	E9PQ60
ENSG00000149541	G3V150
ENSG00000149557	Q99689
ENSG00000149557	A0ACI8PH34
ENSG00000149557	A0ACI8QG98
ENSG00000149557	A0ACI8QQ85
ENSG00000149557	A0ACI8R2W6
ENSG00000149557	A0ACI8R855
ENSG00000149557	A0ACI8RIR4
ENSG00000149557	A0ACI8RPZ3
ENSG00000149557	A0ACI8RYE0
ENSG00000149557	A0ACI8VB13
ENSG00000149557	A0ACI8VFL6
ENSG00000149557	A0ACI8VFQ3
ENSG00000149557	A0ACI8VGS6
ENSG00000149557	A0ACI8VGV5
ENSG00000149557	A0ACI8VGV7
ENSG00000149557	E9PNH2
ENSG00000149557	J3KTR6
ENSG00000149782	Q01970
ENSG00000149782	A0ACI8Q623
ENSG00000149782	A0ACI8QXP2
ENSG00000149782	A0ACI8RGX7
ENSG00000149782	A0ACI8RJ72
ENSG00000149782	A0ACI8RNI7
ENSG00000149782	A0ACI8S6X4
ENSG00000149782	A0ACI8SAA2
ENSG00000149782	A0ACI8T4I3
ENSG00000149782	A0ACI8T4K6
ENSG00000150455	P58753
ENSG00000150455	A0A8V8TPR1
ENSG00000150455	A0ACI8PZC5
ENSG00000150455	A0ACI8RCP7
ENSG00000150455	F5H2K1
ENSG00000151388	P58397
ENSG00000151388	D6REX0
ENSG00000151632	P52895
ENSG00000151632	A0ACI8PJP8
ENSG00000151632	A0ACI8PV39
ENSG00000151632	A0ACI8R8A5
ENSG00000151632	A0ACI8RMB3
ENSG00000151632	A0ACI8V5Z3
ENSG00000151632	F6Q7U0
ENSG00000151632	S4R3P0
ENSG00000151650	O95231
ENSG00000151650	A0ACI8TG81
ENSG00000151689	P49441
ENSG00000151689	A0A1D5RMQ4
ENSG00000151689	A0ACI8QTW1
ENSG00000151689	A0ACI8RL25
ENSG00000151689	A0ACI8RS86
ENSG00000151689	A0ACI8S945
ENSG00000151689	B8ZZF6
ENSG00000151689	C9J128
ENSG00000151689	C9J173
ENSG00000151689	C9J2N5
ENSG00000151689	C9J2Z6
ENSG00000151689	E7ENF2
ENSG00000151689	E7ET59
ENSG00000151689	E7EUX4
ENSG00000151834	P47869
ENSG00000151834	A0A0A0MTM5
ENSG00000151834	A0ACI8PGC3
ENSG00000151834	A0ACI8V296
ENSG00000151834	D6RAA9
ENSG00000151834	D6RB77
ENSG00000151834	D6RBK9
ENSG00000151834	D6RBL7
ENSG00000151834	D6RCS5
ENSG00000151834	E9PBQ7
ENSG00000151834	G5E9Z6
ENSG00000151834	H0Y9V8
ENSG00000151923	Q01085
ENSG00000151923	A0A087WX93
ENSG00000151923	A0ACI8QSP2
ENSG00000151923	A0ACI8RFH6
ENSG00000151923	A0ACI8SF41
ENSG00000151923	A0ACI8TZ41
ENSG00000151923	A0ACI8TZ93
ENSG00000151923	A0ACI8TZL6
ENSG00000151923	A6NKZ9
ENSG00000151923	E7ETC0
ENSG00000151923	E7ETJ9
ENSG00000152056	Q96PC3
ENSG00000152056	A0A8V8TN69
ENSG00000152056	A0A8V8TN74
ENSG00000152056	A0A8V8TNP8
ENSG00000152056	A0A8V8TPK7
ENSG00000152056	A0A8V8TPZ3
ENSG00000152056	A0ACI8SGU5
ENSG00000152056	B8ZZZ1
ENSG00000152056	C9JZK4
ENSG00000152056	F8W8K9
ENSG00000152056	G5E966
ENSG00000152229	Q9H939
ENSG00000152229	A0ACI8R7U0
ENSG00000152229	A0ACI8RS49
ENSG00000152229	A0ACI8RVY7
ENSG00000152229	A0ACI8S6I5
ENSG00000152229	A0ACI8U876
ENSG00000152422	Q13426
ENSG00000152475	Q96EG3
ENSG00000152518	P47974
ENSG00000152518	A0ACI8TGE4
ENSG00000152518	A0ACI8TGF5
ENSG00000152518	A0ACI8UII8
ENSG00000152977	Q15915
ENSG00000152977	H7C5D8
ENSG00000153283	P40200
ENSG00000153283	A0ACI8PFD4
ENSG00000153283	A0ACI8Q221
ENSG00000153283	A0ACI8QB21
ENSG00000153283	A0ACI8QMK2
ENSG00000153283	A0ACI8QVQ2
ENSG00000153283	A0ACI8RTR3
ENSG00000153283	E9PEJ1
ENSG00000153283	F6RDM0
ENSG00000153283	F8WDV3
ENSG00000153283	H7C4F0
ENSG00000153283	U3KPT0
ENSG00000153303	Q8N878
ENSG00000153303	A0A2R8Y4L9
ENSG00000153303	A0A2R8Y579
ENSG00000153303	A0A2R8Y6M2
ENSG00000153303	A0A2R8Y7X7
ENSG00000153303	D6RB43
ENSG00000153303	H0Y9A3
ENSG00000153339	Q9Y2L5
ENSG00000153339	A0ACI8PIV3
ENSG00000153339	A0ACI8QT25
ENSG00000153339	A0ACI8RAE8
ENSG00000153339	A0ACI8S026
ENSG00000153339	A0ACI8T5Y6
ENSG00000153339	J3KSL8
ENSG00000153339	J3QQJ5
ENSG00000153339	J3QQS5
ENSG00000153339	J3QR00
ENSG00000153339	J3QSA1
ENSG00000153551	Q96FZ5
ENSG00000153551	A0ACI8Q7X2
ENSG00000153551	A0ACI8R4F2
ENSG00000153551	A0ACI8TIJ1
ENSG00000153551	A0ACI8TIS4
ENSG00000153551	F8WDZ3
ENSG00000153551	H0YFU6
ENSG00000153551	H0YGW1
ENSG00000153902	Q8N135
ENSG00000153902	A0ACI8PS39
ENSG00000153902	A0ACI8QG79
ENSG00000153902	A0ACI8S3E7
ENSG00000153902	A8MVC2
ENSG00000153902	K7ENQ0
ENSG00000153914	Q8WXA9
ENSG00000153914	A0A087WY03
ENSG00000153914	A0ACI8Q1J6
ENSG00000153914	A0ACI8RST8
ENSG00000153914	A0ACI8TV19
ENSG00000153914	A0ACI8TV33
ENSG00000153914	A0ACI8TV57
ENSG00000153914	A0ACI8VSX8
ENSG00000153914	A0ACI8VT26
ENSG00000153914	E5RFV3
ENSG00000153914	E5RJ76
ENSG00000153914	E5RK30
ENSG00000153914	H0YC47
ENSG00000154079	Q5VUM1
ENSG00000154719	Q9NYK5
ENSG00000154719	A0ACI8PYX8
ENSG00000154719	A0ACI8S461
ENSG00000154719	A0ACI8T9L7
ENSG00000154719	A0ACI8TAA7
ENSG00000154719	A0ACI8TAF3
ENSG00000154719	A0ACI8TAK9
ENSG00000154719	A0ACI8TAN2
ENSG00000154719	A0ACI8TAT1
ENSG00000154719	A0ACI8TAU7
ENSG00000154719	A0ACI8UG82
ENSG00000154719	A0ACI8UGU6
ENSG00000154719	C9JG87
ENSG00000155011	Q9UBU2
ENSG00000155011	A0ACI8ULB4
ENSG00000155011	D6RCC2
ENSG00000155011	D6RGF1
ENSG00000155313	Q9UHP3
ENSG00000155313	A0ACI8TB30
ENSG00000155313	A0ACI8TB43
ENSG00000155313	A0ACI8TB46
ENSG00000155313	A0ACI8TB87
ENSG00000155313	A0ACI8U5I2
ENSG00000155313	A0ACI8U5K1
ENSG00000155313	A0ACI8U5L0
ENSG00000155313	A0ACI8U5M8
ENSG00000155313	A0ACI8U5P1
ENSG00000155313	A0ACI8U5X5
ENSG00000155313	A0ACI8U7N7
ENSG00000155313	A0ACI8U843
ENSG00000155313	F6ST93
ENSG00000155313	H7C1T8
ENSG00000155313	H7C253
ENSG00000155366	P08134
ENSG00000155366	A0ACI8T1D2
ENSG00000155366	A0ACI8UNN6
ENSG00000155366	E9PLA2
ENSG00000155366	E9PN11
ENSG00000155366	E9PQH6
ENSG00000155366	Q5JR05
ENSG00000155366	Q5JR06
ENSG00000155366	Q5JR07
ENSG00000155366	Q5JR08
ENSG00000156006	P11245
ENSG00000156006	E7EWF9
ENSG00000156096	P06133
ENSG00000156096	A0ACI8PWM5
ENSG00000156096	A0ACI8RSX2
ENSG00000156096	D6RGY0
ENSG00000156097	Q9BZJ8
ENSG00000156097	A0A8I5KY74
ENSG00000156304	O95104
ENSG00000156304	A0ACI8R661
ENSG00000156304	A0ACI8R663
ENSG00000156304	A0ACI8R669
ENSG00000156304	A0ACI8R672
ENSG00000156304	A0ACI8R681
ENSG00000156304	A0ACI8RKC9
ENSG00000156304	A0ACI8RR75
ENSG00000156304	A0ACI8RV57
ENSG00000156304	A0ACI8SCZ4
ENSG00000156304	A0ACI8SFT1
ENSG00000156304	A0ACI8SH13
ENSG00000156304	A0ACI8TNB7
ENSG00000156304	A0ACI8TND3
ENSG00000156304	A0ACI8TNG2
ENSG00000156304	A0ACI8UJU8
ENSG00000156395	Q9UPU3
ENSG00000156395	Q5CAJ2
ENSG00000156427	O76093
ENSG00000156427	A0ACI8VIG4
ENSG00000156689	Q8WU03
ENSG00000156858	Q9BWN1
ENSG00000156858	A0ACI8QBL9
ENSG00000156858	A0ACI8R1D6
ENSG00000156858	A0ACI8TTN3
ENSG00000156858	A0ACI8ULE2
ENSG00000156858	H3BND2
ENSG00000156858	H3BQL8
ENSG00000156976	Q14240
ENSG00000156976	A0ACI8PI13
ENSG00000156976	A0ACI8Q6L1
ENSG00000156976	A0ACI8R5L4
ENSG00000156976	A0ACI8RKP5
ENSG00000156976	A0ACI8TG88
ENSG00000156976	A0ACI8TGH0
ENSG00000156976	A0ACI8TGQ1
ENSG00000156976	A0ACI8TGQ9
ENSG00000156976	A0ACI8TGT0
ENSG00000156976	A0ACI8TGT1
ENSG00000156976	A0ACI8UXF5
ENSG00000156976	A0ACI8UXM5
ENSG00000156976	A0ACI8V1C3
ENSG00000156976	C9JUF0
ENSG00000156976	E7EMV8
ENSG00000156976	E7EQG2
ENSG00000156976	E9PBH4
ENSG00000156976	F8WE11
ENSG00000156976	J3KSN7
ENSG00000156983	P55201
ENSG00000156983	A0A5F9ZH11
ENSG00000156983	A0A5F9ZHW9
ENSG00000156983	A0A5F9ZHX4
ENSG00000156983	A0A804HHW3
ENSG00000156983	A0A804HI52
ENSG00000156983	A0A804HIN1
ENSG00000156983	A0A804HJV3
ENSG00000156983	A0A804HKK9
ENSG00000156983	A0A804HKU6
ENSG00000156983	A0A804HKY8
ENSG00000156983	A0A804HL48
ENSG00000156983	A0A804HL99
ENSG00000156983	A0A8C8KWW5
ENSG00000156983	A0A8C8L8G4
ENSG00000156983	A0ACI8Q3J7
ENSG00000156983	A0ACI8SYM8
ENSG00000156983	A0ACI8SYW5
ENSG00000156983	A0ACI8SYY2
ENSG00000156983	A0ACI8SYY9
ENSG00000156983	A0ACI8SZ00
ENSG00000156983	A0ACI8SZ04
ENSG00000156983	C9JHC0
ENSG00000157017	Q9UBU3
ENSG00000157017	E7ESW0
ENSG00000157017	F6SA48
ENSG00000157103	P30531
ENSG00000157103	A0A2R8Y3X2
ENSG00000157103	A0A2R8Y495
ENSG00000157103	A0A2R8Y4I3
ENSG00000157103	A0A2R8Y6J7
ENSG00000157103	A0A2R8Y867
ENSG00000157103	A0A2R8YCM3
ENSG00000157103	A0A2R8YDD5
ENSG00000157103	A0A2R8YEF0
ENSG00000157103	A0A2R8YF74
ENSG00000157103	A0A2R8YFI0
ENSG00000157103	A0A8V8TMZ9
ENSG00000157103	C9J5P8
ENSG00000157335	Q8NCF0
ENSG00000157335	A0ACI8PE79
ENSG00000157335	F5H550
ENSG00000157335	H3BSF2
ENSG00000157335	H3BUD1
ENSG00000157978	Q5SW96
ENSG00000157978	A0ABB0MVA8
ENSG00000157978	A0ABB0MVB1
ENSG00000157978	A0ABB0MVB7
ENSG00000157978	A0ACI8R1B8
ENSG00000157978	A0ACI8RQT4
ENSG00000157978	A0ACI8RT36
ENSG00000157978	A0ACI8SBF2
ENSG00000157978	A0ACI8SR20
ENSG00000157978	A0ACI8V772
ENSG00000158089	Q96FL9
ENSG00000158089	A0ACI8RLE3
ENSG00000158089	A0ACI8RNT7
ENSG00000158089	A0ACI8S9B3
ENSG00000158089	A0ACI8THZ9
ENSG00000158089	A0ACI8TI62
ENSG00000158089	H7C168
ENSG00000158089	H7C1E3
ENSG00000158089	J3KQQ5
ENSG00000158321	Q8WXX7
ENSG00000158321	A0A024RDL5
ENSG00000158321	A0A087WVB5
ENSG00000158321	A0A2R8Y516
ENSG00000158321	A0A2R8Y522
ENSG00000158321	A0A2R8Y568
ENSG00000158321	A0A2R8Y6Q9
ENSG00000158321	A0A2R8Y8C6
ENSG00000158321	A0A2R8YEX6
ENSG00000158321	A0A590UJA2
ENSG00000158321	A0A590UJP3
ENSG00000158321	A0A590UK55
ENSG00000158321	A0A590UKA2
ENSG00000158321	A0A8V8TPM5
ENSG00000158321	H7C090
ENSG00000158321	H7C1G5
ENSG00000158321	H7C2P0
ENSG00000158321	Q75MD7
ENSG00000158417	O60841
ENSG00000158417	A0ACI8PDC1
ENSG00000158417	A0ACI8RFT9
ENSG00000158417	A0ACI8TJ01
ENSG00000158417	A0ACI8TJ54
ENSG00000158417	A0ACI8VKY2
ENSG00000158545	Q86VM9
ENSG00000158545	A0ACI8QU51
ENSG00000158545	A0ACI8RT37
ENSG00000158545	A0ACI8THD5
ENSG00000158545	A0ACI8THE9
ENSG00000158545	A0ACI8VED7
ENSG00000158545	A0ACI8VEH7
ENSG00000158545	E7ERS3
ENSG00000158545	H3BP01
ENSG00000158545	H3BPD0
ENSG00000158545	H3BRH3
ENSG00000158545	H3BRN6
ENSG00000158604	Q7Z7H5
ENSG00000158604	A0ACI8UFF2
ENSG00000158604	F8W7F7
ENSG00000158764	Q8WWU7
ENSG00000158764	A0ACI8TSY8
ENSG00000158825	P32320
ENSG00000158825	A0ACI8QZJ7
ENSG00000158825	A0ACI8RRT5
ENSG00000158825	A0ACI8S3K6
ENSG00000158825	A0ACI8STQ3
ENSG00000158825	A0ACI8SU29
ENSG00000158856	Q08495
ENSG00000158856	A0A087WT94
ENSG00000158856	A0A087WUC0
ENSG00000158856	A0A979HLS0
ENSG00000158856	E5RFK4
ENSG00000158856	E5RFK6
ENSG00000158856	E5RGQ0
ENSG00000158856	E5RGQ7
ENSG00000158856	E5RJ61
ENSG00000158856	E5RJC0
ENSG00000159197	Q9Y6J6
ENSG00000159588	Q96LX7
ENSG00000159588	A0ACI8PHR4
ENSG00000159588	A0ACI8PSW1
ENSG00000159588	A0ACI8R552
ENSG00000159588	A0ACI8RKC4
ENSG00000159588	F2Z395
ENSG00000159588	F8W7G4
ENSG00000160191	O76083
ENSG00000160191	A0ACI8QC20
ENSG00000160191	A0ACI8QC40
ENSG00000160191	A0ACI8QC41
ENSG00000160191	A0ACI8QE15
ENSG00000160191	A0ACI8QG50
ENSG00000160191	A0ACI8R4F1
ENSG00000160191	A0ACI8RBQ1
ENSG00000160191	A0ACI8RSL5
ENSG00000160191	A0ACI8S427
ENSG00000160191	A0ACI8S8W4
ENSG00000160191	A0ACI8SC34
ENSG00000160191	A0ACI8TWI7
ENSG00000160191	A0ACI8TWN8
ENSG00000160191	A0ACI8TY26
ENSG00000160191	A0ACI8TYB8
ENSG00000160191	A0ACI8TYT0
ENSG00000160191	A0ACI8TZ18
ENSG00000160191	A0ACI8TZ98
ENSG00000160191	A0ACI8TZB8
ENSG00000160271	Q12967
ENSG00000160271	A0A2R8YE90
ENSG00000160271	A0A2R8YEX4
ENSG00000160271	A0ACI8QE97
ENSG00000160271	A0ACI8QEA0
ENSG00000160271	A0ACI8QG75
ENSG00000160271	A0ACI8QI33
ENSG00000160271	A0ACI8R6U3
ENSG00000160271	A0ACI8S569
ENSG00000160271	A0ACI8S9Q3
ENSG00000160271	A0ACI8SCQ5
ENSG00000160271	A0ACI8V4V8
ENSG00000160271	A0ACI8V5F8
ENSG00000160271	A0ACI8V848
ENSG00000160271	A0ACI8V894
ENSG00000160271	Q5T7U6
ENSG00000160446	Q96GR4
ENSG00000160446	A0ACI8P9S1
ENSG00000160446	A0ACI8PCQ7
ENSG00000160446	A0ACI8PD60
ENSG00000160446	A0ACI8PGH1
ENSG00000160446	A0ACI8R4N1
ENSG00000160446	A0ACI8TVU3
ENSG00000160446	A0ACI8TWB9
ENSG00000160446	A0ACI8TWC4
ENSG00000160446	A0ACI8V0J4
ENSG00000160446	Q5T266
ENSG00000160446	Q5T269
ENSG00000160446	X6RBN4
ENSG00000160808	P08590
ENSG00000160808	A0AAQ5BH63
ENSG00000160808	A0ACI8PWV0
ENSG00000160808	A0ACI8QC06
ENSG00000160808	A0ACI8RT40
ENSG00000160808	A0ACI8S086
ENSG00000160808	A0ACI8V209
ENSG00000160808	A0ACI8V2H5
ENSG00000160808	A0ACI8V3Z5
ENSG00000160808	A0ACI8V3Z8
ENSG00000160808	A0ACI8V454
ENSG00000160808	E9PGV7
ENSG00000160959	Q15048
ENSG00000160959	E9PNL0
ENSG00000160959	E9PP40
ENSG00000160959	E9PRP5
ENSG00000161204	Q9NUQ8
ENSG00000161204	A0ACI8PS85
ENSG00000161204	A0ACI8Q997
ENSG00000161204	A0ACI8QGM3
ENSG00000161204	A0ACI8RYJ3
ENSG00000161204	A0ACI8U210
ENSG00000161204	A0ACI8U231
ENSG00000161204	A0ACI8VMH2
ENSG00000161204	A0ACI8VMH8
ENSG00000161204	A0ACI8VMI5
ENSG00000161204	F8WCU6
ENSG00000161381	Q8IUK5
ENSG00000161381	A0ACI8PZC9
ENSG00000161381	A0ACI8S9G8
ENSG00000161381	A0ACI8V4N7
ENSG00000161381	A0ACI8V4P4
ENSG00000161381	C9JCL2
ENSG00000161381	C9JWQ3
ENSG00000161381	F6QXJ1
ENSG00000161381	J3KS04
ENSG00000161381	J3QR40
ENSG00000161381	J3QRR7
ENSG00000161405	Q9UKT9
ENSG00000161405	A0A0C4DGN9
ENSG00000161544	Q8WWM9
ENSG00000161544	K7EIM9
ENSG00000161544	K7EMC7
ENSG00000162076	Q96CP2
ENSG00000162076	A0ACI8QSH0
ENSG00000162076	A0ACI8T4Q5
ENSG00000162076	A0ACI8U9L7
ENSG00000162076	I3L1Y9
ENSG00000162076	I3L4I0
ENSG00000162078	Q96DA0
ENSG00000162078	A0A0C4DGN4
ENSG00000162078	I3L1H9
ENSG00000162078	I3L3X0
ENSG00000162236	Q13190
ENSG00000162236	A0ACI8R160
ENSG00000162236	A0ACI8SJT8
ENSG00000162236	E9PNU4
ENSG00000162236	E9PP18
ENSG00000162236	E9PRW9
ENSG00000162236	H7C3X5
ENSG00000162396	Q7L3T8
ENSG00000162711	A0A2R8YEG7
ENSG00000162711	A0A7I2PJH0
ENSG00000162711	A0A7I2PMC6
ENSG00000162711	A0A7I2PRX0
ENSG00000162711	A0A7I2R3P8
ENSG00000162711	A0A7I2UNQ2
ENSG00000162711	A0A7I2YME5
ENSG00000162711	A0ACI8V1A5
ENSG00000162755	Q8NEP7
ENSG00000162755	A0ACI8PIV0
ENSG00000162755	A0ACI8SWD9
ENSG00000162927	Q3MIT2
ENSG00000162927	A0ACI8QV49
ENSG00000162927	A0ACI8RIY9
ENSG00000162927	A0ACI8VM48
ENSG00000162927	A0ACI8VM52
ENSG00000162927	A8MUL8
ENSG00000162927	C9JNL8
ENSG00000162949	Q6MZZ7
ENSG00000162949	A0ACI8UHA2
ENSG00000162949	A0ACI8UHB8
ENSG00000162949	A0ACI8UHD2
ENSG00000162949	F5GYA7
ENSG00000162949	H7C1Z4
ENSG00000163071	Q8TC71
ENSG00000163071	A0ACI8P896
ENSG00000163071	A0ACI8PGA4
ENSG00000163071	A0ACI8Q2B9
ENSG00000163071	A0ACI8QA31
ENSG00000163071	A0ACI8QRV3
ENSG00000163071	A0ACI8RCY3
ENSG00000163071	A0ACI8RMX5
ENSG00000163071	A0ACI8TF98
ENSG00000163071	A0ACI8TFD8
ENSG00000163071	A0ACI8UXD4
ENSG00000163071	A0ACI8UXK8
ENSG00000163071	D6RGI2
ENSG00000163071	E7EVV3
ENSG00000163106	O60760
ENSG00000163106	A0ACI8UD11
ENSG00000163348	Q9BRQ0
ENSG00000163348	Q5T171
ENSG00000163393	Q8IZD6
ENSG00000163393	A0ACI8RTR0
ENSG00000163393	A0ACI8T126
ENSG00000163393	A0ACI8VJ29
ENSG00000163431	P29536
ENSG00000163431	A0ACI8RTS3
ENSG00000163596	Q8NDH6
ENSG00000163596	A0ACI8R7U9
ENSG00000163596	A0ACI8SDC7
ENSG00000163596	A0ACI8U9B5
ENSG00000163596	A0ACI8U9H5
ENSG00000163596	C9J0T2
ENSG00000163596	C9J101
ENSG00000163596	C9J1M7
ENSG00000163596	C9J5Z0
ENSG00000163596	C9J9Z8
ENSG00000163596	C9JAQ4
ENSG00000163596	C9JDK6
ENSG00000163596	C9JDM8
ENSG00000163596	C9JEN4
ENSG00000163596	C9JEP0
ENSG00000163596	C9JP49
ENSG00000163596	C9JRB6
ENSG00000163596	F8WBQ1
ENSG00000163600	Q9Y6W8
ENSG00000163600	A0ACI8QMD0
ENSG00000163762	Q96CE8
ENSG00000163762	A0ACI8RAE6
ENSG00000163762	C9J6Q4
ENSG00000163848	Q9UQR1
ENSG00000163848	A0ACI8RJX2
ENSG00000163848	A0ACI8V5H0
ENSG00000163848	A0ACI8V5T8
ENSG00000163848	A0ACI8V5Z7
ENSG00000163848	C9J6Y6
ENSG00000163848	C9JRX0
ENSG00000163848	C9K0U4
ENSG00000163848	G5E9X2
ENSG00000164096	Q8WVX3
ENSG00000164124	Q7Z5S9
ENSG00000164124	A0A1D5RMR6
ENSG00000164124	A0ACI8R5Y5
ENSG00000164124	A0ACI8R5Y9
ENSG00000164124	A0ACI8R5Z0
ENSG00000164124	A0ACI8R600
ENSG00000164124	A0ACI8RR21
ENSG00000164124	A0ACI8SCY0
ENSG00000164124	A0ACI8SFR8
ENSG00000164124	A0ACI8SH04
ENSG00000164124	D6R9I0
ENSG00000164124	D6R9U5
ENSG00000164124	D6RAX5
ENSG00000164124	D6RCA2
ENSG00000164124	D6RDF9
ENSG00000164124	D6RDI4
ENSG00000164124	D6RDN8
ENSG00000164124	D6RIX5
ENSG00000164253	Q9HAD4
ENSG00000164253	A0ACI8PFG8
ENSG00000164253	A0ACI8PTV7
ENSG00000164253	A0ACI8QB94
ENSG00000164253	A0ACI8QVW1
ENSG00000164253	A0ACI8SL00
ENSG00000164253	A0ACI8SLA8
ENSG00000164253	A0ACI8UXN3
ENSG00000164253	A0ACI8UXZ7
ENSG00000164253	A0ACI8UZB9
ENSG00000164253	D6R9E7
ENSG00000164253	D6R9M1
ENSG00000164253	D6RA22
ENSG00000164253	D6RB94
ENSG00000164253	D6RBY6
ENSG00000164253	D6RE66
ENSG00000164253	D6RGW4
ENSG00000164253	D6RH33
ENSG00000164253	D6RIX6
ENSG00000164253	D6RJA5
ENSG00000164253	F6QNT2
ENSG00000164253	F6X334
ENSG00000164253	H0Y9Z3
ENSG00000164253	H0YAA3
ENSG00000164253	H0YAI6
ENSG00000164332	Q8WVY7
ENSG00000164332	A0ACI8PRL4
ENSG00000164332	A0ACI8R4X7
ENSG00000164332	A0ACI8RJB2
ENSG00000164332	A0ACI8S5L8
ENSG00000164332	A0ACI8T744
ENSG00000164867	P29474
ENSG00000164867	A0ACI8U7M6
ENSG00000164867	A0ACI8U7S4
ENSG00000164867	E7ESA7
ENSG00000164867	H7C4V4
ENSG00000164978	P50583
ENSG00000165197	O43915
ENSG00000165197	A0ACI8ULB7
ENSG00000165269	O14520
ENSG00000165269	A0A096LNK2
ENSG00000165269	A0A096LNN5
ENSG00000165269	A0A096LNU3
ENSG00000165269	A0A096LNV7
ENSG00000165269	A0A096LP09
ENSG00000165269	A0A096LP23
ENSG00000165269	A0A096LP64
ENSG00000165269	A0ACI8QP47
ENSG00000165269	A0ACI8RKN8
ENSG00000165269	A0ACI8VEN6
ENSG00000165269	A0ACI8VEP1
ENSG00000165269	F6RZE9
ENSG00000165269	Q5T5L3
ENSG00000165269	Q5T5M0
ENSG00000165269	Q5T5M1
ENSG00000165283	Q9UJZ1
ENSG00000165283	A0A087WYB4
ENSG00000165283	A0ACI8Q5E8
ENSG00000165283	A0ACI8R1V3
ENSG00000165283	A0ACI8U2U5
ENSG00000165283	A0ACI8U2X6
ENSG00000165283	A0ACI8U3U0
ENSG00000165283	A0ACI8U4F9
ENSG00000165283	A0ACI8U4V2
ENSG00000165283	A0ACI8U4W2
ENSG00000165283	A0ACI8U4W4
ENSG00000165283	A0ACI8U514
ENSG00000165283	A0ACI8U531
ENSG00000165283	A0ACI8U580
ENSG00000165283	F2Z2I8
ENSG00000165496	Q96L21
ENSG00000165704	P00492
ENSG00000165704	A0ACI8Q3Q3
ENSG00000165704	A0ACI8Q8M4
ENSG00000165704	A0ACI8STD3
ENSG00000165704	A0ACI8STH5
ENSG00000165704	A0ACI8VJ97
ENSG00000165704	A0ACI8VJF3
ENSG00000165704	A0ACI8VJH5
ENSG00000165795	Q9UN36
ENSG00000165795	A0A0U1RR50
ENSG00000165795	A0ACI8PUA1
ENSG00000165795	A0ACI8PUF0
ENSG00000165795	A0ACI8QBJ3
ENSG00000165795	A0ACI8QIW5
ENSG00000165795	A0ACI8R8N0
ENSG00000165795	A0ACI8RLY4
ENSG00000165795	A0ACI8RVP5
ENSG00000165795	A0ACI8RZX9
ENSG00000165795	A0ACI8STE5
ENSG00000165795	A0ACI8UIL9
ENSG00000165795	A0ACI8UIU2
ENSG00000165795	A0ACI8UKR8
ENSG00000165795	A0ACI8UKW6
ENSG00000165795	A0ACI8ULD5
ENSG00000165795	A0ACI8UMR7
ENSG00000165795	A0ACI8UMT0
ENSG00000165795	G3V237
ENSG00000165795	G3V239
ENSG00000165795	G3V271
ENSG00000165795	G3V280
ENSG00000165795	G3V285
ENSG00000165795	G3V2A6
ENSG00000165795	G3V2I9
ENSG00000165795	G3V2S0
ENSG00000165795	G3V2T2
ENSG00000165795	G3V2Y3
ENSG00000165795	G3V358
ENSG00000165795	G3V383
ENSG00000165795	G3V392
ENSG00000165795	G3V3C3
ENSG00000165795	G3V3D5
ENSG00000165795	G3V3L1
ENSG00000165795	G3V3P1
ENSG00000165795	G3V3P6
ENSG00000165795	G3V3X2
ENSG00000165795	G3V3X3
ENSG00000165795	G3V420
ENSG00000165795	G3V4S2
ENSG00000165795	G3V4S9
ENSG00000165795	G3V4T9
ENSG00000165795	G3V4X3
ENSG00000165795	G3V552
ENSG00000165795	G3V578
ENSG00000165795	G3V5A6
ENSG00000165795	G3V5B5
ENSG00000165795	G3V5B7
ENSG00000165795	G3V5D7
ENSG00000165795	G3V5G0
ENSG00000165795	G3V5G7
ENSG00000165795	G3V5H8
ENSG00000165795	G3V5L7
ENSG00000165795	G3V5P9
ENSG00000165795	G3V5S0
ENSG00000165795	G3V5V9
ENSG00000165795	H0YJ56
ENSG00000165795	H0YJT9
ENSG00000165795	H7C0X0
ENSG00000165821	Q9Y467
ENSG00000165821	A0A087X1T9
ENSG00000165821	A0A0B4J2F7
ENSG00000165821	E7EW59
ENSG00000165821	F5H1G6
ENSG00000165821	F5H433
ENSG00000165821	H0YFS7
ENSG00000166133	Q8IZ73
ENSG00000166133	A0A087WXE2
ENSG00000166133	A0ACI8QV25
ENSG00000166133	A0ACI8RLV8
ENSG00000166133	A0ACI8SW67
ENSG00000166136	O95169
ENSG00000166136	A0ACI8QI19
ENSG00000166136	A0ACI8RA18
ENSG00000166136	A0ACI8RGI6
ENSG00000166136	A0ACI8TXW8
ENSG00000166136	A0ACI8TZA1
ENSG00000166136	A0ACI8U4E8
ENSG00000166136	A0ACI8U4G9
ENSG00000166136	E9PIZ8
ENSG00000166140	Q96K21
ENSG00000166140	H3BN64
ENSG00000166140	H3BP54
ENSG00000166140	H3BRF9
ENSG00000166140	H3BRM1
ENSG00000166140	H3BS07
ENSG00000166140	H3BSF5
ENSG00000166140	H3BUW6
ENSG00000166140	H3BVF5
ENSG00000166147	P35555
ENSG00000166147	A0A6I8PL22
ENSG00000166147	F6U495
ENSG00000166147	H0YN80
ENSG00000166147	H0YND0
ENSG00000166165	P12277
ENSG00000166165	A0A8I5KRX7
ENSG00000166165	A0ACI8PQQ3
ENSG00000166165	A0ACI8QEN0
ENSG00000166165	A0ACI8UZJ4
ENSG00000166165	A0ACI8UZK6
ENSG00000166165	G3V2I1
ENSG00000166165	G3V461
ENSG00000166165	G3V4N7
ENSG00000166165	H0YJG0
ENSG00000166165	H0YJJ7
ENSG00000166165	H0YJK0
ENSG00000166246	Q8IYS4
ENSG00000166246	A0A087WT50
ENSG00000166246	K7ENX3
ENSG00000166246	K7EPW6
ENSG00000166405	Q7Z5B4
ENSG00000166405	E9PK46
ENSG00000166405	E9PKX8
ENSG00000166405	E9PNI0
ENSG00000166847	Q9BTE1
ENSG00000166847	A0ACI8PT78
ENSG00000166847	A0ACI8SJB8
ENSG00000166847	H3BR94
ENSG00000166847	H3BS05
ENSG00000166847	H3BUD2
ENSG00000166847	I3L0U8
ENSG00000166974	Q15555
ENSG00000166974	A0ACI8T3W6
ENSG00000166974	A0ACI8T420
ENSG00000166974	A0ACI8U6K7
ENSG00000166974	A0ACI8U6L4
ENSG00000166974	K7EL66
ENSG00000166974	K7ENB3
ENSG00000166974	K7ERD8
ENSG00000166974	M0QX52
ENSG00000167513	Q9H211
ENSG00000167513	A0ACI8THV7
ENSG00000167513	H3BSY1
ENSG00000167771	Q8IZ40
ENSG00000167771	A0ACI8RQY3
ENSG00000167771	A0ACI8SUU1
ENSG00000167771	A0ACI8SUX8
ENSG00000167995	O76090
ENSG00000167995	A0A0C4DGE9
ENSG00000167995	E9PMB5
ENSG00000167995	F6SS56
ENSG00000167996	P02794
ENSG00000167996	A0ACI8R4N0
ENSG00000167996	A0ACI8RSQ0
ENSG00000167996	A0ACI8RY10
ENSG00000167996	A0ACI8SCA2
ENSG00000167996	E9PK45
ENSG00000167996	E9PKM5
ENSG00000167996	E9PKY7
ENSG00000167996	E9PPQ4
ENSG00000167996	E9PQR3
ENSG00000167996	E9PRK8
ENSG00000167996	G3V192
ENSG00000167996	G3V1D1
ENSG00000168040	Q13158
ENSG00000168040	A0ACI8TP51
ENSG00000168067	Q12851
ENSG00000168067	A0ACI8QKW7
ENSG00000168067	A0ACI8QNU5
ENSG00000168067	A0ACI8T8B5
ENSG00000168067	A0ACI8T8H1
ENSG00000168067	A0ACI8UA50
ENSG00000168067	A0ACI8UCH5
ENSG00000168067	A0ACI8UCV1
ENSG00000168067	C9JCU6
ENSG00000168067	F2Z2B3
ENSG00000168067	F8WCP4
ENSG00000168067	H7C208
ENSG00000168216	Q9NUN5
ENSG00000168216	A0A3B3IRL1
ENSG00000168216	A0A3B3IRN0
ENSG00000168216	A0A3B3IRS7
ENSG00000168216	A0A3B3IS10
ENSG00000168216	A0A3B3IS99
ENSG00000168216	A0A3B3IT31
ENSG00000168216	A0A3B3IT65
ENSG00000168216	A0A3B3ITM4
ENSG00000168216	A0A3B3ITP2
ENSG00000168216	A0A3B3ITR7
ENSG00000168216	A0A3B3IU68
ENSG00000168216	A0A3B3IU91
ENSG00000168216	A0A3B3IU99
ENSG00000168216	A0A3F2YP66
ENSG00000168216	A0A494C126
ENSG00000168216	A0ACI8PT19
ENSG00000168216	A0ACI8PYT0
ENSG00000168216	A0ACI8QHD6
ENSG00000168216	A0ACI8QS72
ENSG00000168216	A0ACI8S424
ENSG00000168216	A0ACI8TRP8
ENSG00000168259	Q99615
ENSG00000168259	A0A6I8PIK4
ENSG00000168259	A0A6I8PLE7
ENSG00000168259	A0A6I8PR89
ENSG00000168259	A0A6I8PR93
ENSG00000168259	A0A6I8PRZ0
ENSG00000168259	A0A6I8PS32
ENSG00000168259	A0A6I8PU73
ENSG00000168259	A0A6I8PU89
ENSG00000168259	A0A6I8PUC2
ENSG00000168259	A0A6I8PUD4
ENSG00000168259	A0ACI8QYD0
ENSG00000168259	A0ACI8QZ63
ENSG00000168259	A0ACI8SGD3
ENSG00000168259	A0ACI8VN16
ENSG00000168259	K7EIH8
ENSG00000168259	K7EJE9
ENSG00000168259	K7EJL5
ENSG00000168259	K7EJV7
ENSG00000168259	K7EK03
ENSG00000168259	K7ELJ8
ENSG00000168259	K7EN19
ENSG00000168259	K7ENB7
ENSG00000168259	K7EPP7
ENSG00000168259	K7EQ73
ENSG00000168259	K7ER44
ENSG00000168259	K7ESP1
ENSG00000168291	P11177
ENSG00000168291	A0ACI8R6U8
ENSG00000168291	A0ACI8R6V2
ENSG00000168291	A0ACI8RJW2
ENSG00000168291	A0ACI8RRK7
ENSG00000168291	A0ACI8RVH4
ENSG00000168291	A0ACI8S669
ENSG00000168291	A0ACI8SH32
ENSG00000168291	A0ACI8V6N5
ENSG00000168291	A0ACI8VAW5
ENSG00000168291	C9J634
ENSG00000168291	F8WF02
ENSG00000168314	Q13875
ENSG00000168314	A0ACI8P8Y1
ENSG00000168314	C9JAR7
ENSG00000168314	C9JLT8
ENSG00000168530	P05976
ENSG00000168530	A0ACI8V319
ENSG00000168824	P42857
ENSG00000168824	A0ACI8RL36
ENSG00000168824	A0ACI8VEV7
ENSG00000168843	Q8N475
ENSG00000168843	A0ACI8R3V8
ENSG00000168917	Q8TBE7
ENSG00000168952	Q8NFX7
ENSG00000168952	A0ACI8QIR5
ENSG00000168952	A0ACI8RCH1
ENSG00000168952	F8VZZ2
ENSG00000168993	O14810
ENSG00000168993	D6RAG3
ENSG00000168993	D6RI11
ENSG00000169087	Q96EW2
ENSG00000169087	A0ACI8PV35
ENSG00000169087	A0ACI8Q0R8
ENSG00000169087	A0ACI8QJT2
ENSG00000169087	A0ACI8S584
ENSG00000169087	A0ACI8TUU8
ENSG00000169087	A0ACI8TUX2
ENSG00000169087	A0ACI8TUZ1
ENSG00000169087	A0ACI8TUZ7
ENSG00000169087	A0ACI8VLP9
ENSG00000169155	O43298
ENSG00000169155	Q5JU97
ENSG00000169213	P20337
ENSG00000169231	P49746
ENSG00000169231	A0ACI8R6Q2
ENSG00000169231	A0ACI8RTB6
ENSG00000169231	A0ACI8S5W3
ENSG00000169231	A0ACI8S6M5
ENSG00000169231	A0ACI8V7B7
ENSG00000169231	A0ACI8V7C9
ENSG00000169231	A0ACI8V911
ENSG00000169231	F5H4Z8
ENSG00000169231	F6X1I5
ENSG00000169231	I3L0G5
ENSG00000169248	O14625
ENSG00000169291	Q5VZ18
ENSG00000169291	A0ACI8V332
ENSG00000169291	A0ACI8V334
ENSG00000169291	H0YJQ6
ENSG00000169291	H0YJR4
ENSG00000169314	Q8WYQ4
ENSG00000169314	A0ACI8PXP8
ENSG00000169314	A0ACI8S0S5
ENSG00000169314	A0ACI8TRJ4
ENSG00000169314	A0ACI8TRJ7
ENSG00000169314	A0ACI8TRL1
ENSG00000169314	A0ACI8TRW1
ENSG00000169314	A0ACI8TS02
ENSG00000169314	A0ACI8UW59
ENSG00000169314	F8W7S3
ENSG00000169495	P83105
ENSG00000169554	O60315
ENSG00000169554	A0A0D9SF71
ENSG00000169554	A0A0D9SF74
ENSG00000169554	A0A0D9SG93
ENSG00000169554	A0A0D9SGG5
ENSG00000169554	A0A0R4J2E3
ENSG00000169554	A0A1B0GTH3
ENSG00000169554	A0A1B0GUM8
ENSG00000169554	A0A1B0GV02
ENSG00000169554	A0A1B0GVV8
ENSG00000169554	A0A1B0GW50
ENSG00000169554	A0A1B0GWA7
ENSG00000169554	A0A1W2PS25
ENSG00000169554	A0A1X7SC99
ENSG00000169554	A0A2R8YDQ8
ENSG00000169554	A0A6Q8PH34
ENSG00000169554	A0A8I5KV18
ENSG00000169554	C9JU62
ENSG00000169554	C9JUQ1
ENSG00000169554	E7ESP8
ENSG00000169554	E7EUW9
ENSG00000169554	E7EVG9
ENSG00000169554	H7C0G0
ENSG00000169554	U3KPV5
ENSG00000169554	U3KPX6
ENSG00000169554	U3KQ33
ENSG00000169554	U3KQ51
ENSG00000169635	Q96JB3
ENSG00000169826	Q8N6G5
ENSG00000169826	A0ACI8R5K4
ENSG00000169826	A0ACI8RQS5
ENSG00000169826	A0ACI8U7B3
ENSG00000169862	Q9UQB3
ENSG00000169862	A0A994J5I1
ENSG00000169862	A0A994J5V2
ENSG00000169862	A0A994J833
ENSG00000169862	A0ACI8T7S6
ENSG00000169862	A0ACI8UWK3
ENSG00000169862	D6RBA8
ENSG00000169862	D6RC65
ENSG00000169862	D6RF55
ENSG00000169862	D6RHE9
ENSG00000169862	E7EPC8
ENSG00000169862	E9PHB5
ENSG00000169862	F6TPV3
ENSG00000169903	P48230
ENSG00000169903	A0ACI8Q695
ENSG00000169903	C9JVD2
ENSG00000169989	Q8IY51
ENSG00000170153	Q9ULK6
ENSG00000170153	D6RIE5
ENSG00000170323	P15090
ENSG00000170323	A0ACI8UX73
ENSG00000170323	A0ACI8UX96
ENSG00000170323	A0ACI8UXE6
ENSG00000170323	A0ACI8V135
ENSG00000170323	E5RIR0
ENSG00000170848	Q00889
ENSG00000170848	B5MCE1
ENSG00000170848	M0QXW0
ENSG00000170848	M0QZA7
ENSG00000170848	M0R314
ENSG00000170860	P62310
ENSG00000170860	A0ACI8RCN8
ENSG00000170860	A0ACI8RXU8
ENSG00000171097	Q16773
ENSG00000171097	A0ACI8QKD0
ENSG00000171097	A0ACI8QKG9
ENSG00000171097	A0ACI8VA67
ENSG00000171097	A0ACI8VA92
ENSG00000171097	A0ACI8VDF5
ENSG00000171097	A0ACI8VEA2
ENSG00000171097	J3KQH8
ENSG00000171097	Q5T276
ENSG00000171097	Q5T277
ENSG00000171097	Q5T278
ENSG00000171133	Q8NGT1
ENSG00000171133	A0A494BX18
ENSG00000171180	Q96R27
ENSG00000171195	Q8TAX7
ENSG00000171195	D6RHX1
ENSG00000171204	Q8IUX1
ENSG00000171204	E9PJQ6
ENSG00000171204	E9PKZ7
ENSG00000171204	E9PKZ9
ENSG00000171204	H0YD74
ENSG00000171204	H0YEG5
ENSG00000171224	Q96D05
ENSG00000171224	Q5VVH9
ENSG00000171295	Q8IYI8
ENSG00000171295	C9J3D9
ENSG00000171295	C9JG89
ENSG00000171295	C9JV94
ENSG00000171295	K7EJ55
ENSG00000171360	O76015
ENSG00000171401	P13646
ENSG00000171401	A0ACI8VL52
ENSG00000171401	K7EMD9
ENSG00000171401	K7EMJ2
ENSG00000171401	K7EQH6
ENSG00000171401	K7ERE3
ENSG00000171402	Q8WTP9
ENSG00000171522	P35408
ENSG00000171522	A0ACI8VDY2
ENSG00000171564	P02675
ENSG00000171564	A0ACI8R0S8
ENSG00000171564	A0ACI8RA68
ENSG00000171564	A0ACI8RFX0
ENSG00000171564	A0ACI8RJE9
ENSG00000171564	A0ACI8RVZ9
ENSG00000171564	A0ACI8S7E7
ENSG00000171564	A0ACI8S821
ENSG00000171564	A0ACI8SD32
ENSG00000171564	A0ACI8SGZ4
ENSG00000171564	D6REL8
ENSG00000171564	F8W6P4
ENSG00000171631	Q15077
ENSG00000171631	A0A7P0TA46
ENSG00000171631	F5GX90
ENSG00000171631	F5GYF3
ENSG00000171631	F5H7H9
ENSG00000171772	Q8N0S2
ENSG00000171772	A0A0A0MT28
ENSG00000171772	A0A0B4J1R9
ENSG00000171772	A0ACI8PFZ8
ENSG00000171772	A0ACI8PUJ9
ENSG00000171772	A0ACI8QBZ6
ENSG00000171772	A0ACI8QNK6
ENSG00000171772	A0ACI8QWL3
ENSG00000171819	O43827
ENSG00000171824	Q01780
ENSG00000171824	A0ACI8PLP7
ENSG00000171824	A0ACI8QJD6
ENSG00000171824	A0ACI8R524
ENSG00000171824	A0ACI8T1X0
ENSG00000171824	A0ACI8T1X1
ENSG00000171824	A0ACI8T1X4
ENSG00000171824	A0ACI8T1Y6
ENSG00000171824	A0ACI8T200
ENSG00000171824	A0ACI8T216
ENSG00000171824	A0ACI8T221
ENSG00000171824	A0ACI8VLP7
ENSG00000171824	A0ACI8VLR3
ENSG00000171824	A0ACI8VLR7
ENSG00000171824	A0ACI8VLZ4
ENSG00000171824	K7EJ37
ENSG00000171962	Q9H069
ENSG00000171962	A0ACI8Q8A6
ENSG00000171962	A0ACI8R8Q8
ENSG00000171962	A0ACI8RIJ1
ENSG00000171962	A0ACI8RL16
ENSG00000171962	A0ACI8UGF2
ENSG00000171962	A0ACI8UH11
ENSG00000171962	A0ACI8UHM4
ENSG00000171962	J3KRB8
ENSG00000171962	J3KRN8
ENSG00000171962	J3QR90
ENSG00000171962	J3QRC9
ENSG00000171962	J3QRH8
ENSG00000171962	J3QS14
ENSG00000171962	J3QSG4
ENSG00000171962	K7EJT6
ENSG00000172215	O00574
ENSG00000172375	O14523
ENSG00000172375	A0ACI8PF27
ENSG00000172375	A0ACI8PSH2
ENSG00000172375	A0ACI8QD28
ENSG00000172375	A0ACI8QL50
ENSG00000172375	A0ACI8QLI9
ENSG00000172375	A0ACI8R4G1
ENSG00000172375	A0ACI8RME8
ENSG00000172375	A0ACI8RWA2
ENSG00000172375	A0ACI8TZL9
ENSG00000172375	A0ACI8UBA3
ENSG00000172375	A0ACI8UBA7
ENSG00000172375	A0ACI8UBA9
ENSG00000172375	A0ACI8UBB9
ENSG00000172375	E9PK05
ENSG00000172531	P62136
ENSG00000172531	A0A7I2V4F7
ENSG00000172531	A0ACI8QLL8
ENSG00000172531	A0ACI8RN03
ENSG00000172531	A0ACI8RUQ6
ENSG00000172531	A0ACI8S3F4
ENSG00000172531	A0ACI8SC77
ENSG00000172531	A0ACI8SFK8
ENSG00000172531	A0ACI8TJU9
ENSG00000172531	A0ACI8TJV4
ENSG00000172531	A0ACI8TJW5
ENSG00000172531	A0ACI8TJX0
ENSG00000172531	A0ACI8TK18
ENSG00000172531	E9PMD7
ENSG00000172578	Q8WZ60
ENSG00000172578	A0A0C4DGF2
ENSG00000172725	Q9BR76
ENSG00000172725	A0A087WW53
ENSG00000172725	A0ACI8QWT7
ENSG00000172725	A0ACI8RH29
ENSG00000172725	A0ACI8SC49
ENSG00000172725	A0ACI8SX31
ENSG00000172725	A0ACI8SXB1
ENSG00000172725	A0ACI8SXJ2
ENSG00000172725	A0ACI8SXP1
ENSG00000172725	A0ACI8UVF7
ENSG00000172725	A0ACI8UVG6
ENSG00000172725	A0ACI8UVG9
ENSG00000172725	F5H0D2
ENSG00000172725	F5H390
ENSG00000172845	Q02447
ENSG00000172845	A0A494C070
ENSG00000172845	A0A494C0Z6
ENSG00000172845	A0A494C1G8
ENSG00000172845	H0Y6K5
ENSG00000172845	H0Y7L6
ENSG00000173163	Q8N668
ENSG00000173163	A0ACI8QZ51
ENSG00000173163	A0ACI8S2C3
ENSG00000173163	H0Y7J4
ENSG00000173163	H7C169
ENSG00000173163	H7C377
ENSG00000173226	Q15051
ENSG00000173226	A0ACI8T721
ENSG00000173226	A0ACI8T790
ENSG00000173226	A0ACI8VH34
ENSG00000173226	A0ACI8VH95
ENSG00000173226	C9J6Z7
ENSG00000173226	C9JVC4
ENSG00000173226	C9JXD7
ENSG00000173421	Q8IYA8
ENSG00000173480	Q8TAU3
ENSG00000173480	M0QXH9
ENSG00000173480	M0R0M6
ENSG00000173480	M0R0V5
ENSG00000173480	M0R178
ENSG00000173480	M0R230
ENSG00000173480	M0R267
ENSG00000173821	Q63HN8
ENSG00000173821	A0A0A0MTC1
ENSG00000173821	A0A0A0MTR7
ENSG00000173821	I3L3H9
ENSG00000174059	P28906
ENSG00000174059	A0ACI8V9G4
ENSG00000174059	A0ACI8VCB7
ENSG00000174059	Q5JTA5
ENSG00000174125	Q15399
ENSG00000174125	D6RA99
ENSG00000174125	D6RAP2
ENSG00000174125	D6RCE8
ENSG00000174125	D6RF68
ENSG00000174165	Q6UX98
ENSG00000174165	E9PI61
ENSG00000174165	E9PLR9
ENSG00000174547	Q9Y3B7
ENSG00000174547	A0ACI8RA56
ENSG00000174547	A0ACI8S0W5
ENSG00000174547	A0ACI8STC2
ENSG00000174547	A0ACI8STC4
ENSG00000174547	A0ACI8STJ7
ENSG00000174547	A0ACI8STJ8
ENSG00000174547	A0ACI8U8F5
ENSG00000174547	E9PQB6
ENSG00000174547	H0YCD5
ENSG00000174808	P35070
ENSG00000174808	A0ACI8UN97
ENSG00000174808	H0Y8Q5
ENSG00000175018	Q5VZQ5
ENSG00000175018	E9PJL2
ENSG00000175018	E9PR91
ENSG00000175029	P56545
ENSG00000175029	A0A087WYL1
ENSG00000175029	A0ACI8S335
ENSG00000175029	A0ACI8TE58
ENSG00000175063	O00762
ENSG00000175063	A0A087WVK1
ENSG00000175063	A0A0A0MSE8
ENSG00000175063	A0ACI8TRQ9
ENSG00000175063	A0ACI8TRV6
ENSG00000175063	A0ACI8TSJ6
ENSG00000175063	K4DI81
ENSG00000175097	P55895
ENSG00000175097	E9PPU5
ENSG00000175097	E9PQB9
ENSG00000175329	Q2M1V0
ENSG00000175329	A0ACI8RTH3
ENSG00000175329	A0ACI8UZ60
ENSG00000175390	O00303
ENSG00000175390	A0A1W2PP79
ENSG00000175390	A0A7I2V4S2
ENSG00000175390	A0A7I2YQA0
ENSG00000175390	A0ACI8SZU8
ENSG00000175390	A0ACI8SZV0
ENSG00000175390	A0ACI8SZW1
ENSG00000175390	A0ACI8SZY8
ENSG00000175390	E9PQV8
ENSG00000175390	H0YDT6
ENSG00000175895	Q9H8W4
ENSG00000176020	Q86WK7
ENSG00000176153	P18283
ENSG00000176153	G3V323
ENSG00000176153	G3V4J6
ENSG00000176153	H0YJK8
ENSG00000176170	Q9NYA1
ENSG00000176170	A0ACI8QBI8
ENSG00000176170	A0ACI8SDI1
ENSG00000176170	K7EJ32
ENSG00000176170	K7EMA4
ENSG00000176723	Q8N446
ENSG00000176723	H3BQN5
ENSG00000176945	Q8N307
ENSG00000176945	A0ACI8PMK0
ENSG00000176945	C9JJE7
ENSG00000176945	H7C102
ENSG00000177542	Q9H936
ENSG00000177542	A0A0A6YYN8
ENSG00000177542	A0A0D9SEI9
ENSG00000177542	A0A0D9SFA8
ENSG00000177542	A0A0D9SFE1
ENSG00000177542	A0A0D9SG84
ENSG00000177542	A0ACI8RVA5
ENSG00000177542	A0ACI8TXP3
ENSG00000177542	A0ACI8UKK1
ENSG00000177542	A0ACI8UKV0
ENSG00000177542	E9PI74
ENSG00000177542	E9PJH7
ENSG00000177542	E9PJY0
ENSG00000177542	E9PQ36
ENSG00000177542	E9PS95
ENSG00000177542	K4DIA2
ENSG00000177542	K4DIA8
ENSG00000177542	K4DIB0
ENSG00000177542	K4DIB3
ENSG00000177542	K4DIB4
ENSG00000177542	K4DIB6
ENSG00000177542	K4DIB8
ENSG00000177565	Q9BZK7
ENSG00000177565	A0A0D9SEW5
ENSG00000177565	A0A0D9SF25
ENSG00000177565	A0A0D9SF63
ENSG00000177565	A0A0D9SFI2
ENSG00000177565	A0A1B0GUU2
ENSG00000177565	A0A1B0GVH3
ENSG00000177565	A0ACI8S5L5
ENSG00000177565	A0ACI8VRA0
ENSG00000177565	C9IYU9
ENSG00000177565	C9J3H2
ENSG00000177565	C9J7E1
ENSG00000177565	C9J903
ENSG00000177565	C9JBN1
ENSG00000177565	C9JCK0
ENSG00000177565	C9JCW4
ENSG00000177565	C9JEC9
ENSG00000177565	C9JLJ1
ENSG00000177565	C9JTW8
ENSG00000177697	P48509
ENSG00000177697	A0ACI8QD24
ENSG00000177697	A0ACI8R5G1
ENSG00000177697	A0ACI8RM08
ENSG00000177697	A0ACI8SYV9
ENSG00000177697	A0ACI8SYW0
ENSG00000177697	A0ACI8SZ22
ENSG00000177697	A0ACI8SZ34
ENSG00000177697	A0ACI8UDC7
ENSG00000177697	A0ACI8UDE3
ENSG00000177697	A0ACI8UDG2
ENSG00000177697	E9PJC8
ENSG00000177697	E9PJE8
ENSG00000177697	E9PK37
ENSG00000177697	E9PLZ6
ENSG00000177697	E9PMR4
ENSG00000177697	E9PP93
ENSG00000177697	E9PRJ3
ENSG00000177697	E9PSA1
ENSG00000177697	K4DIA7
ENSG00000177697	K4DIB7
ENSG00000178084	Q8WXA8
ENSG00000178096	Q9Y3E2
ENSG00000178105	Q13206
ENSG00000178105	A0A3B3ISR7
ENSG00000178105	A0A8I5KPM1
ENSG00000178105	A0A8I5KQZ1
ENSG00000178105	A0A8I5KSH6
ENSG00000178105	A0A8I5KUU7
ENSG00000178105	A0A8I5KXY1
ENSG00000178105	A0ACI8U374
ENSG00000178105	A0ACI8U407
ENSG00000178105	A0ACI8U412
ENSG00000178105	E9PIF2
ENSG00000178149	Q5D0E6
ENSG00000178149	A0A096LNZ3
ENSG00000178149	A0ACI8PQU4
ENSG00000178149	A0ACI8PSU9
ENSG00000178149	A0ACI8ST21
ENSG00000178149	A0ACI8ST43
ENSG00000178149	A0ACI8VJA5
ENSG00000178149	A0ACI8VJK0
ENSG00000178149	A0ACI8VMY4
ENSG00000178149	A0ACI8VNC6
ENSG00000178149	C9JA38
ENSG00000178149	C9JJG6
ENSG00000178149	H7C0T8
ENSG00000178773	Q9UBL6
ENSG00000178773	A0ACI8PAU3
ENSG00000178773	A0ACI8TV01
ENSG00000178773	A0ACI8TV14
ENSG00000178773	A0ACI8TWI0
ENSG00000178773	A0ACI8UVF4
ENSG00000178773	E9PJ31
ENSG00000178773	H0YE30
ENSG00000178773	H0YEH8
ENSG00000178773	H3BP03
ENSG00000179021	Q5JPI3
ENSG00000179021	A0ACI8QJ37
ENSG00000179021	A0ACI8RTA5
ENSG00000179021	E9PFZ1
ENSG00000180198	P18754
ENSG00000180198	A0ACI8QUG7
ENSG00000180198	A0ACI8RSS3
ENSG00000180198	A0ACI8S699
ENSG00000180198	A0ACI8SGJ2
ENSG00000180198	A0ACI8THR8
ENSG00000180198	A0ACI8THS6
ENSG00000180198	A0ACI8THU2
ENSG00000180198	A0ACI8TJ58
ENSG00000180198	A0ACI8TJI3
ENSG00000180198	A0ACI8TJM4
ENSG00000180198	A0ACI8TJU2
ENSG00000180198	A0ACI8UQ88
ENSG00000180198	A0ACI8UQC8
ENSG00000180198	C9J3R0
ENSG00000180198	C9JMJ4
ENSG00000180198	C9JQZ4
ENSG00000180198	C9JRH2
ENSG00000180198	C9JW69
ENSG00000180198	M0R1Q8
ENSG00000180353	P14317
ENSG00000180353	A0ACI8RZS4
ENSG00000180353	A0ACI8SAF5
ENSG00000180353	A0ACI8SHD9
ENSG00000180353	A0ACI8TJF2
ENSG00000180353	A0ACI8VCH6
ENSG00000180353	E7EVW7
ENSG00000180353	F8WDD5
ENSG00000180353	F8WEZ6
ENSG00000180354	Q8N3F0
ENSG00000180354	C9JBT1
ENSG00000180448	Q92619
ENSG00000180448	A0A087X1A3
ENSG00000180448	A0ACI8Q5T4
ENSG00000180448	A0ACI8QPC4
ENSG00000180448	A0ACI8QVV1
ENSG00000180448	A0ACI8S312
ENSG00000180448	A0ACI8S6G8
ENSG00000180448	A0ACI8V9F8
ENSG00000180448	F5H1R4
ENSG00000180448	K7EM55
ENSG00000180448	K7EM85
ENSG00000180448	K7EQA4
ENSG00000180448	K7ES92
ENSG00000180448	K7ES98
ENSG00000181135	Q96C28
ENSG00000181135	A0A2R8YE36
ENSG00000181135	A0ACI8VMJ8
ENSG00000181135	E9PHZ0
ENSG00000181135	E9PJ46
ENSG00000181135	E9PKX4
ENSG00000181135	E9PNV7
ENSG00000181135	E9PP66
ENSG00000181135	E9PPS7
ENSG00000181135	E9PQ20
ENSG00000181135	E9PS67
ENSG00000181315	Q6U7Q0
ENSG00000181315	C9JP13
ENSG00000181378	Q6ZU64
ENSG00000181378	C9JIV0
ENSG00000181378	C9JLP9
ENSG00000181378	C9JVA0
ENSG00000181378	H7C0B4
ENSG00000181378	Q49A14
ENSG00000181544	Q8NB91
ENSG00000181544	A0A2R8YDV8
ENSG00000181544	A0A8Q3SIN2
ENSG00000181544	A0A8Q3SJA8
ENSG00000181544	A0A8Q3WL55
ENSG00000181544	A0A8Q3WL61
ENSG00000181544	A0A8Q3WL66
ENSG00000181544	A0A8Q3WLR5
ENSG00000181544	A0ACI8SXB9
ENSG00000181544	C9J5X9
ENSG00000181773	P46089
ENSG00000182287	P56377
ENSG00000182287	A0A5F9ZHW1
ENSG00000182287	A0A5F9ZHX2
ENSG00000182287	A0A5F9ZI43
ENSG00000182287	A6NH01
ENSG00000182287	F6SFB5
ENSG00000182287	H0Y673
ENSG00000182287	H7BZG6
ENSG00000182389	O00305
ENSG00000182389	A0A1B0GTA9
ENSG00000182389	A0A1B0GTF6
ENSG00000182389	A0A1B0GTH0
ENSG00000182389	A0A1B0GTK1
ENSG00000182389	A0A1B0GTL1
ENSG00000182389	A0A1B0GTN2
ENSG00000182389	A0A1B0GTN8
ENSG00000182389	A0A1B0GTP5
ENSG00000182389	A0A1B0GTP6
ENSG00000182389	A0A1B0GTS4
ENSG00000182389	A0A1B0GTX2
ENSG00000182389	A0A1B0GTX6
ENSG00000182389	A0A1B0GTX8
ENSG00000182389	A0A1B0GU05
ENSG00000182389	A0A1B0GU07
ENSG00000182389	A0A1B0GU32
ENSG00000182389	A0A1B0GU42
ENSG00000182389	A0A1B0GU53
ENSG00000182389	A0A1B0GUI5
ENSG00000182389	A0A1B0GUI8
ENSG00000182389	A0A1B0GUJ7
ENSG00000182389	A0A1B0GUK3
ENSG00000182389	A0A1B0GUK4
ENSG00000182389	A0A1B0GUM9
ENSG00000182389	A0A1B0GUU5
ENSG00000182389	A0A1B0GUU8
ENSG00000182389	A0A1B0GUW8
ENSG00000182389	A0A1B0GV16
ENSG00000182389	A0A1B0GVB2
ENSG00000182389	A0A1B0GVF0
ENSG00000182389	A0A1B0GVG1
ENSG00000182389	A0A1B0GVG9
ENSG00000182389	A0A1B0GVP7
ENSG00000182389	A0A1B0GVT6
ENSG00000182389	A0A1B0GVU5
ENSG00000182389	A0A1B0GW58
ENSG00000182389	A0A1B0GW63
ENSG00000182389	A0A1B0GW81
ENSG00000182389	A0A1B0GWF9
ENSG00000182389	A0A1B0GWG5
ENSG00000182389	A0A1B0GXG0
ENSG00000182389	A0A1C7CYX2
ENSG00000182389	C9J224
ENSG00000182389	E7EN11
ENSG00000182389	H0Y476
ENSG00000182628	Q8WVK7
ENSG00000182628	A0ACI8SSZ9
ENSG00000182628	J3KRW9
ENSG00000182628	J3KRZ0
ENSG00000182628	J3KSP0
ENSG00000182628	J3KTC5
ENSG00000182628	J3QKN8
ENSG00000182628	J3QL03
ENSG00000182628	J3QS74
ENSG00000182870	Q9HCQ5
ENSG00000182870	A0ACI8VCS0
ENSG00000182870	A0ACI8VCS5
ENSG00000182870	F5H317
ENSG00000182870	F5H557
ENSG00000182870	H3BM10
ENSG00000182870	J3KNN1
ENSG00000183010	P32322
ENSG00000183010	E2QRB3
ENSG00000183010	J3KQ22
ENSG00000183010	J3KSA9
ENSG00000183010	J3KTA8
ENSG00000183010	J3QKT3
ENSG00000183010	J3QKT4
ENSG00000183010	J3QL23
ENSG00000183010	J3QL24
ENSG00000183010	J3QL32
ENSG00000183010	J3QLK9
ENSG00000183010	J3QR88
ENSG00000183010	J3QRZ0
ENSG00000183032	Q9BQT8
ENSG00000183044	P80404
ENSG00000183044	A0ACI8RF53
ENSG00000183044	A0ACI8RZM6
ENSG00000183044	A0ACI8S9Q6
ENSG00000183044	H3BMJ9
ENSG00000183044	H3BNQ7
ENSG00000183044	H3BP74
ENSG00000183044	H3BP84
ENSG00000183044	H3BPW8
ENSG00000183044	H3BRJ1
ENSG00000183044	H3BRN4
ENSG00000183044	H3BRT1
ENSG00000183072	P52952
ENSG00000183072	E5RH49
ENSG00000183077	Q63HM1
ENSG00000183077	A0ACI8PAN3
ENSG00000183077	A0ACI8PAV0
ENSG00000183077	A0ACI8PB94
ENSG00000183077	A0ACI8PC11
ENSG00000183077	A0ACI8PEF3
ENSG00000183077	A0ACI8PEL8
ENSG00000183077	A0ACI8PHZ9
ENSG00000183077	A0ACI8PKQ2
ENSG00000183077	A0ACI8PNT5
ENSG00000183077	A0ACI8PRA9
ENSG00000183077	A0ACI8PWS6
ENSG00000183077	A0ACI8PYE3
ENSG00000183077	A0ACI8Q5K7
ENSG00000183077	A0ACI8QG21
ENSG00000183077	A0ACI8QGW8
ENSG00000183077	A0ACI8QNV0
ENSG00000183077	A0ACI8QTQ1
ENSG00000183077	A0ACI8R7I9
ENSG00000183077	A0ACI8RBZ8
ENSG00000183077	A0ACI8RH66
ENSG00000183077	A0ACI8RIK4
ENSG00000183077	A0ACI8RP37
ENSG00000183077	A0ACI8RT57
ENSG00000183077	A0ACI8SKY3
ENSG00000183077	A0ACI8VC66
ENSG00000183077	K7EIX3
ENSG00000183077	K7EK09
ENSG00000183077	K7ELV9
ENSG00000183077	K7EMI4
ENSG00000183077	K7EMM5
ENSG00000183077	K7EPF8
ENSG00000183077	K7EQK5
ENSG00000183077	W4VSQ7
ENSG00000183395	P20382
ENSG00000183486	P20592
ENSG00000183486	A0A7P0Z4E8
ENSG00000183486	A0ACI8SHX4
ENSG00000183486	A0ACI8VCN6
ENSG00000183486	A0ACI8VCZ0
ENSG00000183486	C9J9T4
ENSG00000183486	C9JEL4
ENSG00000183486	C9JS04
ENSG00000183486	C9JZQ9
ENSG00000183495	Q96L91
ENSG00000183495	A0A0A0MR70
ENSG00000183495	A0A0A0MR72
ENSG00000183495	A0A0A0MR80
ENSG00000183495	A0A8V8TRJ5
ENSG00000183495	A0ACI8TW64
ENSG00000183625	P51677
ENSG00000183625	F6S373
ENSG00000183625	F6YDF7
ENSG00000184108	Q8N9V2
ENSG00000184194	Q9NS66
ENSG00000184194	J3KPD1
ENSG00000184350	Q86SM8
ENSG00000184470	Q9NNW7
ENSG00000184470	A0A096LNY7
ENSG00000184470	A0A096LP96
ENSG00000184470	A0A096LPB7
ENSG00000184470	A0A096LPD9
ENSG00000184470	A0A096LPH4
ENSG00000184470	A0A096LPK7
ENSG00000184470	A0A0U1RQX0
ENSG00000184470	A0A182DWF2
ENSG00000184470	A0A182DWF3
ENSG00000184470	D3YTF8
ENSG00000184470	E7EWK1
ENSG00000184500	P07225
ENSG00000184500	A0A3B3IRK9
ENSG00000184500	A0A3B3ISJ1
ENSG00000184500	A0A3B3ISQ0
ENSG00000184500	A0A3B3ITZ7
ENSG00000184500	A0A3B3IUA6
ENSG00000184500	A0ACI8PM66
ENSG00000184500	A0ACI8PX91
ENSG00000184500	A0ACI8Q1F1
ENSG00000184500	A0ACI8QNR8
ENSG00000184500	A0ACI8QX39
ENSG00000184500	A0ACI8QY29
ENSG00000184500	A0ACI8R5D7
ENSG00000184500	A0ACI8RAL3
ENSG00000184500	A0ACI8REB3
ENSG00000184500	A0ACI8RPB6
ENSG00000184500	A0ACI8RUY5
ENSG00000184500	A0ACI8S2P7
ENSG00000184500	A0ACI8UKV8
ENSG00000184500	A0ACI8UKW2
ENSG00000184500	A0ACI8UL65
ENSG00000184500	C9K0R0
ENSG00000184500	G5E9F8
ENSG00000184787	P60604
ENSG00000184787	A0ACI8R4Q6
ENSG00000184787	A0ACI8SQJ4
ENSG00000184787	F8WCB9
ENSG00000184787	F8WDB1
ENSG00000184900	P55854
ENSG00000184900	A0ACI8QBB3
ENSG00000184900	A0ACI8QVC1
ENSG00000184900	A0ACI8R152
ENSG00000184900	A0ACI8S5Q7
ENSG00000184900	A0ACI8TMU5
ENSG00000184900	A0ACI8TN31
ENSG00000184900	A8MU27
ENSG00000184900	A8MUA9
ENSG00000185245	P07359
ENSG00000185475	Q7Z7N9
ENSG00000185475	A0ACI8QF43
ENSG00000185475	A0ACI8QGS8
ENSG00000185475	A0ACI8QZ81
ENSG00000185475	A0ACI8R4Z5
ENSG00000185475	A0ACI8S9X2
ENSG00000185475	A0ACI8UKP1
ENSG00000185475	A0ACI8UL42
ENSG00000185475	A0ACI8UM32
ENSG00000185475	G3V185
ENSG00000185475	H0YEV1
ENSG00000185640	Q5XKE5
ENSG00000185640	H0YID6
ENSG00000185650	Q07352
ENSG00000185650	G3V2D5
ENSG00000185650	G3V2P5
ENSG00000185650	G3V515
ENSG00000185787	Q9UBU8
ENSG00000185787	A0ABB0MUY0
ENSG00000185787	A0ABB0MUY1
ENSG00000185787	A0ABB0MV09
ENSG00000185787	A0ABB0MVA6
ENSG00000185787	A0ACI8PVT0
ENSG00000185787	A0ACI8R8D8
ENSG00000185787	A0ACI8RA47
ENSG00000185787	A0ACI8S1U6
ENSG00000185787	A0ACI8T782
ENSG00000185787	A0ACI8T785
ENSG00000185787	A0ACI8T787
ENSG00000185787	A0ACI8UYG8
ENSG00000185787	F8W738
ENSG00000185787	H0YLJ3
ENSG00000185787	H0YLV1
ENSG00000185787	H0YM21
ENSG00000185787	H0YMJ0
ENSG00000185787	H0YMT8
ENSG00000185787	H0YNE0
ENSG00000185787	H0YNI8
ENSG00000185787	H0YNX3
ENSG00000185880	Q86WT6
ENSG00000185880	A0AAQ5BHD2
ENSG00000185880	A0AAQ5BHH2
ENSG00000185880	A0AAQ5BHH4
ENSG00000185880	A0ACI8VS41
ENSG00000185880	H0YKB8
ENSG00000185880	H0YL66
ENSG00000185883	P27449
ENSG00000185883	H3BMY0
ENSG00000185883	H3BNI4
ENSG00000185962	Q5TA76
ENSG00000186340	P35442
ENSG00000186340	A0A3B3ITK0
ENSG00000186340	A0A7I2V344
ENSG00000186340	A0A7I2V585
ENSG00000186340	A0A7I2YQ86
ENSG00000186340	A0A7I2YQT6
ENSG00000186340	A0ACI8TE48
ENSG00000186340	A0ACI8TE87
ENSG00000186340	A0ACI8TEJ4
ENSG00000186340	A0ACI8VJ42
ENSG00000186340	A0ACI8VJ46
ENSG00000186340	Q5RI53
ENSG00000186723	Q9Y4A9
ENSG00000186895	P11487
ENSG00000186970	Q3LI76
ENSG00000186998	Q96A84
ENSG00000186998	A0ACI8QDU0
ENSG00000186998	A0ACI8QW84
ENSG00000186998	A0ACI8RCZ2
ENSG00000186998	A0ACI8RTN7
ENSG00000186998	A0ACI8TUI9
ENSG00000186998	A0ACI8TUR0
ENSG00000186998	A0ACI8TUU5
ENSG00000186998	A0ACI8VA72
ENSG00000186998	A0ACI8VAB8
ENSG00000186998	A0ACI8VAC5
ENSG00000186998	A0ACI8VAC9
ENSG00000186998	B0QYK2
ENSG00000186998	B0QYK3
ENSG00000186998	B0QYK4
ENSG00000186998	B0QYK5
ENSG00000186998	F8WDX7
ENSG00000186998	H0Y6W4
ENSG00000187134	Q04828
ENSG00000187134	A0ACI8PCF0
ENSG00000187134	A0ACI8PQP7
ENSG00000187134	A0ACI8Q7R0
ENSG00000187134	A0ACI8QRK6
ENSG00000187134	A0ACI8VPN4
ENSG00000187134	A0ACI8VPY4
ENSG00000187134	A6NHU4
ENSG00000187134	H0Y804
ENSG00000187223	Q5TA82
ENSG00000187545	O60809
ENSG00000187626	Q969J2
ENSG00000187626	A0ACI8RAX2
ENSG00000187626	A0ACI8RYN4
ENSG00000187626	A0ACI8TE94
ENSG00000187626	A0ACI8TED3
ENSG00000187837	P16403
ENSG00000187944	A0A5K1VW65
ENSG00000187954	P0DTL6
ENSG00000187954	A0ACI8V6P3
ENSG00000188060	Q8N4Z0
ENSG00000188611	Q9NR71
ENSG00000188611	A0A0C4DFQ8
ENSG00000188611	E9PBM9
ENSG00000188611	V9GY52
ENSG00000188611	V9GYJ5
ENSG00000188986	Q8WX92
ENSG00000188986	A0A5H1ZRP4
ENSG00000189058	P05090
ENSG00000189058	A0ACI8UV18
ENSG00000189058	C9JF17
ENSG00000189058	C9JX71
ENSG00000189058	F8WBT9
ENSG00000196214	Q5HY98
ENSG00000196214	A0A0B4J2B2
ENSG00000196214	A0ACI8UPJ4
ENSG00000196214	G3XAE0
ENSG00000196214	M0QXI4
ENSG00000196214	M0R139
ENSG00000196214	M0R1P9
ENSG00000196214	M0R2P3
ENSG00000196214	M0R2R1
ENSG00000196284	O75486
ENSG00000196284	A0A1B0GVT7
ENSG00000196284	A0ACI8RXV3
ENSG00000196284	Q5VWT9
ENSG00000196368	Q96G61
ENSG00000196372	Q8WXK3
ENSG00000196372	A0ACI8QZU4
ENSG00000196372	A0ACI8UYY6
ENSG00000196372	A0ACI8UZ30
ENSG00000196418	Q15973
ENSG00000196418	A0ACI8SSH4
ENSG00000196418	J3QKQ6
ENSG00000196470	Q8IUQ4
ENSG00000196470	H3BU09
ENSG00000196611	P03956
ENSG00000197128	Q68DY9
ENSG00000197128	A0A087WTB1
ENSG00000197128	C9J1S5
ENSG00000197128	C9JFF8
ENSG00000197128	M0R084
ENSG00000197128	M0R156
ENSG00000197162	A8K8V0
ENSG00000197162	A0ACI8SLM7
ENSG00000197162	H3BR67
ENSG00000197162	I3L119
ENSG00000197170	O00232
ENSG00000197170	A0ACI8Q8N2
ENSG00000197170	A0ACI8QSK1
ENSG00000197170	A0ACI8R594
ENSG00000197170	A0ACI8RCL8
ENSG00000197170	A0ACI8S085
ENSG00000197170	A0ACI8UWU8
ENSG00000197170	A0ACI8UX34
ENSG00000197170	A0ACI8V0R9
ENSG00000197170	A0ACI8V113
ENSG00000197170	A0ACI8V214
ENSG00000197170	J3KSK1
ENSG00000197170	J3KTJ5
ENSG00000197324	Q7Z4F1
ENSG00000197324	A0ACI8R4Z2
ENSG00000197324	A0ACI8RIK2
ENSG00000197324	A0ACI8S210
ENSG00000197324	A0ACI8S394
ENSG00000197324	A0ACI8S5I5
ENSG00000197324	A0ACI8SFW8
ENSG00000197324	A0ACI8SLD6
ENSG00000197324	A0ACI8SLE0
ENSG00000197324	A0ACI8SLF7
ENSG00000197324	A0ACI8V806
ENSG00000197324	A0ACI8V888
ENSG00000197324	H0YHW7
ENSG00000197563	O95427
ENSG00000197563	A0A1W2PNH8
ENSG00000197563	A0A1W2PNQ8
ENSG00000197563	A0A1W2PNR0
ENSG00000197563	A0A1W2PNW5
ENSG00000197563	A0A1W2PPA0
ENSG00000197563	A0A1W2PPB6
ENSG00000197563	A0A1W2PPK6
ENSG00000197563	A0A1W2PPR7
ENSG00000197563	A0A1W2PQ49
ENSG00000197563	A0A1W2PQA9
ENSG00000197563	A0A1W2PQP4
ENSG00000197563	A0A1W2PQR8
ENSG00000197563	A0A1W2PQZ1
ENSG00000197563	A0A1W2PR74
ENSG00000197563	A0A1W2PRH3
ENSG00000197563	A0A1W2PS19
ENSG00000197563	A0ACI8Q6W2
ENSG00000197563	A0ACI8QIF3
ENSG00000197563	A0ACI8QQF5
ENSG00000197563	A0ACI8R0X8
ENSG00000197563	A0ACI8RU40
ENSG00000197563	A0ACI8TDE7
ENSG00000197563	A0ACI8TDK5
ENSG00000197563	A0ACI8TED2
ENSG00000197563	A0ACI8V7A1
ENSG00000197563	A0ACI8V7B6
ENSG00000197563	A0ACI8VBP8
ENSG00000197563	A0ACI8VD22
ENSG00000197563	A0ACI8VD62
ENSG00000197563	K7EID9
ENSG00000197563	K7EJM6
ENSG00000197563	K7EL34
ENSG00000197563	K7ELE1
ENSG00000197563	K7EMD7
ENSG00000197563	K7ENK2
ENSG00000197563	K7EPJ2
ENSG00000197563	K7EQG0
ENSG00000197563	K7ERX5
ENSG00000197563	K7ESH9
ENSG00000197616	P13533
ENSG00000197616	A0ACI8VGG9
ENSG00000197616	A0ACI8VGH4
ENSG00000197616	A0ACI8VGH7
ENSG00000197616	A0ACI8VGH8
ENSG00000197616	A0ACI8VGJ1
ENSG00000197616	A0ACI8VGJ3
ENSG00000197616	A0ACI8VGK1
ENSG00000197616	A0ACI8VGK2
ENSG00000197616	A0ACI8VGN3
ENSG00000197616	A0ACI8VGV0
ENSG00000197616	A0ACI8VK95
ENSG00000197616	A0ACI8VKJ4
ENSG00000197616	A0ACI8VKU6
ENSG00000197616	A0ACI8VKU8
ENSG00000197616	A0ACI8VKX2
ENSG00000197616	A0ACI8VLC5
ENSG00000197616	A0ACI8VLP5
ENSG00000197616	A0ACI8VMS6
ENSG00000197616	A0ACI8VMW7
ENSG00000197616	A0ACI8VMX0
ENSG00000197616	A0ACI8VMX2
ENSG00000197616	A0ACI8VMY2
ENSG00000197616	A0ACI8VMY3
ENSG00000197702	Q9NVD7
ENSG00000197702	A0ACI8QXL2
ENSG00000197702	A0ACI8RD87
ENSG00000197702	A0ACI8RKT9
ENSG00000197702	A0ACI8RQR7
ENSG00000197702	A0ACI8RYE5
ENSG00000197702	A0ACI8S041
ENSG00000197702	A0ACI8S2S7
ENSG00000197702	A0ACI8SEM8
ENSG00000197702	A0ACI8SKC9
ENSG00000197702	A0ACI8SKH8
ENSG00000197702	A0ACI8UKV2
ENSG00000197702	E9PS97
ENSG00000197748	Q8NDM7
ENSG00000197748	A0A0C4DFU9
ENSG00000197748	A0ACI8UWK7
ENSG00000197748	H0Y4U9
ENSG00000197748	H7BZT8
ENSG00000197748	Q5TA04
ENSG00000197748	Q5TA05
ENSG00000197771	Q9BTE3
ENSG00000197771	A0ACI8QJG2
ENSG00000197771	A0ACI8R1Z0
ENSG00000197771	A0ACI8RB13
ENSG00000197771	A0ACI8RHE1
ENSG00000197771	A0ACI8RR64
ENSG00000197771	A0ACI8RWP5
ENSG00000197771	A0ACI8SBL5
ENSG00000197771	A0ACI8SDX4
ENSG00000197771	A0ACI8U0W9
ENSG00000197771	A0ACI8VJR4
ENSG00000197771	A0ACI8VJZ2
ENSG00000197859	Q86TH1
ENSG00000197859	A0ACI8RT34
ENSG00000197859	A0ACI8USW8
ENSG00000197859	A0ACI8UT05
ENSG00000197859	A0ACI8UT76
ENSG00000197859	A0ACI8UTQ5
ENSG00000197859	B1B0D4
ENSG00000197872	Q9H0Q0
ENSG00000197872	C9IYV6
ENSG00000197872	C9JPE5
ENSG00000197903	O60814
ENSG00000198088	Q9H1M0
ENSG00000198088	H0Y6X7
ENSG00000198088	Q5JSN5
ENSG00000198130	Q6NVY1
ENSG00000198130	A0ACI8PMK3
ENSG00000198130	A0ACI8Q4A2
ENSG00000198130	A0ACI8QBV8
ENSG00000198130	A0ACI8RV17
ENSG00000198130	A0ACI8UZT3
ENSG00000198130	B8ZZZ0
ENSG00000198130	B9A058
ENSG00000198130	F8W8A6
ENSG00000198130	H7BYI7
ENSG00000198130	H7C126
ENSG00000198130	H7C1A5
ENSG00000198146	Q6IQ21
ENSG00000198146	H0YM59
ENSG00000198336	P12829
ENSG00000198336	A0A1C7CYY4
ENSG00000198336	A0ACI8UTB8
ENSG00000198336	A0ACI8UTM5
ENSG00000198336	A0ACI8UY25
ENSG00000198336	A0ACI8UY69
ENSG00000198336	A0ACI8UY79
ENSG00000198336	I3L1K6
ENSG00000198336	I3L1R3
ENSG00000198336	I3L3U1
ENSG00000198336	I3L4B1
ENSG00000198336	I3L532
ENSG00000198435	Q7Z6K4
ENSG00000198492	Q9Y5A9
ENSG00000198492	A0ACI8PVL5
ENSG00000198492	S4R3J8
ENSG00000198492	S4R3V3
ENSG00000198498	Q96EY4
ENSG00000198498	A0ACI8PZM1
ENSG00000198498	A0ACI8SJK3
ENSG00000198498	A0ACI8SJQ2
ENSG00000198498	A0ACI8SJR1
ENSG00000198498	A0ACI8SJU6
ENSG00000198498	D6RA57
ENSG00000198498	D6RC31
ENSG00000198498	D6RE67
ENSG00000198498	H0Y9X1
ENSG00000198759	Q8IUX8
ENSG00000198759	A0ACI8PAX1
ENSG00000198759	A0ACI8PYN7
ENSG00000198783	Q96NB3
ENSG00000198783	J3QQQ3
ENSG00000198844	O94989
ENSG00000198844	A0A3B3IUF8
ENSG00000198844	A0ACI8PGR7
ENSG00000198844	A0ACI8Q320
ENSG00000198844	A0ACI8QM49
ENSG00000198844	J3KT46
ENSG00000198844	J3QQS4
ENSG00000198844	J3QS60
ENSG00000198848	P23141
ENSG00000198848	A0ACI8R0V4
ENSG00000198848	A0ACI8R0V6
ENSG00000198848	A0ACI8R0V7
ENSG00000198848	A0ACI8R0Y2
ENSG00000198848	A0ACI8R0Y3
ENSG00000198848	A0ACI8R100
ENSG00000198848	A0ACI8R165
ENSG00000198848	A0ACI8R1E4
ENSG00000198848	A0ACI8R1G1
ENSG00000198848	A0ACI8R1P4
ENSG00000198848	A0ACI8R1R3
ENSG00000198848	A0ACI8RAW1
ENSG00000198848	A0ACI8RAY0
ENSG00000198848	A0ACI8RFR4
ENSG00000198848	A0ACI8RFS7
ENSG00000198848	A0ACI8RGP1
ENSG00000198848	A0ACI8RK60
ENSG00000198848	A0ACI8RMW5
ENSG00000198848	A0ACI8RMY0
ENSG00000198848	A0ACI8RSI1
ENSG00000198848	A0ACI8RSJ3
ENSG00000198848	A0ACI8RWI9
ENSG00000198848	A0ACI8RWK1
ENSG00000198848	A0ACI8S017
ENSG00000198848	A0ACI8S031
ENSG00000198848	A0ACI8S1J9
ENSG00000198848	A0ACI8S1L1
ENSG00000198848	A0ACI8S425
ENSG00000198848	A0ACI8S436
ENSG00000198848	A0ACI8S7P4
ENSG00000198848	A0ACI8S7Q2
ENSG00000198848	A0ACI8S8D0
ENSG00000198848	A0ACI8S8D5
ENSG00000198848	A0ACI8SBT1
ENSG00000198848	A0ACI8SDC3
ENSG00000198848	A0ACI8SDC9
ENSG00000198848	A0ACI8SEZ7
ENSG00000198848	A0ACI8SF78
ENSG00000198848	A0ACI8SF83
ENSG00000198848	A0ACI8SGL0
ENSG00000198848	A0ACI8SGL2
ENSG00000198848	A0ACI8SH18
ENSG00000198848	A0ACI8SH20
ENSG00000198848	A0ACI8TP45
ENSG00000198848	A0ACI8VMD1
ENSG00000198848	A0ACI8VMN2
ENSG00000198848	A0ACI8VMN4
ENSG00000198848	A0ACI8VPM5
ENSG00000198848	A0ACI8VPS5
ENSG00000198848	A0ACI8VPV5
ENSG00000198848	A0ACI8VPZ4
ENSG00000198848	A0ACI8VQ34
ENSG00000198848	H3BQR4
ENSG00000198848	H3BQV8
ENSG00000198848	H3BSU0
ENSG00000198860	Q8WW01
ENSG00000198860	A0A2R8Y5L0
ENSG00000198860	A0A2R8Y5Q6
ENSG00000198860	A0A2R8Y5W5
ENSG00000198860	A0A2R8Y6A4
ENSG00000198860	A0A2R8Y6B3
ENSG00000198860	A0A2R8Y6M5
ENSG00000198860	A0A2R8YDU8
ENSG00000198860	A0A2R8YEM0
ENSG00000198860	A0A2R8YG40
ENSG00000198860	A0A2R8YHG0
ENSG00000198860	A0A2U3TZM3
ENSG00000198860	A0ACI8UAC8
ENSG00000198860	E9PPN1
ENSG00000198860	F2Z3M0
ENSG00000198860	H0YCV5
ENSG00000198885	Q6GPH6
ENSG00000198885	C9JNT4
ENSG00000198885	H7C0T2
ENSG00000203685	Q69YW2
ENSG00000203685	F8WD64
ENSG00000203908	Q587J8
ENSG00000204007	Q7Z4J2
ENSG00000204007	A0ACI8QQP1
ENSG00000204104	Q8TDR0
ENSG00000204104	A0ACI8Q5K1
ENSG00000204104	A0ACI8TV15
ENSG00000204104	A0ACI8TV89
ENSG00000204104	A0ACI8TVB5
ENSG00000204104	A0ACI8VI34
ENSG00000204104	A0ACI8VLI4
ENSG00000204104	A0ACI8VLS8
ENSG00000204104	A0ACI8VM29
ENSG00000204104	A0ACI8VM55
ENSG00000204104	A0ACI8VN25
ENSG00000204104	A0ACI8VP39
ENSG00000204104	A0ACI8VP64
ENSG00000204104	A0ACI8VPA2
ENSG00000204104	A0ACI8VPA3
ENSG00000204104	A0ACI8VPA8
ENSG00000204104	A0ACI8VPI2
ENSG00000204104	A0ACI8VPP9
ENSG00000204104	H7BZ10
ENSG00000204178	Q8N5G2
ENSG00000204178	A0A3B3ITD2
ENSG00000204178	A0ACI8QMD5
ENSG00000204178	A0ACI8R4X9
ENSG00000204178	A0ACI8RD73
ENSG00000204178	A0ACI8RJE8
ENSG00000204178	A0ACI8RY60
ENSG00000204231	P28702
ENSG00000204231	A0ACI8PID4
ENSG00000204231	A0ACI8QIB9
ENSG00000204231	A0ACI8QRJ0
ENSG00000204231	A0ACI8QSB7
ENSG00000204231	A0ACI8R9T8
ENSG00000204231	A0ACI8RR97
ENSG00000204231	A0ACI8RZM3
ENSG00000204231	A0ACI8SM11
ENSG00000204231	E9PK75
ENSG00000204296	Q5SRN2
ENSG00000204296	A0A8V8TNR9
ENSG00000204296	C9J9T8
ENSG00000204296	E9PLW3
ENSG00000204296	E9PNQ4
ENSG00000204296	E9PQ85
ENSG00000204301	Q99466
ENSG00000204301	A0ACI8Q2W0
ENSG00000204301	A0ACI8R327
ENSG00000204301	A0ACI8RKS9
ENSG00000204315	Q9UIM3
ENSG00000204442	B1AL88
ENSG00000204449	P0CI26
ENSG00000204519	Q7Z340
ENSG00000204519	M0R209
ENSG00000204519	M0R2M4
ENSG00000204618	Q9H2S5
ENSG00000204632	P17693
ENSG00000204632	F6UBT4
ENSG00000204632	Q5RJ85
ENSG00000204991	Q8WWL2
ENSG00000204991	A0ACI8TI84
ENSG00000204991	A0ACI8TIJ2
ENSG00000204991	A0ACI8VIR9
ENSG00000204991	A0ACI8VJ61
ENSG00000204991	H3BV39
ENSG00000204991	H3BV74
ENSG00000205002	Q4LEZ3
ENSG00000205496	Q8NGJ7
ENSG00000205593	Q8NEG7
ENSG00000205593	A0ACI8PQ65
ENSG00000205593	A0ACI8Q6Z1
ENSG00000205593	A0ACI8QER0
ENSG00000205593	A0ACI8RSL1
ENSG00000205593	A0ACI8RWZ6
ENSG00000205593	A0ACI8U670
ENSG00000205593	A0ACI8U671
ENSG00000205593	A0ACI8U6P1
ENSG00000205593	A0ACI8U794
ENSG00000205593	H0Y7N0
ENSG00000205944	Q13117
ENSG00000205944	E9PBY2
ENSG00000206177	Q6B0K9
ENSG00000213203	Q8WWP7
ENSG00000213347	Q9BW11
ENSG00000213347	A0ACI8TEU2
ENSG00000213347	D6RD21
ENSG00000213347	D6RED4
ENSG00000213533	Q86TL2
ENSG00000213533	A0ACI8QV82
ENSG00000213533	A0ACI8T765
ENSG00000213533	A0ACI8V7G6
ENSG00000213533	F8WDI5
ENSG00000213533	H7C503
ENSG00000213533	H7C551
ENSG00000213782	Q9H0S4
ENSG00000213782	A0ACI8PNE1
ENSG00000213782	A0ACI8RDK3
ENSG00000213782	A0ACI8UDX1
ENSG00000213782	A0ACI8UDX5
ENSG00000213782	F5H1N9
ENSG00000213983	O75843
ENSG00000213983	A0ACI8Q9D8
ENSG00000213983	A0ACI8Q9H5
ENSG00000213983	A0ACI8QLA8
ENSG00000213983	A0ACI8REH1
ENSG00000213983	A0ACI8RM27
ENSG00000213983	A0ACI8RX88
ENSG00000213983	A0ACI8S8B4
ENSG00000213983	A0ACI8SKS0
ENSG00000213983	A0ACI8SKS2
ENSG00000213983	A0ACI8SKT2
ENSG00000213983	A0ACI8SKX7
ENSG00000213983	A0ACI8SKZ3
ENSG00000213983	A0ACI8SL50
ENSG00000213983	A0ACI8U4C6
ENSG00000213983	A0ACI8U4G7
ENSG00000213983	G3V2V9
ENSG00000213983	G3V3Z2
ENSG00000213983	G3V532
ENSG00000213983	H0YJ08
ENSG00000213983	H0YJ47
ENSG00000214212	A8MVS5
ENSG00000214212	A0ACI8PPS4
ENSG00000214212	A0ACI8S4M0
ENSG00000215012	Q7L3V2
ENSG00000215012	C9J0V4
ENSG00000221818	Q9HAK2
ENSG00000221818	A0ACI8SA34
ENSG00000221818	A0ACI8VBC9
ENSG00000221818	J3KQ27
ENSG00000221955	A0AV02
ENSG00000221955	A0ACI8R2B4
ENSG00000221955	A0ACI8RRD2
ENSG00000221955	A0ACI8RTL8
ENSG00000221955	A0ACI8SBP7
ENSG00000221955	A0ACI8TLR5
ENSG00000221955	A0ACI8TLU6
ENSG00000221955	A0ACI8TM97
ENSG00000221955	A0ACI8TMA0
ENSG00000221955	A0ACI8TMB5
ENSG00000221955	A0ACI8TME1
ENSG00000221955	C9IZN2
ENSG00000221955	H7C5B1
ENSG00000221955	H7C5L2
ENSG00000221983	P62987
ENSG00000221983	A0ACI8RSJ6
ENSG00000221983	A0ACI8T383
ENSG00000221983	A0ACI8T3F9
ENSG00000221983	A0ACI8UDI4
ENSG00000221983	M0R1M6
ENSG00000221983	M0R1V7
ENSG00000221983	M0R2S1
ENSG00000229183	P0DJD7
ENSG00000229183	F5GXL4
ENSG00000229183	F5H0H6
ENSG00000229809	P0C7X2
ENSG00000229809	A0ACI8R518
ENSG00000229809	A0ACI8RJH9
ENSG00000229809	A0ACI8RY84
ENSG00000229809	H3BR26
ENSG00000229809	H3BR45
ENSG00000229809	H3BTK8
ENSG00000232268	Q8NGK6
ENSG00000234127	Q12899
ENSG00000234127	A0ACI8PHR3
ENSG00000234127	A0ACI8PL97
ENSG00000234127	A0ACI8VDS0
ENSG00000234127	A2AE48
ENSG00000234127	A2AE50
ENSG00000234127	Q5SPU2
ENSG00000239282	Q8WTX7
ENSG00000239282	A0ACI8PI85
ENSG00000239282	A0ACI8QS41
ENSG00000239282	A0ACI8RR53
ENSG00000239282	A0ACI8UU75
ENSG00000239282	A0ACI8UU83
ENSG00000239282	A0ACM8R381
ENSG00000239282	B7WPJ3
ENSG00000239282	F2Z2C1
ENSG00000239282	F2Z3I9
ENSG00000239282	F8WD52
ENSG00000240505	O14836
ENSG00000240505	E7ER05
ENSG00000240505	J3QR67
ENSG00000240764	Q9Y5F6
ENSG00000241685	Q92747
ENSG00000241685	A0ACI8QRI0
ENSG00000241685	A0ACI8R2Q1
ENSG00000241685	A0ACI8RDE9
ENSG00000241685	A0ACI8S422
ENSG00000241685	A0ACI8SAT8
ENSG00000241685	A0ACI8TX85
ENSG00000241685	A0ACI8TXB5
ENSG00000241685	A0ACI8V7K3
ENSG00000241685	A0ACI8V8K3
ENSG00000241685	A0ACI8V8P3
ENSG00000241685	E9PF58
ENSG00000241837	P48047
ENSG00000241837	A0A494C0K9
ENSG00000241837	A0ACI8QFZ1
ENSG00000241837	A0ACI8QG08
ENSG00000241837	A0ACI8QJM3
ENSG00000241837	A0ACI8R8E9
ENSG00000241837	A0ACI8REX2
ENSG00000241837	A0ACI8SD61
ENSG00000241837	A0ACI8SY02
ENSG00000241837	A0ACI8SY16
ENSG00000241837	A0ACI8SY18
ENSG00000241837	A0ACI8SY25
ENSG00000241837	A0ACI8SY31
ENSG00000241837	A0ACI8SY32
ENSG00000241837	A0ACI8SY37
ENSG00000241837	A0ACI8SY44
ENSG00000241837	A0ACI8SY93
ENSG00000241837	H7C068
ENSG00000241837	H7C086
ENSG00000241837	H7C239
ENSG00000241837	H7C2P9
ENSG00000242259	Q6P5X5
ENSG00000242259	A0ACI8RHG5
ENSG00000242259	E0CX16
ENSG00000242574	P28068
ENSG00000242574	A0ACI8PV22
ENSG00000242574	A0ACI8QP58
ENSG00000242574	A0ACI8QPY0
ENSG00000242574	A0ACI8RPS3
ENSG00000242574	H0Y4B8
ENSG00000242574	H0Y7A2
ENSG00000242950	Q9UQF0
ENSG00000243156	Q7RTP6
ENSG00000243156	A0A5F9ZHV5
ENSG00000243156	C9J922
ENSG00000243156	E9PP85
ENSG00000243156	J3KRP8
ENSG00000243156	J3KSK6
ENSG00000243156	J3KTB6
ENSG00000243156	J3QLA3
ENSG00000243156	J3QQT0
ENSG00000243156	J3QR21
ENSG00000243710	Q96MR6
ENSG00000243710	A0A087WVY5
ENSG00000243710	A0ACI8SE53
ENSG00000243710	E9PP89
ENSG00000243710	E9PRV3
ENSG00000243710	H7C4D4
ENSG00000244509	Q9NRW3
ENSG00000244509	A0ACI8PNR7
ENSG00000244509	F8WB92
ENSG00000244754	Q92802
ENSG00000244754	A0A6I8PL40
ENSG00000244754	A0A6I8PL95
ENSG00000244754	A0A6I8PRE0
ENSG00000244754	A0A6I8PRI0
ENSG00000244754	A0A6I8PRM1
ENSG00000244754	A0A6I8PRP6
ENSG00000244754	A0A6I8PRR0
ENSG00000244754	A0A6I8PRR5
ENSG00000244754	A0A6I8PRT3
ENSG00000244754	A0A6I8PRV3
ENSG00000244754	A0A6I8PRX5
ENSG00000244754	A0A6I8PRY6
ENSG00000244754	A0A6I8PS46
ENSG00000244754	A0A6I8PU16
ENSG00000244754	D6R968
ENSG00000244754	F6V1K3
ENSG00000248905	Q68DA7
ENSG00000248905	A0A5F9ZHS8
ENSG00000248905	H0YL93
ENSG00000248905	H0YLM7
ENSG00000248905	H0YM30
ENSG00000248905	H0YMP0
ENSG00000254093	Q96BK5
ENSG00000254093	A0ACI8RLR8
ENSG00000254093	E5RGR1
ENSG00000254093	E5RJG9
ENSG00000254093	H0YBF0
ENSG00000255524	E9PQR5
ENSG00000255524	H0YDQ7
ENSG00000255529	P0CAP2
ENSG00000255529	Q6EEV4
ENSG00000255529	E9PP13
ENSG00000255837	P59543
ENSG00000256043	P43234
ENSG00000256043	A0A7I2V4E3
ENSG00000256043	A0A7I2V4S1
ENSG00000256043	A0A7P0T898
ENSG00000256043	A0A7P0T8T8
ENSG00000256043	A0A7P0T996
ENSG00000256043	A0A7P0Z4C4
ENSG00000256043	A0A7P0Z4D8
ENSG00000256043	A0A7P0Z4I5
ENSG00000256043	A0A7P0Z4L5
ENSG00000256043	A0ACI8PD81
ENSG00000256043	A0ACI8RAC3
ENSG00000256043	A0ACI8URH4
ENSG00000256683	Q9GZX5
ENSG00000256683	A0ACI8R7X2
ENSG00000256683	M0QY52
ENSG00000256683	M0QYT6
ENSG00000256683	M0R017
ENSG00000256683	M0R1T8
ENSG00000256812	Q96L46
ENSG00000259030	Q59H18
ENSG00000259030	A0A3B3ITB1
ENSG00000259030	A6NHC7
ENSG00000259030	E9PKE1
ENSG00000259030	V9GXZ4
ENSG00000262576	Q9Y5G9
ENSG00000262814	P52815
ENSG00000262814	A0ACI8QBK8
ENSG00000262814	A0ACI8SM98
ENSG00000263465	Q9BRL6
ENSG00000265241	Q9Y5S9
ENSG00000265241	A0ACI8S4D2
ENSG00000265241	A0ACI8TJ82
ENSG00000275023	P55198
ENSG00000275023	A0A087WVY1
ENSG00000275023	A0A0G2JMN0
ENSG00000275023	A0ACI8S7N9
ENSG00000276043	Q96T88
ENSG00000276043	A0A087WTW0
ENSG00000276043	A0A087WVR3
ENSG00000276043	A0A087WWG9
ENSG00000276043	A0ACI8TNA6
ENSG00000276043	A0ACI8TNH6
ENSG00000276043	A0ACI8US11
ENSG00000277462	Q9BS34
ENSG00000277462	A0ACI8RUW6
ENSG00000277462	A0ACI8S5S0
ENSG00000278053	Q9Y2R4
ENSG00000278053	A0A087WTD6
ENSG00000278053	A0A087X069
ENSG00000278053	A0A087X121
ENSG00000278053	A0A087X1P7
ENSG00000278053	A0ACI8QJT3
ENSG00000278053	A0ACI8U3B8
ENSG00000278053	A0ACI8VF49
ENSG00000282034	A0A0C4DFX4
ENSG00000282034	A0A994J4T5
