source_table	source_record_id	orf_id_a	orf_id_b	ensembl_gene_a	ensembl_gene_b	assay	detection_method_mi	publication_id	negative_definition
5	Luck2020-ST5-line:6	210	5174	ENSG00000184500	ENSG00000115694	Y2H_v1	MI:0018	PMID:32296183	RRS_pair_explicitly_negative_in_Y2H_pairwise_test
5	Luck2020-ST5-line:7	3706	4853	ENSG00000002330	ENSG00000156427	Y2H_v1	MI:0018	PMID:32296183	RRS_pair_explicitly_negative_in_Y2H_pairwise_test
5	Luck2020-ST5-line:10	7647	1228	ENSG00000095261	ENSG00000163393	Y2H_v1	MI:0018	PMID:32296183	RRS_pair_explicitly_negative_in_Y2H_pairwise_test
5	Luck2020-ST5-line:12	5290	9706	ENSG00000180198	ENSG00000172578	Y2H_v1	MI:0018	PMID:32296183	RRS_pair_explicitly_negative_in_Y2H_pairwise_test
5	Luck2020-ST5-line:16	644	1149	ENSG00000100605	ENSG00000168917	Y2H_v1	MI:0018	PMID:32296183	RRS_pair_explicitly_negative_in_Y2H_pairwise_test
5	Luck2020-ST5-line:21	8181	6783	ENSG00000115159	ENSG00000215012	Y2H_v1	MI:0018	PMID:32296183	RRS_pair_explicitly_negative_in_Y2H_pairwise_test
5	Luck2020-ST5-line:22	3174	7186	ENSG00000168291	ENSG00000091732	Y2H_v1	MI:0018	PMID:32296183	RRS_pair_explicitly_negative_in_Y2H_pairwise_test
5	Luck2020-ST5-line:25	1265	9428	ENSG00000151834	ENSG00000152229	Y2H_v1	MI:0018	PMID:32296183	RRS_pair_explicitly_negative_in_Y2H_pairwise_test
5	Luck2020-ST5-line:26	2003	6773	ENSG00000157103	ENSG00000169903	Y2H_v1	MI:0018	PMID:32296183	RRS_pair_explicitly_negative_in_Y2H_pairwise_test
5	Luck2020-ST5-line:27	8353	10233	ENSG00000165197	ENSG00000089775	Y2H_v1	MI:0018	PMID:32296183	RRS_pair_explicitly_negative_in_Y2H_pairwise_test
5	Luck2020-ST5-line:28	1816	4519	ENSG00000020426	ENSG00000144591	Y2H_v1	MI:0018	PMID:32296183	RRS_pair_explicitly_negative_in_Y2H_pairwise_test
5	Luck2020-ST5-line:30	6192	647	ENSG00000174808	ENSG00000130723	Y2H_v1	MI:0018	PMID:32296183	RRS_pair_explicitly_negative_in_Y2H_pairwise_test
5	Luck2020-ST5-line:31	3414	4722	ENSG00000108479	ENSG00000078070	Y2H_v1	MI:0018	PMID:32296183	RRS_pair_explicitly_negative_in_Y2H_pairwise_test
5	Luck2020-ST5-line:33	614	8703	ENSG00000104267	ENSG00000105426	Y2H_v1	MI:0018	PMID:32296183	RRS_pair_explicitly_negative_in_Y2H_pairwise_test
5	Luck2020-ST5-line:34	4506	8366	ENSG00000189058	ENSG00000171195	Y2H_v1	MI:0018	PMID:32296183	RRS_pair_explicitly_negative_in_Y2H_pairwise_test
5	Luck2020-ST5-line:37	6794	9620	ENSG00000171631	ENSG00000234127	Y2H_v1	MI:0018	PMID:32296183	RRS_pair_explicitly_negative_in_Y2H_pairwise_test
5	Luck2020-ST5-line:38	7135	7100	ENSG00000099985	ENSG00000229809	Y2H_v1	MI:0018	PMID:32296183	RRS_pair_explicitly_negative_in_Y2H_pairwise_test
5	Luck2020-ST5-line:48	2556	4956	ENSG00000242574	ENSG00000143801	Y2H_v1	MI:0018	PMID:32296183	RRS_pair_explicitly_negative_in_Y2H_pairwise_test
5	Luck2020-ST5-line:52	6007	2388	ENSG00000177697	ENSG00000164253	Y2H_v1	MI:0018	PMID:32296183	RRS_pair_explicitly_negative_in_Y2H_pairwise_test
5	Luck2020-ST5-line:53	3621	7941	ENSG00000110651	ENSG00000119655	Y2H_v1	MI:0018	PMID:32296183	RRS_pair_explicitly_negative_in_Y2H_pairwise_test
5	Luck2020-ST5-line:59	3890	2492	ENSG00000147140	ENSG00000167995	Y2H_v1	MI:0018	PMID:32296183	RRS_pair_explicitly_negative_in_Y2H_pairwise_test
5	Luck2020-ST5-line:71	1290	2139	ENSG00000135447	ENSG00000205593	Y2H_v1	MI:0018	PMID:32296183	RRS_pair_explicitly_negative_in_Y2H_pairwise_test
5	Luck2020-ST5-line:73	5567	858	ENSG00000057149	ENSG00000104671	Y2H_v1	MI:0018	PMID:32296183	RRS_pair_explicitly_negative_in_Y2H_pairwise_test
5	Luck2020-ST5-line:75	3048	10130	ENSG00000160191	ENSG00000139890	Y2H_v1	MI:0018	PMID:32296183	RRS_pair_explicitly_negative_in_Y2H_pairwise_test
5	Luck2020-ST5-line:79	26	10053	ENSG00000099783	ENSG00000121858	Y2H_v1	MI:0018	PMID:32296183	RRS_pair_explicitly_negative_in_Y2H_pairwise_test
5	Luck2020-ST5-line:80	9468	7932	ENSG00000105639	ENSG00000100554	Y2H_v1	MI:0018	PMID:32296183	RRS_pair_explicitly_negative_in_Y2H_pairwise_test
5	Luck2020-ST5-line:90	273	5046	ENSG00000100442	ENSG00000124588	Y2H_v1	MI:0018	PMID:32296183	RRS_pair_explicitly_negative_in_Y2H_pairwise_test
5	Luck2020-ST5-line:93	8325	3422	ENSG00000185245	ENSG00000130202	Y2H_v1	MI:0018	PMID:32296183	RRS_pair_explicitly_negative_in_Y2H_pairwise_test
5	Luck2020-ST5-line:94	4276	4538	ENSG00000164978	ENSG00000116691	Y2H_v1	MI:0018	PMID:32296183	RRS_pair_explicitly_negative_in_Y2H_pairwise_test
5	Luck2020-ST5-line:105	1909	1235	ENSG00000129083	ENSG00000116983	Y2H_v1	MI:0018	PMID:32296183	RRS_pair_explicitly_negative_in_Y2H_pairwise_test
5	Luck2020-ST5-line:107	4367	5892	ENSG00000104853	ENSG00000100395	Y2H_v1	MI:0018	PMID:32296183	RRS_pair_explicitly_negative_in_Y2H_pairwise_test
5	Luck2020-ST5-line:108	7772	5546	ENSG00000197170	ENSG00000119878	Y2H_v1	MI:0018	PMID:32296183	RRS_pair_explicitly_negative_in_Y2H_pairwise_test
5	Luck2020-ST5-line:112	6684	8186	ENSG00000241837	ENSG00000069493	Y2H_v1	MI:0018	PMID:32296183	RRS_pair_explicitly_negative_in_Y2H_pairwise_test
5	Luck2020-ST5-line:114	9802	4568	ENSG00000115170	ENSG00000095485	Y2H_v1	MI:0018	PMID:32296183	RRS_pair_explicitly_negative_in_Y2H_pairwise_test
5	Luck2020-ST5-line:116	8458	2716	ENSG00000183486	ENSG00000075188	Y2H_v1	MI:0018	PMID:32296183	RRS_pair_explicitly_negative_in_Y2H_pairwise_test
5	Luck2020-ST5-line:118	7647	9395	ENSG00000095261	ENSG00000171772	Y2H_v1	MI:0018	PMID:32296183	RRS_pair_explicitly_negative_in_Y2H_pairwise_test
5	Luck2020-ST5-line:124	1279	6173	ENSG00000069535	ENSG00000102974	Y2H_v1	MI:0018	PMID:32296183	RRS_pair_explicitly_negative_in_Y2H_pairwise_test
5	Luck2020-ST5-line:125	1395	5929	ENSG00000130176	ENSG00000148985	Y2H_v1	MI:0018	PMID:32296183	RRS_pair_explicitly_negative_in_Y2H_pairwise_test
5	Luck2020-ST5-line:127	2676	8189	ENSG00000174059	ENSG00000124104	Y2H_v1	MI:0018	PMID:32296183	RRS_pair_explicitly_negative_in_Y2H_pairwise_test
5	Luck2020-ST5-line:132	3425	5588	ENSG00000204231	ENSG00000169248	Y2H_v1	MI:0018	PMID:32296183	RRS_pair_explicitly_negative_in_Y2H_pairwise_test
5	Luck2020-ST5-line:135	2618	10157	ENSG00000143256	ENSG00000171295	Y2H_v1	MI:0018	PMID:32296183	RRS_pair_explicitly_negative_in_Y2H_pairwise_test
5	Luck2020-ST5-line:136	8330	5222	ENSG00000112175	ENSG00000197771	Y2H_v1	MI:0018	PMID:32296183	RRS_pair_explicitly_negative_in_Y2H_pairwise_test
5	Luck2020-ST5-line:137	4080	3926	ENSG00000187837	ENSG00000107281	Y2H_v1	MI:0018	PMID:32296183	RRS_pair_explicitly_negative_in_Y2H_pairwise_test
5	Luck2020-ST5-line:138	8668	3828	ENSG00000168314	ENSG00000131368	Y2H_v1	MI:0018	PMID:32296183	RRS_pair_explicitly_negative_in_Y2H_pairwise_test
5	Luck2020-ST5-line:139	7722	2692	ENSG00000156006	ENSG00000086061	Y2H_v1	MI:0018	PMID:32296183	RRS_pair_explicitly_negative_in_Y2H_pairwise_test
5	Luck2020-ST5-line:140	3789	9931	ENSG00000127022	ENSG00000198844	Y2H_v1	MI:0018	PMID:32296183	RRS_pair_explicitly_negative_in_Y2H_pairwise_test
5	Luck2020-ST5-line:141	9391	7101	ENSG00000077157	ENSG00000187626	Y2H_v1	MI:0018	PMID:32296183	RRS_pair_explicitly_negative_in_Y2H_pairwise_test
5	Luck2020-ST5-line:142	2723	9750	ENSG00000147862	ENSG00000150455	Y2H_v1	MI:0018	PMID:32296183	RRS_pair_explicitly_negative_in_Y2H_pairwise_test
5	Luck2020-ST5-line:153	1909	7666	ENSG00000129083	ENSG00000104635	Y2H_v1	MI:0018	PMID:32296183	RRS_pair_explicitly_negative_in_Y2H_pairwise_test
5	Luck2020-ST5-line:155	3341	8297	ENSG00000166165	ENSG00000130656	Y2H_v1	MI:0018	PMID:32296183	RRS_pair_explicitly_negative_in_Y2H_pairwise_test
5	Luck2020-ST5-line:160	1160	1177	ENSG00000183395	ENSG00000166405	Y2H_v1	MI:0018	PMID:32296183	RRS_pair_explicitly_negative_in_Y2H_pairwise_test
5	Luck2020-ST5-line:169	8362	9594	ENSG00000183072	ENSG00000169826	Y2H_v1	MI:0018	PMID:32296183	RRS_pair_explicitly_negative_in_Y2H_pairwise_test
5	Luck2020-ST5-line:171	6035	7182	ENSG00000073060	ENSG00000056487	Y2H_v1	MI:0018	PMID:32296183	RRS_pair_explicitly_negative_in_Y2H_pairwise_test
5	Luck2020-ST5-line:177	3422	8325	ENSG00000130202	ENSG00000185245	Y2H_v1	MI:0018	PMID:32296183	RRS_pair_explicitly_negative_in_Y2H_pairwise_test
5	Luck2020-ST5-line:178	4538	4276	ENSG00000116691	ENSG00000164978	Y2H_v1	MI:0018	PMID:32296183	RRS_pair_explicitly_negative_in_Y2H_pairwise_test
5	Luck2020-ST5-line:183	1489	5263	ENSG00000120658	ENSG00000101057	Y2H_v1	MI:0018	PMID:32296183	RRS_pair_explicitly_negative_in_Y2H_pairwise_test
5	Luck2020-ST5-line:189	1235	1909	ENSG00000116983	ENSG00000129083	Y2H_v1	MI:0018	PMID:32296183	RRS_pair_explicitly_negative_in_Y2H_pairwise_test
5	Luck2020-ST5-line:191	5892	4367	ENSG00000100395	ENSG00000104853	Y2H_v1	MI:0018	PMID:32296183	RRS_pair_explicitly_negative_in_Y2H_pairwise_test
5	Luck2020-ST5-line:192	5546	7772	ENSG00000119878	ENSG00000197170	Y2H_v1	MI:0018	PMID:32296183	RRS_pair_explicitly_negative_in_Y2H_pairwise_test
5	Luck2020-ST5-line:196	8186	6684	ENSG00000069493	ENSG00000241837	Y2H_v1	MI:0018	PMID:32296183	RRS_pair_explicitly_negative_in_Y2H_pairwise_test
5	Luck2020-ST5-line:198	4568	9802	ENSG00000095485	ENSG00000115170	Y2H_v1	MI:0018	PMID:32296183	RRS_pair_explicitly_negative_in_Y2H_pairwise_test
5	Luck2020-ST5-line:204	88	469	ENSG00000164332	ENSG00000151689	Y2H_v1	MI:0018	PMID:32296183	RRS_pair_explicitly_negative_in_Y2H_pairwise_test
5	Luck2020-ST5-line:208	6173	1279	ENSG00000102974	ENSG00000069535	Y2H_v1	MI:0018	PMID:32296183	RRS_pair_explicitly_negative_in_Y2H_pairwise_test
5	Luck2020-ST5-line:209	5929	1395	ENSG00000148985	ENSG00000130176	Y2H_v1	MI:0018	PMID:32296183	RRS_pair_explicitly_negative_in_Y2H_pairwise_test
5	Luck2020-ST5-line:216	5588	3425	ENSG00000169248	ENSG00000204231	Y2H_v1	MI:0018	PMID:32296183	RRS_pair_explicitly_negative_in_Y2H_pairwise_test
5	Luck2020-ST5-line:219	10157	2618	ENSG00000171295	ENSG00000143256	Y2H_v1	MI:0018	PMID:32296183	RRS_pair_explicitly_negative_in_Y2H_pairwise_test
5	Luck2020-ST5-line:220	5222	8330	ENSG00000197771	ENSG00000112175	Y2H_v1	MI:0018	PMID:32296183	RRS_pair_explicitly_negative_in_Y2H_pairwise_test
5	Luck2020-ST5-line:221	3926	4080	ENSG00000107281	ENSG00000187837	Y2H_v1	MI:0018	PMID:32296183	RRS_pair_explicitly_negative_in_Y2H_pairwise_test
5	Luck2020-ST5-line:222	3828	8668	ENSG00000131368	ENSG00000168314	Y2H_v1	MI:0018	PMID:32296183	RRS_pair_explicitly_negative_in_Y2H_pairwise_test
5	Luck2020-ST5-line:223	2692	7722	ENSG00000086061	ENSG00000156006	Y2H_v1	MI:0018	PMID:32296183	RRS_pair_explicitly_negative_in_Y2H_pairwise_test
5	Luck2020-ST5-line:224	9931	3789	ENSG00000198844	ENSG00000127022	Y2H_v1	MI:0018	PMID:32296183	RRS_pair_explicitly_negative_in_Y2H_pairwise_test
5	Luck2020-ST5-line:225	7101	9391	ENSG00000187626	ENSG00000077157	Y2H_v1	MI:0018	PMID:32296183	RRS_pair_explicitly_negative_in_Y2H_pairwise_test
5	Luck2020-ST5-line:226	9750	2723	ENSG00000150455	ENSG00000147862	Y2H_v1	MI:0018	PMID:32296183	RRS_pair_explicitly_negative_in_Y2H_pairwise_test
5	Luck2020-ST5-line:236	7536	5220	ENSG00000198088	ENSG00000155366	Y2H_v1	MI:0018	PMID:32296183	RRS_pair_explicitly_negative_in_Y2H_pairwise_test
5	Luck2020-ST5-line:253	9594	8362	ENSG00000169826	ENSG00000183072	Y2H_v1	MI:0018	PMID:32296183	RRS_pair_explicitly_negative_in_Y2H_pairwise_test
5	Luck2020-ST5-line:254	5664	2622	ENSG00000170860	ENSG00000026103	Y2H_v1	MI:0018	PMID:32296183	RRS_pair_explicitly_negative_in_Y2H_pairwise_test
5	Luck2020-ST5-line:255	7182	6035	ENSG00000056487	ENSG00000073060	Y2H_v1	MI:0018	PMID:32296183	RRS_pair_explicitly_negative_in_Y2H_pairwise_test
5	Luck2020-ST5-line:265	4853	3706	ENSG00000156427	ENSG00000002330	Y2H_v1	MI:0018	PMID:32296183	RRS_pair_explicitly_negative_in_Y2H_pairwise_test
5	Luck2020-ST5-line:268	1228	7647	ENSG00000163393	ENSG00000095261	Y2H_v1	MI:0018	PMID:32296183	RRS_pair_explicitly_negative_in_Y2H_pairwise_test
5	Luck2020-ST5-line:270	9706	5290	ENSG00000172578	ENSG00000180198	Y2H_v1	MI:0018	PMID:32296183	RRS_pair_explicitly_negative_in_Y2H_pairwise_test
5	Luck2020-ST5-line:274	1149	644	ENSG00000168917	ENSG00000100605	Y2H_v1	MI:0018	PMID:32296183	RRS_pair_explicitly_negative_in_Y2H_pairwise_test
5	Luck2020-ST5-line:279	6783	8181	ENSG00000215012	ENSG00000115159	Y2H_v1	MI:0018	PMID:32296183	RRS_pair_explicitly_negative_in_Y2H_pairwise_test
5	Luck2020-ST5-line:280	7186	3174	ENSG00000091732	ENSG00000168291	Y2H_v1	MI:0018	PMID:32296183	RRS_pair_explicitly_negative_in_Y2H_pairwise_test
5	Luck2020-ST5-line:283	9428	1265	ENSG00000152229	ENSG00000151834	Y2H_v1	MI:0018	PMID:32296183	RRS_pair_explicitly_negative_in_Y2H_pairwise_test
5	Luck2020-ST5-line:284	6773	2003	ENSG00000169903	ENSG00000157103	Y2H_v1	MI:0018	PMID:32296183	RRS_pair_explicitly_negative_in_Y2H_pairwise_test
5	Luck2020-ST5-line:285	10233	8353	ENSG00000089775	ENSG00000165197	Y2H_v1	MI:0018	PMID:32296183	RRS_pair_explicitly_negative_in_Y2H_pairwise_test
5	Luck2020-ST5-line:286	4519	1816	ENSG00000144591	ENSG00000020426	Y2H_v1	MI:0018	PMID:32296183	RRS_pair_explicitly_negative_in_Y2H_pairwise_test
5	Luck2020-ST5-line:288	647	6192	ENSG00000130723	ENSG00000174808	Y2H_v1	MI:0018	PMID:32296183	RRS_pair_explicitly_negative_in_Y2H_pairwise_test
5	Luck2020-ST5-line:289	4722	3414	ENSG00000078070	ENSG00000108479	Y2H_v1	MI:0018	PMID:32296183	RRS_pair_explicitly_negative_in_Y2H_pairwise_test
5	Luck2020-ST5-line:291	8703	614	ENSG00000105426	ENSG00000104267	Y2H_v1	MI:0018	PMID:32296183	RRS_pair_explicitly_negative_in_Y2H_pairwise_test
5	Luck2020-ST5-line:292	8366	4506	ENSG00000171195	ENSG00000189058	Y2H_v1	MI:0018	PMID:32296183	RRS_pair_explicitly_negative_in_Y2H_pairwise_test
5	Luck2020-ST5-line:295	9620	6794	ENSG00000234127	ENSG00000171631	Y2H_v1	MI:0018	PMID:32296183	RRS_pair_explicitly_negative_in_Y2H_pairwise_test
5	Luck2020-ST5-line:296	7100	7135	ENSG00000229809	ENSG00000099985	Y2H_v1	MI:0018	PMID:32296183	RRS_pair_explicitly_negative_in_Y2H_pairwise_test
5	Luck2020-ST5-line:304	5598	5627	ENSG00000115263	ENSG00000170323	Y2H_v1	MI:0018	PMID:32296183	RRS_pair_explicitly_negative_in_Y2H_pairwise_test
5	Luck2020-ST5-line:306	4956	2556	ENSG00000143801	ENSG00000242574	Y2H_v1	MI:0018	PMID:32296183	RRS_pair_explicitly_negative_in_Y2H_pairwise_test
5	Luck2020-ST5-line:310	2388	6007	ENSG00000164253	ENSG00000177697	Y2H_v1	MI:0018	PMID:32296183	RRS_pair_explicitly_negative_in_Y2H_pairwise_test
5	Luck2020-ST5-line:311	7941	3621	ENSG00000119655	ENSG00000110651	Y2H_v1	MI:0018	PMID:32296183	RRS_pair_explicitly_negative_in_Y2H_pairwise_test
5	Luck2020-ST5-line:317	2492	3890	ENSG00000167995	ENSG00000147140	Y2H_v1	MI:0018	PMID:32296183	RRS_pair_explicitly_negative_in_Y2H_pairwise_test
5	Luck2020-ST5-line:318	4284	9079	ENSG00000131507	ENSG00000134853	Y2H_v1	MI:0018	PMID:32296183	RRS_pair_explicitly_negative_in_Y2H_pairwise_test
5	Luck2020-ST5-line:320	3683	3743	ENSG00000184787	ENSG00000005893	Y2H_v1	MI:0018	PMID:32296183	RRS_pair_explicitly_negative_in_Y2H_pairwise_test
5	Luck2020-ST5-line:323	5946	5533	ENSG00000256683	ENSG00000119414	Y2H_v1	MI:0018	PMID:32296183	RRS_pair_explicitly_negative_in_Y2H_pairwise_test
5	Luck2020-ST5-line:324	8764	5114	ENSG00000144857	ENSG00000169213	Y2H_v1	MI:0018	PMID:32296183	RRS_pair_explicitly_negative_in_Y2H_pairwise_test
5	Luck2020-ST5-line:327	3370	7320	ENSG00000113758	ENSG00000100299	Y2H_v1	MI:0018	PMID:32296183	RRS_pair_explicitly_negative_in_Y2H_pairwise_test
5	Luck2020-ST5-line:329	2139	1290	ENSG00000205593	ENSG00000135447	Y2H_v1	MI:0018	PMID:32296183	RRS_pair_explicitly_negative_in_Y2H_pairwise_test
5	Luck2020-ST5-line:338	7932	9468	ENSG00000100554	ENSG00000105639	Y2H_v1	MI:0018	PMID:32296183	RRS_pair_explicitly_negative_in_Y2H_pairwise_test
5	Luck2020-ST5-line:348	5046	273	ENSG00000124588	ENSG00000100442	Y2H_v1	MI:0018	PMID:32296183	RRS_pair_explicitly_negative_in_Y2H_pairwise_test
5	Luck2020-ST5-line:354	210	5174	ENSG00000184500	ENSG00000115694	Y2H_v2	MI:0018	PMID:32296183	RRS_pair_explicitly_negative_in_Y2H_pairwise_test
5	Luck2020-ST5-line:355	3706	4853	ENSG00000002330	ENSG00000156427	Y2H_v2	MI:0018	PMID:32296183	RRS_pair_explicitly_negative_in_Y2H_pairwise_test
5	Luck2020-ST5-line:358	7647	1228	ENSG00000095261	ENSG00000163393	Y2H_v2	MI:0018	PMID:32296183	RRS_pair_explicitly_negative_in_Y2H_pairwise_test
5	Luck2020-ST5-line:360	5290	9706	ENSG00000180198	ENSG00000172578	Y2H_v2	MI:0018	PMID:32296183	RRS_pair_explicitly_negative_in_Y2H_pairwise_test
5	Luck2020-ST5-line:364	644	1149	ENSG00000100605	ENSG00000168917	Y2H_v2	MI:0018	PMID:32296183	RRS_pair_explicitly_negative_in_Y2H_pairwise_test
5	Luck2020-ST5-line:369	8181	6783	ENSG00000115159	ENSG00000215012	Y2H_v2	MI:0018	PMID:32296183	RRS_pair_explicitly_negative_in_Y2H_pairwise_test
5	Luck2020-ST5-line:370	3174	7186	ENSG00000168291	ENSG00000091732	Y2H_v2	MI:0018	PMID:32296183	RRS_pair_explicitly_negative_in_Y2H_pairwise_test
5	Luck2020-ST5-line:373	1265	9428	ENSG00000151834	ENSG00000152229	Y2H_v2	MI:0018	PMID:32296183	RRS_pair_explicitly_negative_in_Y2H_pairwise_test
5	Luck2020-ST5-line:374	2003	6773	ENSG00000157103	ENSG00000169903	Y2H_v2	MI:0018	PMID:32296183	RRS_pair_explicitly_negative_in_Y2H_pairwise_test
5	Luck2020-ST5-line:375	8353	10233	ENSG00000165197	ENSG00000089775	Y2H_v2	MI:0018	PMID:32296183	RRS_pair_explicitly_negative_in_Y2H_pairwise_test
5	Luck2020-ST5-line:376	1816	4519	ENSG00000020426	ENSG00000144591	Y2H_v2	MI:0018	PMID:32296183	RRS_pair_explicitly_negative_in_Y2H_pairwise_test
5	Luck2020-ST5-line:378	6192	647	ENSG00000174808	ENSG00000130723	Y2H_v2	MI:0018	PMID:32296183	RRS_pair_explicitly_negative_in_Y2H_pairwise_test
5	Luck2020-ST5-line:379	3414	4722	ENSG00000108479	ENSG00000078070	Y2H_v2	MI:0018	PMID:32296183	RRS_pair_explicitly_negative_in_Y2H_pairwise_test
5	Luck2020-ST5-line:380	3535	5887	ENSG00000102119	ENSG00000104442	Y2H_v2	MI:0018	PMID:32296183	RRS_pair_explicitly_negative_in_Y2H_pairwise_test
5	Luck2020-ST5-line:381	614	8703	ENSG00000104267	ENSG00000105426	Y2H_v2	MI:0018	PMID:32296183	RRS_pair_explicitly_negative_in_Y2H_pairwise_test
5	Luck2020-ST5-line:382	4506	8366	ENSG00000189058	ENSG00000171195	Y2H_v2	MI:0018	PMID:32296183	RRS_pair_explicitly_negative_in_Y2H_pairwise_test
5	Luck2020-ST5-line:385	6794	9620	ENSG00000171631	ENSG00000234127	Y2H_v2	MI:0018	PMID:32296183	RRS_pair_explicitly_negative_in_Y2H_pairwise_test
5	Luck2020-ST5-line:386	7135	7100	ENSG00000099985	ENSG00000229809	Y2H_v2	MI:0018	PMID:32296183	RRS_pair_explicitly_negative_in_Y2H_pairwise_test
5	Luck2020-ST5-line:396	2556	4956	ENSG00000242574	ENSG00000143801	Y2H_v2	MI:0018	PMID:32296183	RRS_pair_explicitly_negative_in_Y2H_pairwise_test
5	Luck2020-ST5-line:400	6007	2388	ENSG00000177697	ENSG00000164253	Y2H_v2	MI:0018	PMID:32296183	RRS_pair_explicitly_negative_in_Y2H_pairwise_test
5	Luck2020-ST5-line:401	3621	7941	ENSG00000110651	ENSG00000119655	Y2H_v2	MI:0018	PMID:32296183	RRS_pair_explicitly_negative_in_Y2H_pairwise_test
5	Luck2020-ST5-line:407	3890	2492	ENSG00000147140	ENSG00000167995	Y2H_v2	MI:0018	PMID:32296183	RRS_pair_explicitly_negative_in_Y2H_pairwise_test
5	Luck2020-ST5-line:408	9079	4284	ENSG00000134853	ENSG00000131507	Y2H_v2	MI:0018	PMID:32296183	RRS_pair_explicitly_negative_in_Y2H_pairwise_test
5	Luck2020-ST5-line:409	5855	1683	ENSG00000180353	ENSG00000165821	Y2H_v2	MI:0018	PMID:32296183	RRS_pair_explicitly_negative_in_Y2H_pairwise_test
5	Luck2020-ST5-line:413	5533	5946	ENSG00000119414	ENSG00000256683	Y2H_v2	MI:0018	PMID:32296183	RRS_pair_explicitly_negative_in_Y2H_pairwise_test
5	Luck2020-ST5-line:414	5114	8764	ENSG00000169213	ENSG00000144857	Y2H_v2	MI:0018	PMID:32296183	RRS_pair_explicitly_negative_in_Y2H_pairwise_test
5	Luck2020-ST5-line:417	7320	3370	ENSG00000100299	ENSG00000113758	Y2H_v2	MI:0018	PMID:32296183	RRS_pair_explicitly_negative_in_Y2H_pairwise_test
5	Luck2020-ST5-line:419	1290	2139	ENSG00000135447	ENSG00000205593	Y2H_v2	MI:0018	PMID:32296183	RRS_pair_explicitly_negative_in_Y2H_pairwise_test
5	Luck2020-ST5-line:421	5567	858	ENSG00000057149	ENSG00000104671	Y2H_v2	MI:0018	PMID:32296183	RRS_pair_explicitly_negative_in_Y2H_pairwise_test
5	Luck2020-ST5-line:423	3048	10130	ENSG00000160191	ENSG00000139890	Y2H_v2	MI:0018	PMID:32296183	RRS_pair_explicitly_negative_in_Y2H_pairwise_test
5	Luck2020-ST5-line:427	26	10053	ENSG00000099783	ENSG00000121858	Y2H_v2	MI:0018	PMID:32296183	RRS_pair_explicitly_negative_in_Y2H_pairwise_test
5	Luck2020-ST5-line:428	9468	7932	ENSG00000105639	ENSG00000100554	Y2H_v2	MI:0018	PMID:32296183	RRS_pair_explicitly_negative_in_Y2H_pairwise_test
5	Luck2020-ST5-line:438	273	5046	ENSG00000100442	ENSG00000124588	Y2H_v2	MI:0018	PMID:32296183	RRS_pair_explicitly_negative_in_Y2H_pairwise_test
5	Luck2020-ST5-line:441	8325	3422	ENSG00000185245	ENSG00000130202	Y2H_v2	MI:0018	PMID:32296183	RRS_pair_explicitly_negative_in_Y2H_pairwise_test
5	Luck2020-ST5-line:442	4276	4538	ENSG00000164978	ENSG00000116691	Y2H_v2	MI:0018	PMID:32296183	RRS_pair_explicitly_negative_in_Y2H_pairwise_test
5	Luck2020-ST5-line:453	1909	1235	ENSG00000129083	ENSG00000116983	Y2H_v2	MI:0018	PMID:32296183	RRS_pair_explicitly_negative_in_Y2H_pairwise_test
5	Luck2020-ST5-line:455	4367	5892	ENSG00000104853	ENSG00000100395	Y2H_v2	MI:0018	PMID:32296183	RRS_pair_explicitly_negative_in_Y2H_pairwise_test
5	Luck2020-ST5-line:456	7772	5546	ENSG00000197170	ENSG00000119878	Y2H_v2	MI:0018	PMID:32296183	RRS_pair_explicitly_negative_in_Y2H_pairwise_test
5	Luck2020-ST5-line:460	6684	8186	ENSG00000241837	ENSG00000069493	Y2H_v2	MI:0018	PMID:32296183	RRS_pair_explicitly_negative_in_Y2H_pairwise_test
5	Luck2020-ST5-line:462	9802	4568	ENSG00000115170	ENSG00000095485	Y2H_v2	MI:0018	PMID:32296183	RRS_pair_explicitly_negative_in_Y2H_pairwise_test
5	Luck2020-ST5-line:464	8458	2716	ENSG00000183486	ENSG00000075188	Y2H_v2	MI:0018	PMID:32296183	RRS_pair_explicitly_negative_in_Y2H_pairwise_test
5	Luck2020-ST5-line:466	7647	9395	ENSG00000095261	ENSG00000171772	Y2H_v2	MI:0018	PMID:32296183	RRS_pair_explicitly_negative_in_Y2H_pairwise_test
5	Luck2020-ST5-line:472	1279	6173	ENSG00000069535	ENSG00000102974	Y2H_v2	MI:0018	PMID:32296183	RRS_pair_explicitly_negative_in_Y2H_pairwise_test
5	Luck2020-ST5-line:473	1395	5929	ENSG00000130176	ENSG00000148985	Y2H_v2	MI:0018	PMID:32296183	RRS_pair_explicitly_negative_in_Y2H_pairwise_test
5	Luck2020-ST5-line:475	2676	8189	ENSG00000174059	ENSG00000124104	Y2H_v2	MI:0018	PMID:32296183	RRS_pair_explicitly_negative_in_Y2H_pairwise_test
5	Luck2020-ST5-line:480	3425	5588	ENSG00000204231	ENSG00000169248	Y2H_v2	MI:0018	PMID:32296183	RRS_pair_explicitly_negative_in_Y2H_pairwise_test
5	Luck2020-ST5-line:482	2694	4782	ENSG00000102317	ENSG00000099995	Y2H_v2	MI:0018	PMID:32296183	RRS_pair_explicitly_negative_in_Y2H_pairwise_test
5	Luck2020-ST5-line:483	2618	10157	ENSG00000143256	ENSG00000171295	Y2H_v2	MI:0018	PMID:32296183	RRS_pair_explicitly_negative_in_Y2H_pairwise_test
5	Luck2020-ST5-line:484	8330	5222	ENSG00000112175	ENSG00000197771	Y2H_v2	MI:0018	PMID:32296183	RRS_pair_explicitly_negative_in_Y2H_pairwise_test
5	Luck2020-ST5-line:485	4080	3926	ENSG00000187837	ENSG00000107281	Y2H_v2	MI:0018	PMID:32296183	RRS_pair_explicitly_negative_in_Y2H_pairwise_test
5	Luck2020-ST5-line:486	8668	3828	ENSG00000168314	ENSG00000131368	Y2H_v2	MI:0018	PMID:32296183	RRS_pair_explicitly_negative_in_Y2H_pairwise_test
5	Luck2020-ST5-line:487	7722	2692	ENSG00000156006	ENSG00000086061	Y2H_v2	MI:0018	PMID:32296183	RRS_pair_explicitly_negative_in_Y2H_pairwise_test
5	Luck2020-ST5-line:488	3789	9931	ENSG00000127022	ENSG00000198844	Y2H_v2	MI:0018	PMID:32296183	RRS_pair_explicitly_negative_in_Y2H_pairwise_test
5	Luck2020-ST5-line:489	9391	7101	ENSG00000077157	ENSG00000187626	Y2H_v2	MI:0018	PMID:32296183	RRS_pair_explicitly_negative_in_Y2H_pairwise_test
5	Luck2020-ST5-line:490	2723	9750	ENSG00000147862	ENSG00000150455	Y2H_v2	MI:0018	PMID:32296183	RRS_pair_explicitly_negative_in_Y2H_pairwise_test
5	Luck2020-ST5-line:500	5220	7536	ENSG00000155366	ENSG00000198088	Y2H_v2	MI:0018	PMID:32296183	RRS_pair_explicitly_negative_in_Y2H_pairwise_test
5	Luck2020-ST5-line:501	1909	7666	ENSG00000129083	ENSG00000104635	Y2H_v2	MI:0018	PMID:32296183	RRS_pair_explicitly_negative_in_Y2H_pairwise_test
5	Luck2020-ST5-line:503	3341	8297	ENSG00000166165	ENSG00000130656	Y2H_v2	MI:0018	PMID:32296183	RRS_pair_explicitly_negative_in_Y2H_pairwise_test
5	Luck2020-ST5-line:505	2826	6535	ENSG00000125245	ENSG00000143889	Y2H_v2	MI:0018	PMID:32296183	RRS_pair_explicitly_negative_in_Y2H_pairwise_test
5	Luck2020-ST5-line:508	1160	1177	ENSG00000183395	ENSG00000166405	Y2H_v2	MI:0018	PMID:32296183	RRS_pair_explicitly_negative_in_Y2H_pairwise_test
5	Luck2020-ST5-line:517	8362	9594	ENSG00000183072	ENSG00000169826	Y2H_v2	MI:0018	PMID:32296183	RRS_pair_explicitly_negative_in_Y2H_pairwise_test
5	Luck2020-ST5-line:519	6035	7182	ENSG00000073060	ENSG00000056487	Y2H_v2	MI:0018	PMID:32296183	RRS_pair_explicitly_negative_in_Y2H_pairwise_test
5	Luck2020-ST5-line:525	3422	8325	ENSG00000130202	ENSG00000185245	Y2H_v2	MI:0018	PMID:32296183	RRS_pair_explicitly_negative_in_Y2H_pairwise_test
5	Luck2020-ST5-line:526	4538	4276	ENSG00000116691	ENSG00000164978	Y2H_v2	MI:0018	PMID:32296183	RRS_pair_explicitly_negative_in_Y2H_pairwise_test
5	Luck2020-ST5-line:531	1489	5263	ENSG00000120658	ENSG00000101057	Y2H_v2	MI:0018	PMID:32296183	RRS_pair_explicitly_negative_in_Y2H_pairwise_test
5	Luck2020-ST5-line:537	1235	1909	ENSG00000116983	ENSG00000129083	Y2H_v2	MI:0018	PMID:32296183	RRS_pair_explicitly_negative_in_Y2H_pairwise_test
5	Luck2020-ST5-line:539	5892	4367	ENSG00000100395	ENSG00000104853	Y2H_v2	MI:0018	PMID:32296183	RRS_pair_explicitly_negative_in_Y2H_pairwise_test
5	Luck2020-ST5-line:540	5546	7772	ENSG00000119878	ENSG00000197170	Y2H_v2	MI:0018	PMID:32296183	RRS_pair_explicitly_negative_in_Y2H_pairwise_test
5	Luck2020-ST5-line:544	8186	6684	ENSG00000069493	ENSG00000241837	Y2H_v2	MI:0018	PMID:32296183	RRS_pair_explicitly_negative_in_Y2H_pairwise_test
5	Luck2020-ST5-line:546	4568	9802	ENSG00000095485	ENSG00000115170	Y2H_v2	MI:0018	PMID:32296183	RRS_pair_explicitly_negative_in_Y2H_pairwise_test
5	Luck2020-ST5-line:552	88	469	ENSG00000164332	ENSG00000151689	Y2H_v2	MI:0018	PMID:32296183	RRS_pair_explicitly_negative_in_Y2H_pairwise_test
5	Luck2020-ST5-line:556	6173	1279	ENSG00000102974	ENSG00000069535	Y2H_v2	MI:0018	PMID:32296183	RRS_pair_explicitly_negative_in_Y2H_pairwise_test
5	Luck2020-ST5-line:557	5929	1395	ENSG00000148985	ENSG00000130176	Y2H_v2	MI:0018	PMID:32296183	RRS_pair_explicitly_negative_in_Y2H_pairwise_test
5	Luck2020-ST5-line:564	5588	3425	ENSG00000169248	ENSG00000204231	Y2H_v2	MI:0018	PMID:32296183	RRS_pair_explicitly_negative_in_Y2H_pairwise_test
5	Luck2020-ST5-line:566	4782	2694	ENSG00000099995	ENSG00000102317	Y2H_v2	MI:0018	PMID:32296183	RRS_pair_explicitly_negative_in_Y2H_pairwise_test
5	Luck2020-ST5-line:567	10157	2618	ENSG00000171295	ENSG00000143256	Y2H_v2	MI:0018	PMID:32296183	RRS_pair_explicitly_negative_in_Y2H_pairwise_test
5	Luck2020-ST5-line:568	5222	8330	ENSG00000197771	ENSG00000112175	Y2H_v2	MI:0018	PMID:32296183	RRS_pair_explicitly_negative_in_Y2H_pairwise_test
5	Luck2020-ST5-line:569	3926	4080	ENSG00000107281	ENSG00000187837	Y2H_v2	MI:0018	PMID:32296183	RRS_pair_explicitly_negative_in_Y2H_pairwise_test
5	Luck2020-ST5-line:570	3828	8668	ENSG00000131368	ENSG00000168314	Y2H_v2	MI:0018	PMID:32296183	RRS_pair_explicitly_negative_in_Y2H_pairwise_test
5	Luck2020-ST5-line:571	2692	7722	ENSG00000086061	ENSG00000156006	Y2H_v2	MI:0018	PMID:32296183	RRS_pair_explicitly_negative_in_Y2H_pairwise_test
5	Luck2020-ST5-line:572	9931	3789	ENSG00000198844	ENSG00000127022	Y2H_v2	MI:0018	PMID:32296183	RRS_pair_explicitly_negative_in_Y2H_pairwise_test
5	Luck2020-ST5-line:573	7101	9391	ENSG00000187626	ENSG00000077157	Y2H_v2	MI:0018	PMID:32296183	RRS_pair_explicitly_negative_in_Y2H_pairwise_test
5	Luck2020-ST5-line:574	9750	2723	ENSG00000150455	ENSG00000147862	Y2H_v2	MI:0018	PMID:32296183	RRS_pair_explicitly_negative_in_Y2H_pairwise_test
5	Luck2020-ST5-line:575	1444	8886	ENSG00000179021	ENSG00000065361	Y2H_v2	MI:0018	PMID:32296183	RRS_pair_explicitly_negative_in_Y2H_pairwise_test
5	Luck2020-ST5-line:584	7536	5220	ENSG00000198088	ENSG00000155366	Y2H_v2	MI:0018	PMID:32296183	RRS_pair_explicitly_negative_in_Y2H_pairwise_test
5	Luck2020-ST5-line:587	8297	3341	ENSG00000130656	ENSG00000166165	Y2H_v2	MI:0018	PMID:32296183	RRS_pair_explicitly_negative_in_Y2H_pairwise_test
5	Luck2020-ST5-line:589	6535	2826	ENSG00000143889	ENSG00000125245	Y2H_v2	MI:0018	PMID:32296183	RRS_pair_explicitly_negative_in_Y2H_pairwise_test
5	Luck2020-ST5-line:601	9594	8362	ENSG00000169826	ENSG00000183072	Y2H_v2	MI:0018	PMID:32296183	RRS_pair_explicitly_negative_in_Y2H_pairwise_test
5	Luck2020-ST5-line:602	5664	2622	ENSG00000170860	ENSG00000026103	Y2H_v2	MI:0018	PMID:32296183	RRS_pair_explicitly_negative_in_Y2H_pairwise_test
5	Luck2020-ST5-line:603	7182	6035	ENSG00000056487	ENSG00000073060	Y2H_v2	MI:0018	PMID:32296183	RRS_pair_explicitly_negative_in_Y2H_pairwise_test
5	Luck2020-ST5-line:613	4853	3706	ENSG00000156427	ENSG00000002330	Y2H_v2	MI:0018	PMID:32296183	RRS_pair_explicitly_negative_in_Y2H_pairwise_test
5	Luck2020-ST5-line:616	1228	7647	ENSG00000163393	ENSG00000095261	Y2H_v2	MI:0018	PMID:32296183	RRS_pair_explicitly_negative_in_Y2H_pairwise_test
5	Luck2020-ST5-line:618	9706	5290	ENSG00000172578	ENSG00000180198	Y2H_v2	MI:0018	PMID:32296183	RRS_pair_explicitly_negative_in_Y2H_pairwise_test
5	Luck2020-ST5-line:622	1149	644	ENSG00000168917	ENSG00000100605	Y2H_v2	MI:0018	PMID:32296183	RRS_pair_explicitly_negative_in_Y2H_pairwise_test
5	Luck2020-ST5-line:627	6783	8181	ENSG00000215012	ENSG00000115159	Y2H_v2	MI:0018	PMID:32296183	RRS_pair_explicitly_negative_in_Y2H_pairwise_test
5	Luck2020-ST5-line:628	7186	3174	ENSG00000091732	ENSG00000168291	Y2H_v2	MI:0018	PMID:32296183	RRS_pair_explicitly_negative_in_Y2H_pairwise_test
5	Luck2020-ST5-line:631	9428	1265	ENSG00000152229	ENSG00000151834	Y2H_v2	MI:0018	PMID:32296183	RRS_pair_explicitly_negative_in_Y2H_pairwise_test
5	Luck2020-ST5-line:632	6773	2003	ENSG00000169903	ENSG00000157103	Y2H_v2	MI:0018	PMID:32296183	RRS_pair_explicitly_negative_in_Y2H_pairwise_test
5	Luck2020-ST5-line:633	10233	8353	ENSG00000089775	ENSG00000165197	Y2H_v2	MI:0018	PMID:32296183	RRS_pair_explicitly_negative_in_Y2H_pairwise_test
5	Luck2020-ST5-line:634	4519	1816	ENSG00000144591	ENSG00000020426	Y2H_v2	MI:0018	PMID:32296183	RRS_pair_explicitly_negative_in_Y2H_pairwise_test
5	Luck2020-ST5-line:636	647	6192	ENSG00000130723	ENSG00000174808	Y2H_v2	MI:0018	PMID:32296183	RRS_pair_explicitly_negative_in_Y2H_pairwise_test
5	Luck2020-ST5-line:637	4722	3414	ENSG00000078070	ENSG00000108479	Y2H_v2	MI:0018	PMID:32296183	RRS_pair_explicitly_negative_in_Y2H_pairwise_test
5	Luck2020-ST5-line:639	8703	614	ENSG00000105426	ENSG00000104267	Y2H_v2	MI:0018	PMID:32296183	RRS_pair_explicitly_negative_in_Y2H_pairwise_test
5	Luck2020-ST5-line:640	8366	4506	ENSG00000171195	ENSG00000189058	Y2H_v2	MI:0018	PMID:32296183	RRS_pair_explicitly_negative_in_Y2H_pairwise_test
5	Luck2020-ST5-line:643	9620	6794	ENSG00000234127	ENSG00000171631	Y2H_v2	MI:0018	PMID:32296183	RRS_pair_explicitly_negative_in_Y2H_pairwise_test
5	Luck2020-ST5-line:644	7100	7135	ENSG00000229809	ENSG00000099985	Y2H_v2	MI:0018	PMID:32296183	RRS_pair_explicitly_negative_in_Y2H_pairwise_test
5	Luck2020-ST5-line:652	5598	5627	ENSG00000115263	ENSG00000170323	Y2H_v2	MI:0018	PMID:32296183	RRS_pair_explicitly_negative_in_Y2H_pairwise_test
5	Luck2020-ST5-line:654	4956	2556	ENSG00000143801	ENSG00000242574	Y2H_v2	MI:0018	PMID:32296183	RRS_pair_explicitly_negative_in_Y2H_pairwise_test
5	Luck2020-ST5-line:658	2388	6007	ENSG00000164253	ENSG00000177697	Y2H_v2	MI:0018	PMID:32296183	RRS_pair_explicitly_negative_in_Y2H_pairwise_test
5	Luck2020-ST5-line:659	7941	3621	ENSG00000119655	ENSG00000110651	Y2H_v2	MI:0018	PMID:32296183	RRS_pair_explicitly_negative_in_Y2H_pairwise_test
5	Luck2020-ST5-line:665	2492	3890	ENSG00000167995	ENSG00000147140	Y2H_v2	MI:0018	PMID:32296183	RRS_pair_explicitly_negative_in_Y2H_pairwise_test
5	Luck2020-ST5-line:666	4284	9079	ENSG00000131507	ENSG00000134853	Y2H_v2	MI:0018	PMID:32296183	RRS_pair_explicitly_negative_in_Y2H_pairwise_test
5	Luck2020-ST5-line:668	3683	3743	ENSG00000184787	ENSG00000005893	Y2H_v2	MI:0018	PMID:32296183	RRS_pair_explicitly_negative_in_Y2H_pairwise_test
5	Luck2020-ST5-line:671	5946	5533	ENSG00000256683	ENSG00000119414	Y2H_v2	MI:0018	PMID:32296183	RRS_pair_explicitly_negative_in_Y2H_pairwise_test
5	Luck2020-ST5-line:672	8764	5114	ENSG00000144857	ENSG00000169213	Y2H_v2	MI:0018	PMID:32296183	RRS_pair_explicitly_negative_in_Y2H_pairwise_test
5	Luck2020-ST5-line:675	3370	7320	ENSG00000113758	ENSG00000100299	Y2H_v2	MI:0018	PMID:32296183	RRS_pair_explicitly_negative_in_Y2H_pairwise_test
5	Luck2020-ST5-line:677	2139	1290	ENSG00000205593	ENSG00000135447	Y2H_v2	MI:0018	PMID:32296183	RRS_pair_explicitly_negative_in_Y2H_pairwise_test
5	Luck2020-ST5-line:681	10130	3048	ENSG00000139890	ENSG00000160191	Y2H_v2	MI:0018	PMID:32296183	RRS_pair_explicitly_negative_in_Y2H_pairwise_test
5	Luck2020-ST5-line:686	7932	9468	ENSG00000100554	ENSG00000105639	Y2H_v2	MI:0018	PMID:32296183	RRS_pair_explicitly_negative_in_Y2H_pairwise_test
5	Luck2020-ST5-line:696	5046	273	ENSG00000124588	ENSG00000100442	Y2H_v2	MI:0018	PMID:32296183	RRS_pair_explicitly_negative_in_Y2H_pairwise_test
5	Luck2020-ST5-line:701	7647	1228	ENSG00000095261	ENSG00000163393	Y2H_v3	MI:0018	PMID:32296183	RRS_pair_explicitly_negative_in_Y2H_pairwise_test
5	Luck2020-ST5-line:703	210	5174	ENSG00000184500	ENSG00000115694	Y2H_v3	MI:0018	PMID:32296183	RRS_pair_explicitly_negative_in_Y2H_pairwise_test
5	Luck2020-ST5-line:704	3706	4853	ENSG00000002330	ENSG00000156427	Y2H_v3	MI:0018	PMID:32296183	RRS_pair_explicitly_negative_in_Y2H_pairwise_test
5	Luck2020-ST5-line:707	8353	10233	ENSG00000165197	ENSG00000089775	Y2H_v3	MI:0018	PMID:32296183	RRS_pair_explicitly_negative_in_Y2H_pairwise_test
5	Luck2020-ST5-line:708	1816	4519	ENSG00000020426	ENSG00000144591	Y2H_v3	MI:0018	PMID:32296183	RRS_pair_explicitly_negative_in_Y2H_pairwise_test
5	Luck2020-ST5-line:709	3535	5887	ENSG00000102119	ENSG00000104442	Y2H_v3	MI:0018	PMID:32296183	RRS_pair_explicitly_negative_in_Y2H_pairwise_test
5	Luck2020-ST5-line:710	6192	647	ENSG00000174808	ENSG00000130723	Y2H_v3	MI:0018	PMID:32296183	RRS_pair_explicitly_negative_in_Y2H_pairwise_test
5	Luck2020-ST5-line:711	3414	4722	ENSG00000108479	ENSG00000078070	Y2H_v3	MI:0018	PMID:32296183	RRS_pair_explicitly_negative_in_Y2H_pairwise_test
5	Luck2020-ST5-line:712	1265	9428	ENSG00000151834	ENSG00000152229	Y2H_v3	MI:0018	PMID:32296183	RRS_pair_explicitly_negative_in_Y2H_pairwise_test
5	Luck2020-ST5-line:713	2003	6773	ENSG00000157103	ENSG00000169903	Y2H_v3	MI:0018	PMID:32296183	RRS_pair_explicitly_negative_in_Y2H_pairwise_test
5	Luck2020-ST5-line:717	6007	2388	ENSG00000177697	ENSG00000164253	Y2H_v3	MI:0018	PMID:32296183	RRS_pair_explicitly_negative_in_Y2H_pairwise_test
5	Luck2020-ST5-line:718	3621	7941	ENSG00000110651	ENSG00000119655	Y2H_v3	MI:0018	PMID:32296183	RRS_pair_explicitly_negative_in_Y2H_pairwise_test
5	Luck2020-ST5-line:724	2556	4956	ENSG00000242574	ENSG00000143801	Y2H_v3	MI:0018	PMID:32296183	RRS_pair_explicitly_negative_in_Y2H_pairwise_test
5	Luck2020-ST5-line:725	26	10053	ENSG00000099783	ENSG00000121858	Y2H_v3	MI:0018	PMID:32296183	RRS_pair_explicitly_negative_in_Y2H_pairwise_test
5	Luck2020-ST5-line:728	3048	10130	ENSG00000160191	ENSG00000139890	Y2H_v3	MI:0018	PMID:32296183	RRS_pair_explicitly_negative_in_Y2H_pairwise_test
5	Luck2020-ST5-line:730	5567	858	ENSG00000057149	ENSG00000104671	Y2H_v3	MI:0018	PMID:32296183	RRS_pair_explicitly_negative_in_Y2H_pairwise_test
5	Luck2020-ST5-line:738	1290	2139	ENSG00000135447	ENSG00000205593	Y2H_v3	MI:0018	PMID:32296183	RRS_pair_explicitly_negative_in_Y2H_pairwise_test
5	Luck2020-ST5-line:741	7320	3370	ENSG00000100299	ENSG00000113758	Y2H_v3	MI:0018	PMID:32296183	RRS_pair_explicitly_negative_in_Y2H_pairwise_test
5	Luck2020-ST5-line:742	5290	9706	ENSG00000180198	ENSG00000172578	Y2H_v3	MI:0018	PMID:32296183	RRS_pair_explicitly_negative_in_Y2H_pairwise_test
5	Luck2020-ST5-line:744	614	8703	ENSG00000104267	ENSG00000105426	Y2H_v3	MI:0018	PMID:32296183	RRS_pair_explicitly_negative_in_Y2H_pairwise_test
5	Luck2020-ST5-line:745	4506	8366	ENSG00000189058	ENSG00000171195	Y2H_v3	MI:0018	PMID:32296183	RRS_pair_explicitly_negative_in_Y2H_pairwise_test
5	Luck2020-ST5-line:754	8181	6783	ENSG00000115159	ENSG00000215012	Y2H_v3	MI:0018	PMID:32296183	RRS_pair_explicitly_negative_in_Y2H_pairwise_test
5	Luck2020-ST5-line:756	644	1149	ENSG00000100605	ENSG00000168917	Y2H_v3	MI:0018	PMID:32296183	RRS_pair_explicitly_negative_in_Y2H_pairwise_test
5	Luck2020-ST5-line:759	9468	7932	ENSG00000105639	ENSG00000100554	Y2H_v3	MI:0018	PMID:32296183	RRS_pair_explicitly_negative_in_Y2H_pairwise_test
5	Luck2020-ST5-line:760	3174	7186	ENSG00000168291	ENSG00000091732	Y2H_v3	MI:0018	PMID:32296183	RRS_pair_explicitly_negative_in_Y2H_pairwise_test
5	Luck2020-ST5-line:763	7135	7100	ENSG00000099985	ENSG00000229809	Y2H_v3	MI:0018	PMID:32296183	RRS_pair_explicitly_negative_in_Y2H_pairwise_test
5	Luck2020-ST5-line:764	6794	9620	ENSG00000171631	ENSG00000234127	Y2H_v3	MI:0018	PMID:32296183	RRS_pair_explicitly_negative_in_Y2H_pairwise_test
5	Luck2020-ST5-line:770	9079	4284	ENSG00000134853	ENSG00000131507	Y2H_v3	MI:0018	PMID:32296183	RRS_pair_explicitly_negative_in_Y2H_pairwise_test
5	Luck2020-ST5-line:771	3890	2492	ENSG00000147140	ENSG00000167995	Y2H_v3	MI:0018	PMID:32296183	RRS_pair_explicitly_negative_in_Y2H_pairwise_test
5	Luck2020-ST5-line:773	5114	8764	ENSG00000169213	ENSG00000144857	Y2H_v3	MI:0018	PMID:32296183	RRS_pair_explicitly_negative_in_Y2H_pairwise_test
5	Luck2020-ST5-line:774	5533	5946	ENSG00000119414	ENSG00000256683	Y2H_v3	MI:0018	PMID:32296183	RRS_pair_explicitly_negative_in_Y2H_pairwise_test
5	Luck2020-ST5-line:778	5855	1683	ENSG00000180353	ENSG00000165821	Y2H_v3	MI:0018	PMID:32296183	RRS_pair_explicitly_negative_in_Y2H_pairwise_test
5	Luck2020-ST5-line:781	273	5046	ENSG00000100442	ENSG00000124588	Y2H_v3	MI:0018	PMID:32296183	RRS_pair_explicitly_negative_in_Y2H_pairwise_test
5	Luck2020-ST5-line:791	1228	7647	ENSG00000163393	ENSG00000095261	Y2H_v3	MI:0018	PMID:32296183	RRS_pair_explicitly_negative_in_Y2H_pairwise_test
5	Luck2020-ST5-line:793	5174	210	ENSG00000115694	ENSG00000184500	Y2H_v3	MI:0018	PMID:32296183	RRS_pair_explicitly_negative_in_Y2H_pairwise_test
5	Luck2020-ST5-line:794	4853	3706	ENSG00000156427	ENSG00000002330	Y2H_v3	MI:0018	PMID:32296183	RRS_pair_explicitly_negative_in_Y2H_pairwise_test
5	Luck2020-ST5-line:797	10233	8353	ENSG00000089775	ENSG00000165197	Y2H_v3	MI:0018	PMID:32296183	RRS_pair_explicitly_negative_in_Y2H_pairwise_test
5	Luck2020-ST5-line:798	4519	1816	ENSG00000144591	ENSG00000020426	Y2H_v3	MI:0018	PMID:32296183	RRS_pair_explicitly_negative_in_Y2H_pairwise_test
5	Luck2020-ST5-line:799	5887	3535	ENSG00000104442	ENSG00000102119	Y2H_v3	MI:0018	PMID:32296183	RRS_pair_explicitly_negative_in_Y2H_pairwise_test
5	Luck2020-ST5-line:800	647	6192	ENSG00000130723	ENSG00000174808	Y2H_v3	MI:0018	PMID:32296183	RRS_pair_explicitly_negative_in_Y2H_pairwise_test
5	Luck2020-ST5-line:801	4722	3414	ENSG00000078070	ENSG00000108479	Y2H_v3	MI:0018	PMID:32296183	RRS_pair_explicitly_negative_in_Y2H_pairwise_test
5	Luck2020-ST5-line:802	9428	1265	ENSG00000152229	ENSG00000151834	Y2H_v3	MI:0018	PMID:32296183	RRS_pair_explicitly_negative_in_Y2H_pairwise_test
5	Luck2020-ST5-line:803	6773	2003	ENSG00000169903	ENSG00000157103	Y2H_v3	MI:0018	PMID:32296183	RRS_pair_explicitly_negative_in_Y2H_pairwise_test
5	Luck2020-ST5-line:807	2388	6007	ENSG00000164253	ENSG00000177697	Y2H_v3	MI:0018	PMID:32296183	RRS_pair_explicitly_negative_in_Y2H_pairwise_test
5	Luck2020-ST5-line:808	7941	3621	ENSG00000119655	ENSG00000110651	Y2H_v3	MI:0018	PMID:32296183	RRS_pair_explicitly_negative_in_Y2H_pairwise_test
5	Luck2020-ST5-line:814	4956	2556	ENSG00000143801	ENSG00000242574	Y2H_v3	MI:0018	PMID:32296183	RRS_pair_explicitly_negative_in_Y2H_pairwise_test
5	Luck2020-ST5-line:818	10130	3048	ENSG00000139890	ENSG00000160191	Y2H_v3	MI:0018	PMID:32296183	RRS_pair_explicitly_negative_in_Y2H_pairwise_test
5	Luck2020-ST5-line:825	5598	5627	ENSG00000115263	ENSG00000170323	Y2H_v3	MI:0018	PMID:32296183	RRS_pair_explicitly_negative_in_Y2H_pairwise_test
5	Luck2020-ST5-line:828	2139	1290	ENSG00000205593	ENSG00000135447	Y2H_v3	MI:0018	PMID:32296183	RRS_pair_explicitly_negative_in_Y2H_pairwise_test
5	Luck2020-ST5-line:831	3370	7320	ENSG00000113758	ENSG00000100299	Y2H_v3	MI:0018	PMID:32296183	RRS_pair_explicitly_negative_in_Y2H_pairwise_test
5	Luck2020-ST5-line:832	9706	5290	ENSG00000172578	ENSG00000180198	Y2H_v3	MI:0018	PMID:32296183	RRS_pair_explicitly_negative_in_Y2H_pairwise_test
5	Luck2020-ST5-line:834	8703	614	ENSG00000105426	ENSG00000104267	Y2H_v3	MI:0018	PMID:32296183	RRS_pair_explicitly_negative_in_Y2H_pairwise_test
5	Luck2020-ST5-line:835	8366	4506	ENSG00000171195	ENSG00000189058	Y2H_v3	MI:0018	PMID:32296183	RRS_pair_explicitly_negative_in_Y2H_pairwise_test
5	Luck2020-ST5-line:844	6783	8181	ENSG00000215012	ENSG00000115159	Y2H_v3	MI:0018	PMID:32296183	RRS_pair_explicitly_negative_in_Y2H_pairwise_test
5	Luck2020-ST5-line:846	1149	644	ENSG00000168917	ENSG00000100605	Y2H_v3	MI:0018	PMID:32296183	RRS_pair_explicitly_negative_in_Y2H_pairwise_test
5	Luck2020-ST5-line:849	7932	9468	ENSG00000100554	ENSG00000105639	Y2H_v3	MI:0018	PMID:32296183	RRS_pair_explicitly_negative_in_Y2H_pairwise_test
5	Luck2020-ST5-line:850	7186	3174	ENSG00000091732	ENSG00000168291	Y2H_v3	MI:0018	PMID:32296183	RRS_pair_explicitly_negative_in_Y2H_pairwise_test
5	Luck2020-ST5-line:853	7100	7135	ENSG00000229809	ENSG00000099985	Y2H_v3	MI:0018	PMID:32296183	RRS_pair_explicitly_negative_in_Y2H_pairwise_test
5	Luck2020-ST5-line:854	9620	6794	ENSG00000234127	ENSG00000171631	Y2H_v3	MI:0018	PMID:32296183	RRS_pair_explicitly_negative_in_Y2H_pairwise_test
5	Luck2020-ST5-line:860	4284	9079	ENSG00000131507	ENSG00000134853	Y2H_v3	MI:0018	PMID:32296183	RRS_pair_explicitly_negative_in_Y2H_pairwise_test
5	Luck2020-ST5-line:861	2492	3890	ENSG00000167995	ENSG00000147140	Y2H_v3	MI:0018	PMID:32296183	RRS_pair_explicitly_negative_in_Y2H_pairwise_test
5	Luck2020-ST5-line:863	8764	5114	ENSG00000144857	ENSG00000169213	Y2H_v3	MI:0018	PMID:32296183	RRS_pair_explicitly_negative_in_Y2H_pairwise_test
5	Luck2020-ST5-line:864	5946	5533	ENSG00000256683	ENSG00000119414	Y2H_v3	MI:0018	PMID:32296183	RRS_pair_explicitly_negative_in_Y2H_pairwise_test
5	Luck2020-ST5-line:867	3683	3743	ENSG00000184787	ENSG00000005893	Y2H_v3	MI:0018	PMID:32296183	RRS_pair_explicitly_negative_in_Y2H_pairwise_test
5	Luck2020-ST5-line:868	1683	5855	ENSG00000165821	ENSG00000180353	Y2H_v3	MI:0018	PMID:32296183	RRS_pair_explicitly_negative_in_Y2H_pairwise_test
5	Luck2020-ST5-line:871	5046	273	ENSG00000124588	ENSG00000100442	Y2H_v3	MI:0018	PMID:32296183	RRS_pair_explicitly_negative_in_Y2H_pairwise_test
5	Luck2020-ST5-line:878	4276	4538	ENSG00000164978	ENSG00000116691	Y2H_v3	MI:0018	PMID:32296183	RRS_pair_explicitly_negative_in_Y2H_pairwise_test
5	Luck2020-ST5-line:886	7647	9395	ENSG00000095261	ENSG00000171772	Y2H_v3	MI:0018	PMID:32296183	RRS_pair_explicitly_negative_in_Y2H_pairwise_test
5	Luck2020-ST5-line:887	8458	2716	ENSG00000183486	ENSG00000075188	Y2H_v3	MI:0018	PMID:32296183	RRS_pair_explicitly_negative_in_Y2H_pairwise_test
5	Luck2020-ST5-line:892	9802	4568	ENSG00000115170	ENSG00000095485	Y2H_v3	MI:0018	PMID:32296183	RRS_pair_explicitly_negative_in_Y2H_pairwise_test
5	Luck2020-ST5-line:894	4080	3926	ENSG00000187837	ENSG00000107281	Y2H_v3	MI:0018	PMID:32296183	RRS_pair_explicitly_negative_in_Y2H_pairwise_test
5	Luck2020-ST5-line:895	8668	3828	ENSG00000168314	ENSG00000131368	Y2H_v3	MI:0018	PMID:32296183	RRS_pair_explicitly_negative_in_Y2H_pairwise_test
5	Luck2020-ST5-line:896	7722	2692	ENSG00000156006	ENSG00000086061	Y2H_v3	MI:0018	PMID:32296183	RRS_pair_explicitly_negative_in_Y2H_pairwise_test
5	Luck2020-ST5-line:897	3789	9931	ENSG00000127022	ENSG00000198844	Y2H_v3	MI:0018	PMID:32296183	RRS_pair_explicitly_negative_in_Y2H_pairwise_test
5	Luck2020-ST5-line:898	9391	7101	ENSG00000077157	ENSG00000187626	Y2H_v3	MI:0018	PMID:32296183	RRS_pair_explicitly_negative_in_Y2H_pairwise_test
5	Luck2020-ST5-line:899	2723	9750	ENSG00000147862	ENSG00000150455	Y2H_v3	MI:0018	PMID:32296183	RRS_pair_explicitly_negative_in_Y2H_pairwise_test
5	Luck2020-ST5-line:900	8325	3422	ENSG00000185245	ENSG00000130202	Y2H_v3	MI:0018	PMID:32296183	RRS_pair_explicitly_negative_in_Y2H_pairwise_test
5	Luck2020-ST5-line:902	2618	10157	ENSG00000143256	ENSG00000171295	Y2H_v3	MI:0018	PMID:32296183	RRS_pair_explicitly_negative_in_Y2H_pairwise_test
5	Luck2020-ST5-line:903	8330	5222	ENSG00000112175	ENSG00000197771	Y2H_v3	MI:0018	PMID:32296183	RRS_pair_explicitly_negative_in_Y2H_pairwise_test
5	Luck2020-ST5-line:909	1160	1177	ENSG00000183395	ENSG00000166405	Y2H_v3	MI:0018	PMID:32296183	RRS_pair_explicitly_negative_in_Y2H_pairwise_test
5	Luck2020-ST5-line:912	6684	8186	ENSG00000241837	ENSG00000069493	Y2H_v3	MI:0018	PMID:32296183	RRS_pair_explicitly_negative_in_Y2H_pairwise_test
5	Luck2020-ST5-line:915	2826	6535	ENSG00000125245	ENSG00000143889	Y2H_v3	MI:0018	PMID:32296183	RRS_pair_explicitly_negative_in_Y2H_pairwise_test
5	Luck2020-ST5-line:916	3341	8297	ENSG00000166165	ENSG00000130656	Y2H_v3	MI:0018	PMID:32296183	RRS_pair_explicitly_negative_in_Y2H_pairwise_test
5	Luck2020-ST5-line:922	1909	1235	ENSG00000129083	ENSG00000116983	Y2H_v3	MI:0018	PMID:32296183	RRS_pair_explicitly_negative_in_Y2H_pairwise_test
5	Luck2020-ST5-line:924	8886	1444	ENSG00000065361	ENSG00000179021	Y2H_v3	MI:0018	PMID:32296183	RRS_pair_explicitly_negative_in_Y2H_pairwise_test
5	Luck2020-ST5-line:925	7772	5546	ENSG00000197170	ENSG00000119878	Y2H_v3	MI:0018	PMID:32296183	RRS_pair_explicitly_negative_in_Y2H_pairwise_test
5	Luck2020-ST5-line:926	4367	5892	ENSG00000104853	ENSG00000100395	Y2H_v3	MI:0018	PMID:32296183	RRS_pair_explicitly_negative_in_Y2H_pairwise_test
5	Luck2020-ST5-line:936	1395	5929	ENSG00000130176	ENSG00000148985	Y2H_v3	MI:0018	PMID:32296183	RRS_pair_explicitly_negative_in_Y2H_pairwise_test
5	Luck2020-ST5-line:937	1279	6173	ENSG00000069535	ENSG00000102974	Y2H_v3	MI:0018	PMID:32296183	RRS_pair_explicitly_negative_in_Y2H_pairwise_test
5	Luck2020-ST5-line:938	2676	8189	ENSG00000174059	ENSG00000124104	Y2H_v3	MI:0018	PMID:32296183	RRS_pair_explicitly_negative_in_Y2H_pairwise_test
5	Luck2020-ST5-line:944	3425	5588	ENSG00000204231	ENSG00000169248	Y2H_v3	MI:0018	PMID:32296183	RRS_pair_explicitly_negative_in_Y2H_pairwise_test
5	Luck2020-ST5-line:948	1909	7666	ENSG00000129083	ENSG00000104635	Y2H_v3	MI:0018	PMID:32296183	RRS_pair_explicitly_negative_in_Y2H_pairwise_test
5	Luck2020-ST5-line:949	5220	7536	ENSG00000155366	ENSG00000198088	Y2H_v3	MI:0018	PMID:32296183	RRS_pair_explicitly_negative_in_Y2H_pairwise_test
5	Luck2020-ST5-line:954	8362	9594	ENSG00000183072	ENSG00000169826	Y2H_v3	MI:0018	PMID:32296183	RRS_pair_explicitly_negative_in_Y2H_pairwise_test
5	Luck2020-ST5-line:959	2622	5664	ENSG00000026103	ENSG00000170860	Y2H_v3	MI:0018	PMID:32296183	RRS_pair_explicitly_negative_in_Y2H_pairwise_test
5	Luck2020-ST5-line:961	6035	7182	ENSG00000073060	ENSG00000056487	Y2H_v3	MI:0018	PMID:32296183	RRS_pair_explicitly_negative_in_Y2H_pairwise_test
5	Luck2020-ST5-line:962	4538	4276	ENSG00000116691	ENSG00000164978	Y2H_v3	MI:0018	PMID:32296183	RRS_pair_explicitly_negative_in_Y2H_pairwise_test
5	Luck2020-ST5-line:964	1489	5263	ENSG00000120658	ENSG00000101057	Y2H_v3	MI:0018	PMID:32296183	RRS_pair_explicitly_negative_in_Y2H_pairwise_test
5	Luck2020-ST5-line:975	88	469	ENSG00000164332	ENSG00000151689	Y2H_v3	MI:0018	PMID:32296183	RRS_pair_explicitly_negative_in_Y2H_pairwise_test
5	Luck2020-ST5-line:976	4568	9802	ENSG00000095485	ENSG00000115170	Y2H_v3	MI:0018	PMID:32296183	RRS_pair_explicitly_negative_in_Y2H_pairwise_test
5	Luck2020-ST5-line:978	3926	4080	ENSG00000107281	ENSG00000187837	Y2H_v3	MI:0018	PMID:32296183	RRS_pair_explicitly_negative_in_Y2H_pairwise_test
5	Luck2020-ST5-line:979	3828	8668	ENSG00000131368	ENSG00000168314	Y2H_v3	MI:0018	PMID:32296183	RRS_pair_explicitly_negative_in_Y2H_pairwise_test
5	Luck2020-ST5-line:980	2692	7722	ENSG00000086061	ENSG00000156006	Y2H_v3	MI:0018	PMID:32296183	RRS_pair_explicitly_negative_in_Y2H_pairwise_test
5	Luck2020-ST5-line:981	9931	3789	ENSG00000198844	ENSG00000127022	Y2H_v3	MI:0018	PMID:32296183	RRS_pair_explicitly_negative_in_Y2H_pairwise_test
5	Luck2020-ST5-line:982	7101	9391	ENSG00000187626	ENSG00000077157	Y2H_v3	MI:0018	PMID:32296183	RRS_pair_explicitly_negative_in_Y2H_pairwise_test
5	Luck2020-ST5-line:983	9750	2723	ENSG00000150455	ENSG00000147862	Y2H_v3	MI:0018	PMID:32296183	RRS_pair_explicitly_negative_in_Y2H_pairwise_test
5	Luck2020-ST5-line:984	3422	8325	ENSG00000130202	ENSG00000185245	Y2H_v3	MI:0018	PMID:32296183	RRS_pair_explicitly_negative_in_Y2H_pairwise_test
5	Luck2020-ST5-line:986	10157	2618	ENSG00000171295	ENSG00000143256	Y2H_v3	MI:0018	PMID:32296183	RRS_pair_explicitly_negative_in_Y2H_pairwise_test
5	Luck2020-ST5-line:987	5222	8330	ENSG00000197771	ENSG00000112175	Y2H_v3	MI:0018	PMID:32296183	RRS_pair_explicitly_negative_in_Y2H_pairwise_test
5	Luck2020-ST5-line:993	1177	1160	ENSG00000166405	ENSG00000183395	Y2H_v3	MI:0018	PMID:32296183	RRS_pair_explicitly_negative_in_Y2H_pairwise_test
5	Luck2020-ST5-line:996	8186	6684	ENSG00000069493	ENSG00000241837	Y2H_v3	MI:0018	PMID:32296183	RRS_pair_explicitly_negative_in_Y2H_pairwise_test
5	Luck2020-ST5-line:997	4782	2694	ENSG00000099995	ENSG00000102317	Y2H_v3	MI:0018	PMID:32296183	RRS_pair_explicitly_negative_in_Y2H_pairwise_test
5	Luck2020-ST5-line:1006	1235	1909	ENSG00000116983	ENSG00000129083	Y2H_v3	MI:0018	PMID:32296183	RRS_pair_explicitly_negative_in_Y2H_pairwise_test
5	Luck2020-ST5-line:1009	5546	7772	ENSG00000119878	ENSG00000197170	Y2H_v3	MI:0018	PMID:32296183	RRS_pair_explicitly_negative_in_Y2H_pairwise_test
5	Luck2020-ST5-line:1010	5892	4367	ENSG00000100395	ENSG00000104853	Y2H_v3	MI:0018	PMID:32296183	RRS_pair_explicitly_negative_in_Y2H_pairwise_test
5	Luck2020-ST5-line:1020	5929	1395	ENSG00000148985	ENSG00000130176	Y2H_v3	MI:0018	PMID:32296183	RRS_pair_explicitly_negative_in_Y2H_pairwise_test
5	Luck2020-ST5-line:1021	6173	1279	ENSG00000102974	ENSG00000069535	Y2H_v3	MI:0018	PMID:32296183	RRS_pair_explicitly_negative_in_Y2H_pairwise_test
5	Luck2020-ST5-line:1028	5588	3425	ENSG00000169248	ENSG00000204231	Y2H_v3	MI:0018	PMID:32296183	RRS_pair_explicitly_negative_in_Y2H_pairwise_test
5	Luck2020-ST5-line:1033	7536	5220	ENSG00000198088	ENSG00000155366	Y2H_v3	MI:0018	PMID:32296183	RRS_pair_explicitly_negative_in_Y2H_pairwise_test
5	Luck2020-ST5-line:1038	9594	8362	ENSG00000169826	ENSG00000183072	Y2H_v3	MI:0018	PMID:32296183	RRS_pair_explicitly_negative_in_Y2H_pairwise_test
5	Luck2020-ST5-line:1043	5664	2622	ENSG00000170860	ENSG00000026103	Y2H_v3	MI:0018	PMID:32296183	RRS_pair_explicitly_negative_in_Y2H_pairwise_test
5	Luck2020-ST5-line:1045	7182	6035	ENSG00000056487	ENSG00000073060	Y2H_v3	MI:0018	PMID:32296183	RRS_pair_explicitly_negative_in_Y2H_pairwise_test
6	Luck2020-ST6-line:17	110	501	ENSG00000149557	ENSG00000265241	MAPPIT_testing_y2h_v3	MI:0231	PMID:32296183	RRS_pair_explicitly_negative_in_MAPPIT_pairwise_test
6	Luck2020-ST6-line:18	110	501	ENSG00000149557	ENSG00000265241	MAPPIT_testing_y2h_v1	MI:0231	PMID:32296183	RRS_pair_explicitly_negative_in_MAPPIT_pairwise_test
6	Luck2020-ST6-line:52	223	493	ENSG00000137815	ENSG00000167996	MAPPIT_testing_y2h_v3	MI:0231	PMID:32296183	RRS_pair_explicitly_negative_in_MAPPIT_pairwise_test
6	Luck2020-ST6-line:53	223	493	ENSG00000137815	ENSG00000167996	MAPPIT_testing_y2h_v1	MI:0231	PMID:32296183	RRS_pair_explicitly_negative_in_MAPPIT_pairwise_test
6	Luck2020-ST6-line:54	223	493	ENSG00000137815	ENSG00000167996	MAPPIT_testing_y2h_v2	MI:0231	PMID:32296183	RRS_pair_explicitly_negative_in_MAPPIT_pairwise_test
6	Luck2020-ST6-line:76	486	5395	ENSG00000065911	ENSG00000091527	MAPPIT_testing_y2h_v3	MI:0231	PMID:32296183	RRS_pair_explicitly_negative_in_MAPPIT_pairwise_test
6	Luck2020-ST6-line:77	486	5395	ENSG00000065911	ENSG00000091527	MAPPIT_testing_y2h_v1	MI:0231	PMID:32296183	RRS_pair_explicitly_negative_in_MAPPIT_pairwise_test
6	Luck2020-ST6-line:78	526	5179	ENSG00000125871	ENSG00000149541	MAPPIT_testing_y2h_v3	MI:0231	PMID:32296183	RRS_pair_explicitly_negative_in_MAPPIT_pairwise_test
6	Luck2020-ST6-line:79	526	5179	ENSG00000125871	ENSG00000149541	MAPPIT_testing_y2h_v1	MI:0231	PMID:32296183	RRS_pair_explicitly_negative_in_MAPPIT_pairwise_test
6	Luck2020-ST6-line:81	526	13267	ENSG00000125871	ENSG00000137869	MAPPIT_testing_y2h_v3	MI:0231	PMID:32296183	RRS_pair_explicitly_negative_in_MAPPIT_pairwise_test
6	Luck2020-ST6-line:82	526	13267	ENSG00000125871	ENSG00000137869	MAPPIT_testing_y2h_v1	MI:0231	PMID:32296183	RRS_pair_explicitly_negative_in_MAPPIT_pairwise_test
6	Luck2020-ST6-line:83	577	5385	ENSG00000185650	ENSG00000141499	MAPPIT_testing_y2h_v3	MI:0231	PMID:32296183	RRS_pair_explicitly_negative_in_MAPPIT_pairwise_test
6	Luck2020-ST6-line:84	577	5385	ENSG00000185650	ENSG00000141499	MAPPIT_testing_y2h_v1	MI:0231	PMID:32296183	RRS_pair_explicitly_negative_in_MAPPIT_pairwise_test
6	Luck2020-ST6-line:85	639	10174	ENSG00000136859	ENSG00000127418	MAPPIT_testing_y2h_v3	MI:0231	PMID:32296183	RRS_pair_explicitly_negative_in_MAPPIT_pairwise_test
6	Luck2020-ST6-line:86	639	10174	ENSG00000136859	ENSG00000127418	MAPPIT_testing_y2h_v1	MI:0231	PMID:32296183	RRS_pair_explicitly_negative_in_MAPPIT_pairwise_test
6	Luck2020-ST6-line:87	639	10174	ENSG00000136859	ENSG00000127418	MAPPIT_testing_y2h_v2	MI:0231	PMID:32296183	RRS_pair_explicitly_negative_in_MAPPIT_pairwise_test
6	Luck2020-ST6-line:91	663	14956	ENSG00000198848	ENSG00000171824	MAPPIT_testing_y2h_v1	MI:0231	PMID:32296183	RRS_pair_explicitly_negative_in_MAPPIT_pairwise_test
6	Luck2020-ST6-line:92	663	14956	ENSG00000198848	ENSG00000171824	MAPPIT_testing_y2h_v2	MI:0231	PMID:32296183	RRS_pair_explicitly_negative_in_MAPPIT_pairwise_test
6	Luck2020-ST6-line:96	717	7442	ENSG00000106066	ENSG00000067560	MAPPIT_testing_y2h_v3	MI:0231	PMID:32296183	RRS_pair_explicitly_negative_in_MAPPIT_pairwise_test
6	Luck2020-ST6-line:97	717	7442	ENSG00000106066	ENSG00000067560	MAPPIT_testing_y2h_v1	MI:0231	PMID:32296183	RRS_pair_explicitly_negative_in_MAPPIT_pairwise_test
6	Luck2020-ST6-line:98	752	8578	ENSG00000132383	ENSG00000065328	MAPPIT_testing_y2h_v3	MI:0231	PMID:32296183	RRS_pair_explicitly_negative_in_MAPPIT_pairwise_test
6	Luck2020-ST6-line:99	752	8578	ENSG00000132383	ENSG00000065328	MAPPIT_testing_y2h_v1	MI:0231	PMID:32296183	RRS_pair_explicitly_negative_in_MAPPIT_pairwise_test
6	Luck2020-ST6-line:100	752	8578	ENSG00000132383	ENSG00000065328	MAPPIT_testing_y2h_v2	MI:0231	PMID:32296183	RRS_pair_explicitly_negative_in_MAPPIT_pairwise_test
6	Luck2020-ST6-line:101	754	6314	ENSG00000070882	ENSG00000079393	MAPPIT_testing_y2h_v3	MI:0231	PMID:32296183	RRS_pair_explicitly_negative_in_MAPPIT_pairwise_test
6	Luck2020-ST6-line:102	754	6314	ENSG00000070882	ENSG00000079393	MAPPIT_testing_y2h_v1	MI:0231	PMID:32296183	RRS_pair_explicitly_negative_in_MAPPIT_pairwise_test
6	Luck2020-ST6-line:141	1152	6745	ENSG00000131626	ENSG00000182287	MAPPIT_testing_y2h_v3	MI:0231	PMID:32296183	RRS_pair_explicitly_negative_in_MAPPIT_pairwise_test
6	Luck2020-ST6-line:142	1152	6745	ENSG00000131626	ENSG00000182287	MAPPIT_testing_y2h_v1	MI:0231	PMID:32296183	RRS_pair_explicitly_negative_in_MAPPIT_pairwise_test
6	Luck2020-ST6-line:143	1152	6745	ENSG00000131626	ENSG00000182287	MAPPIT_testing_y2h_v2	MI:0231	PMID:32296183	RRS_pair_explicitly_negative_in_MAPPIT_pairwise_test
6	Luck2020-ST6-line:144	1340	1700	ENSG00000163071	ENSG00000120563	MAPPIT_testing_y2h_v3	MI:0231	PMID:32296183	RRS_pair_explicitly_negative_in_MAPPIT_pairwise_test
6	Luck2020-ST6-line:145	1340	1700	ENSG00000163071	ENSG00000120563	MAPPIT_testing_y2h_v1	MI:0231	PMID:32296183	RRS_pair_explicitly_negative_in_MAPPIT_pairwise_test
6	Luck2020-ST6-line:147	1353	53230	ENSG00000204632	ENSG00000066923	MAPPIT_testing_y2h_v3	MI:0231	PMID:32296183	RRS_pair_explicitly_negative_in_MAPPIT_pairwise_test
6	Luck2020-ST6-line:148	1353	53230	ENSG00000204632	ENSG00000066923	MAPPIT_testing_y2h_v1	MI:0231	PMID:32296183	RRS_pair_explicitly_negative_in_MAPPIT_pairwise_test
6	Luck2020-ST6-line:149	1353	53230	ENSG00000204632	ENSG00000066923	MAPPIT_testing_y2h_v2	MI:0231	PMID:32296183	RRS_pair_explicitly_negative_in_MAPPIT_pairwise_test
6	Luck2020-ST6-line:150	1353	100009596	ENSG00000204632	ENSG00000124535	MAPPIT_testing_y2h_v3	MI:0231	PMID:32296183	RRS_pair_explicitly_negative_in_MAPPIT_pairwise_test
6	Luck2020-ST6-line:151	1353	100009596	ENSG00000204632	ENSG00000124535	MAPPIT_testing_y2h_v1	MI:0231	PMID:32296183	RRS_pair_explicitly_negative_in_MAPPIT_pairwise_test
6	Luck2020-ST6-line:152	1353	100009596	ENSG00000204632	ENSG00000124535	MAPPIT_testing_y2h_v2	MI:0231	PMID:32296183	RRS_pair_explicitly_negative_in_MAPPIT_pairwise_test
6	Luck2020-ST6-line:153	1377	6007	ENSG00000144962	ENSG00000177697	MAPPIT_testing_y2h_v3	MI:0231	PMID:32296183	RRS_pair_explicitly_negative_in_MAPPIT_pairwise_test
6	Luck2020-ST6-line:154	1377	6007	ENSG00000144962	ENSG00000177697	MAPPIT_testing_y2h_v1	MI:0231	PMID:32296183	RRS_pair_explicitly_negative_in_MAPPIT_pairwise_test
6	Luck2020-ST6-line:155	1377	6007	ENSG00000144962	ENSG00000177697	MAPPIT_testing_y2h_v2	MI:0231	PMID:32296183	RRS_pair_explicitly_negative_in_MAPPIT_pairwise_test
6	Luck2020-ST6-line:157	1420	7935	ENSG00000198885	ENSG00000125459	MAPPIT_testing_y2h_v1	MI:0231	PMID:32296183	RRS_pair_explicitly_negative_in_MAPPIT_pairwise_test
6	Luck2020-ST6-line:162	1460	14781	ENSG00000197563	ENSG00000069206	MAPPIT_testing_y2h_v3	MI:0231	PMID:32296183	RRS_pair_explicitly_negative_in_MAPPIT_pairwise_test
6	Luck2020-ST6-line:163	1460	14781	ENSG00000197563	ENSG00000069206	MAPPIT_testing_y2h_v1	MI:0231	PMID:32296183	RRS_pair_explicitly_negative_in_MAPPIT_pairwise_test
6	Luck2020-ST6-line:164	1460	14781	ENSG00000197563	ENSG00000069206	MAPPIT_testing_y2h_v2	MI:0231	PMID:32296183	RRS_pair_explicitly_negative_in_MAPPIT_pairwise_test
6	Luck2020-ST6-line:178	1749	53304	ENSG00000136449	ENSG00000136682	MAPPIT_testing_y2h_v3	MI:0231	PMID:32296183	RRS_pair_explicitly_negative_in_MAPPIT_pairwise_test
6	Luck2020-ST6-line:179	1749	53304	ENSG00000136449	ENSG00000136682	MAPPIT_testing_y2h_v1	MI:0231	PMID:32296183	RRS_pair_explicitly_negative_in_MAPPIT_pairwise_test
6	Luck2020-ST6-line:180	1749	53304	ENSG00000136449	ENSG00000136682	MAPPIT_testing_y2h_v2	MI:0231	PMID:32296183	RRS_pair_explicitly_negative_in_MAPPIT_pairwise_test
6	Luck2020-ST6-line:183	1768	7244	ENSG00000138587	ENSG00000125458	MAPPIT_testing_y2h_v3	MI:0231	PMID:32296183	RRS_pair_explicitly_negative_in_MAPPIT_pairwise_test
6	Luck2020-ST6-line:184	1768	7244	ENSG00000138587	ENSG00000125458	MAPPIT_testing_y2h_v1	MI:0231	PMID:32296183	RRS_pair_explicitly_negative_in_MAPPIT_pairwise_test
6	Luck2020-ST6-line:185	1768	7244	ENSG00000138587	ENSG00000125458	MAPPIT_testing_y2h_v2	MI:0231	PMID:32296183	RRS_pair_explicitly_negative_in_MAPPIT_pairwise_test
6	Luck2020-ST6-line:203	2158	14815	ENSG00000161381	ENSG00000165269	MAPPIT_testing_y2h_v3	MI:0231	PMID:32296183	RRS_pair_explicitly_negative_in_MAPPIT_pairwise_test
6	Luck2020-ST6-line:204	2158	14815	ENSG00000161381	ENSG00000165269	MAPPIT_testing_y2h_v1	MI:0231	PMID:32296183	RRS_pair_explicitly_negative_in_MAPPIT_pairwise_test
6	Luck2020-ST6-line:218	2265	8189	ENSG00000173421	ENSG00000124104	MAPPIT_testing_y2h_v3	MI:0231	PMID:32296183	RRS_pair_explicitly_negative_in_MAPPIT_pairwise_test
6	Luck2020-ST6-line:219	2265	8189	ENSG00000173421	ENSG00000124104	MAPPIT_testing_y2h_v1	MI:0231	PMID:32296183	RRS_pair_explicitly_negative_in_MAPPIT_pairwise_test
6	Luck2020-ST6-line:223	2462	12975	ENSG00000173821	ENSG00000142973	MAPPIT_testing_y2h_v3	MI:0231	PMID:32296183	RRS_pair_explicitly_negative_in_MAPPIT_pairwise_test
6	Luck2020-ST6-line:224	2462	12975	ENSG00000173821	ENSG00000142973	MAPPIT_testing_y2h_v1	MI:0231	PMID:32296183	RRS_pair_explicitly_negative_in_MAPPIT_pairwise_test
6	Luck2020-ST6-line:230	2538	5044	ENSG00000172375	ENSG00000135617	MAPPIT_testing_y2h_v3	MI:0231	PMID:32296183	RRS_pair_explicitly_negative_in_MAPPIT_pairwise_test
6	Luck2020-ST6-line:244	2597	14654	ENSG00000110697	ENSG00000163431	MAPPIT_testing_y2h_v1	MI:0231	PMID:32296183	RRS_pair_explicitly_negative_in_MAPPIT_pairwise_test
6	Luck2020-ST6-line:248	2687	3729	ENSG00000126522	ENSG00000174547	MAPPIT_testing_y2h_v3	MI:0231	PMID:32296183	RRS_pair_explicitly_negative_in_MAPPIT_pairwise_test
6	Luck2020-ST6-line:249	2687	3729	ENSG00000126522	ENSG00000174547	MAPPIT_testing_y2h_v1	MI:0231	PMID:32296183	RRS_pair_explicitly_negative_in_MAPPIT_pairwise_test
6	Luck2020-ST6-line:250	2687	3729	ENSG00000126522	ENSG00000174547	MAPPIT_testing_y2h_v2	MI:0231	PMID:32296183	RRS_pair_explicitly_negative_in_MAPPIT_pairwise_test
6	Luck2020-ST6-line:254	2691	100000239	ENSG00000145414	ENSG00000169314	MAPPIT_testing_y2h_v3	MI:0231	PMID:32296183	RRS_pair_explicitly_negative_in_MAPPIT_pairwise_test
6	Luck2020-ST6-line:255	2691	100000239	ENSG00000145414	ENSG00000169314	MAPPIT_testing_y2h_v1	MI:0231	PMID:32296183	RRS_pair_explicitly_negative_in_MAPPIT_pairwise_test
6	Luck2020-ST6-line:256	2691	100000239	ENSG00000145414	ENSG00000169314	MAPPIT_testing_y2h_v2	MI:0231	PMID:32296183	RRS_pair_explicitly_negative_in_MAPPIT_pairwise_test
6	Luck2020-ST6-line:263	2741	7122	ENSG00000135046	ENSG00000196372	MAPPIT_testing_y2h_v1	MI:0231	PMID:32296183	RRS_pair_explicitly_negative_in_MAPPIT_pairwise_test
6	Luck2020-ST6-line:264	2741	100001929	ENSG00000135046	ENSG00000106823	MAPPIT_testing_y2h_v3	MI:0231	PMID:32296183	RRS_pair_explicitly_negative_in_MAPPIT_pairwise_test
6	Luck2020-ST6-line:265	2741	100001929	ENSG00000135046	ENSG00000106823	MAPPIT_testing_y2h_v1	MI:0231	PMID:32296183	RRS_pair_explicitly_negative_in_MAPPIT_pairwise_test
6	Luck2020-ST6-line:266	2767	13962	ENSG00000117308	ENSG00000164867	MAPPIT_testing_y2h_v3	MI:0231	PMID:32296183	RRS_pair_explicitly_negative_in_MAPPIT_pairwise_test
6	Luck2020-ST6-line:267	2767	13962	ENSG00000117308	ENSG00000164867	MAPPIT_testing_y2h_v1	MI:0231	PMID:32296183	RRS_pair_explicitly_negative_in_MAPPIT_pairwise_test
6	Luck2020-ST6-line:274	2796	8486	ENSG00000142544	ENSG00000161544	MAPPIT_testing_y2h_v3	MI:0231	PMID:32296183	RRS_pair_explicitly_negative_in_MAPPIT_pairwise_test
6	Luck2020-ST6-line:275	2796	8486	ENSG00000142544	ENSG00000161544	MAPPIT_testing_y2h_v1	MI:0231	PMID:32296183	RRS_pair_explicitly_negative_in_MAPPIT_pairwise_test
6	Luck2020-ST6-line:276	2796	8486	ENSG00000142544	ENSG00000161544	MAPPIT_testing_y2h_v2	MI:0231	PMID:32296183	RRS_pair_explicitly_negative_in_MAPPIT_pairwise_test
6	Luck2020-ST6-line:281	2909	7511	ENSG00000090447	ENSG00000164096	MAPPIT_testing_y2h_v3	MI:0231	PMID:32296183	RRS_pair_explicitly_negative_in_MAPPIT_pairwise_test
6	Luck2020-ST6-line:282	2909	7511	ENSG00000090447	ENSG00000164096	MAPPIT_testing_y2h_v1	MI:0231	PMID:32296183	RRS_pair_explicitly_negative_in_MAPPIT_pairwise_test
6	Luck2020-ST6-line:290	2956	7723	ENSG00000160959	ENSG00000117010	MAPPIT_testing_y2h_v3	MI:0231	PMID:32296183	RRS_pair_explicitly_negative_in_MAPPIT_pairwise_test
6	Luck2020-ST6-line:291	2956	7723	ENSG00000160959	ENSG00000117010	MAPPIT_testing_y2h_v1	MI:0231	PMID:32296183	RRS_pair_explicitly_negative_in_MAPPIT_pairwise_test
6	Luck2020-ST6-line:292	2956	7723	ENSG00000160959	ENSG00000117010	MAPPIT_testing_y2h_v2	MI:0231	PMID:32296183	RRS_pair_explicitly_negative_in_MAPPIT_pairwise_test
6	Luck2020-ST6-line:293	2958	4933	ENSG00000244754	ENSG00000158856	MAPPIT_testing_y2h_v3	MI:0231	PMID:32296183	RRS_pair_explicitly_negative_in_MAPPIT_pairwise_test
6	Luck2020-ST6-line:294	2958	4933	ENSG00000244754	ENSG00000158856	MAPPIT_testing_y2h_v1	MI:0231	PMID:32296183	RRS_pair_explicitly_negative_in_MAPPIT_pairwise_test
6	Luck2020-ST6-line:295	2966	3638	ENSG00000117266	ENSG00000101417	MAPPIT_testing_y2h_v3	MI:0231	PMID:32296183	RRS_pair_explicitly_negative_in_MAPPIT_pairwise_test
6	Luck2020-ST6-line:296	2966	3638	ENSG00000117266	ENSG00000101417	MAPPIT_testing_y2h_v1	MI:0231	PMID:32296183	RRS_pair_explicitly_negative_in_MAPPIT_pairwise_test
6	Luck2020-ST6-line:307	3038	13503	ENSG00000118260	ENSG00000176153	MAPPIT_testing_y2h_v3	MI:0231	PMID:32296183	RRS_pair_explicitly_negative_in_MAPPIT_pairwise_test
6	Luck2020-ST6-line:308	3038	13503	ENSG00000118260	ENSG00000176153	MAPPIT_testing_y2h_v1	MI:0231	PMID:32296183	RRS_pair_explicitly_negative_in_MAPPIT_pairwise_test
6	Luck2020-ST6-line:312	3046	9068	ENSG00000158089	ENSG00000122299	MAPPIT_testing_y2h_v3	MI:0231	PMID:32296183	RRS_pair_explicitly_negative_in_MAPPIT_pairwise_test
6	Luck2020-ST6-line:313	3046	9068	ENSG00000158089	ENSG00000122299	MAPPIT_testing_y2h_v1	MI:0231	PMID:32296183	RRS_pair_explicitly_negative_in_MAPPIT_pairwise_test
6	Luck2020-ST6-line:314	3046	9068	ENSG00000158089	ENSG00000122299	MAPPIT_testing_y2h_v2	MI:0231	PMID:32296183	RRS_pair_explicitly_negative_in_MAPPIT_pairwise_test
6	Luck2020-ST6-line:316	3065	56879	ENSG00000187134	ENSG00000153339	MAPPIT_testing_y2h_v3	MI:0231	PMID:32296183	RRS_pair_explicitly_negative_in_MAPPIT_pairwise_test
6	Luck2020-ST6-line:317	3065	56879	ENSG00000187134	ENSG00000153339	MAPPIT_testing_y2h_v1	MI:0231	PMID:32296183	RRS_pair_explicitly_negative_in_MAPPIT_pairwise_test
6	Luck2020-ST6-line:318	3065	56879	ENSG00000187134	ENSG00000153339	MAPPIT_testing_y2h_v2	MI:0231	PMID:32296183	RRS_pair_explicitly_negative_in_MAPPIT_pairwise_test
6	Luck2020-ST6-line:319	3071	13210	ENSG00000006534	ENSG00000147257	MAPPIT_testing_y2h_v3	MI:0231	PMID:32296183	RRS_pair_explicitly_negative_in_MAPPIT_pairwise_test
6	Luck2020-ST6-line:320	3071	13210	ENSG00000006534	ENSG00000147257	MAPPIT_testing_y2h_v1	MI:0231	PMID:32296183	RRS_pair_explicitly_negative_in_MAPPIT_pairwise_test
6	Luck2020-ST6-line:321	3071	13210	ENSG00000006534	ENSG00000147257	MAPPIT_testing_y2h_v2	MI:0231	PMID:32296183	RRS_pair_explicitly_negative_in_MAPPIT_pairwise_test
6	Luck2020-ST6-line:326	3095	5745	ENSG00000162078	ENSG00000147679	MAPPIT_testing_y2h_v3	MI:0231	PMID:32296183	RRS_pair_explicitly_negative_in_MAPPIT_pairwise_test
6	Luck2020-ST6-line:327	3095	5745	ENSG00000162078	ENSG00000147679	MAPPIT_testing_y2h_v1	MI:0231	PMID:32296183	RRS_pair_explicitly_negative_in_MAPPIT_pairwise_test
6	Luck2020-ST6-line:337	3266	53064	ENSG00000128039	ENSG00000205944	MAPPIT_testing_y2h_v3	MI:0231	PMID:32296183	RRS_pair_explicitly_negative_in_MAPPIT_pairwise_test
6	Luck2020-ST6-line:338	3266	53064	ENSG00000128039	ENSG00000205944	MAPPIT_testing_y2h_v1	MI:0231	PMID:32296183	RRS_pair_explicitly_negative_in_MAPPIT_pairwise_test
6	Luck2020-ST6-line:339	3266	53064	ENSG00000128039	ENSG00000205944	MAPPIT_testing_y2h_v2	MI:0231	PMID:32296183	RRS_pair_explicitly_negative_in_MAPPIT_pairwise_test
6	Luck2020-ST6-line:342	3353	6559	ENSG00000116525	ENSG00000050327	MAPPIT_testing_y2h_v3	MI:0231	PMID:32296183	RRS_pair_explicitly_negative_in_MAPPIT_pairwise_test
6	Luck2020-ST6-line:343	3353	6559	ENSG00000116525	ENSG00000050327	MAPPIT_testing_y2h_v1	MI:0231	PMID:32296183	RRS_pair_explicitly_negative_in_MAPPIT_pairwise_test
6	Luck2020-ST6-line:362	3620	8486	ENSG00000033011	ENSG00000161544	MAPPIT_testing_y2h_v3	MI:0231	PMID:32296183	RRS_pair_explicitly_negative_in_MAPPIT_pairwise_test
6	Luck2020-ST6-line:365	3771	54095	ENSG00000171819	ENSG00000184470	MAPPIT_testing_y2h_v3	MI:0231	PMID:32296183	RRS_pair_explicitly_negative_in_MAPPIT_pairwise_test
6	Luck2020-ST6-line:366	3771	54095	ENSG00000171819	ENSG00000184470	MAPPIT_testing_y2h_v1	MI:0231	PMID:32296183	RRS_pair_explicitly_negative_in_MAPPIT_pairwise_test
6	Luck2020-ST6-line:367	3771	54095	ENSG00000171819	ENSG00000184470	MAPPIT_testing_y2h_v2	MI:0231	PMID:32296183	RRS_pair_explicitly_negative_in_MAPPIT_pairwise_test
6	Luck2020-ST6-line:372	3859	70621	ENSG00000146701	ENSG00000187944	MAPPIT_testing_y2h_v3	MI:0231	PMID:32296183	RRS_pair_explicitly_negative_in_MAPPIT_pairwise_test
6	Luck2020-ST6-line:373	3859	70621	ENSG00000146701	ENSG00000187944	MAPPIT_testing_y2h_v1	MI:0231	PMID:32296183	RRS_pair_explicitly_negative_in_MAPPIT_pairwise_test
6	Luck2020-ST6-line:374	3859	70621	ENSG00000146701	ENSG00000187944	MAPPIT_testing_y2h_v2	MI:0231	PMID:32296183	RRS_pair_explicitly_negative_in_MAPPIT_pairwise_test
6	Luck2020-ST6-line:376	3870	100015074	ENSG00000144645	ENSG00000100139	MAPPIT_testing_y2h_v1	MI:0231	PMID:32296183	RRS_pair_explicitly_negative_in_MAPPIT_pairwise_test
6	Luck2020-ST6-line:377	3870	100015074	ENSG00000144645	ENSG00000100139	MAPPIT_testing_y2h_v2	MI:0231	PMID:32296183	RRS_pair_explicitly_negative_in_MAPPIT_pairwise_test
6	Luck2020-ST6-line:393	3975	54069	ENSG00000135486	ENSG00000169291	MAPPIT_testing_y2h_v3	MI:0231	PMID:32296183	RRS_pair_explicitly_negative_in_MAPPIT_pairwise_test
6	Luck2020-ST6-line:394	3975	54069	ENSG00000135486	ENSG00000169291	MAPPIT_testing_y2h_v1	MI:0231	PMID:32296183	RRS_pair_explicitly_negative_in_MAPPIT_pairwise_test
6	Luck2020-ST6-line:422	4287	9286	ENSG00000119471	ENSG00000183625	MAPPIT_testing_y2h_v1	MI:0231	PMID:32296183	RRS_pair_explicitly_negative_in_MAPPIT_pairwise_test
6	Luck2020-ST6-line:423	4287	9286	ENSG00000119471	ENSG00000183625	MAPPIT_testing_y2h_v2	MI:0231	PMID:32296183	RRS_pair_explicitly_negative_in_MAPPIT_pairwise_test
6	Luck2020-ST6-line:427	4359	13026	ENSG00000108039	ENSG00000112539	MAPPIT_testing_y2h_v3	MI:0231	PMID:32296183	RRS_pair_explicitly_negative_in_MAPPIT_pairwise_test
6	Luck2020-ST6-line:428	4359	13026	ENSG00000108039	ENSG00000112539	MAPPIT_testing_y2h_v1	MI:0231	PMID:32296183	RRS_pair_explicitly_negative_in_MAPPIT_pairwise_test
6	Luck2020-ST6-line:433	4417	9592	ENSG00000101938	ENSG00000133317	MAPPIT_testing_y2h_v3	MI:0231	PMID:32296183	RRS_pair_explicitly_negative_in_MAPPIT_pairwise_test
6	Luck2020-ST6-line:434	4417	9592	ENSG00000101938	ENSG00000133317	MAPPIT_testing_y2h_v1	MI:0231	PMID:32296183	RRS_pair_explicitly_negative_in_MAPPIT_pairwise_test
6	Luck2020-ST6-line:435	4417	9592	ENSG00000101938	ENSG00000133317	MAPPIT_testing_y2h_v2	MI:0231	PMID:32296183	RRS_pair_explicitly_negative_in_MAPPIT_pairwise_test
6	Luck2020-ST6-line:436	4417	40080647	ENSG00000101938	ENSG00000169862	MAPPIT_testing_y2h_v3	MI:0231	PMID:32296183	RRS_pair_explicitly_negative_in_MAPPIT_pairwise_test
6	Luck2020-ST6-line:437	4417	40080647	ENSG00000101938	ENSG00000169862	MAPPIT_testing_y2h_v1	MI:0231	PMID:32296183	RRS_pair_explicitly_negative_in_MAPPIT_pairwise_test
6	Luck2020-ST6-line:438	4417	40080647	ENSG00000101938	ENSG00000169862	MAPPIT_testing_y2h_v2	MI:0231	PMID:32296183	RRS_pair_explicitly_negative_in_MAPPIT_pairwise_test
6	Luck2020-ST6-line:444	4430	6325	ENSG00000185787	ENSG00000123353	MAPPIT_testing_y2h_v3	MI:0231	PMID:32296183	RRS_pair_explicitly_negative_in_MAPPIT_pairwise_test
6	Luck2020-ST6-line:445	4430	6325	ENSG00000185787	ENSG00000123353	MAPPIT_testing_y2h_v1	MI:0231	PMID:32296183	RRS_pair_explicitly_negative_in_MAPPIT_pairwise_test
6	Luck2020-ST6-line:461	4775	6133	ENSG00000062822	ENSG00000135924	MAPPIT_testing_y2h_v1	MI:0231	PMID:32296183	RRS_pair_explicitly_negative_in_MAPPIT_pairwise_test
6	Luck2020-ST6-line:462	4775	6133	ENSG00000062822	ENSG00000135924	MAPPIT_testing_y2h_v2	MI:0231	PMID:32296183	RRS_pair_explicitly_negative_in_MAPPIT_pairwise_test
6	Luck2020-ST6-line:467	4781	100014765	ENSG00000185883	ENSG00000171180	MAPPIT_testing_y2h_v3	MI:0231	PMID:32296183	RRS_pair_explicitly_negative_in_MAPPIT_pairwise_test
6	Luck2020-ST6-line:468	4781	100014765	ENSG00000185883	ENSG00000171180	MAPPIT_testing_y2h_v1	MI:0231	PMID:32296183	RRS_pair_explicitly_negative_in_MAPPIT_pairwise_test
6	Luck2020-ST6-line:469	4781	100014765	ENSG00000185883	ENSG00000171180	MAPPIT_testing_y2h_v2	MI:0231	PMID:32296183	RRS_pair_explicitly_negative_in_MAPPIT_pairwise_test
6	Luck2020-ST6-line:470	4792	5448	ENSG00000148344	ENSG00000151632	MAPPIT_testing_y2h_v3	MI:0231	PMID:32296183	RRS_pair_explicitly_negative_in_MAPPIT_pairwise_test
6	Luck2020-ST6-line:471	4792	5448	ENSG00000148344	ENSG00000151632	MAPPIT_testing_y2h_v1	MI:0231	PMID:32296183	RRS_pair_explicitly_negative_in_MAPPIT_pairwise_test
6	Luck2020-ST6-line:472	4792	11858	ENSG00000148344	ENSG00000101152	MAPPIT_testing_y2h_v3	MI:0231	PMID:32296183	RRS_pair_explicitly_negative_in_MAPPIT_pairwise_test
6	Luck2020-ST6-line:473	4792	11858	ENSG00000148344	ENSG00000101152	MAPPIT_testing_y2h_v1	MI:0231	PMID:32296183	RRS_pair_explicitly_negative_in_MAPPIT_pairwise_test
6	Luck2020-ST6-line:474	4795	7208	ENSG00000137198	ENSG00000141179	MAPPIT_testing_y2h_v3	MI:0231	PMID:32296183	RRS_pair_explicitly_negative_in_MAPPIT_pairwise_test
6	Luck2020-ST6-line:475	4795	7208	ENSG00000137198	ENSG00000141179	MAPPIT_testing_y2h_v1	MI:0231	PMID:32296183	RRS_pair_explicitly_negative_in_MAPPIT_pairwise_test
6	Luck2020-ST6-line:476	4795	7208	ENSG00000137198	ENSG00000141179	MAPPIT_testing_y2h_v2	MI:0231	PMID:32296183	RRS_pair_explicitly_negative_in_MAPPIT_pairwise_test
6	Luck2020-ST6-line:497	4798	54031	ENSG00000124074	ENSG00000109670	MAPPIT_testing_y2h_v1	MI:0231	PMID:32296183	RRS_pair_explicitly_negative_in_MAPPIT_pairwise_test
6	Luck2020-ST6-line:498	4798	54031	ENSG00000124074	ENSG00000109670	MAPPIT_testing_y2h_v2	MI:0231	PMID:32296183	RRS_pair_explicitly_negative_in_MAPPIT_pairwise_test
6	Luck2020-ST6-line:503	4810	13943	ENSG00000173226	ENSG00000124827	MAPPIT_testing_y2h_v3	MI:0231	PMID:32296183	RRS_pair_explicitly_negative_in_MAPPIT_pairwise_test
6	Luck2020-ST6-line:504	4810	13943	ENSG00000173226	ENSG00000124827	MAPPIT_testing_y2h_v1	MI:0231	PMID:32296183	RRS_pair_explicitly_negative_in_MAPPIT_pairwise_test
6	Luck2020-ST6-line:505	4810	13943	ENSG00000173226	ENSG00000124827	MAPPIT_testing_y2h_v2	MI:0231	PMID:32296183	RRS_pair_explicitly_negative_in_MAPPIT_pairwise_test
6	Luck2020-ST6-line:510	4840	7555	ENSG00000142694	ENSG00000197702	MAPPIT_testing_y2h_v1	MI:0231	PMID:32296183	RRS_pair_explicitly_negative_in_MAPPIT_pairwise_test
6	Luck2020-ST6-line:517	4922	11328	ENSG00000169155	ENSG00000125864	MAPPIT_testing_y2h_v3	MI:0231	PMID:32296183	RRS_pair_explicitly_negative_in_MAPPIT_pairwise_test
6	Luck2020-ST6-line:518	4922	11328	ENSG00000169155	ENSG00000125864	MAPPIT_testing_y2h_v1	MI:0231	PMID:32296183	RRS_pair_explicitly_negative_in_MAPPIT_pairwise_test
6	Luck2020-ST6-line:524	4979	7556	ENSG00000099326	ENSG00000156689	MAPPIT_testing_y2h_v3	MI:0231	PMID:32296183	RRS_pair_explicitly_negative_in_MAPPIT_pairwise_test
6	Luck2020-ST6-line:525	4979	7556	ENSG00000099326	ENSG00000156689	MAPPIT_testing_y2h_v1	MI:0231	PMID:32296183	RRS_pair_explicitly_negative_in_MAPPIT_pairwise_test
6	Luck2020-ST6-line:532	5090	14722	ENSG00000172725	ENSG00000163848	MAPPIT_testing_y2h_v3	MI:0231	PMID:32296183	RRS_pair_explicitly_negative_in_MAPPIT_pairwise_test
6	Luck2020-ST6-line:533	5090	14722	ENSG00000172725	ENSG00000163848	MAPPIT_testing_y2h_v1	MI:0231	PMID:32296183	RRS_pair_explicitly_negative_in_MAPPIT_pairwise_test
6	Luck2020-ST6-line:548	5294	9630	ENSG00000100335	ENSG00000176170	MAPPIT_testing_y2h_v3	MI:0231	PMID:32296183	RRS_pair_explicitly_negative_in_MAPPIT_pairwise_test
6	Luck2020-ST6-line:549	5294	9630	ENSG00000100335	ENSG00000176170	MAPPIT_testing_y2h_v1	MI:0231	PMID:32296183	RRS_pair_explicitly_negative_in_MAPPIT_pairwise_test
6	Luck2020-ST6-line:550	5294	9630	ENSG00000100335	ENSG00000176170	MAPPIT_testing_y2h_v2	MI:0231	PMID:32296183	RRS_pair_explicitly_negative_in_MAPPIT_pairwise_test
6	Luck2020-ST6-line:551	5294	11756	ENSG00000100335	ENSG00000138801	MAPPIT_testing_y2h_v3	MI:0231	PMID:32296183	RRS_pair_explicitly_negative_in_MAPPIT_pairwise_test
6	Luck2020-ST6-line:552	5294	11756	ENSG00000100335	ENSG00000138801	MAPPIT_testing_y2h_v1	MI:0231	PMID:32296183	RRS_pair_explicitly_negative_in_MAPPIT_pairwise_test
6	Luck2020-ST6-line:553	5294	11756	ENSG00000100335	ENSG00000138801	MAPPIT_testing_y2h_v2	MI:0231	PMID:32296183	RRS_pair_explicitly_negative_in_MAPPIT_pairwise_test
6	Luck2020-ST6-line:565	5457	6722	ENSG00000035115	ENSG00000066117	MAPPIT_testing_y2h_v3	MI:0231	PMID:32296183	RRS_pair_explicitly_negative_in_MAPPIT_pairwise_test
6	Luck2020-ST6-line:566	5457	6722	ENSG00000035115	ENSG00000066117	MAPPIT_testing_y2h_v1	MI:0231	PMID:32296183	RRS_pair_explicitly_negative_in_MAPPIT_pairwise_test
6	Luck2020-ST6-line:568	5458	11411	ENSG00000105971	ENSG00000004534	MAPPIT_testing_y2h_v1	MI:0231	PMID:32296183	RRS_pair_explicitly_negative_in_MAPPIT_pairwise_test
6	Luck2020-ST6-line:569	5458	11411	ENSG00000105971	ENSG00000004534	MAPPIT_testing_y2h_v2	MI:0231	PMID:32296183	RRS_pair_explicitly_negative_in_MAPPIT_pairwise_test
6	Luck2020-ST6-line:570	5471	7112	ENSG00000168530	ENSG00000162076	MAPPIT_testing_y2h_v3	MI:0231	PMID:32296183	RRS_pair_explicitly_negative_in_MAPPIT_pairwise_test
6	Luck2020-ST6-line:571	5471	7112	ENSG00000168530	ENSG00000162076	MAPPIT_testing_y2h_v1	MI:0231	PMID:32296183	RRS_pair_explicitly_negative_in_MAPPIT_pairwise_test
6	Luck2020-ST6-line:573	5471	100011242	ENSG00000168530	ENSG00000152518	MAPPIT_testing_y2h_v1	MI:0231	PMID:32296183	RRS_pair_explicitly_negative_in_MAPPIT_pairwise_test
6	Luck2020-ST6-line:574	5471	100011242	ENSG00000168530	ENSG00000152518	MAPPIT_testing_y2h_v2	MI:0231	PMID:32296183	RRS_pair_explicitly_negative_in_MAPPIT_pairwise_test
6	Luck2020-ST6-line:587	5629	100002197	ENSG00000277462	ENSG00000203685	MAPPIT_testing_y2h_v3	MI:0231	PMID:32296183	RRS_pair_explicitly_negative_in_MAPPIT_pairwise_test
6	Luck2020-ST6-line:588	5629	100002197	ENSG00000277462	ENSG00000203685	MAPPIT_testing_y2h_v1	MI:0231	PMID:32296183	RRS_pair_explicitly_negative_in_MAPPIT_pairwise_test
6	Luck2020-ST6-line:600	5916	40080841	ENSG00000130299	ENSG00000116329	MAPPIT_testing_y2h_v3	MI:0231	PMID:32296183	RRS_pair_explicitly_negative_in_MAPPIT_pairwise_test
6	Luck2020-ST6-line:601	5916	40080841	ENSG00000130299	ENSG00000116329	MAPPIT_testing_y2h_v1	MI:0231	PMID:32296183	RRS_pair_explicitly_negative_in_MAPPIT_pairwise_test
6	Luck2020-ST6-line:602	5916	40080841	ENSG00000130299	ENSG00000116329	MAPPIT_testing_y2h_v2	MI:0231	PMID:32296183	RRS_pair_explicitly_negative_in_MAPPIT_pairwise_test
6	Luck2020-ST6-line:603	5916	100010412	ENSG00000130299	ENSG00000163348	MAPPIT_testing_y2h_v3	MI:0231	PMID:32296183	RRS_pair_explicitly_negative_in_MAPPIT_pairwise_test
6	Luck2020-ST6-line:604	5916	100010412	ENSG00000130299	ENSG00000163348	MAPPIT_testing_y2h_v1	MI:0231	PMID:32296183	RRS_pair_explicitly_negative_in_MAPPIT_pairwise_test
6	Luck2020-ST6-line:607	5951	6671	ENSG00000183010	ENSG00000113558	MAPPIT_testing_y2h_v3	MI:0231	PMID:32296183	RRS_pair_explicitly_negative_in_MAPPIT_pairwise_test
6	Luck2020-ST6-line:608	5951	6671	ENSG00000183010	ENSG00000113558	MAPPIT_testing_y2h_v1	MI:0231	PMID:32296183	RRS_pair_explicitly_negative_in_MAPPIT_pairwise_test
6	Luck2020-ST6-line:610	5995	13067	ENSG00000135624	ENSG00000117475	MAPPIT_testing_y2h_v3	MI:0231	PMID:32296183	RRS_pair_explicitly_negative_in_MAPPIT_pairwise_test
6	Luck2020-ST6-line:611	5995	13067	ENSG00000135624	ENSG00000117475	MAPPIT_testing_y2h_v1	MI:0231	PMID:32296183	RRS_pair_explicitly_negative_in_MAPPIT_pairwise_test
6	Luck2020-ST6-line:613	6119	70343	ENSG00000107882	ENSG00000175018	MAPPIT_testing_y2h_v3	MI:0231	PMID:32296183	RRS_pair_explicitly_negative_in_MAPPIT_pairwise_test
6	Luck2020-ST6-line:618	6142	53609	ENSG00000167513	ENSG00000110400	MAPPIT_testing_y2h_v3	MI:0231	PMID:32296183	RRS_pair_explicitly_negative_in_MAPPIT_pairwise_test
6	Luck2020-ST6-line:619	6142	53609	ENSG00000167513	ENSG00000110400	MAPPIT_testing_y2h_v1	MI:0231	PMID:32296183	RRS_pair_explicitly_negative_in_MAPPIT_pairwise_test
6	Luck2020-ST6-line:620	6142	53609	ENSG00000167513	ENSG00000110400	MAPPIT_testing_y2h_v2	MI:0231	PMID:32296183	RRS_pair_explicitly_negative_in_MAPPIT_pairwise_test
6	Luck2020-ST6-line:621	6166	11797	ENSG00000196611	ENSG00000092470	MAPPIT_testing_y2h_v3	MI:0231	PMID:32296183	RRS_pair_explicitly_negative_in_MAPPIT_pairwise_test
6	Luck2020-ST6-line:622	6166	11797	ENSG00000196611	ENSG00000092470	MAPPIT_testing_y2h_v1	MI:0231	PMID:32296183	RRS_pair_explicitly_negative_in_MAPPIT_pairwise_test
6	Luck2020-ST6-line:623	6166	11797	ENSG00000196611	ENSG00000092470	MAPPIT_testing_y2h_v2	MI:0231	PMID:32296183	RRS_pair_explicitly_negative_in_MAPPIT_pairwise_test
6	Luck2020-ST6-line:628	6249	53131	ENSG00000196368	ENSG00000118514	MAPPIT_testing_y2h_v3	MI:0231	PMID:32296183	RRS_pair_explicitly_negative_in_MAPPIT_pairwise_test
6	Luck2020-ST6-line:629	6249	53131	ENSG00000196368	ENSG00000118514	MAPPIT_testing_y2h_v1	MI:0231	PMID:32296183	RRS_pair_explicitly_negative_in_MAPPIT_pairwise_test
6	Luck2020-ST6-line:643	6490	100000239	ENSG00000078043	ENSG00000169314	MAPPIT_testing_y2h_v3	MI:0231	PMID:32296183	RRS_pair_explicitly_negative_in_MAPPIT_pairwise_test
6	Luck2020-ST6-line:644	6490	100000239	ENSG00000078043	ENSG00000169314	MAPPIT_testing_y2h_v1	MI:0231	PMID:32296183	RRS_pair_explicitly_negative_in_MAPPIT_pairwise_test
6	Luck2020-ST6-line:645	6490	100000239	ENSG00000078043	ENSG00000169314	MAPPIT_testing_y2h_v2	MI:0231	PMID:32296183	RRS_pair_explicitly_negative_in_MAPPIT_pairwise_test
6	Luck2020-ST6-line:649	6515	56883	ENSG00000118961	ENSG00000139697	MAPPIT_testing_y2h_v3	MI:0231	PMID:32296183	RRS_pair_explicitly_negative_in_MAPPIT_pairwise_test
6	Luck2020-ST6-line:650	6515	56883	ENSG00000118961	ENSG00000139697	MAPPIT_testing_y2h_v1	MI:0231	PMID:32296183	RRS_pair_explicitly_negative_in_MAPPIT_pairwise_test
6	Luck2020-ST6-line:651	6615	6950	ENSG00000052749	ENSG00000244509	MAPPIT_testing_y2h_v3	MI:0231	PMID:32296183	RRS_pair_explicitly_negative_in_MAPPIT_pairwise_test
6	Luck2020-ST6-line:652	6615	6950	ENSG00000052749	ENSG00000244509	MAPPIT_testing_y2h_v1	MI:0231	PMID:32296183	RRS_pair_explicitly_negative_in_MAPPIT_pairwise_test
6	Luck2020-ST6-line:664	6763	53130	ENSG00000119917	ENSG00000169231	MAPPIT_testing_y2h_v3	MI:0231	PMID:32296183	RRS_pair_explicitly_negative_in_MAPPIT_pairwise_test
6	Luck2020-ST6-line:665	6763	53130	ENSG00000119917	ENSG00000169231	MAPPIT_testing_y2h_v1	MI:0231	PMID:32296183	RRS_pair_explicitly_negative_in_MAPPIT_pairwise_test
6	Luck2020-ST6-line:673	6863	13004	ENSG00000162396	ENSG00000156096	MAPPIT_testing_y2h_v3	MI:0231	PMID:32296183	RRS_pair_explicitly_negative_in_MAPPIT_pairwise_test
6	Luck2020-ST6-line:674	6863	13004	ENSG00000162396	ENSG00000156096	MAPPIT_testing_y2h_v1	MI:0231	PMID:32296183	RRS_pair_explicitly_negative_in_MAPPIT_pairwise_test
6	Luck2020-ST6-line:675	6863	13004	ENSG00000162396	ENSG00000156096	MAPPIT_testing_y2h_v2	MI:0231	PMID:32296183	RRS_pair_explicitly_negative_in_MAPPIT_pairwise_test
6	Luck2020-ST6-line:689	7073	13270	ENSG00000168259	ENSG00000278053	MAPPIT_testing_y2h_v3	MI:0231	PMID:32296183	RRS_pair_explicitly_negative_in_MAPPIT_pairwise_test
6	Luck2020-ST6-line:690	7073	13270	ENSG00000168259	ENSG00000278053	MAPPIT_testing_y2h_v1	MI:0231	PMID:32296183	RRS_pair_explicitly_negative_in_MAPPIT_pairwise_test
6	Luck2020-ST6-line:700	7196	7541	ENSG00000198783	ENSG00000149313	MAPPIT_testing_y2h_v3	MI:0231	PMID:32296183	RRS_pair_explicitly_negative_in_MAPPIT_pairwise_test
6	Luck2020-ST6-line:701	7196	7541	ENSG00000198783	ENSG00000149313	MAPPIT_testing_y2h_v1	MI:0231	PMID:32296183	RRS_pair_explicitly_negative_in_MAPPIT_pairwise_test
6	Luck2020-ST6-line:702	7196	55579	ENSG00000198783	ENSG00000143624	MAPPIT_testing_y2h_v3	MI:0231	PMID:32296183	RRS_pair_explicitly_negative_in_MAPPIT_pairwise_test
6	Luck2020-ST6-line:703	7196	55579	ENSG00000198783	ENSG00000143624	MAPPIT_testing_y2h_v1	MI:0231	PMID:32296183	RRS_pair_explicitly_negative_in_MAPPIT_pairwise_test
6	Luck2020-ST6-line:704	7196	55579	ENSG00000198783	ENSG00000143624	MAPPIT_testing_y2h_v2	MI:0231	PMID:32296183	RRS_pair_explicitly_negative_in_MAPPIT_pairwise_test
6	Luck2020-ST6-line:705	7196	100000237	ENSG00000198783	ENSG00000243156	MAPPIT_testing_y2h_v3	MI:0231	PMID:32296183	RRS_pair_explicitly_negative_in_MAPPIT_pairwise_test
6	Luck2020-ST6-line:706	7196	100000237	ENSG00000198783	ENSG00000243156	MAPPIT_testing_y2h_v1	MI:0231	PMID:32296183	RRS_pair_explicitly_negative_in_MAPPIT_pairwise_test
6	Luck2020-ST6-line:716	7354	53568	ENSG00000177542	ENSG00000146453	MAPPIT_testing_y2h_v3	MI:0231	PMID:32296183	RRS_pair_explicitly_negative_in_MAPPIT_pairwise_test
6	Luck2020-ST6-line:717	7354	53568	ENSG00000177542	ENSG00000146453	MAPPIT_testing_y2h_v1	MI:0231	PMID:32296183	RRS_pair_explicitly_negative_in_MAPPIT_pairwise_test
6	Luck2020-ST6-line:734	7985	9194	ENSG00000133433	ENSG00000157978	MAPPIT_testing_y2h_v3	MI:0231	PMID:32296183	RRS_pair_explicitly_negative_in_MAPPIT_pairwise_test
6	Luck2020-ST6-line:735	7985	9194	ENSG00000133433	ENSG00000157978	MAPPIT_testing_y2h_v1	MI:0231	PMID:32296183	RRS_pair_explicitly_negative_in_MAPPIT_pairwise_test
6	Luck2020-ST6-line:736	7985	9194	ENSG00000133433	ENSG00000157978	MAPPIT_testing_y2h_v2	MI:0231	PMID:32296183	RRS_pair_explicitly_negative_in_MAPPIT_pairwise_test
6	Luck2020-ST6-line:738	8167	100014472	ENSG00000125863	ENSG00000135097	MAPPIT_testing_y2h_v3	MI:0231	PMID:32296183	RRS_pair_explicitly_negative_in_MAPPIT_pairwise_test
6	Luck2020-ST6-line:739	8167	100014472	ENSG00000125863	ENSG00000135097	MAPPIT_testing_y2h_v1	MI:0231	PMID:32296183	RRS_pair_explicitly_negative_in_MAPPIT_pairwise_test
6	Luck2020-ST6-line:760	8382	11713	ENSG00000172215	ENSG00000141012	MAPPIT_testing_y2h_v3	MI:0231	PMID:32296183	RRS_pair_explicitly_negative_in_MAPPIT_pairwise_test
6	Luck2020-ST6-line:761	8382	11713	ENSG00000172215	ENSG00000141012	MAPPIT_testing_y2h_v1	MI:0231	PMID:32296183	RRS_pair_explicitly_negative_in_MAPPIT_pairwise_test
6	Luck2020-ST6-line:762	8384	53191	ENSG00000073754	ENSG00000140525	MAPPIT_testing_y2h_v3	MI:0231	PMID:32296183	RRS_pair_explicitly_negative_in_MAPPIT_pairwise_test
6	Luck2020-ST6-line:763	8384	53191	ENSG00000073754	ENSG00000140525	MAPPIT_testing_y2h_v1	MI:0231	PMID:32296183	RRS_pair_explicitly_negative_in_MAPPIT_pairwise_test
6	Luck2020-ST6-line:773	8400	54317	ENSG00000173480	ENSG00000221955	MAPPIT_testing_y2h_v3	MI:0231	PMID:32296183	RRS_pair_explicitly_negative_in_MAPPIT_pairwise_test
6	Luck2020-ST6-line:774	8400	54317	ENSG00000173480	ENSG00000221955	MAPPIT_testing_y2h_v1	MI:0231	PMID:32296183	RRS_pair_explicitly_negative_in_MAPPIT_pairwise_test
6	Luck2020-ST6-line:783	8456	100002625	ENSG00000181378	ENSG00000114416	MAPPIT_testing_y2h_v3	MI:0231	PMID:32296183	RRS_pair_explicitly_negative_in_MAPPIT_pairwise_test
6	Luck2020-ST6-line:784	8456	100002625	ENSG00000181378	ENSG00000114416	MAPPIT_testing_y2h_v1	MI:0231	PMID:32296183	RRS_pair_explicitly_negative_in_MAPPIT_pairwise_test
6	Luck2020-ST6-line:786	8471	11570	ENSG00000105223	ENSG00000204104	MAPPIT_testing_y2h_v3	MI:0231	PMID:32296183	RRS_pair_explicitly_negative_in_MAPPIT_pairwise_test
6	Luck2020-ST6-line:787	8471	11570	ENSG00000105223	ENSG00000204104	MAPPIT_testing_y2h_v1	MI:0231	PMID:32296183	RRS_pair_explicitly_negative_in_MAPPIT_pairwise_test
6	Luck2020-ST6-line:788	8471	11570	ENSG00000105223	ENSG00000204104	MAPPIT_testing_y2h_v2	MI:0231	PMID:32296183	RRS_pair_explicitly_negative_in_MAPPIT_pairwise_test
6	Luck2020-ST6-line:790	8479	12833	ENSG00000178773	ENSG00000139572	MAPPIT_testing_y2h_v3	MI:0231	PMID:32296183	RRS_pair_explicitly_negative_in_MAPPIT_pairwise_test
6	Luck2020-ST6-line:791	8479	12833	ENSG00000178773	ENSG00000139572	MAPPIT_testing_y2h_v1	MI:0231	PMID:32296183	RRS_pair_explicitly_negative_in_MAPPIT_pairwise_test
6	Luck2020-ST6-line:792	8479	12833	ENSG00000178773	ENSG00000139572	MAPPIT_testing_y2h_v2	MI:0231	PMID:32296183	RRS_pair_explicitly_negative_in_MAPPIT_pairwise_test
6	Luck2020-ST6-line:804	9276	14536	ENSG00000204296	ENSG00000198146	MAPPIT_testing_y2h_v3	MI:0231	PMID:32296183	RRS_pair_explicitly_negative_in_MAPPIT_pairwise_test
6	Luck2020-ST6-line:805	9276	14536	ENSG00000204296	ENSG00000198146	MAPPIT_testing_y2h_v1	MI:0231	PMID:32296183	RRS_pair_explicitly_negative_in_MAPPIT_pairwise_test
6	Luck2020-ST6-line:806	9276	14536	ENSG00000204296	ENSG00000198146	MAPPIT_testing_y2h_v2	MI:0231	PMID:32296183	RRS_pair_explicitly_negative_in_MAPPIT_pairwise_test
6	Luck2020-ST6-line:807	9333	100016081	ENSG00000135917	ENSG00000262576	MAPPIT_testing_y2h_v3	MI:0231	PMID:32296183	RRS_pair_explicitly_negative_in_MAPPIT_pairwise_test
6	Luck2020-ST6-line:808	9333	100016081	ENSG00000135917	ENSG00000262576	MAPPIT_testing_y2h_v1	MI:0231	PMID:32296183	RRS_pair_explicitly_negative_in_MAPPIT_pairwise_test
6	Luck2020-ST6-line:809	9354	52925	ENSG00000176945	ENSG00000171564	MAPPIT_testing_y2h_v3	MI:0231	PMID:32296183	RRS_pair_explicitly_negative_in_MAPPIT_pairwise_test
6	Luck2020-ST6-line:810	9354	52925	ENSG00000176945	ENSG00000171564	MAPPIT_testing_y2h_v1	MI:0231	PMID:32296183	RRS_pair_explicitly_negative_in_MAPPIT_pairwise_test
6	Luck2020-ST6-line:811	9354	52925	ENSG00000176945	ENSG00000171564	MAPPIT_testing_y2h_v2	MI:0231	PMID:32296183	RRS_pair_explicitly_negative_in_MAPPIT_pairwise_test
6	Luck2020-ST6-line:821	9733	11713	ENSG00000204178	ENSG00000141012	MAPPIT_testing_y2h_v3	MI:0231	PMID:32296183	RRS_pair_explicitly_negative_in_MAPPIT_pairwise_test
6	Luck2020-ST6-line:822	9733	11713	ENSG00000204178	ENSG00000141012	MAPPIT_testing_y2h_v1	MI:0231	PMID:32296183	RRS_pair_explicitly_negative_in_MAPPIT_pairwise_test
6	Luck2020-ST6-line:828	9821	54123	ENSG00000171097	ENSG00000162949	MAPPIT_testing_y2h_v3	MI:0231	PMID:32296183	RRS_pair_explicitly_negative_in_MAPPIT_pairwise_test
6	Luck2020-ST6-line:829	9821	54123	ENSG00000171097	ENSG00000162949	MAPPIT_testing_y2h_v1	MI:0231	PMID:32296183	RRS_pair_explicitly_negative_in_MAPPIT_pairwise_test
6	Luck2020-ST6-line:830	9821	54123	ENSG00000171097	ENSG00000162949	MAPPIT_testing_y2h_v2	MI:0231	PMID:32296183	RRS_pair_explicitly_negative_in_MAPPIT_pairwise_test
6	Luck2020-ST6-line:839	10044	100000245	ENSG00000158417	ENSG00000169635	MAPPIT_testing_y2h_v3	MI:0231	PMID:32296183	RRS_pair_explicitly_negative_in_MAPPIT_pairwise_test
6	Luck2020-ST6-line:840	10044	100000245	ENSG00000158417	ENSG00000169635	MAPPIT_testing_y2h_v1	MI:0231	PMID:32296183	RRS_pair_explicitly_negative_in_MAPPIT_pairwise_test
6	Luck2020-ST6-line:841	10044	100000245	ENSG00000158417	ENSG00000169635	MAPPIT_testing_y2h_v2	MI:0231	PMID:32296183	RRS_pair_explicitly_negative_in_MAPPIT_pairwise_test
6	Luck2020-ST6-line:845	10102	14818	ENSG00000137055	ENSG00000171402	MAPPIT_testing_y2h_v3	MI:0231	PMID:32296183	RRS_pair_explicitly_negative_in_MAPPIT_pairwise_test
6	Luck2020-ST6-line:846	10102	14818	ENSG00000137055	ENSG00000171402	MAPPIT_testing_y2h_v1	MI:0231	PMID:32296183	RRS_pair_explicitly_negative_in_MAPPIT_pairwise_test
6	Luck2020-ST6-line:848	10117	55909	ENSG00000176723	ENSG00000196418	MAPPIT_testing_y2h_v3	MI:0231	PMID:32296183	RRS_pair_explicitly_negative_in_MAPPIT_pairwise_test
6	Luck2020-ST6-line:849	10117	55909	ENSG00000176723	ENSG00000196418	MAPPIT_testing_y2h_v1	MI:0231	PMID:32296183	RRS_pair_explicitly_negative_in_MAPPIT_pairwise_test
6	Luck2020-ST6-line:850	10138	11610	ENSG00000142765	ENSG00000171962	MAPPIT_testing_y2h_v3	MI:0231	PMID:32296183	RRS_pair_explicitly_negative_in_MAPPIT_pairwise_test
6	Luck2020-ST6-line:851	10138	11610	ENSG00000142765	ENSG00000171962	MAPPIT_testing_y2h_v1	MI:0231	PMID:32296183	RRS_pair_explicitly_negative_in_MAPPIT_pairwise_test
6	Luck2020-ST6-line:855	10140	52888	ENSG00000138386	ENSG00000170153	MAPPIT_testing_y2h_v3	MI:0231	PMID:32296183	RRS_pair_explicitly_negative_in_MAPPIT_pairwise_test
6	Luck2020-ST6-line:856	10140	52888	ENSG00000138386	ENSG00000170153	MAPPIT_testing_y2h_v1	MI:0231	PMID:32296183	RRS_pair_explicitly_negative_in_MAPPIT_pairwise_test
6	Luck2020-ST6-line:857	10144	53908	ENSG00000138615	ENSG00000143473	MAPPIT_testing_y2h_v3	MI:0231	PMID:32296183	RRS_pair_explicitly_negative_in_MAPPIT_pairwise_test
6	Luck2020-ST6-line:858	10144	53908	ENSG00000138615	ENSG00000143473	MAPPIT_testing_y2h_v1	MI:0231	PMID:32296183	RRS_pair_explicitly_negative_in_MAPPIT_pairwise_test
6	Luck2020-ST6-line:859	10144	53908	ENSG00000138615	ENSG00000143473	MAPPIT_testing_y2h_v2	MI:0231	PMID:32296183	RRS_pair_explicitly_negative_in_MAPPIT_pairwise_test
6	Luck2020-ST6-line:868	10201	13153	ENSG00000198759	ENSG00000135678	MAPPIT_testing_y2h_v3	MI:0231	PMID:32296183	RRS_pair_explicitly_negative_in_MAPPIT_pairwise_test
6	Luck2020-ST6-line:869	10201	13153	ENSG00000198759	ENSG00000135678	MAPPIT_testing_y2h_v1	MI:0231	PMID:32296183	RRS_pair_explicitly_negative_in_MAPPIT_pairwise_test
6	Luck2020-ST6-line:870	10201	13153	ENSG00000198759	ENSG00000135678	MAPPIT_testing_y2h_v2	MI:0231	PMID:32296183	RRS_pair_explicitly_negative_in_MAPPIT_pairwise_test
6	Luck2020-ST6-line:871	10279	53776	ENSG00000138641	ENSG00000131808	MAPPIT_testing_y2h_v3	MI:0231	PMID:32296183	RRS_pair_explicitly_negative_in_MAPPIT_pairwise_test
6	Luck2020-ST6-line:872	10279	53776	ENSG00000138641	ENSG00000131808	MAPPIT_testing_y2h_v1	MI:0231	PMID:32296183	RRS_pair_explicitly_negative_in_MAPPIT_pairwise_test
6	Luck2020-ST6-line:874	10493	14705	ENSG00000175029	ENSG00000148935	MAPPIT_testing_y2h_v3	MI:0231	PMID:32296183	RRS_pair_explicitly_negative_in_MAPPIT_pairwise_test
6	Luck2020-ST6-line:875	10493	14705	ENSG00000175029	ENSG00000148935	MAPPIT_testing_y2h_v1	MI:0231	PMID:32296183	RRS_pair_explicitly_negative_in_MAPPIT_pairwise_test
6	Luck2020-ST6-line:880	10596	54066	ENSG00000139211	ENSG00000162711	MAPPIT_testing_y2h_v1	MI:0231	PMID:32296183	RRS_pair_explicitly_negative_in_MAPPIT_pairwise_test
6	Luck2020-ST6-line:881	10596	54066	ENSG00000139211	ENSG00000162711	MAPPIT_testing_y2h_v2	MI:0231	PMID:32296183	RRS_pair_explicitly_negative_in_MAPPIT_pairwise_test
6	Luck2020-ST6-line:891	10810	70077	ENSG00000158321	ENSG00000105668	MAPPIT_testing_y2h_v3	MI:0231	PMID:32296183	RRS_pair_explicitly_negative_in_MAPPIT_pairwise_test
6	Luck2020-ST6-line:892	10810	70077	ENSG00000158321	ENSG00000105668	MAPPIT_testing_y2h_v1	MI:0231	PMID:32296183	RRS_pair_explicitly_negative_in_MAPPIT_pairwise_test
6	Luck2020-ST6-line:893	10810	70077	ENSG00000158321	ENSG00000105668	MAPPIT_testing_y2h_v2	MI:0231	PMID:32296183	RRS_pair_explicitly_negative_in_MAPPIT_pairwise_test
6	Luck2020-ST6-line:903	10864	53776	ENSG00000174165	ENSG00000131808	MAPPIT_testing_y2h_v3	MI:0231	PMID:32296183	RRS_pair_explicitly_negative_in_MAPPIT_pairwise_test
6	Luck2020-ST6-line:904	10864	53776	ENSG00000174165	ENSG00000131808	MAPPIT_testing_y2h_v1	MI:0231	PMID:32296183	RRS_pair_explicitly_negative_in_MAPPIT_pairwise_test
6	Luck2020-ST6-line:905	10864	53776	ENSG00000174165	ENSG00000131808	MAPPIT_testing_y2h_v2	MI:0231	PMID:32296183	RRS_pair_explicitly_negative_in_MAPPIT_pairwise_test
6	Luck2020-ST6-line:909	10959	100002181	ENSG00000158604	ENSG00000120071	MAPPIT_testing_y2h_v3	MI:0231	PMID:32296183	RRS_pair_explicitly_negative_in_MAPPIT_pairwise_test
6	Luck2020-ST6-line:910	10959	100002181	ENSG00000158604	ENSG00000120071	MAPPIT_testing_y2h_v1	MI:0231	PMID:32296183	RRS_pair_explicitly_negative_in_MAPPIT_pairwise_test
6	Luck2020-ST6-line:911	10959	100002181	ENSG00000158604	ENSG00000120071	MAPPIT_testing_y2h_v2	MI:0231	PMID:32296183	RRS_pair_explicitly_negative_in_MAPPIT_pairwise_test
6	Luck2020-ST6-line:913	11034	100001961	ENSG00000126070	ENSG00000197872	MAPPIT_testing_y2h_v3	MI:0231	PMID:32296183	RRS_pair_explicitly_negative_in_MAPPIT_pairwise_test
6	Luck2020-ST6-line:914	11034	100001961	ENSG00000126070	ENSG00000197872	MAPPIT_testing_y2h_v1	MI:0231	PMID:32296183	RRS_pair_explicitly_negative_in_MAPPIT_pairwise_test
6	Luck2020-ST6-line:915	11034	100001961	ENSG00000126070	ENSG00000197872	MAPPIT_testing_y2h_v2	MI:0231	PMID:32296183	RRS_pair_explicitly_negative_in_MAPPIT_pairwise_test
6	Luck2020-ST6-line:941	11165	11749	ENSG00000135083	ENSG00000213983	MAPPIT_testing_y2h_v1	MI:0231	PMID:32296183	RRS_pair_explicitly_negative_in_MAPPIT_pairwise_test
6	Luck2020-ST6-line:958	11300	56846	ENSG00000078596	ENSG00000145623	MAPPIT_testing_y2h_v1	MI:0231	PMID:32296183	RRS_pair_explicitly_negative_in_MAPPIT_pairwise_test
6	Luck2020-ST6-line:959	11325	14569	ENSG00000132485	ENSG00000137507	MAPPIT_testing_y2h_v3	MI:0231	PMID:32296183	RRS_pair_explicitly_negative_in_MAPPIT_pairwise_test
6	Luck2020-ST6-line:960	11325	14569	ENSG00000132485	ENSG00000137507	MAPPIT_testing_y2h_v1	MI:0231	PMID:32296183	RRS_pair_explicitly_negative_in_MAPPIT_pairwise_test
6	Luck2020-ST6-line:961	11325	14569	ENSG00000132485	ENSG00000137507	MAPPIT_testing_y2h_v2	MI:0231	PMID:32296183	RRS_pair_explicitly_negative_in_MAPPIT_pairwise_test
6	Luck2020-ST6-line:965	11325	53882	ENSG00000132485	ENSG00000197324	MAPPIT_testing_y2h_v3	MI:0231	PMID:32296183	RRS_pair_explicitly_negative_in_MAPPIT_pairwise_test
6	Luck2020-ST6-line:966	11325	53882	ENSG00000132485	ENSG00000197324	MAPPIT_testing_y2h_v1	MI:0231	PMID:32296183	RRS_pair_explicitly_negative_in_MAPPIT_pairwise_test
6	Luck2020-ST6-line:974	11374	100009540	ENSG00000102218	ENSG00000146066	MAPPIT_testing_y2h_v3	MI:0231	PMID:32296183	RRS_pair_explicitly_negative_in_MAPPIT_pairwise_test
6	Luck2020-ST6-line:975	11374	100009540	ENSG00000102218	ENSG00000146066	MAPPIT_testing_y2h_v1	MI:0231	PMID:32296183	RRS_pair_explicitly_negative_in_MAPPIT_pairwise_test
6	Luck2020-ST6-line:980	11446	13503	ENSG00000256043	ENSG00000176153	MAPPIT_testing_y2h_v3	MI:0231	PMID:32296183	RRS_pair_explicitly_negative_in_MAPPIT_pairwise_test
6	Luck2020-ST6-line:981	11446	13503	ENSG00000256043	ENSG00000176153	MAPPIT_testing_y2h_v1	MI:0231	PMID:32296183	RRS_pair_explicitly_negative_in_MAPPIT_pairwise_test
6	Luck2020-ST6-line:982	11446	13503	ENSG00000256043	ENSG00000176153	MAPPIT_testing_y2h_v2	MI:0231	PMID:32296183	RRS_pair_explicitly_negative_in_MAPPIT_pairwise_test
6	Luck2020-ST6-line:985	11549	13054	ENSG00000143839	ENSG00000142892	MAPPIT_testing_y2h_v1	MI:0231	PMID:32296183	RRS_pair_explicitly_negative_in_MAPPIT_pairwise_test
6	Luck2020-ST6-line:986	11560	11709	ENSG00000181315	ENSG00000100284	MAPPIT_testing_y2h_v3	MI:0231	PMID:32296183	RRS_pair_explicitly_negative_in_MAPPIT_pairwise_test
6	Luck2020-ST6-line:987	11560	11709	ENSG00000181315	ENSG00000100284	MAPPIT_testing_y2h_v1	MI:0231	PMID:32296183	RRS_pair_explicitly_negative_in_MAPPIT_pairwise_test
6	Luck2020-ST6-line:991	11589	13034	ENSG00000158545	ENSG00000111321	MAPPIT_testing_y2h_v3	MI:0231	PMID:32296183	RRS_pair_explicitly_negative_in_MAPPIT_pairwise_test
6	Luck2020-ST6-line:992	11589	13034	ENSG00000158545	ENSG00000111321	MAPPIT_testing_y2h_v1	MI:0231	PMID:32296183	RRS_pair_explicitly_negative_in_MAPPIT_pairwise_test
6	Luck2020-ST6-line:993	11589	13034	ENSG00000158545	ENSG00000111321	MAPPIT_testing_y2h_v2	MI:0231	PMID:32296183	RRS_pair_explicitly_negative_in_MAPPIT_pairwise_test
6	Luck2020-ST6-line:997	11600	40080655	ENSG00000092445	ENSG00000114646	MAPPIT_testing_y2h_v3	MI:0231	PMID:32296183	RRS_pair_explicitly_negative_in_MAPPIT_pairwise_test
6	Luck2020-ST6-line:998	11600	40080655	ENSG00000092445	ENSG00000114646	MAPPIT_testing_y2h_v1	MI:0231	PMID:32296183	RRS_pair_explicitly_negative_in_MAPPIT_pairwise_test
6	Luck2020-ST6-line:999	11600	40080655	ENSG00000092445	ENSG00000114646	MAPPIT_testing_y2h_v2	MI:0231	PMID:32296183	RRS_pair_explicitly_negative_in_MAPPIT_pairwise_test
6	Luck2020-ST6-line:1000	11667	53089	ENSG00000197859	ENSG00000240505	MAPPIT_testing_y2h_v3	MI:0231	PMID:32296183	RRS_pair_explicitly_negative_in_MAPPIT_pairwise_test
6	Luck2020-ST6-line:1001	11667	53089	ENSG00000197859	ENSG00000240505	MAPPIT_testing_y2h_v1	MI:0231	PMID:32296183	RRS_pair_explicitly_negative_in_MAPPIT_pairwise_test
6	Luck2020-ST6-line:1014	11725	53120	ENSG00000138795	ENSG00000153914	MAPPIT_testing_y2h_v3	MI:0231	PMID:32296183	RRS_pair_explicitly_negative_in_MAPPIT_pairwise_test
6	Luck2020-ST6-line:1069	12188	100002417	ENSG00000180448	ENSG00000188986	MAPPIT_testing_y2h_v3	MI:0231	PMID:32296183	RRS_pair_explicitly_negative_in_MAPPIT_pairwise_test
6	Luck2020-ST6-line:1070	12188	100002417	ENSG00000180448	ENSG00000188986	MAPPIT_testing_y2h_v1	MI:0231	PMID:32296183	RRS_pair_explicitly_negative_in_MAPPIT_pairwise_test
6	Luck2020-ST6-line:1071	12289	100015474	ENSG00000055070	ENSG00000232268	MAPPIT_testing_y2h_v3	MI:0231	PMID:32296183	RRS_pair_explicitly_negative_in_MAPPIT_pairwise_test
6	Luck2020-ST6-line:1072	12289	100015474	ENSG00000055070	ENSG00000232268	MAPPIT_testing_y2h_v1	MI:0231	PMID:32296183	RRS_pair_explicitly_negative_in_MAPPIT_pairwise_test
6	Luck2020-ST6-line:1073	12289	100015474	ENSG00000055070	ENSG00000232268	MAPPIT_testing_y2h_v2	MI:0231	PMID:32296183	RRS_pair_explicitly_negative_in_MAPPIT_pairwise_test
6	Luck2020-ST6-line:1088	12522	40080653	ENSG00000167771	ENSG00000066336	MAPPIT_testing_y2h_v1	MI:0231	PMID:32296183	RRS_pair_explicitly_negative_in_MAPPIT_pairwise_test
6	Luck2020-ST6-line:1089	12522	40080653	ENSG00000167771	ENSG00000066336	MAPPIT_testing_y2h_v2	MI:0231	PMID:32296183	RRS_pair_explicitly_negative_in_MAPPIT_pairwise_test
6	Luck2020-ST6-line:1092	12733	12923	ENSG00000116830	ENSG00000175097	MAPPIT_testing_y2h_v3	MI:0231	PMID:32296183	RRS_pair_explicitly_negative_in_MAPPIT_pairwise_test
6	Luck2020-ST6-line:1093	12733	12923	ENSG00000116830	ENSG00000175097	MAPPIT_testing_y2h_v1	MI:0231	PMID:32296183	RRS_pair_explicitly_negative_in_MAPPIT_pairwise_test
6	Luck2020-ST6-line:1094	12733	12923	ENSG00000116830	ENSG00000175097	MAPPIT_testing_y2h_v2	MI:0231	PMID:32296183	RRS_pair_explicitly_negative_in_MAPPIT_pairwise_test
6	Luck2020-ST6-line:1103	12913	56630	ENSG00000100055	ENSG00000005801	MAPPIT_testing_y2h_v1	MI:0231	PMID:32296183	RRS_pair_explicitly_negative_in_MAPPIT_pairwise_test
6	Luck2020-ST6-line:1105	12915	100000279	ENSG00000182628	ENSG00000100060	MAPPIT_testing_y2h_v3	MI:0231	PMID:32296183	RRS_pair_explicitly_negative_in_MAPPIT_pairwise_test
6	Luck2020-ST6-line:1106	12915	100000279	ENSG00000182628	ENSG00000100060	MAPPIT_testing_y2h_v1	MI:0231	PMID:32296183	RRS_pair_explicitly_negative_in_MAPPIT_pairwise_test
6	Luck2020-ST6-line:1107	12915	100000279	ENSG00000182628	ENSG00000100060	MAPPIT_testing_y2h_v2	MI:0231	PMID:32296183	RRS_pair_explicitly_negative_in_MAPPIT_pairwise_test
6	Luck2020-ST6-line:1117	13739	54573	ENSG00000091542	ENSG00000204449	MAPPIT_testing_y2h_v3	MI:0231	PMID:32296183	RRS_pair_explicitly_negative_in_MAPPIT_pairwise_test
6	Luck2020-ST6-line:1118	13739	54573	ENSG00000091542	ENSG00000204449	MAPPIT_testing_y2h_v1	MI:0231	PMID:32296183	RRS_pair_explicitly_negative_in_MAPPIT_pairwise_test
6	Luck2020-ST6-line:1122	52673	53104	ENSG00000010319	ENSG00000171133	MAPPIT_testing_y2h_v3	MI:0231	PMID:32296183	RRS_pair_explicitly_negative_in_MAPPIT_pairwise_test
6	Luck2020-ST6-line:1123	52673	53104	ENSG00000010319	ENSG00000171133	MAPPIT_testing_y2h_v1	MI:0231	PMID:32296183	RRS_pair_explicitly_negative_in_MAPPIT_pairwise_test
6	Luck2020-ST6-line:1136	53135	54082	ENSG00000276043	ENSG00000105618	MAPPIT_testing_y2h_v3	MI:0231	PMID:32296183	RRS_pair_explicitly_negative_in_MAPPIT_pairwise_test
6	Luck2020-ST6-line:1137	53135	54082	ENSG00000276043	ENSG00000105618	MAPPIT_testing_y2h_v1	MI:0231	PMID:32296183	RRS_pair_explicitly_negative_in_MAPPIT_pairwise_test
6	Luck2020-ST6-line:1138	53156	54242	ENSG00000197128	ENSG00000133059	MAPPIT_testing_y2h_v3	MI:0231	PMID:32296183	RRS_pair_explicitly_negative_in_MAPPIT_pairwise_test
6	Luck2020-ST6-line:1139	53156	54242	ENSG00000197128	ENSG00000133059	MAPPIT_testing_y2h_v1	MI:0231	PMID:32296183	RRS_pair_explicitly_negative_in_MAPPIT_pairwise_test
6	Luck2020-ST6-line:1151	54230	100002552	ENSG00000135517	ENSG00000105894	MAPPIT_testing_y2h_v3	MI:0231	PMID:32296183	RRS_pair_explicitly_negative_in_MAPPIT_pairwise_test
6	Luck2020-ST6-line:1152	54230	100002552	ENSG00000135517	ENSG00000105894	MAPPIT_testing_y2h_v1	MI:0231	PMID:32296183	RRS_pair_explicitly_negative_in_MAPPIT_pairwise_test
6	Luck2020-ST6-line:1162	55599	40080837	ENSG00000141279	ENSG00000121351	MAPPIT_testing_y2h_v1	MI:0231	PMID:32296183	RRS_pair_explicitly_negative_in_MAPPIT_pairwise_test
6	Luck2020-ST6-line:1163	55599	40080837	ENSG00000141279	ENSG00000121351	MAPPIT_testing_y2h_v2	MI:0231	PMID:32296183	RRS_pair_explicitly_negative_in_MAPPIT_pairwise_test
6	Luck2020-ST6-line:1165	55666	100014560	ENSG00000132031	ENSG00000133710	MAPPIT_testing_y2h_v1	MI:0231	PMID:32296183	RRS_pair_explicitly_negative_in_MAPPIT_pairwise_test
6	Luck2020-ST6-line:1174	71245	100000245	ENSG00000108091	ENSG00000169635	MAPPIT_testing_y2h_v3	MI:0231	PMID:32296183	RRS_pair_explicitly_negative_in_MAPPIT_pairwise_test
6	Luck2020-ST6-line:1175	71245	100000245	ENSG00000108091	ENSG00000169635	MAPPIT_testing_y2h_v1	MI:0231	PMID:32296183	RRS_pair_explicitly_negative_in_MAPPIT_pairwise_test
6	Luck2020-ST6-line:1183	71900	100002644	ENSG00000134121	ENSG00000198336	MAPPIT_testing_y2h_v3	MI:0231	PMID:32296183	RRS_pair_explicitly_negative_in_MAPPIT_pairwise_test
6	Luck2020-ST6-line:1184	71900	100002644	ENSG00000134121	ENSG00000198336	MAPPIT_testing_y2h_v1	MI:0231	PMID:32296183	RRS_pair_explicitly_negative_in_MAPPIT_pairwise_test
6	Luck2020-ST6-line:1188	3	10510	ENSG00000105829	ENSG00000169989	MAPPIT_testing_y2h_v3	MI:0231	PMID:32296183	RRS_pair_explicitly_negative_in_MAPPIT_pairwise_test
6	Luck2020-ST6-line:1189	3	10510	ENSG00000105829	ENSG00000169989	MAPPIT_testing_y2h_v1	MI:0231	PMID:32296183	RRS_pair_explicitly_negative_in_MAPPIT_pairwise_test
6	Luck2020-ST6-line:1197	96	11165	ENSG00000171224	ENSG00000135083	MAPPIT_testing_y2h_v1	MI:0231	PMID:32296183	RRS_pair_explicitly_negative_in_MAPPIT_pairwise_test
6	Luck2020-ST6-line:1198	96	11165	ENSG00000171224	ENSG00000135083	MAPPIT_testing_y2h_v2	MI:0231	PMID:32296183	RRS_pair_explicitly_negative_in_MAPPIT_pairwise_test
6	Luck2020-ST6-line:1199	136	3066	ENSG00000089327	ENSG00000109016	MAPPIT_testing_y2h_v3	MI:0231	PMID:32296183	RRS_pair_explicitly_negative_in_MAPPIT_pairwise_test
6	Luck2020-ST6-line:1200	136	3066	ENSG00000089327	ENSG00000109016	MAPPIT_testing_y2h_v1	MI:0231	PMID:32296183	RRS_pair_explicitly_negative_in_MAPPIT_pairwise_test
6	Luck2020-ST6-line:1201	136	3066	ENSG00000089327	ENSG00000109016	MAPPIT_testing_y2h_v2	MI:0231	PMID:32296183	RRS_pair_explicitly_negative_in_MAPPIT_pairwise_test
6	Luck2020-ST6-line:1203	137	5090	ENSG00000099940	ENSG00000172725	MAPPIT_testing_y2h_v1	MI:0231	PMID:32296183	RRS_pair_explicitly_negative_in_MAPPIT_pairwise_test
6	Luck2020-ST6-line:1210	179	11006	ENSG00000124209	ENSG00000109113	MAPPIT_testing_y2h_v3	MI:0231	PMID:32296183	RRS_pair_explicitly_negative_in_MAPPIT_pairwise_test
6	Luck2020-ST6-line:1211	179	11006	ENSG00000124209	ENSG00000109113	MAPPIT_testing_y2h_v1	MI:0231	PMID:32296183	RRS_pair_explicitly_negative_in_MAPPIT_pairwise_test
6	Luck2020-ST6-line:1219	234	53378	ENSG00000181135	ENSG00000109794	MAPPIT_testing_y2h_v3	MI:0231	PMID:32296183	RRS_pair_explicitly_negative_in_MAPPIT_pairwise_test
6	Luck2020-ST6-line:1220	234	53378	ENSG00000181135	ENSG00000109794	MAPPIT_testing_y2h_v1	MI:0231	PMID:32296183	RRS_pair_explicitly_negative_in_MAPPIT_pairwise_test
6	Luck2020-ST6-line:1221	235	2687	ENSG00000099284	ENSG00000126522	MAPPIT_testing_y2h_v3	MI:0231	PMID:32296183	RRS_pair_explicitly_negative_in_MAPPIT_pairwise_test
6	Luck2020-ST6-line:1222	235	2687	ENSG00000099284	ENSG00000126522	MAPPIT_testing_y2h_v1	MI:0231	PMID:32296183	RRS_pair_explicitly_negative_in_MAPPIT_pairwise_test
6	Luck2020-ST6-line:1223	235	2687	ENSG00000099284	ENSG00000126522	MAPPIT_testing_y2h_v2	MI:0231	PMID:32296183	RRS_pair_explicitly_negative_in_MAPPIT_pairwise_test
6	Luck2020-ST6-line:1225	236	10942	ENSG00000175063	ENSG00000146090	MAPPIT_testing_y2h_v3	MI:0231	PMID:32296183	RRS_pair_explicitly_negative_in_MAPPIT_pairwise_test
6	Luck2020-ST6-line:1226	236	10942	ENSG00000175063	ENSG00000146090	MAPPIT_testing_y2h_v1	MI:0231	PMID:32296183	RRS_pair_explicitly_negative_in_MAPPIT_pairwise_test
6	Luck2020-ST6-line:1227	236	11943	ENSG00000175063	ENSG00000158825	MAPPIT_testing_y2h_v3	MI:0231	PMID:32296183	RRS_pair_explicitly_negative_in_MAPPIT_pairwise_test
6	Luck2020-ST6-line:1228	236	11943	ENSG00000175063	ENSG00000158825	MAPPIT_testing_y2h_v1	MI:0231	PMID:32296183	RRS_pair_explicitly_negative_in_MAPPIT_pairwise_test
6	Luck2020-ST6-line:1239	307	100015548	ENSG00000089050	ENSG00000205496	MAPPIT_testing_y2h_v1	MI:0231	PMID:32296183	RRS_pair_explicitly_negative_in_MAPPIT_pairwise_test
6	Luck2020-ST6-line:1240	307	100015548	ENSG00000089050	ENSG00000205496	MAPPIT_testing_y2h_v2	MI:0231	PMID:32296183	RRS_pair_explicitly_negative_in_MAPPIT_pairwise_test
6	Luck2020-ST6-line:1242	325	100015572	ENSG00000113387	ENSG00000204007	MAPPIT_testing_y2h_v1	MI:0231	PMID:32296183	RRS_pair_explicitly_negative_in_MAPPIT_pairwise_test
6	Luck2020-ST6-line:1243	349	71064	ENSG00000139291	ENSG00000197748	MAPPIT_testing_y2h_v3	MI:0231	PMID:32296183	RRS_pair_explicitly_negative_in_MAPPIT_pairwise_test
6	Luck2020-ST6-line:1244	349	71064	ENSG00000139291	ENSG00000197748	MAPPIT_testing_y2h_v1	MI:0231	PMID:32296183	RRS_pair_explicitly_negative_in_MAPPIT_pairwise_test
6	Luck2020-ST6-line:1245	349	71064	ENSG00000139291	ENSG00000197748	MAPPIT_testing_y2h_v2	MI:0231	PMID:32296183	RRS_pair_explicitly_negative_in_MAPPIT_pairwise_test
6	Luck2020-ST6-line:1247	376	71300	ENSG00000086289	ENSG00000050344	MAPPIT_testing_y2h_v1	MI:0231	PMID:32296183	RRS_pair_explicitly_negative_in_MAPPIT_pairwise_test
6	Luck2020-ST6-line:1248	376	71300	ENSG00000086289	ENSG00000050344	MAPPIT_testing_y2h_v2	MI:0231	PMID:32296183	RRS_pair_explicitly_negative_in_MAPPIT_pairwise_test
6	Luck2020-ST6-line:1257	412	52685	ENSG00000165795	ENSG00000100625	MAPPIT_testing_y2h_v3	MI:0231	PMID:32296183	RRS_pair_explicitly_negative_in_MAPPIT_pairwise_test
6	Luck2020-ST6-line:1258	412	52685	ENSG00000165795	ENSG00000100625	MAPPIT_testing_y2h_v1	MI:0231	PMID:32296183	RRS_pair_explicitly_negative_in_MAPPIT_pairwise_test
6	Luck2020-ST6-line:1259	412	52685	ENSG00000165795	ENSG00000100625	MAPPIT_testing_y2h_v2	MI:0231	PMID:32296183	RRS_pair_explicitly_negative_in_MAPPIT_pairwise_test
6	Luck2020-ST6-line:1260	451	54703	ENSG00000123144	ENSG00000186723	MAPPIT_testing_y2h_v3	MI:0231	PMID:32296183	RRS_pair_explicitly_negative_in_MAPPIT_pairwise_test
6	Luck2020-ST6-line:1261	451	54703	ENSG00000123144	ENSG00000186723	MAPPIT_testing_y2h_v1	MI:0231	PMID:32296183	RRS_pair_explicitly_negative_in_MAPPIT_pairwise_test
6	Luck2020-ST6-line:1277	503	11940	ENSG00000128272	ENSG00000198435	MAPPIT_testing_y2h_v3	MI:0231	PMID:32296183	RRS_pair_explicitly_negative_in_MAPPIT_pairwise_test
6	Luck2020-ST6-line:1278	503	11940	ENSG00000128272	ENSG00000198435	MAPPIT_testing_y2h_v1	MI:0231	PMID:32296183	RRS_pair_explicitly_negative_in_MAPPIT_pairwise_test
6	Luck2020-ST6-line:1279	503	11940	ENSG00000128272	ENSG00000198435	MAPPIT_testing_y2h_v2	MI:0231	PMID:32296183	RRS_pair_explicitly_negative_in_MAPPIT_pairwise_test
6	Luck2020-ST6-line:1281	535	71086	ENSG00000140374	ENSG00000168843	MAPPIT_testing_y2h_v3	MI:0231	PMID:32296183	RRS_pair_explicitly_negative_in_MAPPIT_pairwise_test
6	Luck2020-ST6-line:1282	535	71086	ENSG00000140374	ENSG00000168843	MAPPIT_testing_y2h_v1	MI:0231	PMID:32296183	RRS_pair_explicitly_negative_in_MAPPIT_pairwise_test
6	Luck2020-ST6-line:1283	535	71086	ENSG00000140374	ENSG00000168843	MAPPIT_testing_y2h_v2	MI:0231	PMID:32296183	RRS_pair_explicitly_negative_in_MAPPIT_pairwise_test
6	Luck2020-ST6-line:1309	562	3233	ENSG00000204315	ENSG00000124357	MAPPIT_testing_y2h_v3	MI:0231	PMID:32296183	RRS_pair_explicitly_negative_in_MAPPIT_pairwise_test
6	Luck2020-ST6-line:1310	562	3233	ENSG00000204315	ENSG00000124357	MAPPIT_testing_y2h_v1	MI:0231	PMID:32296183	RRS_pair_explicitly_negative_in_MAPPIT_pairwise_test
6	Luck2020-ST6-line:1311	574	8282	ENSG00000145287	ENSG00000145832	MAPPIT_testing_y2h_v3	MI:0231	PMID:32296183	RRS_pair_explicitly_negative_in_MAPPIT_pairwise_test
6	Luck2020-ST6-line:1312	574	8282	ENSG00000145287	ENSG00000145832	MAPPIT_testing_y2h_v1	MI:0231	PMID:32296183	RRS_pair_explicitly_negative_in_MAPPIT_pairwise_test
6	Luck2020-ST6-line:1313	574	8282	ENSG00000145287	ENSG00000145832	MAPPIT_testing_y2h_v2	MI:0231	PMID:32296183	RRS_pair_explicitly_negative_in_MAPPIT_pairwise_test
6	Luck2020-ST6-line:1334	745	10835	ENSG00000104825	ENSG00000100647	MAPPIT_testing_y2h_v3	MI:0231	PMID:32296183	RRS_pair_explicitly_negative_in_MAPPIT_pairwise_test
6	Luck2020-ST6-line:1335	745	10835	ENSG00000104825	ENSG00000100647	MAPPIT_testing_y2h_v1	MI:0231	PMID:32296183	RRS_pair_explicitly_negative_in_MAPPIT_pairwise_test
6	Luck2020-ST6-line:1336	745	10835	ENSG00000104825	ENSG00000100647	MAPPIT_testing_y2h_v2	MI:0231	PMID:32296183	RRS_pair_explicitly_negative_in_MAPPIT_pairwise_test
6	Luck2020-ST6-line:1337	790	11129	ENSG00000254093	ENSG00000048162	MAPPIT_testing_y2h_v3	MI:0231	PMID:32296183	RRS_pair_explicitly_negative_in_MAPPIT_pairwise_test
6	Luck2020-ST6-line:1338	790	11129	ENSG00000254093	ENSG00000048162	MAPPIT_testing_y2h_v1	MI:0231	PMID:32296183	RRS_pair_explicitly_negative_in_MAPPIT_pairwise_test
6	Luck2020-ST6-line:1355	1164	8610	ENSG00000006128	ENSG00000119285	MAPPIT_testing_y2h_v3	MI:0231	PMID:32296183	RRS_pair_explicitly_negative_in_MAPPIT_pairwise_test
6	Luck2020-ST6-line:1356	1164	8610	ENSG00000006128	ENSG00000119285	MAPPIT_testing_y2h_v1	MI:0231	PMID:32296183	RRS_pair_explicitly_negative_in_MAPPIT_pairwise_test
6	Luck2020-ST6-line:1357	1164	8610	ENSG00000006128	ENSG00000119285	MAPPIT_testing_y2h_v2	MI:0231	PMID:32296183	RRS_pair_explicitly_negative_in_MAPPIT_pairwise_test
6	Luck2020-ST6-line:1369	1257	71838	ENSG00000154079	ENSG00000221983	MAPPIT_testing_y2h_v3	MI:0231	PMID:32296183	RRS_pair_explicitly_negative_in_MAPPIT_pairwise_test
6	Luck2020-ST6-line:1370	1257	71838	ENSG00000154079	ENSG00000221983	MAPPIT_testing_y2h_v1	MI:0231	PMID:32296183	RRS_pair_explicitly_negative_in_MAPPIT_pairwise_test
6	Luck2020-ST6-line:1376	1425	12728	ENSG00000198860	ENSG00000130254	MAPPIT_testing_y2h_v3	MI:0231	PMID:32296183	RRS_pair_explicitly_negative_in_MAPPIT_pairwise_test
6	Luck2020-ST6-line:1377	1425	12728	ENSG00000198860	ENSG00000130254	MAPPIT_testing_y2h_v1	MI:0231	PMID:32296183	RRS_pair_explicitly_negative_in_MAPPIT_pairwise_test
6	Luck2020-ST6-line:1398	1747	2909	ENSG00000146221	ENSG00000090447	MAPPIT_testing_y2h_v3	MI:0231	PMID:32296183	RRS_pair_explicitly_negative_in_MAPPIT_pairwise_test
6	Luck2020-ST6-line:1399	1747	2909	ENSG00000146221	ENSG00000090447	MAPPIT_testing_y2h_v1	MI:0231	PMID:32296183	RRS_pair_explicitly_negative_in_MAPPIT_pairwise_test
6	Luck2020-ST6-line:1400	1747	2909	ENSG00000146221	ENSG00000090447	MAPPIT_testing_y2h_v2	MI:0231	PMID:32296183	RRS_pair_explicitly_negative_in_MAPPIT_pairwise_test
6	Luck2020-ST6-line:1401	1803	53835	ENSG00000128609	ENSG00000175329	MAPPIT_testing_y2h_v3	MI:0231	PMID:32296183	RRS_pair_explicitly_negative_in_MAPPIT_pairwise_test
6	Luck2020-ST6-line:1402	1803	53835	ENSG00000128609	ENSG00000175329	MAPPIT_testing_y2h_v1	MI:0231	PMID:32296183	RRS_pair_explicitly_negative_in_MAPPIT_pairwise_test
6	Luck2020-ST6-line:1403	1854	55073	ENSG00000166246	ENSG00000183077	MAPPIT_testing_y2h_v3	MI:0231	PMID:32296183	RRS_pair_explicitly_negative_in_MAPPIT_pairwise_test
6	Luck2020-ST6-line:1404	1854	55073	ENSG00000166246	ENSG00000183077	MAPPIT_testing_y2h_v1	MI:0231	PMID:32296183	RRS_pair_explicitly_negative_in_MAPPIT_pairwise_test
6	Luck2020-ST6-line:1405	1854	55073	ENSG00000166246	ENSG00000183077	MAPPIT_testing_y2h_v2	MI:0231	PMID:32296183	RRS_pair_explicitly_negative_in_MAPPIT_pairwise_test
6	Luck2020-ST6-line:1427	2488	70317	ENSG00000112210	ENSG00000166147	MAPPIT_testing_y2h_v1	MI:0231	PMID:32296183	RRS_pair_explicitly_negative_in_MAPPIT_pairwise_test
6	Luck2020-ST6-line:1428	2488	70317	ENSG00000112210	ENSG00000166147	MAPPIT_testing_y2h_v2	MI:0231	PMID:32296183	RRS_pair_explicitly_negative_in_MAPPIT_pairwise_test
6	Luck2020-ST6-line:1433	2583	10891	ENSG00000166133	ENSG00000160271	MAPPIT_testing_y2h_v3	MI:0231	PMID:32296183	RRS_pair_explicitly_negative_in_MAPPIT_pairwise_test
6	Luck2020-ST6-line:1434	2583	10891	ENSG00000166133	ENSG00000160271	MAPPIT_testing_y2h_v1	MI:0231	PMID:32296183	RRS_pair_explicitly_negative_in_MAPPIT_pairwise_test
6	Luck2020-ST6-line:1435	2583	10891	ENSG00000166133	ENSG00000160271	MAPPIT_testing_y2h_v2	MI:0231	PMID:32296183	RRS_pair_explicitly_negative_in_MAPPIT_pairwise_test
6	Luck2020-ST6-line:1453	2740	10840	ENSG00000197903	ENSG00000092847	MAPPIT_testing_y2h_v3	MI:0231	PMID:32296183	RRS_pair_explicitly_negative_in_MAPPIT_pairwise_test
6	Luck2020-ST6-line:1454	2740	10840	ENSG00000197903	ENSG00000092847	MAPPIT_testing_y2h_v1	MI:0231	PMID:32296183	RRS_pair_explicitly_negative_in_MAPPIT_pairwise_test
6	Luck2020-ST6-line:1455	2740	10840	ENSG00000197903	ENSG00000092847	MAPPIT_testing_y2h_v2	MI:0231	PMID:32296183	RRS_pair_explicitly_negative_in_MAPPIT_pairwise_test
6	Luck2020-ST6-line:1456	2740	11373	ENSG00000197903	ENSG00000213203	MAPPIT_testing_y2h_v3	MI:0231	PMID:32296183	RRS_pair_explicitly_negative_in_MAPPIT_pairwise_test
6	Luck2020-ST6-line:1457	2740	11373	ENSG00000197903	ENSG00000213203	MAPPIT_testing_y2h_v1	MI:0231	PMID:32296183	RRS_pair_explicitly_negative_in_MAPPIT_pairwise_test
6	Luck2020-ST6-line:1458	2740	11373	ENSG00000197903	ENSG00000213203	MAPPIT_testing_y2h_v2	MI:0231	PMID:32296183	RRS_pair_explicitly_negative_in_MAPPIT_pairwise_test
6	Luck2020-ST6-line:1465	2838	6482	ENSG00000106609	ENSG00000152056	MAPPIT_testing_y2h_v1	MI:0231	PMID:32296183	RRS_pair_explicitly_negative_in_MAPPIT_pairwise_test
6	Luck2020-ST6-line:1469	2838	55254	ENSG00000106609	ENSG00000152475	MAPPIT_testing_y2h_v3	MI:0231	PMID:32296183	RRS_pair_explicitly_negative_in_MAPPIT_pairwise_test
6	Luck2020-ST6-line:1470	2838	55254	ENSG00000106609	ENSG00000152475	MAPPIT_testing_y2h_v1	MI:0231	PMID:32296183	RRS_pair_explicitly_negative_in_MAPPIT_pairwise_test
6	Luck2020-ST6-line:1471	2838	55254	ENSG00000106609	ENSG00000152475	MAPPIT_testing_y2h_v2	MI:0231	PMID:32296183	RRS_pair_explicitly_negative_in_MAPPIT_pairwise_test
6	Luck2020-ST6-line:1477	2983	71826	ENSG00000067955	ENSG00000125879	MAPPIT_testing_y2h_v3	MI:0231	PMID:32296183	RRS_pair_explicitly_negative_in_MAPPIT_pairwise_test
6	Luck2020-ST6-line:1478	2983	71826	ENSG00000067955	ENSG00000125879	MAPPIT_testing_y2h_v1	MI:0231	PMID:32296183	RRS_pair_explicitly_negative_in_MAPPIT_pairwise_test
6	Luck2020-ST6-line:1479	2983	71826	ENSG00000067955	ENSG00000125879	MAPPIT_testing_y2h_v2	MI:0231	PMID:32296183	RRS_pair_explicitly_negative_in_MAPPIT_pairwise_test
6	Luck2020-ST6-line:1480	2983	72052	ENSG00000067955	ENSG00000130812	MAPPIT_testing_y2h_v3	MI:0231	PMID:32296183	RRS_pair_explicitly_negative_in_MAPPIT_pairwise_test
6	Luck2020-ST6-line:1481	2983	72052	ENSG00000067955	ENSG00000130812	MAPPIT_testing_y2h_v1	MI:0231	PMID:32296183	RRS_pair_explicitly_negative_in_MAPPIT_pairwise_test
6	Luck2020-ST6-line:1521	3068	11769	ENSG00000145358	ENSG00000143494	MAPPIT_testing_y2h_v3	MI:0231	PMID:32296183	RRS_pair_explicitly_negative_in_MAPPIT_pairwise_test
6	Luck2020-ST6-line:1522	3068	11769	ENSG00000145358	ENSG00000143494	MAPPIT_testing_y2h_v1	MI:0231	PMID:32296183	RRS_pair_explicitly_negative_in_MAPPIT_pairwise_test
6	Luck2020-ST6-line:1523	3068	11769	ENSG00000145358	ENSG00000143494	MAPPIT_testing_y2h_v2	MI:0231	PMID:32296183	RRS_pair_explicitly_negative_in_MAPPIT_pairwise_test
6	Luck2020-ST6-line:1559	3148	72033	ENSG00000175390	ENSG00000149782	MAPPIT_testing_y2h_v3	MI:0231	PMID:32296183	RRS_pair_explicitly_negative_in_MAPPIT_pairwise_test
6	Luck2020-ST6-line:1560	3148	72033	ENSG00000175390	ENSG00000149782	MAPPIT_testing_y2h_v1	MI:0231	PMID:32296183	RRS_pair_explicitly_negative_in_MAPPIT_pairwise_test
6	Luck2020-ST6-line:1562	3203	70882	ENSG00000165283	ENSG00000182870	MAPPIT_testing_y2h_v3	MI:0231	PMID:32296183	RRS_pair_explicitly_negative_in_MAPPIT_pairwise_test
6	Luck2020-ST6-line:1563	3203	70882	ENSG00000165283	ENSG00000182870	MAPPIT_testing_y2h_v1	MI:0231	PMID:32296183	RRS_pair_explicitly_negative_in_MAPPIT_pairwise_test
6	Luck2020-ST6-line:1565	3248	100016085	ENSG00000143443	ENSG00000229183	MAPPIT_testing_y2h_v3	MI:0231	PMID:32296183	RRS_pair_explicitly_negative_in_MAPPIT_pairwise_test
6	Luck2020-ST6-line:1566	3248	100016085	ENSG00000143443	ENSG00000229183	MAPPIT_testing_y2h_v1	MI:0231	PMID:32296183	RRS_pair_explicitly_negative_in_MAPPIT_pairwise_test
6	Luck2020-ST6-line:1571	3256	10596	ENSG00000125450	ENSG00000139211	MAPPIT_testing_y2h_v1	MI:0231	PMID:32296183	RRS_pair_explicitly_negative_in_MAPPIT_pairwise_test
6	Luck2020-ST6-line:1572	3257	53883	ENSG00000004142	ENSG00000186895	MAPPIT_testing_y2h_v3	MI:0231	PMID:32296183	RRS_pair_explicitly_negative_in_MAPPIT_pairwise_test
6	Luck2020-ST6-line:1573	3257	53883	ENSG00000004142	ENSG00000186895	MAPPIT_testing_y2h_v1	MI:0231	PMID:32296183	RRS_pair_explicitly_negative_in_MAPPIT_pairwise_test
6	Luck2020-ST6-line:1574	3257	53883	ENSG00000004142	ENSG00000186895	MAPPIT_testing_y2h_v2	MI:0231	PMID:32296183	RRS_pair_explicitly_negative_in_MAPPIT_pairwise_test
6	Luck2020-ST6-line:1575	3261	9383	ENSG00000168993	ENSG00000185880	MAPPIT_testing_y2h_v3	MI:0231	PMID:32296183	RRS_pair_explicitly_negative_in_MAPPIT_pairwise_test
6	Luck2020-ST6-line:1576	3261	9383	ENSG00000168993	ENSG00000185880	MAPPIT_testing_y2h_v1	MI:0231	PMID:32296183	RRS_pair_explicitly_negative_in_MAPPIT_pairwise_test
6	Luck2020-ST6-line:1577	3301	6418	ENSG00000156858	ENSG00000146469	MAPPIT_testing_y2h_v3	MI:0231	PMID:32296183	RRS_pair_explicitly_negative_in_MAPPIT_pairwise_test
6	Luck2020-ST6-line:1578	3301	6418	ENSG00000156858	ENSG00000146469	MAPPIT_testing_y2h_v1	MI:0231	PMID:32296183	RRS_pair_explicitly_negative_in_MAPPIT_pairwise_test
6	Luck2020-ST6-line:1597	3395	12086	ENSG00000121851	ENSG00000178096	MAPPIT_testing_y2h_v3	MI:0231	PMID:32296183	RRS_pair_explicitly_negative_in_MAPPIT_pairwise_test
6	Luck2020-ST6-line:1598	3395	12086	ENSG00000121851	ENSG00000178096	MAPPIT_testing_y2h_v1	MI:0231	PMID:32296183	RRS_pair_explicitly_negative_in_MAPPIT_pairwise_test
6	Luck2020-ST6-line:1599	3395	12086	ENSG00000121851	ENSG00000178096	MAPPIT_testing_y2h_v2	MI:0231	PMID:32296183	RRS_pair_explicitly_negative_in_MAPPIT_pairwise_test
6	Luck2020-ST6-line:1604	3401	6683	ENSG00000126803	ENSG00000213782	MAPPIT_testing_y2h_v3	MI:0231	PMID:32296183	RRS_pair_explicitly_negative_in_MAPPIT_pairwise_test
6	Luck2020-ST6-line:1605	3401	6683	ENSG00000126803	ENSG00000213782	MAPPIT_testing_y2h_v1	MI:0231	PMID:32296183	RRS_pair_explicitly_negative_in_MAPPIT_pairwise_test
6	Luck2020-ST6-line:1606	3416	71997	ENSG00000108963	ENSG00000114346	MAPPIT_testing_y2h_v3	MI:0231	PMID:32296183	RRS_pair_explicitly_negative_in_MAPPIT_pairwise_test
6	Luck2020-ST6-line:1607	3416	71997	ENSG00000108963	ENSG00000114346	MAPPIT_testing_y2h_v1	MI:0231	PMID:32296183	RRS_pair_explicitly_negative_in_MAPPIT_pairwise_test
6	Luck2020-ST6-line:1608	3416	71997	ENSG00000108963	ENSG00000114346	MAPPIT_testing_y2h_v2	MI:0231	PMID:32296183	RRS_pair_explicitly_negative_in_MAPPIT_pairwise_test
6	Luck2020-ST6-line:1621	3501	71467	ENSG00000037474	ENSG00000111641	MAPPIT_testing_y2h_v3	MI:0231	PMID:32296183	RRS_pair_explicitly_negative_in_MAPPIT_pairwise_test
6	Luck2020-ST6-line:1622	3501	71467	ENSG00000037474	ENSG00000111641	MAPPIT_testing_y2h_v1	MI:0231	PMID:32296183	RRS_pair_explicitly_negative_in_MAPPIT_pairwise_test
6	Luck2020-ST6-line:1624	3527	11584	ENSG00000166847	ENSG00000161204	MAPPIT_testing_y2h_v1	MI:0231	PMID:32296183	RRS_pair_explicitly_negative_in_MAPPIT_pairwise_test
6	Luck2020-ST6-line:1625	3527	11584	ENSG00000166847	ENSG00000161204	MAPPIT_testing_y2h_v2	MI:0231	PMID:32296183	RRS_pair_explicitly_negative_in_MAPPIT_pairwise_test
6	Luck2020-ST6-line:1626	3528	4289	ENSG00000184900	ENSG00000116062	MAPPIT_testing_y2h_v3	MI:0231	PMID:32296183	RRS_pair_explicitly_negative_in_MAPPIT_pairwise_test
6	Luck2020-ST6-line:1627	3528	4289	ENSG00000184900	ENSG00000116062	MAPPIT_testing_y2h_v1	MI:0231	PMID:32296183	RRS_pair_explicitly_negative_in_MAPPIT_pairwise_test
6	Luck2020-ST6-line:1632	3552	71880	ENSG00000111605	ENSG00000110047	MAPPIT_testing_y2h_v3	MI:0231	PMID:32296183	RRS_pair_explicitly_negative_in_MAPPIT_pairwise_test
6	Luck2020-ST6-line:1633	3552	71880	ENSG00000111605	ENSG00000110047	MAPPIT_testing_y2h_v1	MI:0231	PMID:32296183	RRS_pair_explicitly_negative_in_MAPPIT_pairwise_test
6	Luck2020-ST6-line:1652	3594	5760	ENSG00000100321	ENSG00000125999	MAPPIT_testing_y2h_v1	MI:0231	PMID:32296183	RRS_pair_explicitly_negative_in_MAPPIT_pairwise_test
6	Luck2020-ST6-line:1682	3632	5853	ENSG00000168824	ENSG00000127452	MAPPIT_testing_y2h_v3	MI:0231	PMID:32296183	RRS_pair_explicitly_negative_in_MAPPIT_pairwise_test
6	Luck2020-ST6-line:1683	3632	5853	ENSG00000168824	ENSG00000127452	MAPPIT_testing_y2h_v1	MI:0231	PMID:32296183	RRS_pair_explicitly_negative_in_MAPPIT_pairwise_test
6	Luck2020-ST6-line:1685	3634	53114	ENSG00000111186	ENSG00000100242	MAPPIT_testing_y2h_v1	MI:0231	PMID:32296183	RRS_pair_explicitly_negative_in_MAPPIT_pairwise_test
6	Luck2020-ST6-line:1686	3634	53114	ENSG00000111186	ENSG00000100242	MAPPIT_testing_y2h_v2	MI:0231	PMID:32296183	RRS_pair_explicitly_negative_in_MAPPIT_pairwise_test
6	Luck2020-ST6-line:1688	3673	6292	ENSG00000124444	ENSG00000138750	MAPPIT_testing_y2h_v1	MI:0231	PMID:32296183	RRS_pair_explicitly_negative_in_MAPPIT_pairwise_test
6	Luck2020-ST6-line:1690	3683	100016034	ENSG00000184787	ENSG00000138767	MAPPIT_testing_y2h_v3	MI:0231	PMID:32296183	RRS_pair_explicitly_negative_in_MAPPIT_pairwise_test
6	Luck2020-ST6-line:1691	3683	100016034	ENSG00000184787	ENSG00000138767	MAPPIT_testing_y2h_v1	MI:0231	PMID:32296183	RRS_pair_explicitly_negative_in_MAPPIT_pairwise_test
6	Luck2020-ST6-line:1696	3709	100016103	ENSG00000003756	ENSG00000180354	MAPPIT_testing_y2h_v3	MI:0231	PMID:32296183	RRS_pair_explicitly_negative_in_MAPPIT_pairwise_test
6	Luck2020-ST6-line:1697	3709	100016103	ENSG00000003756	ENSG00000180354	MAPPIT_testing_y2h_v1	MI:0231	PMID:32296183	RRS_pair_explicitly_negative_in_MAPPIT_pairwise_test
6	Luck2020-ST6-line:1698	3709	100016103	ENSG00000003756	ENSG00000180354	MAPPIT_testing_y2h_v2	MI:0231	PMID:32296183	RRS_pair_explicitly_negative_in_MAPPIT_pairwise_test
6	Luck2020-ST6-line:1703	3729	6863	ENSG00000174547	ENSG00000162396	MAPPIT_testing_y2h_v1	MI:0231	PMID:32296183	RRS_pair_explicitly_negative_in_MAPPIT_pairwise_test
6	Luck2020-ST6-line:1726	3788	7996	ENSG00000172531	ENSG00000100883	MAPPIT_testing_y2h_v3	MI:0231	PMID:32296183	RRS_pair_explicitly_negative_in_MAPPIT_pairwise_test
6	Luck2020-ST6-line:1727	3788	7996	ENSG00000172531	ENSG00000100883	MAPPIT_testing_y2h_v1	MI:0231	PMID:32296183	RRS_pair_explicitly_negative_in_MAPPIT_pairwise_test
6	Luck2020-ST6-line:1729	3788	9751	ENSG00000172531	ENSG00000034152	MAPPIT_testing_y2h_v1	MI:0231	PMID:32296183	RRS_pair_explicitly_negative_in_MAPPIT_pairwise_test
6	Luck2020-ST6-line:1742	3788	71955	ENSG00000172531	ENSG00000132631	MAPPIT_testing_y2h_v3	MI:0231	PMID:32296183	RRS_pair_explicitly_negative_in_MAPPIT_pairwise_test
6	Luck2020-ST6-line:1743	3788	71955	ENSG00000172531	ENSG00000132631	MAPPIT_testing_y2h_v1	MI:0231	PMID:32296183	RRS_pair_explicitly_negative_in_MAPPIT_pairwise_test
6	Luck2020-ST6-line:1751	3842	6755	ENSG00000110958	ENSG00000144021	MAPPIT_testing_y2h_v3	MI:0231	PMID:32296183	RRS_pair_explicitly_negative_in_MAPPIT_pairwise_test
6	Luck2020-ST6-line:1752	3842	6755	ENSG00000110958	ENSG00000144021	MAPPIT_testing_y2h_v1	MI:0231	PMID:32296183	RRS_pair_explicitly_negative_in_MAPPIT_pairwise_test
6	Luck2020-ST6-line:1753	3842	6755	ENSG00000110958	ENSG00000144021	MAPPIT_testing_y2h_v2	MI:0231	PMID:32296183	RRS_pair_explicitly_negative_in_MAPPIT_pairwise_test
6	Luck2020-ST6-line:1757	3934	13142	ENSG00000154719	ENSG00000006659	MAPPIT_testing_y2h_v3	MI:0231	PMID:32296183	RRS_pair_explicitly_negative_in_MAPPIT_pairwise_test
6	Luck2020-ST6-line:1758	3934	13142	ENSG00000154719	ENSG00000006659	MAPPIT_testing_y2h_v1	MI:0231	PMID:32296183	RRS_pair_explicitly_negative_in_MAPPIT_pairwise_test
6	Luck2020-ST6-line:1759	3951	100016034	ENSG00000117682	ENSG00000138767	MAPPIT_testing_y2h_v3	MI:0231	PMID:32296183	RRS_pair_explicitly_negative_in_MAPPIT_pairwise_test
6	Luck2020-ST6-line:1760	3951	100016034	ENSG00000117682	ENSG00000138767	MAPPIT_testing_y2h_v1	MI:0231	PMID:32296183	RRS_pair_explicitly_negative_in_MAPPIT_pairwise_test
6	Luck2020-ST6-line:1762	4004	5853	ENSG00000168040	ENSG00000127452	MAPPIT_testing_y2h_v3	MI:0231	PMID:32296183	RRS_pair_explicitly_negative_in_MAPPIT_pairwise_test
6	Luck2020-ST6-line:1763	4004	5853	ENSG00000168040	ENSG00000127452	MAPPIT_testing_y2h_v1	MI:0231	PMID:32296183	RRS_pair_explicitly_negative_in_MAPPIT_pairwise_test
6	Luck2020-ST6-line:1764	4004	5853	ENSG00000168040	ENSG00000127452	MAPPIT_testing_y2h_v2	MI:0231	PMID:32296183	RRS_pair_explicitly_negative_in_MAPPIT_pairwise_test
6	Luck2020-ST6-line:1771	4013	54526	ENSG00000166136	ENSG00000155011	MAPPIT_testing_y2h_v3	MI:0231	PMID:32296183	RRS_pair_explicitly_negative_in_MAPPIT_pairwise_test
6	Luck2020-ST6-line:1772	4013	54526	ENSG00000166136	ENSG00000155011	MAPPIT_testing_y2h_v1	MI:0231	PMID:32296183	RRS_pair_explicitly_negative_in_MAPPIT_pairwise_test
6	Luck2020-ST6-line:1773	4013	54526	ENSG00000166136	ENSG00000155011	MAPPIT_testing_y2h_v2	MI:0231	PMID:32296183	RRS_pair_explicitly_negative_in_MAPPIT_pairwise_test
6	Luck2020-ST6-line:1785	4062	53584	ENSG00000123560	ENSG00000183032	MAPPIT_testing_y2h_v3	MI:0231	PMID:32296183	RRS_pair_explicitly_negative_in_MAPPIT_pairwise_test
6	Luck2020-ST6-line:1786	4062	53584	ENSG00000123560	ENSG00000183032	MAPPIT_testing_y2h_v1	MI:0231	PMID:32296183	RRS_pair_explicitly_negative_in_MAPPIT_pairwise_test
6	Luck2020-ST6-line:1806	4139	53883	ENSG00000123444	ENSG00000186895	MAPPIT_testing_y2h_v3	MI:0231	PMID:32296183	RRS_pair_explicitly_negative_in_MAPPIT_pairwise_test
6	Luck2020-ST6-line:1807	4139	53883	ENSG00000123444	ENSG00000186895	MAPPIT_testing_y2h_v1	MI:0231	PMID:32296183	RRS_pair_explicitly_negative_in_MAPPIT_pairwise_test
6	Luck2020-ST6-line:1808	4139	53883	ENSG00000123444	ENSG00000186895	MAPPIT_testing_y2h_v2	MI:0231	PMID:32296183	RRS_pair_explicitly_negative_in_MAPPIT_pairwise_test
6	Luck2020-ST6-line:1809	4263	71353	ENSG00000115289	ENSG00000259030	MAPPIT_testing_y2h_v3	MI:0231	PMID:32296183	RRS_pair_explicitly_negative_in_MAPPIT_pairwise_test
6	Luck2020-ST6-line:1810	4263	71353	ENSG00000115289	ENSG00000259030	MAPPIT_testing_y2h_v1	MI:0231	PMID:32296183	RRS_pair_explicitly_negative_in_MAPPIT_pairwise_test
6	Luck2020-ST6-line:1811	4299	40080562	ENSG00000125652	ENSG00000204618	MAPPIT_testing_y2h_v3	MI:0231	PMID:32296183	RRS_pair_explicitly_negative_in_MAPPIT_pairwise_test
6	Luck2020-ST6-line:1812	4299	40080562	ENSG00000125652	ENSG00000204618	MAPPIT_testing_y2h_v1	MI:0231	PMID:32296183	RRS_pair_explicitly_negative_in_MAPPIT_pairwise_test
6	Luck2020-ST6-line:1819	4350	71767	ENSG00000143553	ENSG00000131242	MAPPIT_testing_y2h_v3	MI:0231	PMID:32296183	RRS_pair_explicitly_negative_in_MAPPIT_pairwise_test
6	Luck2020-ST6-line:1820	4350	71767	ENSG00000143553	ENSG00000131242	MAPPIT_testing_y2h_v1	MI:0231	PMID:32296183	RRS_pair_explicitly_negative_in_MAPPIT_pairwise_test
6	Luck2020-ST6-line:1831	4467	11757	ENSG00000110801	ENSG00000054967	MAPPIT_testing_y2h_v1	MI:0231	PMID:32296183	RRS_pair_explicitly_negative_in_MAPPIT_pairwise_test
6	Luck2020-ST6-line:1836	4489	72017	ENSG00000067606	ENSG00000205002	MAPPIT_testing_y2h_v3	MI:0231	PMID:32296183	RRS_pair_explicitly_negative_in_MAPPIT_pairwise_test
6	Luck2020-ST6-line:1837	4489	72017	ENSG00000067606	ENSG00000205002	MAPPIT_testing_y2h_v1	MI:0231	PMID:32296183	RRS_pair_explicitly_negative_in_MAPPIT_pairwise_test
6	Luck2020-ST6-line:1838	4489	72017	ENSG00000067606	ENSG00000205002	MAPPIT_testing_y2h_v2	MI:0231	PMID:32296183	RRS_pair_explicitly_negative_in_MAPPIT_pairwise_test
6	Luck2020-ST6-line:1842	4490	5457	ENSG00000019102	ENSG00000035115	MAPPIT_testing_y2h_v3	MI:0231	PMID:32296183	RRS_pair_explicitly_negative_in_MAPPIT_pairwise_test
6	Luck2020-ST6-line:1843	4490	5457	ENSG00000019102	ENSG00000035115	MAPPIT_testing_y2h_v1	MI:0231	PMID:32296183	RRS_pair_explicitly_negative_in_MAPPIT_pairwise_test
6	Luck2020-ST6-line:1844	4490	5457	ENSG00000019102	ENSG00000035115	MAPPIT_testing_y2h_v2	MI:0231	PMID:32296183	RRS_pair_explicitly_negative_in_MAPPIT_pairwise_test
6	Luck2020-ST6-line:1845	4499	11528	ENSG00000166974	ENSG00000196284	MAPPIT_testing_y2h_v3	MI:0231	PMID:32296183	RRS_pair_explicitly_negative_in_MAPPIT_pairwise_test
6	Luck2020-ST6-line:1848	4499	11899	ENSG00000166974	ENSG00000088881	MAPPIT_testing_y2h_v3	MI:0231	PMID:32296183	RRS_pair_explicitly_negative_in_MAPPIT_pairwise_test
6	Luck2020-ST6-line:1849	4499	11899	ENSG00000166974	ENSG00000088881	MAPPIT_testing_y2h_v1	MI:0231	PMID:32296183	RRS_pair_explicitly_negative_in_MAPPIT_pairwise_test
6	Luck2020-ST6-line:1869	4554	100067572	ENSG00000054116	ENSG00000196214	MAPPIT_testing_y2h_v3	MI:0231	PMID:32296183	RRS_pair_explicitly_negative_in_MAPPIT_pairwise_test
6	Luck2020-ST6-line:1870	4554	100067572	ENSG00000054116	ENSG00000196214	MAPPIT_testing_y2h_v1	MI:0231	PMID:32296183	RRS_pair_explicitly_negative_in_MAPPIT_pairwise_test
6	Luck2020-ST6-line:1896	4616	11129	ENSG00000103275	ENSG00000048162	MAPPIT_testing_y2h_v3	MI:0231	PMID:32296183	RRS_pair_explicitly_negative_in_MAPPIT_pairwise_test
6	Luck2020-ST6-line:1921	4616	70731	ENSG00000103275	ENSG00000133065	MAPPIT_testing_y2h_v3	MI:0231	PMID:32296183	RRS_pair_explicitly_negative_in_MAPPIT_pairwise_test
6	Luck2020-ST6-line:1933	4682	14007	ENSG00000262814	ENSG00000130528	MAPPIT_testing_y2h_v3	MI:0231	PMID:32296183	RRS_pair_explicitly_negative_in_MAPPIT_pairwise_test
6	Luck2020-ST6-line:1934	4682	14007	ENSG00000262814	ENSG00000130528	MAPPIT_testing_y2h_v1	MI:0231	PMID:32296183	RRS_pair_explicitly_negative_in_MAPPIT_pairwise_test
6	Luck2020-ST6-line:1953	4695	55264	ENSG00000123415	ENSG00000132010	MAPPIT_testing_y2h_v3	MI:0231	PMID:32296183	RRS_pair_explicitly_negative_in_MAPPIT_pairwise_test
6	Luck2020-ST6-line:1957	4703	10409	ENSG00000108298	ENSG00000197162	MAPPIT_testing_y2h_v3	MI:0231	PMID:32296183	RRS_pair_explicitly_negative_in_MAPPIT_pairwise_test
6	Luck2020-ST6-line:1958	4703	10409	ENSG00000108298	ENSG00000197162	MAPPIT_testing_y2h_v1	MI:0231	PMID:32296183	RRS_pair_explicitly_negative_in_MAPPIT_pairwise_test
6	Luck2020-ST6-line:1960	4703	55040	ENSG00000108298	ENSG00000203908	MAPPIT_testing_y2h_v1	MI:0231	PMID:32296183	RRS_pair_explicitly_negative_in_MAPPIT_pairwise_test
6	Luck2020-ST6-line:1964	4716	11410	ENSG00000068697	ENSG00000129675	MAPPIT_testing_y2h_v3	MI:0231	PMID:32296183	RRS_pair_explicitly_negative_in_MAPPIT_pairwise_test
6	Luck2020-ST6-line:1965	4716	11410	ENSG00000068697	ENSG00000129675	MAPPIT_testing_y2h_v1	MI:0231	PMID:32296183	RRS_pair_explicitly_negative_in_MAPPIT_pairwise_test
6	Luck2020-ST6-line:1966	4716	11410	ENSG00000068697	ENSG00000129675	MAPPIT_testing_y2h_v2	MI:0231	PMID:32296183	RRS_pair_explicitly_negative_in_MAPPIT_pairwise_test
6	Luck2020-ST6-line:1969	4762	72160	ENSG00000204519	ENSG00000135048	MAPPIT_testing_y2h_v1	MI:0231	PMID:32296183	RRS_pair_explicitly_negative_in_MAPPIT_pairwise_test
6	Luck2020-ST6-line:1971	4811	70887	ENSG00000132563	ENSG00000204442	MAPPIT_testing_y2h_v3	MI:0231	PMID:32296183	RRS_pair_explicitly_negative_in_MAPPIT_pairwise_test
6	Luck2020-ST6-line:1972	4811	70887	ENSG00000132563	ENSG00000204442	MAPPIT_testing_y2h_v1	MI:0231	PMID:32296183	RRS_pair_explicitly_negative_in_MAPPIT_pairwise_test
6	Luck2020-ST6-line:1973	4811	70887	ENSG00000132563	ENSG00000204442	MAPPIT_testing_y2h_v2	MI:0231	PMID:32296183	RRS_pair_explicitly_negative_in_MAPPIT_pairwise_test
6	Luck2020-ST6-line:1982	4855	71618	ENSG00000105393	ENSG00000118113	MAPPIT_testing_y2h_v3	MI:0231	PMID:32296183	RRS_pair_explicitly_negative_in_MAPPIT_pairwise_test
6	Luck2020-ST6-line:1983	4855	71618	ENSG00000105393	ENSG00000118113	MAPPIT_testing_y2h_v1	MI:0231	PMID:32296183	RRS_pair_explicitly_negative_in_MAPPIT_pairwise_test
6	Luck2020-ST6-line:1987	4933	5629	ENSG00000158856	ENSG00000277462	MAPPIT_testing_y2h_v3	MI:0231	PMID:32296183	RRS_pair_explicitly_negative_in_MAPPIT_pairwise_test
6	Luck2020-ST6-line:1988	4933	5629	ENSG00000158856	ENSG00000277462	MAPPIT_testing_y2h_v1	MI:0231	PMID:32296183	RRS_pair_explicitly_negative_in_MAPPIT_pairwise_test
6	Luck2020-ST6-line:1989	4933	5629	ENSG00000158856	ENSG00000277462	MAPPIT_testing_y2h_v2	MI:0231	PMID:32296183	RRS_pair_explicitly_negative_in_MAPPIT_pairwise_test
6	Luck2020-ST6-line:1990	5040	10102	ENSG00000187954	ENSG00000137055	MAPPIT_testing_y2h_v3	MI:0231	PMID:32296183	RRS_pair_explicitly_negative_in_MAPPIT_pairwise_test
6	Luck2020-ST6-line:1991	5040	10102	ENSG00000187954	ENSG00000137055	MAPPIT_testing_y2h_v1	MI:0231	PMID:32296183	RRS_pair_explicitly_negative_in_MAPPIT_pairwise_test
6	Luck2020-ST6-line:1992	5040	10102	ENSG00000187954	ENSG00000137055	MAPPIT_testing_y2h_v2	MI:0231	PMID:32296183	RRS_pair_explicitly_negative_in_MAPPIT_pairwise_test
6	Luck2020-ST6-line:1993	5110	12123	ENSG00000093183	ENSG00000242259	MAPPIT_testing_y2h_v3	MI:0231	PMID:32296183	RRS_pair_explicitly_negative_in_MAPPIT_pairwise_test
6	Luck2020-ST6-line:1994	5110	12123	ENSG00000093183	ENSG00000242259	MAPPIT_testing_y2h_v1	MI:0231	PMID:32296183	RRS_pair_explicitly_negative_in_MAPPIT_pairwise_test
6	Luck2020-ST6-line:1995	5110	12123	ENSG00000093183	ENSG00000242259	MAPPIT_testing_y2h_v2	MI:0231	PMID:32296183	RRS_pair_explicitly_negative_in_MAPPIT_pairwise_test
6	Luck2020-ST6-line:1997	5110	13129	ENSG00000093183	ENSG00000128218	MAPPIT_testing_y2h_v1	MI:0231	PMID:32296183	RRS_pair_explicitly_negative_in_MAPPIT_pairwise_test
6	Luck2020-ST6-line:2011	5363	70242	ENSG00000213347	ENSG00000137642	MAPPIT_testing_y2h_v3	MI:0231	PMID:32296183	RRS_pair_explicitly_negative_in_MAPPIT_pairwise_test
6	Luck2020-ST6-line:2012	5363	70242	ENSG00000213347	ENSG00000137642	MAPPIT_testing_y2h_v1	MI:0231	PMID:32296183	RRS_pair_explicitly_negative_in_MAPPIT_pairwise_test
6	Luck2020-ST6-line:2021	5385	11301	ENSG00000141499	ENSG00000241685	MAPPIT_testing_y2h_v1	MI:0231	PMID:32296183	RRS_pair_explicitly_negative_in_MAPPIT_pairwise_test
6	Luck2020-ST6-line:2022	5385	11301	ENSG00000141499	ENSG00000241685	MAPPIT_testing_y2h_v2	MI:0231	PMID:32296183	RRS_pair_explicitly_negative_in_MAPPIT_pairwise_test
6	Luck2020-ST6-line:2024	5469	53883	ENSG00000134769	ENSG00000186895	MAPPIT_testing_y2h_v3	MI:0231	PMID:32296183	RRS_pair_explicitly_negative_in_MAPPIT_pairwise_test
6	Luck2020-ST6-line:2025	5469	53883	ENSG00000134769	ENSG00000186895	MAPPIT_testing_y2h_v1	MI:0231	PMID:32296183	RRS_pair_explicitly_negative_in_MAPPIT_pairwise_test
6	Luck2020-ST6-line:2026	5469	53883	ENSG00000134769	ENSG00000186895	MAPPIT_testing_y2h_v2	MI:0231	PMID:32296183	RRS_pair_explicitly_negative_in_MAPPIT_pairwise_test
6	Luck2020-ST6-line:2042	5544	10923	ENSG00000256812	ENSG00000169495	MAPPIT_testing_y2h_v3	MI:0231	PMID:32296183	RRS_pair_explicitly_negative_in_MAPPIT_pairwise_test
6	Luck2020-ST6-line:2043	5544	10923	ENSG00000256812	ENSG00000169495	MAPPIT_testing_y2h_v1	MI:0231	PMID:32296183	RRS_pair_explicitly_negative_in_MAPPIT_pairwise_test
6	Luck2020-ST6-line:2044	5544	10923	ENSG00000256812	ENSG00000169495	MAPPIT_testing_y2h_v2	MI:0231	PMID:32296183	RRS_pair_explicitly_negative_in_MAPPIT_pairwise_test
6	Luck2020-ST6-line:2045	5630	7085	ENSG00000198130	ENSG00000169087	MAPPIT_testing_y2h_v3	MI:0231	PMID:32296183	RRS_pair_explicitly_negative_in_MAPPIT_pairwise_test
6	Luck2020-ST6-line:2046	5630	7085	ENSG00000198130	ENSG00000169087	MAPPIT_testing_y2h_v1	MI:0231	PMID:32296183	RRS_pair_explicitly_negative_in_MAPPIT_pairwise_test
6	Luck2020-ST6-line:2047	5630	7085	ENSG00000198130	ENSG00000169087	MAPPIT_testing_y2h_v2	MI:0231	PMID:32296183	RRS_pair_explicitly_negative_in_MAPPIT_pairwise_test
6	Luck2020-ST6-line:2049	5838	11751	ENSG00000135845	ENSG00000104064	MAPPIT_testing_y2h_v3	MI:0231	PMID:32296183	RRS_pair_explicitly_negative_in_MAPPIT_pairwise_test
6	Luck2020-ST6-line:2050	5838	11751	ENSG00000135845	ENSG00000104064	MAPPIT_testing_y2h_v1	MI:0231	PMID:32296183	RRS_pair_explicitly_negative_in_MAPPIT_pairwise_test
6	Luck2020-ST6-line:2051	5838	11751	ENSG00000135845	ENSG00000104064	MAPPIT_testing_y2h_v2	MI:0231	PMID:32296183	RRS_pair_explicitly_negative_in_MAPPIT_pairwise_test
6	Luck2020-ST6-line:2054	5929	70425	ENSG00000148985	ENSG00000140505	MAPPIT_testing_y2h_v3	MI:0231	PMID:32296183	RRS_pair_explicitly_negative_in_MAPPIT_pairwise_test
6	Luck2020-ST6-line:2059	5947	71642	ENSG00000255529	ENSG00000182389	MAPPIT_testing_y2h_v1	MI:0231	PMID:32296183	RRS_pair_explicitly_negative_in_MAPPIT_pairwise_test
6	Luck2020-ST6-line:2060	5947	71642	ENSG00000255529	ENSG00000182389	MAPPIT_testing_y2h_v2	MI:0231	PMID:32296183	RRS_pair_explicitly_negative_in_MAPPIT_pairwise_test
6	Luck2020-ST6-line:2096	6426	8961	ENSG00000160808	ENSG00000275023	MAPPIT_testing_y2h_v3	MI:0231	PMID:32296183	RRS_pair_explicitly_negative_in_MAPPIT_pairwise_test
6	Luck2020-ST6-line:2097	6426	8961	ENSG00000160808	ENSG00000275023	MAPPIT_testing_y2h_v1	MI:0231	PMID:32296183	RRS_pair_explicitly_negative_in_MAPPIT_pairwise_test
6	Luck2020-ST6-line:2110	6459	71962	ENSG00000147571	ENSG00000125975	MAPPIT_testing_y2h_v3	MI:0231	PMID:32296183	RRS_pair_explicitly_negative_in_MAPPIT_pairwise_test
6	Luck2020-ST6-line:2111	6459	71962	ENSG00000147571	ENSG00000125975	MAPPIT_testing_y2h_v1	MI:0231	PMID:32296183	RRS_pair_explicitly_negative_in_MAPPIT_pairwise_test
6	Luck2020-ST6-line:2112	6475	53128	ENSG00000135218	ENSG00000116141	MAPPIT_testing_y2h_v3	MI:0231	PMID:32296183	RRS_pair_explicitly_negative_in_MAPPIT_pairwise_test
6	Luck2020-ST6-line:2113	6475	53128	ENSG00000135218	ENSG00000116141	MAPPIT_testing_y2h_v1	MI:0231	PMID:32296183	RRS_pair_explicitly_negative_in_MAPPIT_pairwise_test
6	Luck2020-ST6-line:2115	6514	54163	ENSG00000143217	ENSG00000130595	MAPPIT_testing_y2h_v3	MI:0231	PMID:32296183	RRS_pair_explicitly_negative_in_MAPPIT_pairwise_test
6	Luck2020-ST6-line:2116	6514	54163	ENSG00000143217	ENSG00000130595	MAPPIT_testing_y2h_v1	MI:0231	PMID:32296183	RRS_pair_explicitly_negative_in_MAPPIT_pairwise_test
6	Luck2020-ST6-line:2117	6514	54163	ENSG00000143217	ENSG00000130595	MAPPIT_testing_y2h_v2	MI:0231	PMID:32296183	RRS_pair_explicitly_negative_in_MAPPIT_pairwise_test
6	Luck2020-ST6-line:2123	6595	12970	ENSG00000105364	ENSG00000124380	MAPPIT_testing_y2h_v3	MI:0231	PMID:32296183	RRS_pair_explicitly_negative_in_MAPPIT_pairwise_test
6	Luck2020-ST6-line:2124	6595	12970	ENSG00000105364	ENSG00000124380	MAPPIT_testing_y2h_v1	MI:0231	PMID:32296183	RRS_pair_explicitly_negative_in_MAPPIT_pairwise_test
6	Luck2020-ST6-line:2125	6595	12970	ENSG00000105364	ENSG00000124380	MAPPIT_testing_y2h_v2	MI:0231	PMID:32296183	RRS_pair_explicitly_negative_in_MAPPIT_pairwise_test
6	Luck2020-ST6-line:2130	6606	71452	ENSG00000184194	ENSG00000117385	MAPPIT_testing_y2h_v3	MI:0231	PMID:32296183	RRS_pair_explicitly_negative_in_MAPPIT_pairwise_test
6	Luck2020-ST6-line:2131	6606	71452	ENSG00000184194	ENSG00000117385	MAPPIT_testing_y2h_v1	MI:0231	PMID:32296183	RRS_pair_explicitly_negative_in_MAPPIT_pairwise_test
6	Luck2020-ST6-line:2132	6650	9987	ENSG00000168952	ENSG00000122218	MAPPIT_testing_y2h_v3	MI:0231	PMID:32296183	RRS_pair_explicitly_negative_in_MAPPIT_pairwise_test
6	Luck2020-ST6-line:2133	6650	9987	ENSG00000168952	ENSG00000122218	MAPPIT_testing_y2h_v1	MI:0231	PMID:32296183	RRS_pair_explicitly_negative_in_MAPPIT_pairwise_test
6	Luck2020-ST6-line:2146	6693	70473	ENSG00000142546	ENSG00000152977	MAPPIT_testing_y2h_v3	MI:0231	PMID:32296183	RRS_pair_explicitly_negative_in_MAPPIT_pairwise_test
6	Luck2020-ST6-line:2147	6693	70473	ENSG00000142546	ENSG00000152977	MAPPIT_testing_y2h_v1	MI:0231	PMID:32296183	RRS_pair_explicitly_negative_in_MAPPIT_pairwise_test
6	Luck2020-ST6-line:2148	6693	70591	ENSG00000142546	ENSG00000153303	MAPPIT_testing_y2h_v3	MI:0231	PMID:32296183	RRS_pair_explicitly_negative_in_MAPPIT_pairwise_test
6	Luck2020-ST6-line:2149	6693	70591	ENSG00000142546	ENSG00000153303	MAPPIT_testing_y2h_v1	MI:0231	PMID:32296183	RRS_pair_explicitly_negative_in_MAPPIT_pairwise_test
6	Luck2020-ST6-line:2150	6693	70591	ENSG00000142546	ENSG00000153303	MAPPIT_testing_y2h_v2	MI:0231	PMID:32296183	RRS_pair_explicitly_negative_in_MAPPIT_pairwise_test
6	Luck2020-ST6-line:2165	6745	13142	ENSG00000182287	ENSG00000006659	MAPPIT_testing_y2h_v3	MI:0231	PMID:32296183	RRS_pair_explicitly_negative_in_MAPPIT_pairwise_test
6	Luck2020-ST6-line:2166	6745	13142	ENSG00000182287	ENSG00000006659	MAPPIT_testing_y2h_v1	MI:0231	PMID:32296183	RRS_pair_explicitly_negative_in_MAPPIT_pairwise_test
6	Luck2020-ST6-line:2167	6757	54489	ENSG00000111843	ENSG00000172845	MAPPIT_testing_y2h_v3	MI:0231	PMID:32296183	RRS_pair_explicitly_negative_in_MAPPIT_pairwise_test
6	Luck2020-ST6-line:2168	6757	54489	ENSG00000111843	ENSG00000172845	MAPPIT_testing_y2h_v1	MI:0231	PMID:32296183	RRS_pair_explicitly_negative_in_MAPPIT_pairwise_test
6	Luck2020-ST6-line:2169	6757	54489	ENSG00000111843	ENSG00000172845	MAPPIT_testing_y2h_v2	MI:0231	PMID:32296183	RRS_pair_explicitly_negative_in_MAPPIT_pairwise_test
6	Luck2020-ST6-line:2172	6818	56479	ENSG00000008517	ENSG00000159588	MAPPIT_testing_y2h_v3	MI:0231	PMID:32296183	RRS_pair_explicitly_negative_in_MAPPIT_pairwise_test
6	Luck2020-ST6-line:2173	6818	56479	ENSG00000008517	ENSG00000159588	MAPPIT_testing_y2h_v1	MI:0231	PMID:32296183	RRS_pair_explicitly_negative_in_MAPPIT_pairwise_test
6	Luck2020-ST6-line:2174	6818	56479	ENSG00000008517	ENSG00000159588	MAPPIT_testing_y2h_v2	MI:0231	PMID:32296183	RRS_pair_explicitly_negative_in_MAPPIT_pairwise_test
6	Luck2020-ST6-line:2175	6860	8717	ENSG00000118894	ENSG00000183495	MAPPIT_testing_y2h_v3	MI:0231	PMID:32296183	RRS_pair_explicitly_negative_in_MAPPIT_pairwise_test
6	Luck2020-ST6-line:2176	6860	8717	ENSG00000118894	ENSG00000183495	MAPPIT_testing_y2h_v1	MI:0231	PMID:32296183	RRS_pair_explicitly_negative_in_MAPPIT_pairwise_test
6	Luck2020-ST6-line:2180	6908	11512	ENSG00000104915	ENSG00000213533	MAPPIT_testing_y2h_v1	MI:0231	PMID:32296183	RRS_pair_explicitly_negative_in_MAPPIT_pairwise_test
6	Luck2020-ST6-line:2181	6908	11512	ENSG00000104915	ENSG00000213533	MAPPIT_testing_y2h_v2	MI:0231	PMID:32296183	RRS_pair_explicitly_negative_in_MAPPIT_pairwise_test
6	Luck2020-ST6-line:2185	6944	10716	ENSG00000153551	ENSG00000156976	MAPPIT_testing_y2h_v3	MI:0231	PMID:32296183	RRS_pair_explicitly_negative_in_MAPPIT_pairwise_test
6	Luck2020-ST6-line:2186	6944	10716	ENSG00000153551	ENSG00000156976	MAPPIT_testing_y2h_v1	MI:0231	PMID:32296183	RRS_pair_explicitly_negative_in_MAPPIT_pairwise_test
6	Luck2020-ST6-line:2187	6944	10716	ENSG00000153551	ENSG00000156976	MAPPIT_testing_y2h_v2	MI:0231	PMID:32296183	RRS_pair_explicitly_negative_in_MAPPIT_pairwise_test
6	Luck2020-ST6-line:2192	6953	54322	ENSG00000175895	ENSG00000116809	MAPPIT_testing_y2h_v3	MI:0231	PMID:32296183	RRS_pair_explicitly_negative_in_MAPPIT_pairwise_test
6	Luck2020-ST6-line:2193	6953	54322	ENSG00000175895	ENSG00000116809	MAPPIT_testing_y2h_v1	MI:0231	PMID:32296183	RRS_pair_explicitly_negative_in_MAPPIT_pairwise_test
6	Luck2020-ST6-line:2194	6953	54322	ENSG00000175895	ENSG00000116809	MAPPIT_testing_y2h_v2	MI:0231	PMID:32296183	RRS_pair_explicitly_negative_in_MAPPIT_pairwise_test
6	Luck2020-ST6-line:2197	6971	71453	ENSG00000125449	ENSG00000149499	MAPPIT_testing_y2h_v3	MI:0231	PMID:32296183	RRS_pair_explicitly_negative_in_MAPPIT_pairwise_test
6	Luck2020-ST6-line:2198	6971	71453	ENSG00000125449	ENSG00000149499	MAPPIT_testing_y2h_v1	MI:0231	PMID:32296183	RRS_pair_explicitly_negative_in_MAPPIT_pairwise_test
6	Luck2020-ST6-line:2205	7037	70879	ENSG00000135821	ENSG00000255524	MAPPIT_testing_y2h_v3	MI:0231	PMID:32296183	RRS_pair_explicitly_negative_in_MAPPIT_pairwise_test
6	Luck2020-ST6-line:2206	7037	70879	ENSG00000135821	ENSG00000255524	MAPPIT_testing_y2h_v1	MI:0231	PMID:32296183	RRS_pair_explicitly_negative_in_MAPPIT_pairwise_test
6	Luck2020-ST6-line:2207	7037	70879	ENSG00000135821	ENSG00000255524	MAPPIT_testing_y2h_v2	MI:0231	PMID:32296183	RRS_pair_explicitly_negative_in_MAPPIT_pairwise_test
6	Luck2020-ST6-line:2208	7055	9525	ENSG00000198498	ENSG00000141506	MAPPIT_testing_y2h_v3	MI:0231	PMID:32296183	RRS_pair_explicitly_negative_in_MAPPIT_pairwise_test
6	Luck2020-ST6-line:2209	7055	9525	ENSG00000198498	ENSG00000141506	MAPPIT_testing_y2h_v1	MI:0231	PMID:32296183	RRS_pair_explicitly_negative_in_MAPPIT_pairwise_test
6	Luck2020-ST6-line:2210	7055	9525	ENSG00000198498	ENSG00000141506	MAPPIT_testing_y2h_v2	MI:0231	PMID:32296183	RRS_pair_explicitly_negative_in_MAPPIT_pairwise_test
6	Luck2020-ST6-line:2211	7055	11849	ENSG00000198498	ENSG00000156983	MAPPIT_testing_y2h_v3	MI:0231	PMID:32296183	RRS_pair_explicitly_negative_in_MAPPIT_pairwise_test
6	Luck2020-ST6-line:2212	7055	11849	ENSG00000198498	ENSG00000156983	MAPPIT_testing_y2h_v1	MI:0231	PMID:32296183	RRS_pair_explicitly_negative_in_MAPPIT_pairwise_test
6	Luck2020-ST6-line:2227	7233	12193	ENSG00000162236	ENSG00000000938	MAPPIT_testing_y2h_v3	MI:0231	PMID:32296183	RRS_pair_explicitly_negative_in_MAPPIT_pairwise_test
6	Luck2020-ST6-line:2228	7233	12193	ENSG00000162236	ENSG00000000938	MAPPIT_testing_y2h_v1	MI:0231	PMID:32296183	RRS_pair_explicitly_negative_in_MAPPIT_pairwise_test
6	Luck2020-ST6-line:2241	7398	56472	ENSG00000165496	ENSG00000043514	MAPPIT_testing_y2h_v3	MI:0231	PMID:32296183	RRS_pair_explicitly_negative_in_MAPPIT_pairwise_test
6	Luck2020-ST6-line:2242	7398	56472	ENSG00000165496	ENSG00000043514	MAPPIT_testing_y2h_v1	MI:0231	PMID:32296183	RRS_pair_explicitly_negative_in_MAPPIT_pairwise_test
6	Luck2020-ST6-line:2243	7398	56472	ENSG00000165496	ENSG00000043514	MAPPIT_testing_y2h_v2	MI:0231	PMID:32296183	RRS_pair_explicitly_negative_in_MAPPIT_pairwise_test
6	Luck2020-ST6-line:2247	7408	71239	ENSG00000163762	ENSG00000206177	MAPPIT_testing_y2h_v3	MI:0231	PMID:32296183	RRS_pair_explicitly_negative_in_MAPPIT_pairwise_test
6	Luck2020-ST6-line:2248	7408	71239	ENSG00000163762	ENSG00000206177	MAPPIT_testing_y2h_v1	MI:0231	PMID:32296183	RRS_pair_explicitly_negative_in_MAPPIT_pairwise_test
6	Luck2020-ST6-line:2249	7436	71168	ENSG00000073578	ENSG00000087053	MAPPIT_testing_y2h_v3	MI:0231	PMID:32296183	RRS_pair_explicitly_negative_in_MAPPIT_pairwise_test
6	Luck2020-ST6-line:2250	7436	71168	ENSG00000073578	ENSG00000087053	MAPPIT_testing_y2h_v1	MI:0231	PMID:32296183	RRS_pair_explicitly_negative_in_MAPPIT_pairwise_test
6	Luck2020-ST6-line:2251	7436	71168	ENSG00000073578	ENSG00000087053	MAPPIT_testing_y2h_v2	MI:0231	PMID:32296183	RRS_pair_explicitly_negative_in_MAPPIT_pairwise_test
6	Luck2020-ST6-line:2267	7451	72189	ENSG00000100387	ENSG00000108604	MAPPIT_testing_y2h_v3	MI:0231	PMID:32296183	RRS_pair_explicitly_negative_in_MAPPIT_pairwise_test
6	Luck2020-ST6-line:2268	7451	72189	ENSG00000100387	ENSG00000108604	MAPPIT_testing_y2h_v1	MI:0231	PMID:32296183	RRS_pair_explicitly_negative_in_MAPPIT_pairwise_test
6	Luck2020-ST6-line:2269	7451	72189	ENSG00000100387	ENSG00000108604	MAPPIT_testing_y2h_v2	MI:0231	PMID:32296183	RRS_pair_explicitly_negative_in_MAPPIT_pairwise_test
6	Luck2020-ST6-line:2272	7473	10959	ENSG00000100577	ENSG00000158604	MAPPIT_testing_y2h_v3	MI:0231	PMID:32296183	RRS_pair_explicitly_negative_in_MAPPIT_pairwise_test
6	Luck2020-ST6-line:2273	7473	10959	ENSG00000100577	ENSG00000158604	MAPPIT_testing_y2h_v1	MI:0231	PMID:32296183	RRS_pair_explicitly_negative_in_MAPPIT_pairwise_test
6	Luck2020-ST6-line:2274	7473	10959	ENSG00000100577	ENSG00000158604	MAPPIT_testing_y2h_v2	MI:0231	PMID:32296183	RRS_pair_explicitly_negative_in_MAPPIT_pairwise_test
6	Luck2020-ST6-line:2275	7473	100016209	ENSG00000100577	ENSG00000185962	MAPPIT_testing_y2h_v3	MI:0231	PMID:32296183	RRS_pair_explicitly_negative_in_MAPPIT_pairwise_test
6	Luck2020-ST6-line:2276	7473	100016209	ENSG00000100577	ENSG00000185962	MAPPIT_testing_y2h_v1	MI:0231	PMID:32296183	RRS_pair_explicitly_negative_in_MAPPIT_pairwise_test
6	Luck2020-ST6-line:2277	7473	100016209	ENSG00000100577	ENSG00000185962	MAPPIT_testing_y2h_v2	MI:0231	PMID:32296183	RRS_pair_explicitly_negative_in_MAPPIT_pairwise_test
6	Luck2020-ST6-line:2278	7477	13076	ENSG00000198492	ENSG00000163106	MAPPIT_testing_y2h_v3	MI:0231	PMID:32296183	RRS_pair_explicitly_negative_in_MAPPIT_pairwise_test
6	Luck2020-ST6-line:2279	7477	13076	ENSG00000198492	ENSG00000163106	MAPPIT_testing_y2h_v1	MI:0231	PMID:32296183	RRS_pair_explicitly_negative_in_MAPPIT_pairwise_test
6	Luck2020-ST6-line:2280	7477	13076	ENSG00000198492	ENSG00000163106	MAPPIT_testing_y2h_v2	MI:0231	PMID:32296183	RRS_pair_explicitly_negative_in_MAPPIT_pairwise_test
6	Luck2020-ST6-line:2282	7515	53584	ENSG00000152422	ENSG00000183032	MAPPIT_testing_y2h_v1	MI:0231	PMID:32296183	RRS_pair_explicitly_negative_in_MAPPIT_pairwise_test
6	Luck2020-ST6-line:2283	7536	11489	ENSG00000198088	ENSG00000160446	MAPPIT_testing_y2h_v3	MI:0231	PMID:32296183	RRS_pair_explicitly_negative_in_MAPPIT_pairwise_test
6	Luck2020-ST6-line:2284	7536	11489	ENSG00000198088	ENSG00000160446	MAPPIT_testing_y2h_v1	MI:0231	PMID:32296183	RRS_pair_explicitly_negative_in_MAPPIT_pairwise_test
6	Luck2020-ST6-line:2291	7564	53448	ENSG00000111224	ENSG00000131196	MAPPIT_testing_y2h_v1	MI:0231	PMID:32296183	RRS_pair_explicitly_negative_in_MAPPIT_pairwise_test
6	Luck2020-ST6-line:2292	7564	53448	ENSG00000111224	ENSG00000131196	MAPPIT_testing_y2h_v2	MI:0231	PMID:32296183	RRS_pair_explicitly_negative_in_MAPPIT_pairwise_test
6	Luck2020-ST6-line:2293	7580	71724	ENSG00000183044	ENSG00000135902	MAPPIT_testing_y2h_v3	MI:0231	PMID:32296183	RRS_pair_explicitly_negative_in_MAPPIT_pairwise_test
6	Luck2020-ST6-line:2294	7580	71724	ENSG00000183044	ENSG00000135902	MAPPIT_testing_y2h_v1	MI:0231	PMID:32296183	RRS_pair_explicitly_negative_in_MAPPIT_pairwise_test
6	Luck2020-ST6-line:2301	7605	55891	ENSG00000103852	ENSG00000110881	MAPPIT_testing_y2h_v3	MI:0231	PMID:32296183	RRS_pair_explicitly_negative_in_MAPPIT_pairwise_test
6	Luck2020-ST6-line:2302	7605	55891	ENSG00000103852	ENSG00000110881	MAPPIT_testing_y2h_v1	MI:0231	PMID:32296183	RRS_pair_explicitly_negative_in_MAPPIT_pairwise_test
6	Luck2020-ST6-line:2307	7622	10288	ENSG00000000457	ENSG00000083454	MAPPIT_testing_y2h_v3	MI:0231	PMID:32296183	RRS_pair_explicitly_negative_in_MAPPIT_pairwise_test
6	Luck2020-ST6-line:2308	7622	10288	ENSG00000000457	ENSG00000083454	MAPPIT_testing_y2h_v1	MI:0231	PMID:32296183	RRS_pair_explicitly_negative_in_MAPPIT_pairwise_test
6	Luck2020-ST6-line:2309	7622	10288	ENSG00000000457	ENSG00000083454	MAPPIT_testing_y2h_v2	MI:0231	PMID:32296183	RRS_pair_explicitly_negative_in_MAPPIT_pairwise_test
6	Luck2020-ST6-line:2310	7623	72003	ENSG00000117281	ENSG00000240764	MAPPIT_testing_y2h_v3	MI:0231	PMID:32296183	RRS_pair_explicitly_negative_in_MAPPIT_pairwise_test
6	Luck2020-ST6-line:2311	7623	72003	ENSG00000117281	ENSG00000240764	MAPPIT_testing_y2h_v1	MI:0231	PMID:32296183	RRS_pair_explicitly_negative_in_MAPPIT_pairwise_test
6	Luck2020-ST6-line:2312	7623	72003	ENSG00000117281	ENSG00000240764	MAPPIT_testing_y2h_v2	MI:0231	PMID:32296183	RRS_pair_explicitly_negative_in_MAPPIT_pairwise_test
6	Luck2020-ST6-line:2313	7644	12086	ENSG00000166140	ENSG00000178096	MAPPIT_testing_y2h_v3	MI:0231	PMID:32296183	RRS_pair_explicitly_negative_in_MAPPIT_pairwise_test
6	Luck2020-ST6-line:2314	7644	12086	ENSG00000166140	ENSG00000178096	MAPPIT_testing_y2h_v1	MI:0231	PMID:32296183	RRS_pair_explicitly_negative_in_MAPPIT_pairwise_test
6	Luck2020-ST6-line:2315	7647	53447	ENSG00000095261	ENSG00000004846	MAPPIT_testing_y2h_v3	MI:0231	PMID:32296183	RRS_pair_explicitly_negative_in_MAPPIT_pairwise_test
6	Luck2020-ST6-line:2316	7647	53447	ENSG00000095261	ENSG00000004846	MAPPIT_testing_y2h_v1	MI:0231	PMID:32296183	RRS_pair_explicitly_negative_in_MAPPIT_pairwise_test
6	Luck2020-ST6-line:2326	7714	10140	ENSG00000213865	ENSG00000138386	MAPPIT_testing_y2h_v3	MI:0231	PMID:32296183	RRS_pair_explicitly_negative_in_MAPPIT_pairwise_test
6	Luck2020-ST6-line:2327	7714	10140	ENSG00000213865	ENSG00000138386	MAPPIT_testing_y2h_v1	MI:0231	PMID:32296183	RRS_pair_explicitly_negative_in_MAPPIT_pairwise_test
6	Luck2020-ST6-line:2328	7714	10140	ENSG00000213865	ENSG00000138386	MAPPIT_testing_y2h_v2	MI:0231	PMID:32296183	RRS_pair_explicitly_negative_in_MAPPIT_pairwise_test
6	Luck2020-ST6-line:2329	7750	11661	ENSG00000019169	ENSG00000168067	MAPPIT_testing_y2h_v3	MI:0231	PMID:32296183	RRS_pair_explicitly_negative_in_MAPPIT_pairwise_test
6	Luck2020-ST6-line:2330	7750	11661	ENSG00000019169	ENSG00000168067	MAPPIT_testing_y2h_v1	MI:0231	PMID:32296183	RRS_pair_explicitly_negative_in_MAPPIT_pairwise_test
6	Luck2020-ST6-line:2331	7750	11661	ENSG00000019169	ENSG00000168067	MAPPIT_testing_y2h_v2	MI:0231	PMID:32296183	RRS_pair_explicitly_negative_in_MAPPIT_pairwise_test
6	Luck2020-ST6-line:2332	7750	71367	ENSG00000019169	ENSG00000147724	MAPPIT_testing_y2h_v3	MI:0231	PMID:32296183	RRS_pair_explicitly_negative_in_MAPPIT_pairwise_test
6	Luck2020-ST6-line:2333	7750	71367	ENSG00000019169	ENSG00000147724	MAPPIT_testing_y2h_v1	MI:0231	PMID:32296183	RRS_pair_explicitly_negative_in_MAPPIT_pairwise_test
6	Luck2020-ST6-line:2334	7750	71367	ENSG00000019169	ENSG00000147724	MAPPIT_testing_y2h_v2	MI:0231	PMID:32296183	RRS_pair_explicitly_negative_in_MAPPIT_pairwise_test
6	Luck2020-ST6-line:2335	7804	10279	ENSG00000058404	ENSG00000138641	MAPPIT_testing_y2h_v3	MI:0231	PMID:32296183	RRS_pair_explicitly_negative_in_MAPPIT_pairwise_test
6	Luck2020-ST6-line:2336	7804	10279	ENSG00000058404	ENSG00000138641	MAPPIT_testing_y2h_v1	MI:0231	PMID:32296183	RRS_pair_explicitly_negative_in_MAPPIT_pairwise_test
6	Luck2020-ST6-line:2337	7878	53011	ENSG00000239282	ENSG00000174125	MAPPIT_testing_y2h_v3	MI:0231	PMID:32296183	RRS_pair_explicitly_negative_in_MAPPIT_pairwise_test
6	Luck2020-ST6-line:2338	7878	53011	ENSG00000239282	ENSG00000174125	MAPPIT_testing_y2h_v1	MI:0231	PMID:32296183	RRS_pair_explicitly_negative_in_MAPPIT_pairwise_test
6	Luck2020-ST6-line:2339	7878	53011	ENSG00000239282	ENSG00000174125	MAPPIT_testing_y2h_v2	MI:0231	PMID:32296183	RRS_pair_explicitly_negative_in_MAPPIT_pairwise_test
6	Luck2020-ST6-line:2352	7972	54855	ENSG00000100360	ENSG00000187223	MAPPIT_testing_y2h_v3	MI:0231	PMID:32296183	RRS_pair_explicitly_negative_in_MAPPIT_pairwise_test
6	Luck2020-ST6-line:2353	7972	54855	ENSG00000100360	ENSG00000187223	MAPPIT_testing_y2h_v1	MI:0231	PMID:32296183	RRS_pair_explicitly_negative_in_MAPPIT_pairwise_test
6	Luck2020-ST6-line:2354	7972	71914	ENSG00000100360	ENSG00000067177	MAPPIT_testing_y2h_v3	MI:0231	PMID:32296183	RRS_pair_explicitly_negative_in_MAPPIT_pairwise_test
6	Luck2020-ST6-line:2355	7972	71914	ENSG00000100360	ENSG00000067177	MAPPIT_testing_y2h_v1	MI:0231	PMID:32296183	RRS_pair_explicitly_negative_in_MAPPIT_pairwise_test
6	Luck2020-ST6-line:2356	7972	71914	ENSG00000100360	ENSG00000067177	MAPPIT_testing_y2h_v2	MI:0231	PMID:32296183	RRS_pair_explicitly_negative_in_MAPPIT_pairwise_test
6	Luck2020-ST6-line:2357	7982	72182	ENSG00000165704	ENSG00000282034	MAPPIT_testing_y2h_v3	MI:0231	PMID:32296183	RRS_pair_explicitly_negative_in_MAPPIT_pairwise_test
6	Luck2020-ST6-line:2358	7982	72182	ENSG00000165704	ENSG00000282034	MAPPIT_testing_y2h_v1	MI:0231	PMID:32296183	RRS_pair_explicitly_negative_in_MAPPIT_pairwise_test
6	Luck2020-ST6-line:2395	8020	70298	ENSG00000133789	ENSG00000096696	MAPPIT_testing_y2h_v3	MI:0231	PMID:32296183	RRS_pair_explicitly_negative_in_MAPPIT_pairwise_test
6	Luck2020-ST6-line:2396	8020	70298	ENSG00000133789	ENSG00000096696	MAPPIT_testing_y2h_v1	MI:0231	PMID:32296183	RRS_pair_explicitly_negative_in_MAPPIT_pairwise_test
6	Luck2020-ST6-line:2399	8219	10085	ENSG00000119574	ENSG00000132274	MAPPIT_testing_y2h_v3	MI:0231	PMID:32296183	RRS_pair_explicitly_negative_in_MAPPIT_pairwise_test
6	Luck2020-ST6-line:2400	8219	10085	ENSG00000119574	ENSG00000132274	MAPPIT_testing_y2h_v1	MI:0231	PMID:32296183	RRS_pair_explicitly_negative_in_MAPPIT_pairwise_test
6	Luck2020-ST6-line:2401	8245	56827	ENSG00000139988	ENSG00000171360	MAPPIT_testing_y2h_v3	MI:0231	PMID:32296183	RRS_pair_explicitly_negative_in_MAPPIT_pairwise_test
6	Luck2020-ST6-line:2402	8245	56827	ENSG00000139988	ENSG00000171360	MAPPIT_testing_y2h_v1	MI:0231	PMID:32296183	RRS_pair_explicitly_negative_in_MAPPIT_pairwise_test
6	Luck2020-ST6-line:2407	8494	11421	ENSG00000157335	ENSG00000066855	MAPPIT_testing_y2h_v3	MI:0231	PMID:32296183	RRS_pair_explicitly_negative_in_MAPPIT_pairwise_test
6	Luck2020-ST6-line:2408	8494	11421	ENSG00000157335	ENSG00000066855	MAPPIT_testing_y2h_v1	MI:0231	PMID:32296183	RRS_pair_explicitly_negative_in_MAPPIT_pairwise_test
6	Luck2020-ST6-line:2409	8494	11421	ENSG00000157335	ENSG00000066855	MAPPIT_testing_y2h_v2	MI:0231	PMID:32296183	RRS_pair_explicitly_negative_in_MAPPIT_pairwise_test
6	Luck2020-ST6-line:2410	8527	100015559	ENSG00000127129	ENSG00000221818	MAPPIT_testing_y2h_v3	MI:0231	PMID:32296183	RRS_pair_explicitly_negative_in_MAPPIT_pairwise_test
6	Luck2020-ST6-line:2411	8527	100015559	ENSG00000127129	ENSG00000221818	MAPPIT_testing_y2h_v1	MI:0231	PMID:32296183	RRS_pair_explicitly_negative_in_MAPPIT_pairwise_test
6	Luck2020-ST6-line:2414	8637	55073	ENSG00000163596	ENSG00000183077	MAPPIT_testing_y2h_v1	MI:0231	PMID:32296183	RRS_pair_explicitly_negative_in_MAPPIT_pairwise_test
6	Luck2020-ST6-line:2415	8773	11100	ENSG00000113532	ENSG00000196470	MAPPIT_testing_y2h_v3	MI:0231	PMID:32296183	RRS_pair_explicitly_negative_in_MAPPIT_pairwise_test
6	Luck2020-ST6-line:2416	8773	11100	ENSG00000113532	ENSG00000196470	MAPPIT_testing_y2h_v1	MI:0231	PMID:32296183	RRS_pair_explicitly_negative_in_MAPPIT_pairwise_test
6	Luck2020-ST6-line:2417	8773	11100	ENSG00000113532	ENSG00000196470	MAPPIT_testing_y2h_v2	MI:0231	PMID:32296183	RRS_pair_explicitly_negative_in_MAPPIT_pairwise_test
6	Luck2020-ST6-line:2418	8773	100016103	ENSG00000113532	ENSG00000180354	MAPPIT_testing_y2h_v3	MI:0231	PMID:32296183	RRS_pair_explicitly_negative_in_MAPPIT_pairwise_test
6	Luck2020-ST6-line:2419	8773	100016103	ENSG00000113532	ENSG00000180354	MAPPIT_testing_y2h_v1	MI:0231	PMID:32296183	RRS_pair_explicitly_negative_in_MAPPIT_pairwise_test
6	Luck2020-ST6-line:2423	8808	71469	ENSG00000106077	ENSG00000103653	MAPPIT_testing_y2h_v3	MI:0231	PMID:32296183	RRS_pair_explicitly_negative_in_MAPPIT_pairwise_test
6	Luck2020-ST6-line:2424	8808	71469	ENSG00000106077	ENSG00000103653	MAPPIT_testing_y2h_v1	MI:0231	PMID:32296183	RRS_pair_explicitly_negative_in_MAPPIT_pairwise_test
6	Luck2020-ST6-line:2425	8808	71469	ENSG00000106077	ENSG00000103653	MAPPIT_testing_y2h_v2	MI:0231	PMID:32296183	RRS_pair_explicitly_negative_in_MAPPIT_pairwise_test
6	Luck2020-ST6-line:2435	9063	53584	ENSG00000168216	ENSG00000183032	MAPPIT_testing_y2h_v1	MI:0231	PMID:32296183	RRS_pair_explicitly_negative_in_MAPPIT_pairwise_test
6	Luck2020-ST6-line:2436	9063	53584	ENSG00000168216	ENSG00000183032	MAPPIT_testing_y2h_v2	MI:0231	PMID:32296183	RRS_pair_explicitly_negative_in_MAPPIT_pairwise_test
6	Luck2020-ST6-line:2440	9154	12976	ENSG00000184108	ENSG00000109205	MAPPIT_testing_y2h_v3	MI:0231	PMID:32296183	RRS_pair_explicitly_negative_in_MAPPIT_pairwise_test
6	Luck2020-ST6-line:2441	9154	12976	ENSG00000184108	ENSG00000109205	MAPPIT_testing_y2h_v1	MI:0231	PMID:32296183	RRS_pair_explicitly_negative_in_MAPPIT_pairwise_test
6	Luck2020-ST6-line:2447	9296	11439	ENSG00000118298	ENSG00000186998	MAPPIT_testing_y2h_v3	MI:0231	PMID:32296183	RRS_pair_explicitly_negative_in_MAPPIT_pairwise_test
6	Luck2020-ST6-line:2448	9296	11439	ENSG00000118298	ENSG00000186998	MAPPIT_testing_y2h_v1	MI:0231	PMID:32296183	RRS_pair_explicitly_negative_in_MAPPIT_pairwise_test
6	Luck2020-ST6-line:2449	9298	10961	ENSG00000004660	ENSG00000100804	MAPPIT_testing_y2h_v3	MI:0231	PMID:32296183	RRS_pair_explicitly_negative_in_MAPPIT_pairwise_test
6	Luck2020-ST6-line:2450	9298	10961	ENSG00000004660	ENSG00000100804	MAPPIT_testing_y2h_v1	MI:0231	PMID:32296183	RRS_pair_explicitly_negative_in_MAPPIT_pairwise_test
6	Luck2020-ST6-line:2451	9298	10961	ENSG00000004660	ENSG00000100804	MAPPIT_testing_y2h_v2	MI:0231	PMID:32296183	RRS_pair_explicitly_negative_in_MAPPIT_pairwise_test
6	Luck2020-ST6-line:2457	9462	70488	ENSG00000157017	ENSG00000106692	MAPPIT_testing_y2h_v3	MI:0231	PMID:32296183	RRS_pair_explicitly_negative_in_MAPPIT_pairwise_test
6	Luck2020-ST6-line:2458	9462	70488	ENSG00000157017	ENSG00000106692	MAPPIT_testing_y2h_v1	MI:0231	PMID:32296183	RRS_pair_explicitly_negative_in_MAPPIT_pairwise_test
6	Luck2020-ST6-line:2459	9462	70488	ENSG00000157017	ENSG00000106692	MAPPIT_testing_y2h_v2	MI:0231	PMID:32296183	RRS_pair_explicitly_negative_in_MAPPIT_pairwise_test
6	Luck2020-ST6-line:2460	9464	10891	ENSG00000163600	ENSG00000160271	MAPPIT_testing_y2h_v3	MI:0231	PMID:32296183	RRS_pair_explicitly_negative_in_MAPPIT_pairwise_test
6	Luck2020-ST6-line:2461	9464	10891	ENSG00000163600	ENSG00000160271	MAPPIT_testing_y2h_v1	MI:0231	PMID:32296183	RRS_pair_explicitly_negative_in_MAPPIT_pairwise_test
6	Luck2020-ST6-line:2505	9650	11007	ENSG00000092094	ENSG00000162755	MAPPIT_testing_y2h_v3	MI:0231	PMID:32296183	RRS_pair_explicitly_negative_in_MAPPIT_pairwise_test
6	Luck2020-ST6-line:2507	9806	55378	ENSG00000106258	ENSG00000119636	MAPPIT_testing_y2h_v3	MI:0231	PMID:32296183	RRS_pair_explicitly_negative_in_MAPPIT_pairwise_test
6	Luck2020-ST6-line:2508	9806	55378	ENSG00000106258	ENSG00000119636	MAPPIT_testing_y2h_v1	MI:0231	PMID:32296183	RRS_pair_explicitly_negative_in_MAPPIT_pairwise_test
6	Luck2020-ST6-line:2509	9806	55378	ENSG00000106258	ENSG00000119636	MAPPIT_testing_y2h_v2	MI:0231	PMID:32296183	RRS_pair_explicitly_negative_in_MAPPIT_pairwise_test
6	Luck2020-ST6-line:2510	9837	70216	ENSG00000171204	ENSG00000197616	MAPPIT_testing_y2h_v3	MI:0231	PMID:32296183	RRS_pair_explicitly_negative_in_MAPPIT_pairwise_test
6	Luck2020-ST6-line:2511	9837	70216	ENSG00000171204	ENSG00000197616	MAPPIT_testing_y2h_v1	MI:0231	PMID:32296183	RRS_pair_explicitly_negative_in_MAPPIT_pairwise_test
6	Luck2020-ST6-line:2512	9837	70216	ENSG00000171204	ENSG00000197616	MAPPIT_testing_y2h_v2	MI:0231	PMID:32296183	RRS_pair_explicitly_negative_in_MAPPIT_pairwise_test
6	Luck2020-ST6-line:2521	9922	12744	ENSG00000116005	ENSG00000087263	MAPPIT_testing_y2h_v1	MI:0231	PMID:32296183	RRS_pair_explicitly_negative_in_MAPPIT_pairwise_test
6	Luck2020-ST6-line:2522	9922	12744	ENSG00000116005	ENSG00000087263	MAPPIT_testing_y2h_v2	MI:0231	PMID:32296183	RRS_pair_explicitly_negative_in_MAPPIT_pairwise_test
6	Luck2020-ST6-line:2523	9928	11743	ENSG00000181773	ENSG00000115392	MAPPIT_testing_y2h_v3	MI:0231	PMID:32296183	RRS_pair_explicitly_negative_in_MAPPIT_pairwise_test
6	Luck2020-ST6-line:2524	9928	11743	ENSG00000181773	ENSG00000115392	MAPPIT_testing_y2h_v1	MI:0231	PMID:32296183	RRS_pair_explicitly_negative_in_MAPPIT_pairwise_test
6	Luck2020-ST6-line:2534	10016	11526	ENSG00000161405	ENSG00000164124	MAPPIT_testing_y2h_v3	MI:0231	PMID:32296183	RRS_pair_explicitly_negative_in_MAPPIT_pairwise_test
6	Luck2020-ST6-line:2543	10023	13160	ENSG00000115226	ENSG00000173163	MAPPIT_testing_y2h_v3	MI:0231	PMID:32296183	RRS_pair_explicitly_negative_in_MAPPIT_pairwise_test
6	Luck2020-ST6-line:2544	10023	13160	ENSG00000115226	ENSG00000173163	MAPPIT_testing_y2h_v1	MI:0231	PMID:32296183	RRS_pair_explicitly_negative_in_MAPPIT_pairwise_test
6	Luck2020-ST6-line:2545	10023	13160	ENSG00000115226	ENSG00000173163	MAPPIT_testing_y2h_v2	MI:0231	PMID:32296183	RRS_pair_explicitly_negative_in_MAPPIT_pairwise_test
6	Luck2020-ST6-line:2548	10225	70566	ENSG00000102100	ENSG00000153902	MAPPIT_testing_y2h_v3	MI:0231	PMID:32296183	RRS_pair_explicitly_negative_in_MAPPIT_pairwise_test
6	Luck2020-ST6-line:2549	10225	70566	ENSG00000102100	ENSG00000153902	MAPPIT_testing_y2h_v1	MI:0231	PMID:32296183	RRS_pair_explicitly_negative_in_MAPPIT_pairwise_test
6	Luck2020-ST6-line:2550	10715	71470	ENSG00000127252	ENSG00000204991	MAPPIT_testing_y2h_v3	MI:0231	PMID:32296183	RRS_pair_explicitly_negative_in_MAPPIT_pairwise_test
6	Luck2020-ST6-line:2551	10715	71470	ENSG00000127252	ENSG00000204991	MAPPIT_testing_y2h_v1	MI:0231	PMID:32296183	RRS_pair_explicitly_negative_in_MAPPIT_pairwise_test
6	Luck2020-ST6-line:2552	10715	71470	ENSG00000127252	ENSG00000204991	MAPPIT_testing_y2h_v2	MI:0231	PMID:32296183	RRS_pair_explicitly_negative_in_MAPPIT_pairwise_test
6	Luck2020-ST6-line:2555	10920	11577	ENSG00000263465	ENSG00000144837	MAPPIT_testing_y2h_v3	MI:0231	PMID:32296183	RRS_pair_explicitly_negative_in_MAPPIT_pairwise_test
6	Luck2020-ST6-line:2556	10920	11577	ENSG00000263465	ENSG00000144837	MAPPIT_testing_y2h_v1	MI:0231	PMID:32296183	RRS_pair_explicitly_negative_in_MAPPIT_pairwise_test
6	Luck2020-ST6-line:2557	10920	11577	ENSG00000263465	ENSG00000144837	MAPPIT_testing_y2h_v2	MI:0231	PMID:32296183	RRS_pair_explicitly_negative_in_MAPPIT_pairwise_test
6	Luck2020-ST6-line:2561	11235	12916	ENSG00000117586	ENSG00000085514	MAPPIT_testing_y2h_v3	MI:0231	PMID:32296183	RRS_pair_explicitly_negative_in_MAPPIT_pairwise_test
6	Luck2020-ST6-line:2562	11235	12916	ENSG00000117586	ENSG00000085514	MAPPIT_testing_y2h_v1	MI:0231	PMID:32296183	RRS_pair_explicitly_negative_in_MAPPIT_pairwise_test
6	Luck2020-ST6-line:2574	11544	53475	ENSG00000178149	ENSG00000184350	MAPPIT_testing_y2h_v1	MI:0231	PMID:32296183	RRS_pair_explicitly_negative_in_MAPPIT_pairwise_test
6	Luck2020-ST6-line:2575	11544	53475	ENSG00000178149	ENSG00000184350	MAPPIT_testing_y2h_v2	MI:0231	PMID:32296183	RRS_pair_explicitly_negative_in_MAPPIT_pairwise_test
6	Luck2020-ST6-line:2577	11582	70636	ENSG00000124214	ENSG00000181544	MAPPIT_testing_y2h_v1	MI:0231	PMID:32296183	RRS_pair_explicitly_negative_in_MAPPIT_pairwise_test
6	Luck2020-ST6-line:2578	11582	70636	ENSG00000124214	ENSG00000181544	MAPPIT_testing_y2h_v2	MI:0231	PMID:32296183	RRS_pair_explicitly_negative_in_MAPPIT_pairwise_test
6	Luck2020-ST6-line:2615	12771	70192	ENSG00000188060	ENSG00000109771	MAPPIT_testing_y2h_v1	MI:0231	PMID:32296183	RRS_pair_explicitly_negative_in_MAPPIT_pairwise_test
6	Luck2020-ST6-line:2616	12771	70192	ENSG00000188060	ENSG00000109771	MAPPIT_testing_y2h_v2	MI:0231	PMID:32296183	RRS_pair_explicitly_negative_in_MAPPIT_pairwise_test
6	Luck2020-ST6-line:2621	12934	100015600	ENSG00000010379	ENSG00000136040	MAPPIT_testing_y2h_v3	MI:0231	PMID:32296183	RRS_pair_explicitly_negative_in_MAPPIT_pairwise_test
6	Luck2020-ST6-line:2622	12934	100015600	ENSG00000010379	ENSG00000136040	MAPPIT_testing_y2h_v1	MI:0231	PMID:32296183	RRS_pair_explicitly_negative_in_MAPPIT_pairwise_test
6	Luck2020-ST6-line:2623	12943	71301	ENSG00000153283	ENSG00000090989	MAPPIT_testing_y2h_v3	MI:0231	PMID:32296183	RRS_pair_explicitly_negative_in_MAPPIT_pairwise_test
6	Luck2020-ST6-line:2624	12943	71301	ENSG00000153283	ENSG00000090989	MAPPIT_testing_y2h_v1	MI:0231	PMID:32296183	RRS_pair_explicitly_negative_in_MAPPIT_pairwise_test
6	Luck2020-ST6-line:2626	12958	72131	ENSG00000124564	ENSG00000130158	MAPPIT_testing_y2h_v3	MI:0231	PMID:32296183	RRS_pair_explicitly_negative_in_MAPPIT_pairwise_test
6	Luck2020-ST6-line:2627	12958	72131	ENSG00000124564	ENSG00000130158	MAPPIT_testing_y2h_v1	MI:0231	PMID:32296183	RRS_pair_explicitly_negative_in_MAPPIT_pairwise_test
6	Luck2020-ST6-line:2628	12958	72131	ENSG00000124564	ENSG00000130158	MAPPIT_testing_y2h_v2	MI:0231	PMID:32296183	RRS_pair_explicitly_negative_in_MAPPIT_pairwise_test
6	Luck2020-ST6-line:2631	13056	54207	ENSG00000064763	ENSG00000156395	MAPPIT_testing_y2h_v3	MI:0231	PMID:32296183	RRS_pair_explicitly_negative_in_MAPPIT_pairwise_test
6	Luck2020-ST6-line:2632	13056	54207	ENSG00000064763	ENSG00000156395	MAPPIT_testing_y2h_v1	MI:0231	PMID:32296183	RRS_pair_explicitly_negative_in_MAPPIT_pairwise_test
6	Luck2020-ST6-line:2633	13056	54207	ENSG00000064763	ENSG00000156395	MAPPIT_testing_y2h_v2	MI:0231	PMID:32296183	RRS_pair_explicitly_negative_in_MAPPIT_pairwise_test
6	Luck2020-ST6-line:2638	13085	52941	ENSG00000101955	ENSG00000188611	MAPPIT_testing_y2h_v3	MI:0231	PMID:32296183	RRS_pair_explicitly_negative_in_MAPPIT_pairwise_test
6	Luck2020-ST6-line:2639	13085	52941	ENSG00000101955	ENSG00000188611	MAPPIT_testing_y2h_v1	MI:0231	PMID:32296183	RRS_pair_explicitly_negative_in_MAPPIT_pairwise_test
6	Luck2020-ST6-line:2640	13085	52941	ENSG00000101955	ENSG00000188611	MAPPIT_testing_y2h_v2	MI:0231	PMID:32296183	RRS_pair_explicitly_negative_in_MAPPIT_pairwise_test
6	Luck2020-ST6-line:2641	13139	13680	ENSG00000170848	ENSG00000107165	MAPPIT_testing_y2h_v3	MI:0231	PMID:32296183	RRS_pair_explicitly_negative_in_MAPPIT_pairwise_test
6	Luck2020-ST6-line:2642	13139	13680	ENSG00000170848	ENSG00000107165	MAPPIT_testing_y2h_v1	MI:0231	PMID:32296183	RRS_pair_explicitly_negative_in_MAPPIT_pairwise_test
6	Luck2020-ST6-line:2655	13267	100015559	ENSG00000137869	ENSG00000221818	MAPPIT_testing_y2h_v3	MI:0231	PMID:32296183	RRS_pair_explicitly_negative_in_MAPPIT_pairwise_test
6	Luck2020-ST6-line:2656	13267	100015559	ENSG00000137869	ENSG00000221818	MAPPIT_testing_y2h_v1	MI:0231	PMID:32296183	RRS_pair_explicitly_negative_in_MAPPIT_pairwise_test
6	Luck2020-ST6-line:2661	13641	72189	ENSG00000185475	ENSG00000108604	MAPPIT_testing_y2h_v3	MI:0231	PMID:32296183	RRS_pair_explicitly_negative_in_MAPPIT_pairwise_test
6	Luck2020-ST6-line:2662	13641	72189	ENSG00000185475	ENSG00000108604	MAPPIT_testing_y2h_v1	MI:0231	PMID:32296183	RRS_pair_explicitly_negative_in_MAPPIT_pairwise_test
6	Luck2020-ST6-line:2663	13641	72189	ENSG00000185475	ENSG00000108604	MAPPIT_testing_y2h_v2	MI:0231	PMID:32296183	RRS_pair_explicitly_negative_in_MAPPIT_pairwise_test
6	Luck2020-ST6-line:2670	14268	70748	ENSG00000204301	ENSG00000242950	MAPPIT_testing_y2h_v3	MI:0231	PMID:32296183	RRS_pair_explicitly_negative_in_MAPPIT_pairwise_test
6	Luck2020-ST6-line:2671	14268	70748	ENSG00000204301	ENSG00000242950	MAPPIT_testing_y2h_v1	MI:0231	PMID:32296183	RRS_pair_explicitly_negative_in_MAPPIT_pairwise_test
6	Luck2020-ST6-line:2674	14366	54296	ENSG00000185640	ENSG00000171401	MAPPIT_testing_y2h_v3	MI:0231	PMID:32296183	RRS_pair_explicitly_negative_in_MAPPIT_pairwise_test
6	Luck2020-ST6-line:2675	14366	54296	ENSG00000185640	ENSG00000171401	MAPPIT_testing_y2h_v1	MI:0231	PMID:32296183	RRS_pair_explicitly_negative_in_MAPPIT_pairwise_test
6	Luck2020-ST6-line:2676	14366	54296	ENSG00000185640	ENSG00000171401	MAPPIT_testing_y2h_v2	MI:0231	PMID:32296183	RRS_pair_explicitly_negative_in_MAPPIT_pairwise_test
6	Luck2020-ST6-line:2678	14495	55547	ENSG00000155313	ENSG00000144152	MAPPIT_testing_y2h_v3	MI:0231	PMID:32296183	RRS_pair_explicitly_negative_in_MAPPIT_pairwise_test
6	Luck2020-ST6-line:2679	14495	55547	ENSG00000155313	ENSG00000144152	MAPPIT_testing_y2h_v1	MI:0231	PMID:32296183	RRS_pair_explicitly_negative_in_MAPPIT_pairwise_test
6	Luck2020-ST6-line:2680	14495	55547	ENSG00000155313	ENSG00000144152	MAPPIT_testing_y2h_v2	MI:0231	PMID:32296183	RRS_pair_explicitly_negative_in_MAPPIT_pairwise_test
6	Luck2020-ST6-line:2683	14524	71300	ENSG00000072041	ENSG00000050344	MAPPIT_testing_y2h_v3	MI:0231	PMID:32296183	RRS_pair_explicitly_negative_in_MAPPIT_pairwise_test
6	Luck2020-ST6-line:2684	14524	71300	ENSG00000072041	ENSG00000050344	MAPPIT_testing_y2h_v1	MI:0231	PMID:32296183	RRS_pair_explicitly_negative_in_MAPPIT_pairwise_test
6	Luck2020-ST6-line:2685	14524	71300	ENSG00000072041	ENSG00000050344	MAPPIT_testing_y2h_v2	MI:0231	PMID:32296183	RRS_pair_explicitly_negative_in_MAPPIT_pairwise_test
6	Luck2020-ST6-line:2690	14534	55891	ENSG00000147894	ENSG00000110881	MAPPIT_testing_y2h_v3	MI:0231	PMID:32296183	RRS_pair_explicitly_negative_in_MAPPIT_pairwise_test
6	Luck2020-ST6-line:2691	14534	55891	ENSG00000147894	ENSG00000110881	MAPPIT_testing_y2h_v1	MI:0231	PMID:32296183	RRS_pair_explicitly_negative_in_MAPPIT_pairwise_test
6	Luck2020-ST6-line:2692	14538	54038	ENSG00000145626	ENSG00000158764	MAPPIT_testing_y2h_v3	MI:0231	PMID:32296183	RRS_pair_explicitly_negative_in_MAPPIT_pairwise_test
6	Luck2020-ST6-line:2693	14538	54038	ENSG00000145626	ENSG00000158764	MAPPIT_testing_y2h_v1	MI:0231	PMID:32296183	RRS_pair_explicitly_negative_in_MAPPIT_pairwise_test
6	Luck2020-ST6-line:2694	14538	54038	ENSG00000145626	ENSG00000158764	MAPPIT_testing_y2h_v2	MI:0231	PMID:32296183	RRS_pair_explicitly_negative_in_MAPPIT_pairwise_test
6	Luck2020-ST6-line:2695	14590	71173	ENSG00000119737	ENSG00000149480	MAPPIT_testing_y2h_v3	MI:0231	PMID:32296183	RRS_pair_explicitly_negative_in_MAPPIT_pairwise_test
6	Luck2020-ST6-line:2696	14590	71173	ENSG00000119737	ENSG00000149480	MAPPIT_testing_y2h_v1	MI:0231	PMID:32296183	RRS_pair_explicitly_negative_in_MAPPIT_pairwise_test
6	Luck2020-ST6-line:2697	14590	71173	ENSG00000119737	ENSG00000149480	MAPPIT_testing_y2h_v2	MI:0231	PMID:32296183	RRS_pair_explicitly_negative_in_MAPPIT_pairwise_test
6	Luck2020-ST6-line:2699	14596	71823	ENSG00000156097	ENSG00000162927	MAPPIT_testing_y2h_v3	MI:0231	PMID:32296183	RRS_pair_explicitly_negative_in_MAPPIT_pairwise_test
6	Luck2020-ST6-line:2700	14596	71823	ENSG00000156097	ENSG00000162927	MAPPIT_testing_y2h_v1	MI:0231	PMID:32296183	RRS_pair_explicitly_negative_in_MAPPIT_pairwise_test
6	Luck2020-ST6-line:2701	14596	71823	ENSG00000156097	ENSG00000162927	MAPPIT_testing_y2h_v2	MI:0231	PMID:32296183	RRS_pair_explicitly_negative_in_MAPPIT_pairwise_test
6	Luck2020-ST6-line:2704	14654	70737	ENSG00000163431	ENSG00000121075	MAPPIT_testing_y2h_v3	MI:0231	PMID:32296183	RRS_pair_explicitly_negative_in_MAPPIT_pairwise_test
6	Luck2020-ST6-line:2705	14654	70737	ENSG00000163431	ENSG00000121075	MAPPIT_testing_y2h_v1	MI:0231	PMID:32296183	RRS_pair_explicitly_negative_in_MAPPIT_pairwise_test
6	Luck2020-ST6-line:2706	14682	71995	ENSG00000111012	ENSG00000187545	MAPPIT_testing_y2h_v3	MI:0231	PMID:32296183	RRS_pair_explicitly_negative_in_MAPPIT_pairwise_test
6	Luck2020-ST6-line:2707	14682	71995	ENSG00000111012	ENSG00000187545	MAPPIT_testing_y2h_v1	MI:0231	PMID:32296183	RRS_pair_explicitly_negative_in_MAPPIT_pairwise_test
6	Luck2020-ST6-line:2708	14682	71995	ENSG00000111012	ENSG00000187545	MAPPIT_testing_y2h_v2	MI:0231	PMID:32296183	RRS_pair_explicitly_negative_in_MAPPIT_pairwise_test
6	Luck2020-ST6-line:2709	14804	71416	ENSG00000156304	ENSG00000133067	MAPPIT_testing_y2h_v3	MI:0231	PMID:32296183	RRS_pair_explicitly_negative_in_MAPPIT_pairwise_test
6	Luck2020-ST6-line:2710	14804	71416	ENSG00000156304	ENSG00000133067	MAPPIT_testing_y2h_v1	MI:0231	PMID:32296183	RRS_pair_explicitly_negative_in_MAPPIT_pairwise_test
6	Luck2020-ST6-line:2711	14804	71416	ENSG00000156304	ENSG00000133067	MAPPIT_testing_y2h_v2	MI:0231	PMID:32296183	RRS_pair_explicitly_negative_in_MAPPIT_pairwise_test
6	Luck2020-ST6-line:2713	14808	71994	ENSG00000129493	ENSG00000159197	MAPPIT_testing_y2h_v1	MI:0231	PMID:32296183	RRS_pair_explicitly_negative_in_MAPPIT_pairwise_test
6	Luck2020-ST6-line:2714	14808	71994	ENSG00000129493	ENSG00000159197	MAPPIT_testing_y2h_v2	MI:0231	PMID:32296183	RRS_pair_explicitly_negative_in_MAPPIT_pairwise_test
6	Luck2020-ST6-line:2732	14993	53866	ENSG00000144488	ENSG00000110987	MAPPIT_testing_y2h_v3	MI:0231	PMID:32296183	RRS_pair_explicitly_negative_in_MAPPIT_pairwise_test
6	Luck2020-ST6-line:2733	14993	53866	ENSG00000144488	ENSG00000110987	MAPPIT_testing_y2h_v1	MI:0231	PMID:32296183	RRS_pair_explicitly_negative_in_MAPPIT_pairwise_test
6	Luck2020-ST6-line:2734	14993	53866	ENSG00000144488	ENSG00000110987	MAPPIT_testing_y2h_v2	MI:0231	PMID:32296183	RRS_pair_explicitly_negative_in_MAPPIT_pairwise_test
6	Luck2020-ST6-line:2744	52752	100016209	ENSG00000255837	ENSG00000185962	MAPPIT_testing_y2h_v3	MI:0231	PMID:32296183	RRS_pair_explicitly_negative_in_MAPPIT_pairwise_test
6	Luck2020-ST6-line:2745	52752	100016209	ENSG00000255837	ENSG00000185962	MAPPIT_testing_y2h_v1	MI:0231	PMID:32296183	RRS_pair_explicitly_negative_in_MAPPIT_pairwise_test
6	Luck2020-ST6-line:2746	52752	100016209	ENSG00000255837	ENSG00000185962	MAPPIT_testing_y2h_v2	MI:0231	PMID:32296183	RRS_pair_explicitly_negative_in_MAPPIT_pairwise_test
6	Luck2020-ST6-line:2748	52808	71334	ENSG00000176020	ENSG00000151923	MAPPIT_testing_y2h_v3	MI:0231	PMID:32296183	RRS_pair_explicitly_negative_in_MAPPIT_pairwise_test
6	Luck2020-ST6-line:2749	52808	71334	ENSG00000176020	ENSG00000151923	MAPPIT_testing_y2h_v1	MI:0231	PMID:32296183	RRS_pair_explicitly_negative_in_MAPPIT_pairwise_test
6	Luck2020-ST6-line:2754	52853	71924	ENSG00000151650	ENSG00000186970	MAPPIT_testing_y2h_v3	MI:0231	PMID:32296183	RRS_pair_explicitly_negative_in_MAPPIT_pairwise_test
6	Luck2020-ST6-line:2755	52853	71924	ENSG00000151650	ENSG00000186970	MAPPIT_testing_y2h_v1	MI:0231	PMID:32296183	RRS_pair_explicitly_negative_in_MAPPIT_pairwise_test
6	Luck2020-ST6-line:2756	52900	52950	ENSG00000248905	ENSG00000115808	MAPPIT_testing_y2h_v3	MI:0231	PMID:32296183	RRS_pair_explicitly_negative_in_MAPPIT_pairwise_test
6	Luck2020-ST6-line:2757	52900	52950	ENSG00000248905	ENSG00000115808	MAPPIT_testing_y2h_v1	MI:0231	PMID:32296183	RRS_pair_explicitly_negative_in_MAPPIT_pairwise_test
6	Luck2020-ST6-line:2758	53008	70121	ENSG00000146731	ENSG00000133026	MAPPIT_testing_y2h_v3	MI:0231	PMID:32296183	RRS_pair_explicitly_negative_in_MAPPIT_pairwise_test
6	Luck2020-ST6-line:2759	53008	70121	ENSG00000146731	ENSG00000133026	MAPPIT_testing_y2h_v1	MI:0231	PMID:32296183	RRS_pair_explicitly_negative_in_MAPPIT_pairwise_test
6	Luck2020-ST6-line:2760	53008	70121	ENSG00000146731	ENSG00000133026	MAPPIT_testing_y2h_v2	MI:0231	PMID:32296183	RRS_pair_explicitly_negative_in_MAPPIT_pairwise_test
6	Luck2020-ST6-line:2762	53152	100069237	ENSG00000143924	ENSG00000129315	MAPPIT_testing_y2h_v3	MI:0231	PMID:32296183	RRS_pair_explicitly_negative_in_MAPPIT_pairwise_test
6	Luck2020-ST6-line:2763	53152	100069237	ENSG00000143924	ENSG00000129315	MAPPIT_testing_y2h_v1	MI:0231	PMID:32296183	RRS_pair_explicitly_negative_in_MAPPIT_pairwise_test
6	Luck2020-ST6-line:2767	53277	71621	ENSG00000103197	ENSG00000118495	MAPPIT_testing_y2h_v3	MI:0231	PMID:32296183	RRS_pair_explicitly_negative_in_MAPPIT_pairwise_test
6	Luck2020-ST6-line:2768	53277	71621	ENSG00000103197	ENSG00000118495	MAPPIT_testing_y2h_v1	MI:0231	PMID:32296183	RRS_pair_explicitly_negative_in_MAPPIT_pairwise_test
6	Luck2020-ST6-line:2769	53277	71621	ENSG00000103197	ENSG00000118495	MAPPIT_testing_y2h_v2	MI:0231	PMID:32296183	RRS_pair_explicitly_negative_in_MAPPIT_pairwise_test
6	Luck2020-ST6-line:2776	53651	100069229	ENSG00000177565	ENSG00000132932	MAPPIT_testing_y2h_v3	MI:0231	PMID:32296183	RRS_pair_explicitly_negative_in_MAPPIT_pairwise_test
6	Luck2020-ST6-line:2778	53727	56280	ENSG00000171522	ENSG00000178084	MAPPIT_testing_y2h_v3	MI:0231	PMID:32296183	RRS_pair_explicitly_negative_in_MAPPIT_pairwise_test
6	Luck2020-ST6-line:2779	53727	56280	ENSG00000171522	ENSG00000178084	MAPPIT_testing_y2h_v1	MI:0231	PMID:32296183	RRS_pair_explicitly_negative_in_MAPPIT_pairwise_test
6	Luck2020-ST6-line:2780	53727	56280	ENSG00000171522	ENSG00000178084	MAPPIT_testing_y2h_v2	MI:0231	PMID:32296183	RRS_pair_explicitly_negative_in_MAPPIT_pairwise_test
6	Luck2020-ST6-line:2788	54020	70975	ENSG00000243710	ENSG00000120008	MAPPIT_testing_y2h_v3	MI:0231	PMID:32296183	RRS_pair_explicitly_negative_in_MAPPIT_pairwise_test
6	Luck2020-ST6-line:2789	54020	70975	ENSG00000243710	ENSG00000120008	MAPPIT_testing_y2h_v1	MI:0231	PMID:32296183	RRS_pair_explicitly_negative_in_MAPPIT_pairwise_test
6	Luck2020-ST6-line:2790	54020	70975	ENSG00000243710	ENSG00000120008	MAPPIT_testing_y2h_v2	MI:0231	PMID:32296183	RRS_pair_explicitly_negative_in_MAPPIT_pairwise_test
6	Luck2020-ST6-line:2796	54242	100016103	ENSG00000133059	ENSG00000180354	MAPPIT_testing_y2h_v3	MI:0231	PMID:32296183	RRS_pair_explicitly_negative_in_MAPPIT_pairwise_test
6	Luck2020-ST6-line:2797	54242	100016103	ENSG00000133059	ENSG00000180354	MAPPIT_testing_y2h_v1	MI:0231	PMID:32296183	RRS_pair_explicitly_negative_in_MAPPIT_pairwise_test
6	Luck2020-ST6-line:2798	54242	100016103	ENSG00000133059	ENSG00000180354	MAPPIT_testing_y2h_v2	MI:0231	PMID:32296183	RRS_pair_explicitly_negative_in_MAPPIT_pairwise_test
6	Luck2020-ST6-line:2808	55579	72036	ENSG00000143624	ENSG00000186340	MAPPIT_testing_y2h_v3	MI:0231	PMID:32296183	RRS_pair_explicitly_negative_in_MAPPIT_pairwise_test
6	Luck2020-ST6-line:2809	55579	72036	ENSG00000143624	ENSG00000186340	MAPPIT_testing_y2h_v1	MI:0231	PMID:32296183	RRS_pair_explicitly_negative_in_MAPPIT_pairwise_test
6	Luck2020-ST6-line:2810	55579	72036	ENSG00000143624	ENSG00000186340	MAPPIT_testing_y2h_v2	MI:0231	PMID:32296183	RRS_pair_explicitly_negative_in_MAPPIT_pairwise_test
6	Luck2020-ST6-line:2818	56846	71436	ENSG00000145623	ENSG00000178105	MAPPIT_testing_y2h_v3	MI:0231	PMID:32296183	RRS_pair_explicitly_negative_in_MAPPIT_pairwise_test
6	Luck2020-ST6-line:2819	56846	71436	ENSG00000145623	ENSG00000178105	MAPPIT_testing_y2h_v1	MI:0231	PMID:32296183	RRS_pair_explicitly_negative_in_MAPPIT_pairwise_test
6	Luck2020-ST6-line:2820	56861	71131	ENSG00000169554	ENSG00000055208	MAPPIT_testing_y2h_v3	MI:0231	PMID:32296183	RRS_pair_explicitly_negative_in_MAPPIT_pairwise_test
6	Luck2020-ST6-line:2821	56861	71131	ENSG00000169554	ENSG00000055208	MAPPIT_testing_y2h_v1	MI:0231	PMID:32296183	RRS_pair_explicitly_negative_in_MAPPIT_pairwise_test
6	Luck2020-ST6-line:2822	56880	71245	ENSG00000151388	ENSG00000108091	MAPPIT_testing_y2h_v3	MI:0231	PMID:32296183	RRS_pair_explicitly_negative_in_MAPPIT_pairwise_test
6	Luck2020-ST6-line:2823	56880	71245	ENSG00000151388	ENSG00000108091	MAPPIT_testing_y2h_v1	MI:0231	PMID:32296183	RRS_pair_explicitly_negative_in_MAPPIT_pairwise_test
6	Luck2020-ST6-line:2826	70849	71900	ENSG00000180259	ENSG00000134121	MAPPIT_testing_y2h_v3	MI:0231	PMID:32296183	RRS_pair_explicitly_negative_in_MAPPIT_pairwise_test
6	Luck2020-ST6-line:2827	70849	71900	ENSG00000180259	ENSG00000134121	MAPPIT_testing_y2h_v1	MI:0231	PMID:32296183	RRS_pair_explicitly_negative_in_MAPPIT_pairwise_test
6	Luck2020-ST6-line:2828	70849	71900	ENSG00000180259	ENSG00000134121	MAPPIT_testing_y2h_v2	MI:0231	PMID:32296183	RRS_pair_explicitly_negative_in_MAPPIT_pairwise_test
6	Luck2020-ST6-line:2829	70862	72204	ENSG00000214212	ENSG00000139445	MAPPIT_testing_y2h_v3	MI:0231	PMID:32296183	RRS_pair_explicitly_negative_in_MAPPIT_pairwise_test
6	Luck2020-ST6-line:2830	70862	72204	ENSG00000214212	ENSG00000139445	MAPPIT_testing_y2h_v1	MI:0231	PMID:32296183	RRS_pair_explicitly_negative_in_MAPPIT_pairwise_test
6	Luck2020-ST6-line:2838	100014472	100069237	ENSG00000135097	ENSG00000129315	MAPPIT_testing_y2h_v3	MI:0231	PMID:32296183	RRS_pair_explicitly_negative_in_MAPPIT_pairwise_test
6	Luck2020-ST6-line:2839	100014472	100069237	ENSG00000135097	ENSG00000129315	MAPPIT_testing_y2h_v1	MI:0231	PMID:32296183	RRS_pair_explicitly_negative_in_MAPPIT_pairwise_test
6	Luck2020-ST6-line:2840	100014472	100069237	ENSG00000135097	ENSG00000129315	MAPPIT_testing_y2h_v2	MI:0231	PMID:32296183	RRS_pair_explicitly_negative_in_MAPPIT_pairwise_test
