source_database	source_version	evidence_role	source_record_id	raw_identifier_a	raw_identifier_b	endpoint_a_status	endpoint_b_status	reason
HuRI	portal_2020-03-09	positive_evidence	HuRI:ENSG00000002834:ENSG00000204918	ENSG00000002834	ENSG00000204918	accepted	multiple_reviewed_human_targets	unresolved_endpoint
HuRI	portal_2020-03-09	positive_evidence	HuRI:ENSG00000002834:ENSG00000204919	ENSG00000002834	ENSG00000204919	accepted	multiple_reviewed_human_targets	unresolved_endpoint
HuRI	portal_2020-03-09	positive_evidence	HuRI:ENSG00000002834:ENSG00000227151	ENSG00000002834	ENSG00000227151	accepted	multiple_reviewed_human_targets	unresolved_endpoint
HuRI	portal_2020-03-09	positive_evidence	HuRI:ENSG00000002834:ENSG00000229665	ENSG00000002834	ENSG00000229665	accepted	multiple_reviewed_human_targets	unresolved_endpoint
HuRI	portal_2020-03-09	positive_evidence	HuRI:ENSG00000002834:ENSG00000234278	ENSG00000002834	ENSG00000234278	accepted	multiple_reviewed_human_targets	unresolved_endpoint
HuRI	portal_2020-03-09	positive_evidence	HuRI:ENSG00000004779:ENSG00000105327	ENSG00000004779	ENSG00000105327	accepted	multiple_reviewed_human_targets	unresolved_endpoint
HuRI	portal_2020-03-09	positive_evidence	HuRI:ENSG00000004838:ENSG00000184258	ENSG00000004838	ENSG00000184258	accepted	unmapped_in_pinned_uniprot_release	unresolved_endpoint
HuRI	portal_2020-03-09	positive_evidence	HuRI:ENSG00000005249:ENSG00000118507	ENSG00000005249	ENSG00000118507	accepted	multiple_reviewed_human_targets	unresolved_endpoint
HuRI	portal_2020-03-09	positive_evidence	HuRI:ENSG00000005486:ENSG00000196312	ENSG00000005486	ENSG00000196312	accepted	unmapped_in_pinned_uniprot_release	unresolved_endpoint
HuRI	portal_2020-03-09	positive_evidence	HuRI:ENSG00000005486:ENSG00000204183	ENSG00000005486	ENSG00000204183	accepted	unmapped_in_pinned_uniprot_release	unresolved_endpoint
HuRI	portal_2020-03-09	positive_evidence	HuRI:ENSG00000006125:ENSG00000275895	ENSG00000006125	ENSG00000275895	accepted	unmapped_in_pinned_uniprot_release	unresolved_endpoint
HuRI	portal_2020-03-09	positive_evidence	HuRI:ENSG00000008197:ENSG00000212724	ENSG00000008197	ENSG00000212724	accepted	multiple_reviewed_human_targets	unresolved_endpoint
HuRI	portal_2020-03-09	positive_evidence	HuRI:ENSG00000008197:ENSG00000213417	ENSG00000008197	ENSG00000213417	accepted	multiple_reviewed_human_targets	unresolved_endpoint
HuRI	portal_2020-03-09	positive_evidence	HuRI:ENSG00000011007:ENSG00000215271	ENSG00000011007	ENSG00000215271	accepted	unmapped_in_pinned_uniprot_release	unresolved_endpoint
HuRI	portal_2020-03-09	positive_evidence	HuRI:ENSG00000011295:ENSG00000254827	ENSG00000011295	ENSG00000254827	accepted	unmapped_in_pinned_uniprot_release	unresolved_endpoint
HuRI	portal_2020-03-09	positive_evidence	HuRI:ENSG00000011590:ENSG00000204918	ENSG00000011590	ENSG00000204918	accepted	multiple_reviewed_human_targets	unresolved_endpoint
HuRI	portal_2020-03-09	positive_evidence	HuRI:ENSG00000011590:ENSG00000204919	ENSG00000011590	ENSG00000204919	accepted	multiple_reviewed_human_targets	unresolved_endpoint
HuRI	portal_2020-03-09	positive_evidence	HuRI:ENSG00000011590:ENSG00000227151	ENSG00000011590	ENSG00000227151	accepted	multiple_reviewed_human_targets	unresolved_endpoint
HuRI	portal_2020-03-09	positive_evidence	HuRI:ENSG00000011590:ENSG00000229665	ENSG00000011590	ENSG00000229665	accepted	multiple_reviewed_human_targets	unresolved_endpoint
HuRI	portal_2020-03-09	positive_evidence	HuRI:ENSG00000011590:ENSG00000234278	ENSG00000011590	ENSG00000234278	accepted	multiple_reviewed_human_targets	unresolved_endpoint
HuRI	portal_2020-03-09	positive_evidence	HuRI:ENSG00000012171:ENSG00000264343	ENSG00000012171	ENSG00000264343	accepted	multiple_reviewed_human_targets	unresolved_endpoint
HuRI	portal_2020-03-09	positive_evidence	HuRI:ENSG00000013293:ENSG00000251655	ENSG00000013293	ENSG00000251655	accepted	multiple_or_cross_species_targets_without_unique_human_mapping	unresolved_endpoint
HuRI	portal_2020-03-09	positive_evidence	HuRI:ENSG00000016602:ENSG00000215790	ENSG00000016602	ENSG00000215790	accepted	unmapped_in_pinned_uniprot_release	unresolved_endpoint
HuRI	portal_2020-03-09	positive_evidence	HuRI:ENSG00000019995:ENSG00000196459	ENSG00000019995	ENSG00000196459	accepted	multiple_reviewed_human_targets	unresolved_endpoint
HuRI	portal_2020-03-09	positive_evidence	HuRI:ENSG00000019995:ENSG00000256060	ENSG00000019995	ENSG00000256060	accepted	multiple_reviewed_human_targets	unresolved_endpoint
HuRI	portal_2020-03-09	positive_evidence	HuRI:ENSG00000019995:ENSG00000274611	ENSG00000019995	ENSG00000274611	accepted	multiple_reviewed_human_targets	unresolved_endpoint
HuRI	portal_2020-03-09	positive_evidence	HuRI:ENSG00000019995:ENSG00000278299	ENSG00000019995	ENSG00000278299	accepted	multiple_reviewed_human_targets	unresolved_endpoint
HuRI	portal_2020-03-09	positive_evidence	HuRI:ENSG00000021300:ENSG00000222047	ENSG00000021300	ENSG00000222047	accepted	unmapped_in_pinned_uniprot_release	unresolved_endpoint
HuRI	portal_2020-03-09	positive_evidence	HuRI:ENSG00000021645:ENSG00000106331	ENSG00000021645	ENSG00000106331	multiple_reviewed_human_targets	accepted	unresolved_endpoint
HuRI	portal_2020-03-09	positive_evidence	HuRI:ENSG00000023892:ENSG00000215271	ENSG00000023892	ENSG00000215271	accepted	unmapped_in_pinned_uniprot_release	unresolved_endpoint
HuRI	portal_2020-03-09	positive_evidence	HuRI:ENSG00000024862:ENSG00000088986	ENSG00000024862	ENSG00000088986	multiple_or_cross_species_targets_without_unique_human_mapping	accepted	unresolved_endpoint
HuRI	portal_2020-03-09	positive_evidence	HuRI:ENSG00000024862:ENSG00000122180	ENSG00000024862	ENSG00000122180	multiple_or_cross_species_targets_without_unique_human_mapping	accepted	unresolved_endpoint
HuRI	portal_2020-03-09	positive_evidence	HuRI:ENSG00000024862:ENSG00000130307	ENSG00000024862	ENSG00000130307	multiple_or_cross_species_targets_without_unique_human_mapping	accepted	unresolved_endpoint
HuRI	portal_2020-03-09	positive_evidence	HuRI:ENSG00000024862:ENSG00000167779	ENSG00000024862	ENSG00000167779	multiple_or_cross_species_targets_without_unique_human_mapping	accepted	unresolved_endpoint
HuRI	portal_2020-03-09	positive_evidence	HuRI:ENSG00000028528:ENSG00000188100	ENSG00000028528	ENSG00000188100	accepted	multiple_reviewed_human_targets	unresolved_endpoint
HuRI	portal_2020-03-09	positive_evidence	HuRI:ENSG00000028528:ENSG00000189090	ENSG00000028528	ENSG00000189090	accepted	multiple_reviewed_human_targets	unresolved_endpoint
HuRI	portal_2020-03-09	positive_evidence	HuRI:ENSG00000028528:ENSG00000276430	ENSG00000028528	ENSG00000276430	accepted	multiple_reviewed_human_targets	unresolved_endpoint
HuRI	portal_2020-03-09	positive_evidence	HuRI:ENSG00000033122:ENSG00000051128	ENSG00000033122	ENSG00000051128	multiple_or_cross_species_targets_without_unique_human_mapping	accepted	unresolved_endpoint
HuRI	portal_2020-03-09	positive_evidence	HuRI:ENSG00000033122:ENSG00000124588	ENSG00000033122	ENSG00000124588	multiple_or_cross_species_targets_without_unique_human_mapping	accepted	unresolved_endpoint
HuRI	portal_2020-03-09	positive_evidence	HuRI:ENSG00000033122:ENSG00000127527	ENSG00000033122	ENSG00000127527	multiple_or_cross_species_targets_without_unique_human_mapping	accepted	unresolved_endpoint
HuRI	portal_2020-03-09	positive_evidence	HuRI:ENSG00000033122:ENSG00000215271	ENSG00000033122	ENSG00000215271	multiple_or_cross_species_targets_without_unique_human_mapping	unmapped_in_pinned_uniprot_release	unresolved_endpoint
HuRI	portal_2020-03-09	positive_evidence	HuRI:ENSG00000037965:ENSG00000264343	ENSG00000037965	ENSG00000264343	accepted	multiple_reviewed_human_targets	unresolved_endpoint
HuRI	portal_2020-03-09	positive_evidence	HuRI:ENSG00000042304:ENSG00000172530	ENSG00000042304	ENSG00000172530	unmapped_in_pinned_uniprot_release	accepted	unresolved_endpoint
HuRI	portal_2020-03-09	positive_evidence	HuRI:ENSG00000048540:ENSG00000215271	ENSG00000048540	ENSG00000215271	accepted	unmapped_in_pinned_uniprot_release	unresolved_endpoint
HuRI	portal_2020-03-09	positive_evidence	HuRI:ENSG00000049768:ENSG00000204918	ENSG00000049768	ENSG00000204918	accepted	multiple_reviewed_human_targets	unresolved_endpoint
HuRI	portal_2020-03-09	positive_evidence	HuRI:ENSG00000049768:ENSG00000204919	ENSG00000049768	ENSG00000204919	accepted	multiple_reviewed_human_targets	unresolved_endpoint
HuRI	portal_2020-03-09	positive_evidence	HuRI:ENSG00000049768:ENSG00000227151	ENSG00000049768	ENSG00000227151	accepted	multiple_reviewed_human_targets	unresolved_endpoint
HuRI	portal_2020-03-09	positive_evidence	HuRI:ENSG00000049768:ENSG00000229665	ENSG00000049768	ENSG00000229665	accepted	multiple_reviewed_human_targets	unresolved_endpoint
HuRI	portal_2020-03-09	positive_evidence	HuRI:ENSG00000049768:ENSG00000234278	ENSG00000049768	ENSG00000234278	accepted	multiple_reviewed_human_targets	unresolved_endpoint
HuRI	portal_2020-03-09	positive_evidence	HuRI:ENSG00000050730:ENSG00000264343	ENSG00000050730	ENSG00000264343	accepted	multiple_reviewed_human_targets	unresolved_endpoint
HuRI	portal_2020-03-09	positive_evidence	HuRI:ENSG00000054116:ENSG00000196459	ENSG00000054116	ENSG00000196459	accepted	multiple_reviewed_human_targets	unresolved_endpoint
HuRI	portal_2020-03-09	positive_evidence	HuRI:ENSG00000054116:ENSG00000256060	ENSG00000054116	ENSG00000256060	accepted	multiple_reviewed_human_targets	unresolved_endpoint
HuRI	portal_2020-03-09	positive_evidence	HuRI:ENSG00000054965:ENSG00000204918	ENSG00000054965	ENSG00000204918	accepted	multiple_reviewed_human_targets	unresolved_endpoint
HuRI	portal_2020-03-09	positive_evidence	HuRI:ENSG00000054965:ENSG00000204919	ENSG00000054965	ENSG00000204919	accepted	multiple_reviewed_human_targets	unresolved_endpoint
HuRI	portal_2020-03-09	positive_evidence	HuRI:ENSG00000054965:ENSG00000222047	ENSG00000054965	ENSG00000222047	accepted	unmapped_in_pinned_uniprot_release	unresolved_endpoint
HuRI	portal_2020-03-09	positive_evidence	HuRI:ENSG00000054965:ENSG00000227151	ENSG00000054965	ENSG00000227151	accepted	multiple_reviewed_human_targets	unresolved_endpoint
HuRI	portal_2020-03-09	positive_evidence	HuRI:ENSG00000054965:ENSG00000229665	ENSG00000054965	ENSG00000229665	accepted	multiple_reviewed_human_targets	unresolved_endpoint
HuRI	portal_2020-03-09	positive_evidence	HuRI:ENSG00000054965:ENSG00000234278	ENSG00000054965	ENSG00000234278	accepted	multiple_reviewed_human_targets	unresolved_endpoint
HuRI	portal_2020-03-09	positive_evidence	HuRI:ENSG00000056277:ENSG00000215271	ENSG00000056277	ENSG00000215271	accepted	unmapped_in_pinned_uniprot_release	unresolved_endpoint
HuRI	portal_2020-03-09	positive_evidence	HuRI:ENSG00000056558:ENSG00000161981	ENSG00000056558	ENSG00000161981	accepted	multiple_or_cross_species_targets_without_unique_human_mapping	unresolved_endpoint
HuRI	portal_2020-03-09	positive_evidence	HuRI:ENSG00000061273:ENSG00000221972	ENSG00000061273	ENSG00000221972	accepted	unmapped_in_pinned_uniprot_release	unresolved_endpoint
HuRI	portal_2020-03-09	positive_evidence	HuRI:ENSG00000061273:ENSG00000221995	ENSG00000061273	ENSG00000221995	accepted	unmapped_in_pinned_uniprot_release	unresolved_endpoint
HuRI	portal_2020-03-09	positive_evidence	HuRI:ENSG00000062725:ENSG00000173678	ENSG00000062725	ENSG00000173678	accepted	multiple_reviewed_human_targets	unresolved_endpoint
HuRI	portal_2020-03-09	positive_evidence	HuRI:ENSG00000062725:ENSG00000205238	ENSG00000062725	ENSG00000205238	accepted	multiple_reviewed_human_targets	unresolved_endpoint
HuRI	portal_2020-03-09	positive_evidence	HuRI:ENSG00000063244:ENSG00000212643	ENSG00000063244	ENSG00000212643	accepted	unmapped_in_pinned_uniprot_release	unresolved_endpoint
HuRI	portal_2020-03-09	positive_evidence	HuRI:ENSG00000063244:ENSG00000275895	ENSG00000063244	ENSG00000275895	accepted	unmapped_in_pinned_uniprot_release	unresolved_endpoint
HuRI	portal_2020-03-09	positive_evidence	HuRI:ENSG00000063515:ENSG00000143933	ENSG00000063515	ENSG00000143933	accepted	multiple_reviewed_human_targets	unresolved_endpoint
HuRI	portal_2020-03-09	positive_evidence	HuRI:ENSG00000063515:ENSG00000160014	ENSG00000063515	ENSG00000160014	accepted	multiple_reviewed_human_targets	unresolved_endpoint
HuRI	portal_2020-03-09	positive_evidence	HuRI:ENSG00000063515:ENSG00000198668	ENSG00000063515	ENSG00000198668	accepted	multiple_reviewed_human_targets	unresolved_endpoint
HuRI	portal_2020-03-09	positive_evidence	HuRI:ENSG00000063978:ENSG00000177125	ENSG00000063978	ENSG00000177125	accepted	multiple_or_cross_species_targets_without_unique_human_mapping	unresolved_endpoint
HuRI	portal_2020-03-09	positive_evidence	HuRI:ENSG00000063978:ENSG00000204918	ENSG00000063978	ENSG00000204918	accepted	multiple_reviewed_human_targets	unresolved_endpoint
HuRI	portal_2020-03-09	positive_evidence	HuRI:ENSG00000063978:ENSG00000204919	ENSG00000063978	ENSG00000204919	accepted	multiple_reviewed_human_targets	unresolved_endpoint
HuRI	portal_2020-03-09	positive_evidence	HuRI:ENSG00000063978:ENSG00000227151	ENSG00000063978	ENSG00000227151	accepted	multiple_reviewed_human_targets	unresolved_endpoint
HuRI	portal_2020-03-09	positive_evidence	HuRI:ENSG00000063978:ENSG00000229665	ENSG00000063978	ENSG00000229665	accepted	multiple_reviewed_human_targets	unresolved_endpoint
HuRI	portal_2020-03-09	positive_evidence	HuRI:ENSG00000063978:ENSG00000234278	ENSG00000063978	ENSG00000234278	accepted	multiple_reviewed_human_targets	unresolved_endpoint
HuRI	portal_2020-03-09	positive_evidence	HuRI:ENSG00000064199:ENSG00000118507	ENSG00000064199	ENSG00000118507	accepted	multiple_reviewed_human_targets	unresolved_endpoint
HuRI	portal_2020-03-09	positive_evidence	HuRI:ENSG00000064218:ENSG00000204918	ENSG00000064218	ENSG00000204918	accepted	multiple_reviewed_human_targets	unresolved_endpoint
HuRI	portal_2020-03-09	positive_evidence	HuRI:ENSG00000064218:ENSG00000204919	ENSG00000064218	ENSG00000204919	accepted	multiple_reviewed_human_targets	unresolved_endpoint
HuRI	portal_2020-03-09	positive_evidence	HuRI:ENSG00000064218:ENSG00000212724	ENSG00000064218	ENSG00000212724	accepted	multiple_reviewed_human_targets	unresolved_endpoint
HuRI	portal_2020-03-09	positive_evidence	HuRI:ENSG00000064218:ENSG00000213417	ENSG00000064218	ENSG00000213417	accepted	multiple_reviewed_human_targets	unresolved_endpoint
HuRI	portal_2020-03-09	positive_evidence	HuRI:ENSG00000064218:ENSG00000227151	ENSG00000064218	ENSG00000227151	accepted	multiple_reviewed_human_targets	unresolved_endpoint
HuRI	portal_2020-03-09	positive_evidence	HuRI:ENSG00000064218:ENSG00000229665	ENSG00000064218	ENSG00000229665	accepted	multiple_reviewed_human_targets	unresolved_endpoint
HuRI	portal_2020-03-09	positive_evidence	HuRI:ENSG00000064218:ENSG00000234278	ENSG00000064218	ENSG00000234278	accepted	multiple_reviewed_human_targets	unresolved_endpoint
HuRI	portal_2020-03-09	positive_evidence	HuRI:ENSG00000064218:ENSG00000264343	ENSG00000064218	ENSG00000264343	accepted	multiple_reviewed_human_targets	unresolved_endpoint
HuRI	portal_2020-03-09	positive_evidence	HuRI:ENSG00000064999:ENSG00000158483	ENSG00000064999	ENSG00000158483	accepted	unmapped_in_pinned_uniprot_release	unresolved_endpoint
HuRI	portal_2020-03-09	positive_evidence	HuRI:ENSG00000064999:ENSG00000221972	ENSG00000064999	ENSG00000221972	accepted	unmapped_in_pinned_uniprot_release	unresolved_endpoint
HuRI	portal_2020-03-09	positive_evidence	HuRI:ENSG00000064999:ENSG00000264343	ENSG00000064999	ENSG00000264343	accepted	multiple_reviewed_human_targets	unresolved_endpoint
HuRI	portal_2020-03-09	positive_evidence	HuRI:ENSG00000065029:ENSG00000185594	ENSG00000065029	ENSG00000185594	accepted	unmapped_in_pinned_uniprot_release	unresolved_endpoint
HuRI	portal_2020-03-09	positive_evidence	HuRI:ENSG00000065029:ENSG00000215271	ENSG00000065029	ENSG00000215271	accepted	unmapped_in_pinned_uniprot_release	unresolved_endpoint
HuRI	portal_2020-03-09	positive_evidence	HuRI:ENSG00000065029:ENSG00000221972	ENSG00000065029	ENSG00000221972	accepted	unmapped_in_pinned_uniprot_release	unresolved_endpoint
HuRI	portal_2020-03-09	positive_evidence	HuRI:ENSG00000065029:ENSG00000222047	ENSG00000065029	ENSG00000222047	accepted	unmapped_in_pinned_uniprot_release	unresolved_endpoint
HuRI	portal_2020-03-09	positive_evidence	HuRI:ENSG00000065371:ENSG00000118507	ENSG00000065371	ENSG00000118507	accepted	multiple_reviewed_human_targets	unresolved_endpoint
HuRI	portal_2020-03-09	positive_evidence	HuRI:ENSG00000065371:ENSG00000182230	ENSG00000065371	ENSG00000182230	accepted	unmapped_in_pinned_uniprot_release	unresolved_endpoint
HuRI	portal_2020-03-09	positive_evidence	HuRI:ENSG00000065882:ENSG00000143933	ENSG00000065882	ENSG00000143933	accepted	multiple_reviewed_human_targets	unresolved_endpoint
HuRI	portal_2020-03-09	positive_evidence	HuRI:ENSG00000065882:ENSG00000160014	ENSG00000065882	ENSG00000160014	accepted	multiple_reviewed_human_targets	unresolved_endpoint
HuRI	portal_2020-03-09	positive_evidence	HuRI:ENSG00000065882:ENSG00000198668	ENSG00000065882	ENSG00000198668	accepted	multiple_reviewed_human_targets	unresolved_endpoint
HuRI	portal_2020-03-09	positive_evidence	HuRI:ENSG00000066117:ENSG00000215271	ENSG00000066117	ENSG00000215271	accepted	unmapped_in_pinned_uniprot_release	unresolved_endpoint
HuRI	portal_2020-03-09	positive_evidence	HuRI:ENSG00000066136:ENSG00000204918	ENSG00000066136	ENSG00000204918	accepted	multiple_reviewed_human_targets	unresolved_endpoint
HuRI	portal_2020-03-09	positive_evidence	HuRI:ENSG00000066136:ENSG00000204919	ENSG00000066136	ENSG00000204919	accepted	multiple_reviewed_human_targets	unresolved_endpoint
HuRI	portal_2020-03-09	positive_evidence	HuRI:ENSG00000066136:ENSG00000227151	ENSG00000066136	ENSG00000227151	accepted	multiple_reviewed_human_targets	unresolved_endpoint
HuRI	portal_2020-03-09	positive_evidence	HuRI:ENSG00000066136:ENSG00000229665	ENSG00000066136	ENSG00000229665	accepted	multiple_reviewed_human_targets	unresolved_endpoint
HuRI	portal_2020-03-09	positive_evidence	HuRI:ENSG00000066136:ENSG00000234278	ENSG00000066136	ENSG00000234278	accepted	multiple_reviewed_human_targets	unresolved_endpoint
HuRI	portal_2020-03-09	positive_evidence	HuRI:ENSG00000066185:ENSG00000248405	ENSG00000066185	ENSG00000248405	accepted	multiple_or_cross_species_targets_without_unique_human_mapping	unresolved_endpoint
HuRI	portal_2020-03-09	positive_evidence	HuRI:ENSG00000067369:ENSG00000222047	ENSG00000067369	ENSG00000222047	accepted	unmapped_in_pinned_uniprot_release	unresolved_endpoint
HuRI	portal_2020-03-09	positive_evidence	HuRI:ENSG00000069011:ENSG00000204918	ENSG00000069011	ENSG00000204918	accepted	multiple_reviewed_human_targets	unresolved_endpoint
HuRI	portal_2020-03-09	positive_evidence	HuRI:ENSG00000069011:ENSG00000204919	ENSG00000069011	ENSG00000204919	accepted	multiple_reviewed_human_targets	unresolved_endpoint
HuRI	portal_2020-03-09	positive_evidence	HuRI:ENSG00000069011:ENSG00000222047	ENSG00000069011	ENSG00000222047	accepted	unmapped_in_pinned_uniprot_release	unresolved_endpoint
HuRI	portal_2020-03-09	positive_evidence	HuRI:ENSG00000069011:ENSG00000227151	ENSG00000069011	ENSG00000227151	accepted	multiple_reviewed_human_targets	unresolved_endpoint
HuRI	portal_2020-03-09	positive_evidence	HuRI:ENSG00000069011:ENSG00000229665	ENSG00000069011	ENSG00000229665	accepted	multiple_reviewed_human_targets	unresolved_endpoint
HuRI	portal_2020-03-09	positive_evidence	HuRI:ENSG00000069011:ENSG00000234278	ENSG00000069011	ENSG00000234278	accepted	multiple_reviewed_human_targets	unresolved_endpoint
HuRI	portal_2020-03-09	positive_evidence	HuRI:ENSG00000069011:ENSG00000275993	ENSG00000069011	ENSG00000275993	accepted	unmapped_in_pinned_uniprot_release	unresolved_endpoint
HuRI	portal_2020-03-09	positive_evidence	HuRI:ENSG00000069493:ENSG00000204176	ENSG00000069493	ENSG00000204176	accepted	multiple_reviewed_human_targets	unresolved_endpoint
HuRI	portal_2020-03-09	positive_evidence	HuRI:ENSG00000069493:ENSG00000277758	ENSG00000069493	ENSG00000277758	accepted	multiple_reviewed_human_targets	unresolved_endpoint
HuRI	portal_2020-03-09	positive_evidence	HuRI:ENSG00000070159:ENSG00000282034	ENSG00000070159	ENSG00000282034	accepted	multiple_or_cross_species_targets_without_unique_human_mapping	unresolved_endpoint
HuRI	portal_2020-03-09	positive_evidence	HuRI:ENSG00000071051:ENSG00000204918	ENSG00000071051	ENSG00000204918	accepted	multiple_reviewed_human_targets	unresolved_endpoint
HuRI	portal_2020-03-09	positive_evidence	HuRI:ENSG00000071051:ENSG00000204919	ENSG00000071051	ENSG00000204919	accepted	multiple_reviewed_human_targets	unresolved_endpoint
HuRI	portal_2020-03-09	positive_evidence	HuRI:ENSG00000071051:ENSG00000215271	ENSG00000071051	ENSG00000215271	accepted	unmapped_in_pinned_uniprot_release	unresolved_endpoint
HuRI	portal_2020-03-09	positive_evidence	HuRI:ENSG00000071051:ENSG00000227151	ENSG00000071051	ENSG00000227151	accepted	multiple_reviewed_human_targets	unresolved_endpoint
HuRI	portal_2020-03-09	positive_evidence	HuRI:ENSG00000071051:ENSG00000229665	ENSG00000071051	ENSG00000229665	accepted	multiple_reviewed_human_targets	unresolved_endpoint
HuRI	portal_2020-03-09	positive_evidence	HuRI:ENSG00000071051:ENSG00000234278	ENSG00000071051	ENSG00000234278	accepted	multiple_reviewed_human_targets	unresolved_endpoint
HuRI	portal_2020-03-09	positive_evidence	HuRI:ENSG00000072201:ENSG00000212724	ENSG00000072201	ENSG00000212724	accepted	multiple_reviewed_human_targets	unresolved_endpoint
HuRI	portal_2020-03-09	positive_evidence	HuRI:ENSG00000072201:ENSG00000213417	ENSG00000072201	ENSG00000213417	accepted	multiple_reviewed_human_targets	unresolved_endpoint
HuRI	portal_2020-03-09	positive_evidence	HuRI:ENSG00000072201:ENSG00000215271	ENSG00000072201	ENSG00000215271	accepted	unmapped_in_pinned_uniprot_release	unresolved_endpoint
HuRI	portal_2020-03-09	positive_evidence	HuRI:ENSG00000072201:ENSG00000264343	ENSG00000072201	ENSG00000264343	accepted	multiple_reviewed_human_targets	unresolved_endpoint
HuRI	portal_2020-03-09	positive_evidence	HuRI:ENSG00000073008:ENSG00000264343	ENSG00000073008	ENSG00000264343	accepted	multiple_reviewed_human_targets	unresolved_endpoint
HuRI	portal_2020-03-09	positive_evidence	HuRI:ENSG00000074181:ENSG00000204918	ENSG00000074181	ENSG00000204918	accepted	multiple_reviewed_human_targets	unresolved_endpoint
HuRI	portal_2020-03-09	positive_evidence	HuRI:ENSG00000074181:ENSG00000204919	ENSG00000074181	ENSG00000204919	accepted	multiple_reviewed_human_targets	unresolved_endpoint
HuRI	portal_2020-03-09	positive_evidence	HuRI:ENSG00000074181:ENSG00000227151	ENSG00000074181	ENSG00000227151	accepted	multiple_reviewed_human_targets	unresolved_endpoint
HuRI	portal_2020-03-09	positive_evidence	HuRI:ENSG00000074181:ENSG00000229665	ENSG00000074181	ENSG00000229665	accepted	multiple_reviewed_human_targets	unresolved_endpoint
HuRI	portal_2020-03-09	positive_evidence	HuRI:ENSG00000074181:ENSG00000234278	ENSG00000074181	ENSG00000234278	accepted	multiple_reviewed_human_targets	unresolved_endpoint
HuRI	portal_2020-03-09	positive_evidence	HuRI:ENSG00000074527:ENSG00000264343	ENSG00000074527	ENSG00000264343	accepted	multiple_reviewed_human_targets	unresolved_endpoint
HuRI	portal_2020-03-09	positive_evidence	HuRI:ENSG00000074966:ENSG00000215271	ENSG00000074966	ENSG00000215271	accepted	unmapped_in_pinned_uniprot_release	unresolved_endpoint
HuRI	portal_2020-03-09	positive_evidence	HuRI:ENSG00000075399:ENSG00000215271	ENSG00000075399	ENSG00000215271	accepted	unmapped_in_pinned_uniprot_release	unresolved_endpoint
HuRI	portal_2020-03-09	positive_evidence	HuRI:ENSG00000075420:ENSG00000222047	ENSG00000075420	ENSG00000222047	accepted	unmapped_in_pinned_uniprot_release	unresolved_endpoint
HuRI	portal_2020-03-09	positive_evidence	HuRI:ENSG00000076242:ENSG00000130363	ENSG00000076242	ENSG00000130363	accepted	multiple_or_cross_species_targets_without_unique_human_mapping	unresolved_endpoint
HuRI	portal_2020-03-09	positive_evidence	HuRI:ENSG00000076242:ENSG00000185594	ENSG00000076242	ENSG00000185594	accepted	unmapped_in_pinned_uniprot_release	unresolved_endpoint
HuRI	portal_2020-03-09	positive_evidence	HuRI:ENSG00000076242:ENSG00000243440	ENSG00000076242	ENSG00000243440	accepted	unmapped_in_pinned_uniprot_release	unresolved_endpoint
HuRI	portal_2020-03-09	positive_evidence	HuRI:ENSG00000076242:ENSG00000275895	ENSG00000076242	ENSG00000275895	accepted	unmapped_in_pinned_uniprot_release	unresolved_endpoint
HuRI	portal_2020-03-09	positive_evidence	HuRI:ENSG00000076604:ENSG00000215271	ENSG00000076604	ENSG00000215271	accepted	unmapped_in_pinned_uniprot_release	unresolved_endpoint
HuRI	portal_2020-03-09	positive_evidence	HuRI:ENSG00000076770:ENSG00000204918	ENSG00000076770	ENSG00000204918	accepted	multiple_reviewed_human_targets	unresolved_endpoint
HuRI	portal_2020-03-09	positive_evidence	HuRI:ENSG00000076770:ENSG00000204919	ENSG00000076770	ENSG00000204919	accepted	multiple_reviewed_human_targets	unresolved_endpoint
HuRI	portal_2020-03-09	positive_evidence	HuRI:ENSG00000076770:ENSG00000227151	ENSG00000076770	ENSG00000227151	accepted	multiple_reviewed_human_targets	unresolved_endpoint
HuRI	portal_2020-03-09	positive_evidence	HuRI:ENSG00000076770:ENSG00000229665	ENSG00000076770	ENSG00000229665	accepted	multiple_reviewed_human_targets	unresolved_endpoint
HuRI	portal_2020-03-09	positive_evidence	HuRI:ENSG00000076770:ENSG00000234278	ENSG00000076770	ENSG00000234278	accepted	multiple_reviewed_human_targets	unresolved_endpoint
HuRI	portal_2020-03-09	positive_evidence	HuRI:ENSG00000077063:ENSG00000158483	ENSG00000077063	ENSG00000158483	accepted	unmapped_in_pinned_uniprot_release	unresolved_endpoint
HuRI	portal_2020-03-09	positive_evidence	HuRI:ENSG00000078043:ENSG00000274276	ENSG00000078043	ENSG00000274276	accepted	unmapped_in_pinned_uniprot_release	unresolved_endpoint
HuRI	portal_2020-03-09	positive_evidence	HuRI:ENSG00000078328:ENSG00000101307	ENSG00000078328	ENSG00000101307	accepted	multiple_reviewed_human_targets	unresolved_endpoint
HuRI	portal_2020-03-09	positive_evidence	HuRI:ENSG00000078902:ENSG00000204918	ENSG00000078902	ENSG00000204918	accepted	multiple_reviewed_human_targets	unresolved_endpoint
HuRI	portal_2020-03-09	positive_evidence	HuRI:ENSG00000078902:ENSG00000204919	ENSG00000078902	ENSG00000204919	accepted	multiple_reviewed_human_targets	unresolved_endpoint
HuRI	portal_2020-03-09	positive_evidence	HuRI:ENSG00000078902:ENSG00000227151	ENSG00000078902	ENSG00000227151	accepted	multiple_reviewed_human_targets	unresolved_endpoint
HuRI	portal_2020-03-09	positive_evidence	HuRI:ENSG00000078902:ENSG00000229665	ENSG00000078902	ENSG00000229665	accepted	multiple_reviewed_human_targets	unresolved_endpoint
HuRI	portal_2020-03-09	positive_evidence	HuRI:ENSG00000078902:ENSG00000234278	ENSG00000078902	ENSG00000234278	accepted	multiple_reviewed_human_targets	unresolved_endpoint
HuRI	portal_2020-03-09	positive_evidence	HuRI:ENSG00000079134:ENSG00000276234	ENSG00000079134	ENSG00000276234	accepted	multiple_or_cross_species_targets_without_unique_human_mapping	unresolved_endpoint
HuRI	portal_2020-03-09	positive_evidence	HuRI:ENSG00000080189:ENSG00000251655	ENSG00000080189	ENSG00000251655	accepted	multiple_or_cross_species_targets_without_unique_human_mapping	unresolved_endpoint
HuRI	portal_2020-03-09	positive_evidence	HuRI:ENSG00000082781:ENSG00000264343	ENSG00000082781	ENSG00000264343	accepted	multiple_reviewed_human_targets	unresolved_endpoint
HuRI	portal_2020-03-09	positive_evidence	HuRI:ENSG00000083535:ENSG00000215271	ENSG00000083535	ENSG00000215271	accepted	unmapped_in_pinned_uniprot_release	unresolved_endpoint
HuRI	portal_2020-03-09	positive_evidence	HuRI:ENSG00000083838:ENSG00000264343	ENSG00000083838	ENSG00000264343	accepted	multiple_reviewed_human_targets	unresolved_endpoint
HuRI	portal_2020-03-09	positive_evidence	HuRI:ENSG00000083844:ENSG00000212724	ENSG00000083844	ENSG00000212724	accepted	multiple_reviewed_human_targets	unresolved_endpoint
HuRI	portal_2020-03-09	positive_evidence	HuRI:ENSG00000083844:ENSG00000213417	ENSG00000083844	ENSG00000213417	accepted	multiple_reviewed_human_targets	unresolved_endpoint
HuRI	portal_2020-03-09	positive_evidence	HuRI:ENSG00000084207:ENSG00000264343	ENSG00000084207	ENSG00000264343	accepted	multiple_reviewed_human_targets	unresolved_endpoint
HuRI	portal_2020-03-09	positive_evidence	HuRI:ENSG00000084734:ENSG00000106633	ENSG00000084734	ENSG00000106633	multiple_or_cross_species_targets_without_unique_human_mapping	accepted	unresolved_endpoint
HuRI	portal_2020-03-09	positive_evidence	HuRI:ENSG00000084764:ENSG00000173678	ENSG00000084764	ENSG00000173678	accepted	multiple_reviewed_human_targets	unresolved_endpoint
HuRI	portal_2020-03-09	positive_evidence	HuRI:ENSG00000084764:ENSG00000205238	ENSG00000084764	ENSG00000205238	accepted	multiple_reviewed_human_targets	unresolved_endpoint
HuRI	portal_2020-03-09	positive_evidence	HuRI:ENSG00000086159:ENSG00000231887	ENSG00000086159	ENSG00000231887	accepted	multiple_or_cross_species_targets_without_unique_human_mapping	unresolved_endpoint
HuRI	portal_2020-03-09	positive_evidence	HuRI:ENSG00000086159:ENSG00000251655	ENSG00000086159	ENSG00000251655	accepted	multiple_or_cross_species_targets_without_unique_human_mapping	unresolved_endpoint
HuRI	portal_2020-03-09	positive_evidence	HuRI:ENSG00000087111:ENSG00000212724	ENSG00000087111	ENSG00000212724	accepted	multiple_reviewed_human_targets	unresolved_endpoint
HuRI	portal_2020-03-09	positive_evidence	HuRI:ENSG00000087111:ENSG00000213417	ENSG00000087111	ENSG00000213417	accepted	multiple_reviewed_human_targets	unresolved_endpoint
HuRI	portal_2020-03-09	positive_evidence	HuRI:ENSG00000087111:ENSG00000264343	ENSG00000087111	ENSG00000264343	accepted	multiple_reviewed_human_targets	unresolved_endpoint
HuRI	portal_2020-03-09	positive_evidence	HuRI:ENSG00000087338:ENSG00000215269	ENSG00000087338	ENSG00000215269	accepted	multiple_reviewed_human_targets	unresolved_endpoint
HuRI	portal_2020-03-09	positive_evidence	HuRI:ENSG00000087338:ENSG00000236362	ENSG00000087338	ENSG00000236362	accepted	multiple_reviewed_human_targets	unresolved_endpoint
HuRI	portal_2020-03-09	positive_evidence	HuRI:ENSG00000088727:ENSG00000185614	ENSG00000088727	ENSG00000185614	accepted	multiple_or_cross_species_targets_without_unique_human_mapping	unresolved_endpoint
HuRI	portal_2020-03-09	positive_evidence	HuRI:ENSG00000088986:ENSG00000181013	ENSG00000088986	ENSG00000181013	accepted	unmapped_in_pinned_uniprot_release	unresolved_endpoint
HuRI	portal_2020-03-09	positive_evidence	HuRI:ENSG00000089041:ENSG00000264343	ENSG00000089041	ENSG00000264343	accepted	multiple_reviewed_human_targets	unresolved_endpoint
HuRI	portal_2020-03-09	positive_evidence	HuRI:ENSG00000089775:ENSG00000215271	ENSG00000089775	ENSG00000215271	accepted	unmapped_in_pinned_uniprot_release	unresolved_endpoint
HuRI	portal_2020-03-09	positive_evidence	HuRI:ENSG00000090061:ENSG00000204918	ENSG00000090061	ENSG00000204918	accepted	multiple_reviewed_human_targets	unresolved_endpoint
HuRI	portal_2020-03-09	positive_evidence	HuRI:ENSG00000090061:ENSG00000204919	ENSG00000090061	ENSG00000204919	accepted	multiple_reviewed_human_targets	unresolved_endpoint
HuRI	portal_2020-03-09	positive_evidence	HuRI:ENSG00000090061:ENSG00000215271	ENSG00000090061	ENSG00000215271	accepted	unmapped_in_pinned_uniprot_release	unresolved_endpoint
HuRI	portal_2020-03-09	positive_evidence	HuRI:ENSG00000090061:ENSG00000227151	ENSG00000090061	ENSG00000227151	accepted	multiple_reviewed_human_targets	unresolved_endpoint
HuRI	portal_2020-03-09	positive_evidence	HuRI:ENSG00000090061:ENSG00000229665	ENSG00000090061	ENSG00000229665	accepted	multiple_reviewed_human_targets	unresolved_endpoint
HuRI	portal_2020-03-09	positive_evidence	HuRI:ENSG00000090061:ENSG00000234278	ENSG00000090061	ENSG00000234278	accepted	multiple_reviewed_human_targets	unresolved_endpoint
HuRI	portal_2020-03-09	positive_evidence	HuRI:ENSG00000090238:ENSG00000204918	ENSG00000090238	ENSG00000204918	accepted	multiple_reviewed_human_targets	unresolved_endpoint
HuRI	portal_2020-03-09	positive_evidence	HuRI:ENSG00000090238:ENSG00000204919	ENSG00000090238	ENSG00000204919	accepted	multiple_reviewed_human_targets	unresolved_endpoint
HuRI	portal_2020-03-09	positive_evidence	HuRI:ENSG00000090238:ENSG00000222047	ENSG00000090238	ENSG00000222047	accepted	unmapped_in_pinned_uniprot_release	unresolved_endpoint
HuRI	portal_2020-03-09	positive_evidence	HuRI:ENSG00000090238:ENSG00000227151	ENSG00000090238	ENSG00000227151	accepted	multiple_reviewed_human_targets	unresolved_endpoint
HuRI	portal_2020-03-09	positive_evidence	HuRI:ENSG00000090238:ENSG00000229665	ENSG00000090238	ENSG00000229665	accepted	multiple_reviewed_human_targets	unresolved_endpoint
HuRI	portal_2020-03-09	positive_evidence	HuRI:ENSG00000090238:ENSG00000234278	ENSG00000090238	ENSG00000234278	accepted	multiple_reviewed_human_targets	unresolved_endpoint
HuRI	portal_2020-03-09	positive_evidence	HuRI:ENSG00000090238:ENSG00000256671	ENSG00000090238	ENSG00000256671	accepted	multiple_reviewed_human_targets	unresolved_endpoint
HuRI	portal_2020-03-09	positive_evidence	HuRI:ENSG00000090238:ENSG00000256977	ENSG00000090238	ENSG00000256977	accepted	multiple_reviewed_human_targets	unresolved_endpoint
HuRI	portal_2020-03-09	positive_evidence	HuRI:ENSG00000090487:ENSG00000158483	ENSG00000090487	ENSG00000158483	accepted	unmapped_in_pinned_uniprot_release	unresolved_endpoint
HuRI	portal_2020-03-09	positive_evidence	HuRI:ENSG00000090487:ENSG00000276076	ENSG00000090487	ENSG00000276076	accepted	unmapped_in_pinned_uniprot_release	unresolved_endpoint
HuRI	portal_2020-03-09	positive_evidence	HuRI:ENSG00000090539:ENSG00000264343	ENSG00000090539	ENSG00000264343	accepted	multiple_reviewed_human_targets	unresolved_endpoint
HuRI	portal_2020-03-09	positive_evidence	HuRI:ENSG00000090661:ENSG00000273590	ENSG00000090661	ENSG00000273590	accepted	unmapped_in_pinned_uniprot_release	unresolved_endpoint
HuRI	portal_2020-03-09	positive_evidence	HuRI:ENSG00000091073:ENSG00000182257	ENSG00000091073	ENSG00000182257	accepted	unmapped_in_pinned_uniprot_release	unresolved_endpoint
HuRI	portal_2020-03-09	positive_evidence	HuRI:ENSG00000091073:ENSG00000222047	ENSG00000091073	ENSG00000222047	accepted	unmapped_in_pinned_uniprot_release	unresolved_endpoint
HuRI	portal_2020-03-09	positive_evidence	HuRI:ENSG00000091073:ENSG00000254827	ENSG00000091073	ENSG00000254827	accepted	unmapped_in_pinned_uniprot_release	unresolved_endpoint
HuRI	portal_2020-03-09	positive_evidence	HuRI:ENSG00000092068:ENSG00000105501	ENSG00000092068	ENSG00000105501	accepted	unmapped_in_pinned_uniprot_release	unresolved_endpoint
HuRI	portal_2020-03-09	positive_evidence	HuRI:ENSG00000095951:ENSG00000204918	ENSG00000095951	ENSG00000204918	accepted	multiple_reviewed_human_targets	unresolved_endpoint
HuRI	portal_2020-03-09	positive_evidence	HuRI:ENSG00000095951:ENSG00000204919	ENSG00000095951	ENSG00000204919	accepted	multiple_reviewed_human_targets	unresolved_endpoint
HuRI	portal_2020-03-09	positive_evidence	HuRI:ENSG00000095951:ENSG00000227151	ENSG00000095951	ENSG00000227151	accepted	multiple_reviewed_human_targets	unresolved_endpoint
HuRI	portal_2020-03-09	positive_evidence	HuRI:ENSG00000095951:ENSG00000229665	ENSG00000095951	ENSG00000229665	accepted	multiple_reviewed_human_targets	unresolved_endpoint
HuRI	portal_2020-03-09	positive_evidence	HuRI:ENSG00000095951:ENSG00000234278	ENSG00000095951	ENSG00000234278	accepted	multiple_reviewed_human_targets	unresolved_endpoint
HuRI	portal_2020-03-09	positive_evidence	HuRI:ENSG00000096093:ENSG00000174370	ENSG00000096093	ENSG00000174370	accepted	unmapped_in_pinned_uniprot_release	unresolved_endpoint
HuRI	portal_2020-03-09	positive_evidence	HuRI:ENSG00000097046:ENSG00000215271	ENSG00000097046	ENSG00000215271	accepted	unmapped_in_pinned_uniprot_release	unresolved_endpoint
HuRI	portal_2020-03-09	positive_evidence	HuRI:ENSG00000097046:ENSG00000228927	ENSG00000097046	ENSG00000228927	accepted	multiple_reviewed_human_targets	unresolved_endpoint
HuRI	portal_2020-03-09	positive_evidence	HuRI:ENSG00000097046:ENSG00000236424	ENSG00000097046	ENSG00000236424	accepted	multiple_reviewed_human_targets	unresolved_endpoint
HuRI	portal_2020-03-09	positive_evidence	HuRI:ENSG00000099139:ENSG00000158483	ENSG00000099139	ENSG00000158483	accepted	unmapped_in_pinned_uniprot_release	unresolved_endpoint
HuRI	portal_2020-03-09	positive_evidence	HuRI:ENSG00000099139:ENSG00000264343	ENSG00000099139	ENSG00000264343	accepted	multiple_reviewed_human_targets	unresolved_endpoint
HuRI	portal_2020-03-09	positive_evidence	HuRI:ENSG00000099256:ENSG00000275993	ENSG00000099256	ENSG00000275993	accepted	unmapped_in_pinned_uniprot_release	unresolved_endpoint
HuRI	portal_2020-03-09	positive_evidence	HuRI:ENSG00000099624:ENSG00000264343	ENSG00000099624	ENSG00000264343	accepted	multiple_reviewed_human_targets	unresolved_endpoint
HuRI	portal_2020-03-09	positive_evidence	HuRI:ENSG00000099940:ENSG00000283374	ENSG00000099940	ENSG00000283374	accepted	unmapped_in_pinned_uniprot_release	unresolved_endpoint
HuRI	portal_2020-03-09	positive_evidence	HuRI:ENSG00000100030:ENSG00000215271	ENSG00000100030	ENSG00000215271	accepted	unmapped_in_pinned_uniprot_release	unresolved_endpoint
HuRI	portal_2020-03-09	positive_evidence	HuRI:ENSG00000100105:ENSG00000204918	ENSG00000100105	ENSG00000204918	accepted	multiple_reviewed_human_targets	unresolved_endpoint
HuRI	portal_2020-03-09	positive_evidence	HuRI:ENSG00000100105:ENSG00000204919	ENSG00000100105	ENSG00000204919	accepted	multiple_reviewed_human_targets	unresolved_endpoint
HuRI	portal_2020-03-09	positive_evidence	HuRI:ENSG00000100105:ENSG00000227151	ENSG00000100105	ENSG00000227151	accepted	multiple_reviewed_human_targets	unresolved_endpoint
HuRI	portal_2020-03-09	positive_evidence	HuRI:ENSG00000100105:ENSG00000229665	ENSG00000100105	ENSG00000229665	accepted	multiple_reviewed_human_targets	unresolved_endpoint
HuRI	portal_2020-03-09	positive_evidence	HuRI:ENSG00000100105:ENSG00000234278	ENSG00000100105	ENSG00000234278	accepted	multiple_reviewed_human_targets	unresolved_endpoint
HuRI	portal_2020-03-09	positive_evidence	HuRI:ENSG00000100146:ENSG00000222047	ENSG00000100146	ENSG00000222047	accepted	unmapped_in_pinned_uniprot_release	unresolved_endpoint
HuRI	portal_2020-03-09	positive_evidence	HuRI:ENSG00000100151:ENSG00000152133	ENSG00000100151	ENSG00000152133	accepted	multiple_or_cross_species_targets_without_unique_human_mapping	unresolved_endpoint
HuRI	portal_2020-03-09	positive_evidence	HuRI:ENSG00000100151:ENSG00000161981	ENSG00000100151	ENSG00000161981	accepted	multiple_or_cross_species_targets_without_unique_human_mapping	unresolved_endpoint
HuRI	portal_2020-03-09	positive_evidence	HuRI:ENSG00000100218:ENSG00000130363	ENSG00000100218	ENSG00000130363	accepted	multiple_or_cross_species_targets_without_unique_human_mapping	unresolved_endpoint
HuRI	portal_2020-03-09	positive_evidence	HuRI:ENSG00000100221:ENSG00000212724	ENSG00000100221	ENSG00000212724	accepted	multiple_reviewed_human_targets	unresolved_endpoint
HuRI	portal_2020-03-09	positive_evidence	HuRI:ENSG00000100221:ENSG00000213417	ENSG00000100221	ENSG00000213417	accepted	multiple_reviewed_human_targets	unresolved_endpoint
HuRI	portal_2020-03-09	positive_evidence	HuRI:ENSG00000100221:ENSG00000264343	ENSG00000100221	ENSG00000264343	accepted	multiple_reviewed_human_targets	unresolved_endpoint
HuRI	portal_2020-03-09	positive_evidence	HuRI:ENSG00000100227:ENSG00000215271	ENSG00000100227	ENSG00000215271	accepted	unmapped_in_pinned_uniprot_release	unresolved_endpoint
HuRI	portal_2020-03-09	positive_evidence	HuRI:ENSG00000100276:ENSG00000215271	ENSG00000100276	ENSG00000215271	accepted	unmapped_in_pinned_uniprot_release	unresolved_endpoint
HuRI	portal_2020-03-09	positive_evidence	HuRI:ENSG00000100280:ENSG00000275895	ENSG00000100280	ENSG00000275895	accepted	unmapped_in_pinned_uniprot_release	unresolved_endpoint
HuRI	portal_2020-03-09	positive_evidence	HuRI:ENSG00000100290:ENSG00000137700	ENSG00000100290	ENSG00000137700	accepted	multiple_or_cross_species_targets_without_unique_human_mapping	unresolved_endpoint
HuRI	portal_2020-03-09	positive_evidence	HuRI:ENSG00000100335:ENSG00000188100	ENSG00000100335	ENSG00000188100	accepted	multiple_reviewed_human_targets	unresolved_endpoint
HuRI	portal_2020-03-09	positive_evidence	HuRI:ENSG00000100335:ENSG00000189090	ENSG00000100335	ENSG00000189090	accepted	multiple_reviewed_human_targets	unresolved_endpoint
HuRI	portal_2020-03-09	positive_evidence	HuRI:ENSG00000100335:ENSG00000276430	ENSG00000100335	ENSG00000276430	accepted	multiple_reviewed_human_targets	unresolved_endpoint
HuRI	portal_2020-03-09	positive_evidence	HuRI:ENSG00000100351:ENSG00000161847	ENSG00000100351	ENSG00000161847	accepted	multiple_or_cross_species_targets_without_unique_human_mapping	unresolved_endpoint
HuRI	portal_2020-03-09	positive_evidence	HuRI:ENSG00000100422:ENSG00000264343	ENSG00000100422	ENSG00000264343	accepted	multiple_reviewed_human_targets	unresolved_endpoint
HuRI	portal_2020-03-09	positive_evidence	HuRI:ENSG00000100461:ENSG00000204918	ENSG00000100461	ENSG00000204918	accepted	multiple_reviewed_human_targets	unresolved_endpoint
HuRI	portal_2020-03-09	positive_evidence	HuRI:ENSG00000100461:ENSG00000204919	ENSG00000100461	ENSG00000204919	accepted	multiple_reviewed_human_targets	unresolved_endpoint
HuRI	portal_2020-03-09	positive_evidence	HuRI:ENSG00000100461:ENSG00000227151	ENSG00000100461	ENSG00000227151	accepted	multiple_reviewed_human_targets	unresolved_endpoint
HuRI	portal_2020-03-09	positive_evidence	HuRI:ENSG00000100461:ENSG00000229665	ENSG00000100461	ENSG00000229665	accepted	multiple_reviewed_human_targets	unresolved_endpoint
HuRI	portal_2020-03-09	positive_evidence	HuRI:ENSG00000100461:ENSG00000234278	ENSG00000100461	ENSG00000234278	accepted	multiple_reviewed_human_targets	unresolved_endpoint
HuRI	portal_2020-03-09	positive_evidence	HuRI:ENSG00000100462:ENSG00000106123	ENSG00000100462	ENSG00000106123	accepted	multiple_or_cross_species_targets_without_unique_human_mapping	unresolved_endpoint
HuRI	portal_2020-03-09	positive_evidence	HuRI:ENSG00000100721:ENSG00000118412	ENSG00000100721	ENSG00000118412	accepted	multiple_or_cross_species_targets_without_unique_human_mapping	unresolved_endpoint
HuRI	portal_2020-03-09	positive_evidence	HuRI:ENSG00000100804:ENSG00000215269	ENSG00000100804	ENSG00000215269	accepted	multiple_reviewed_human_targets	unresolved_endpoint
HuRI	portal_2020-03-09	positive_evidence	HuRI:ENSG00000100804:ENSG00000236362	ENSG00000100804	ENSG00000236362	accepted	multiple_reviewed_human_targets	unresolved_endpoint
HuRI	portal_2020-03-09	positive_evidence	HuRI:ENSG00000100811:ENSG00000212724	ENSG00000100811	ENSG00000212724	accepted	multiple_reviewed_human_targets	unresolved_endpoint
HuRI	portal_2020-03-09	positive_evidence	HuRI:ENSG00000100811:ENSG00000213417	ENSG00000100811	ENSG00000213417	accepted	multiple_reviewed_human_targets	unresolved_endpoint
HuRI	portal_2020-03-09	positive_evidence	HuRI:ENSG00000100865:ENSG00000283374	ENSG00000100865	ENSG00000283374	accepted	unmapped_in_pinned_uniprot_release	unresolved_endpoint
HuRI	portal_2020-03-09	positive_evidence	HuRI:ENSG00000100934:ENSG00000215271	ENSG00000100934	ENSG00000215271	accepted	unmapped_in_pinned_uniprot_release	unresolved_endpoint
HuRI	portal_2020-03-09	positive_evidence	HuRI:ENSG00000101144:ENSG00000264343	ENSG00000101144	ENSG00000264343	accepted	multiple_reviewed_human_targets	unresolved_endpoint
HuRI	portal_2020-03-09	positive_evidence	HuRI:ENSG00000101160:ENSG00000212724	ENSG00000101160	ENSG00000212724	accepted	multiple_reviewed_human_targets	unresolved_endpoint
HuRI	portal_2020-03-09	positive_evidence	HuRI:ENSG00000101160:ENSG00000213417	ENSG00000101160	ENSG00000213417	accepted	multiple_reviewed_human_targets	unresolved_endpoint
HuRI	portal_2020-03-09	positive_evidence	HuRI:ENSG00000101160:ENSG00000264343	ENSG00000101160	ENSG00000264343	accepted	multiple_reviewed_human_targets	unresolved_endpoint
HuRI	portal_2020-03-09	positive_evidence	HuRI:ENSG00000101189:ENSG00000264343	ENSG00000101189	ENSG00000264343	accepted	multiple_reviewed_human_targets	unresolved_endpoint
HuRI	portal_2020-03-09	positive_evidence	HuRI:ENSG00000101255:ENSG00000106123	ENSG00000101255	ENSG00000106123	accepted	multiple_or_cross_species_targets_without_unique_human_mapping	unresolved_endpoint
HuRI	portal_2020-03-09	positive_evidence	HuRI:ENSG00000101307:ENSG00000130208	ENSG00000101307	ENSG00000130208	multiple_reviewed_human_targets	accepted	unresolved_endpoint
HuRI	portal_2020-03-09	positive_evidence	HuRI:ENSG00000101307:ENSG00000198183	ENSG00000101307	ENSG00000198183	multiple_reviewed_human_targets	accepted	unresolved_endpoint
HuRI	portal_2020-03-09	positive_evidence	HuRI:ENSG00000101336:ENSG00000264343	ENSG00000101336	ENSG00000264343	accepted	multiple_reviewed_human_targets	unresolved_endpoint
HuRI	portal_2020-03-09	positive_evidence	HuRI:ENSG00000101367:ENSG00000173678	ENSG00000101367	ENSG00000173678	accepted	multiple_reviewed_human_targets	unresolved_endpoint
HuRI	portal_2020-03-09	positive_evidence	HuRI:ENSG00000101367:ENSG00000205238	ENSG00000101367	ENSG00000205238	accepted	multiple_reviewed_human_targets	unresolved_endpoint
HuRI	portal_2020-03-09	positive_evidence	HuRI:ENSG00000101435:ENSG00000264343	ENSG00000101435	ENSG00000264343	accepted	multiple_reviewed_human_targets	unresolved_endpoint
HuRI	portal_2020-03-09	positive_evidence	HuRI:ENSG00000101457:ENSG00000215271	ENSG00000101457	ENSG00000215271	accepted	unmapped_in_pinned_uniprot_release	unresolved_endpoint
HuRI	portal_2020-03-09	positive_evidence	HuRI:ENSG00000101489:ENSG00000204918	ENSG00000101489	ENSG00000204918	accepted	multiple_reviewed_human_targets	unresolved_endpoint
HuRI	portal_2020-03-09	positive_evidence	HuRI:ENSG00000101489:ENSG00000204919	ENSG00000101489	ENSG00000204919	accepted	multiple_reviewed_human_targets	unresolved_endpoint
HuRI	portal_2020-03-09	positive_evidence	HuRI:ENSG00000101489:ENSG00000227151	ENSG00000101489	ENSG00000227151	accepted	multiple_reviewed_human_targets	unresolved_endpoint
HuRI	portal_2020-03-09	positive_evidence	HuRI:ENSG00000101489:ENSG00000229665	ENSG00000101489	ENSG00000229665	accepted	multiple_reviewed_human_targets	unresolved_endpoint
HuRI	portal_2020-03-09	positive_evidence	HuRI:ENSG00000101489:ENSG00000234278	ENSG00000101489	ENSG00000234278	accepted	multiple_reviewed_human_targets	unresolved_endpoint
HuRI	portal_2020-03-09	positive_evidence	HuRI:ENSG00000101624:ENSG00000118507	ENSG00000101624	ENSG00000118507	accepted	multiple_reviewed_human_targets	unresolved_endpoint
HuRI	portal_2020-03-09	positive_evidence	HuRI:ENSG00000102030:ENSG00000118412	ENSG00000102030	ENSG00000118412	accepted	multiple_or_cross_species_targets_without_unique_human_mapping	unresolved_endpoint
HuRI	portal_2020-03-09	positive_evidence	HuRI:ENSG00000102119:ENSG00000278845	ENSG00000102119	ENSG00000278845	accepted	multiple_or_cross_species_targets_without_unique_human_mapping	unresolved_endpoint
HuRI	portal_2020-03-09	positive_evidence	HuRI:ENSG00000102401:ENSG00000188100	ENSG00000102401	ENSG00000188100	accepted	multiple_reviewed_human_targets	unresolved_endpoint
HuRI	portal_2020-03-09	positive_evidence	HuRI:ENSG00000102401:ENSG00000189090	ENSG00000102401	ENSG00000189090	accepted	multiple_reviewed_human_targets	unresolved_endpoint
HuRI	portal_2020-03-09	positive_evidence	HuRI:ENSG00000102401:ENSG00000276430	ENSG00000102401	ENSG00000276430	accepted	multiple_reviewed_human_targets	unresolved_endpoint
HuRI	portal_2020-03-09	positive_evidence	HuRI:ENSG00000102870:ENSG00000215271	ENSG00000102870	ENSG00000215271	accepted	unmapped_in_pinned_uniprot_release	unresolved_endpoint
HuRI	portal_2020-03-09	positive_evidence	HuRI:ENSG00000102878:ENSG00000222047	ENSG00000102878	ENSG00000222047	accepted	unmapped_in_pinned_uniprot_release	unresolved_endpoint
HuRI	portal_2020-03-09	positive_evidence	HuRI:ENSG00000103034:ENSG00000184258	ENSG00000103034	ENSG00000184258	accepted	unmapped_in_pinned_uniprot_release	unresolved_endpoint
HuRI	portal_2020-03-09	positive_evidence	HuRI:ENSG00000103043:ENSG00000105501	ENSG00000103043	ENSG00000105501	accepted	unmapped_in_pinned_uniprot_release	unresolved_endpoint
HuRI	portal_2020-03-09	positive_evidence	HuRI:ENSG00000103043:ENSG00000204918	ENSG00000103043	ENSG00000204918	accepted	multiple_reviewed_human_targets	unresolved_endpoint
HuRI	portal_2020-03-09	positive_evidence	HuRI:ENSG00000103043:ENSG00000204919	ENSG00000103043	ENSG00000204919	accepted	multiple_reviewed_human_targets	unresolved_endpoint
HuRI	portal_2020-03-09	positive_evidence	HuRI:ENSG00000103043:ENSG00000227151	ENSG00000103043	ENSG00000227151	accepted	multiple_reviewed_human_targets	unresolved_endpoint
HuRI	portal_2020-03-09	positive_evidence	HuRI:ENSG00000103043:ENSG00000229665	ENSG00000103043	ENSG00000229665	accepted	multiple_reviewed_human_targets	unresolved_endpoint
HuRI	portal_2020-03-09	positive_evidence	HuRI:ENSG00000103043:ENSG00000234278	ENSG00000103043	ENSG00000234278	accepted	multiple_reviewed_human_targets	unresolved_endpoint
HuRI	portal_2020-03-09	positive_evidence	HuRI:ENSG00000103202:ENSG00000196459	ENSG00000103202	ENSG00000196459	accepted	multiple_reviewed_human_targets	unresolved_endpoint
HuRI	portal_2020-03-09	positive_evidence	HuRI:ENSG00000103202:ENSG00000256060	ENSG00000103202	ENSG00000256060	accepted	multiple_reviewed_human_targets	unresolved_endpoint
HuRI	portal_2020-03-09	positive_evidence	HuRI:ENSG00000103269:ENSG00000212724	ENSG00000103269	ENSG00000212724	accepted	multiple_reviewed_human_targets	unresolved_endpoint
HuRI	portal_2020-03-09	positive_evidence	HuRI:ENSG00000103269:ENSG00000213417	ENSG00000103269	ENSG00000213417	accepted	multiple_reviewed_human_targets	unresolved_endpoint
HuRI	portal_2020-03-09	positive_evidence	HuRI:ENSG00000103275:ENSG00000274276	ENSG00000103275	ENSG00000274276	accepted	unmapped_in_pinned_uniprot_release	unresolved_endpoint
HuRI	portal_2020-03-09	positive_evidence	HuRI:ENSG00000103852:ENSG00000164871	ENSG00000103852	ENSG00000164871	accepted	multiple_reviewed_human_targets	unresolved_endpoint
HuRI	portal_2020-03-09	positive_evidence	HuRI:ENSG00000104147:ENSG00000161981	ENSG00000104147	ENSG00000161981	accepted	multiple_or_cross_species_targets_without_unique_human_mapping	unresolved_endpoint
HuRI	portal_2020-03-09	positive_evidence	HuRI:ENSG00000104147:ENSG00000178928	ENSG00000104147	ENSG00000178928	accepted	multiple_or_cross_species_targets_without_unique_human_mapping	unresolved_endpoint
HuRI	portal_2020-03-09	positive_evidence	HuRI:ENSG00000104228:ENSG00000204918	ENSG00000104228	ENSG00000204918	accepted	multiple_reviewed_human_targets	unresolved_endpoint
HuRI	portal_2020-03-09	positive_evidence	HuRI:ENSG00000104228:ENSG00000204919	ENSG00000104228	ENSG00000204919	accepted	multiple_reviewed_human_targets	unresolved_endpoint
HuRI	portal_2020-03-09	positive_evidence	HuRI:ENSG00000104228:ENSG00000227151	ENSG00000104228	ENSG00000227151	accepted	multiple_reviewed_human_targets	unresolved_endpoint
HuRI	portal_2020-03-09	positive_evidence	HuRI:ENSG00000104228:ENSG00000229665	ENSG00000104228	ENSG00000229665	accepted	multiple_reviewed_human_targets	unresolved_endpoint
HuRI	portal_2020-03-09	positive_evidence	HuRI:ENSG00000104228:ENSG00000234278	ENSG00000104228	ENSG00000234278	accepted	multiple_reviewed_human_targets	unresolved_endpoint
HuRI	portal_2020-03-09	positive_evidence	HuRI:ENSG00000104413:ENSG00000204918	ENSG00000104413	ENSG00000204918	accepted	multiple_reviewed_human_targets	unresolved_endpoint
HuRI	portal_2020-03-09	positive_evidence	HuRI:ENSG00000104413:ENSG00000204919	ENSG00000104413	ENSG00000204919	accepted	multiple_reviewed_human_targets	unresolved_endpoint
HuRI	portal_2020-03-09	positive_evidence	HuRI:ENSG00000104413:ENSG00000227151	ENSG00000104413	ENSG00000227151	accepted	multiple_reviewed_human_targets	unresolved_endpoint
HuRI	portal_2020-03-09	positive_evidence	HuRI:ENSG00000104413:ENSG00000229665	ENSG00000104413	ENSG00000229665	accepted	multiple_reviewed_human_targets	unresolved_endpoint
HuRI	portal_2020-03-09	positive_evidence	HuRI:ENSG00000104413:ENSG00000234278	ENSG00000104413	ENSG00000234278	accepted	multiple_reviewed_human_targets	unresolved_endpoint
HuRI	portal_2020-03-09	positive_evidence	HuRI:ENSG00000104490:ENSG00000270136	ENSG00000104490	ENSG00000270136	accepted	multiple_or_cross_species_targets_without_unique_human_mapping	unresolved_endpoint
HuRI	portal_2020-03-09	positive_evidence	HuRI:ENSG00000104964:ENSG00000215271	ENSG00000104964	ENSG00000215271	accepted	unmapped_in_pinned_uniprot_release	unresolved_endpoint
HuRI	portal_2020-03-09	positive_evidence	HuRI:ENSG00000104964:ENSG00000222047	ENSG00000104964	ENSG00000222047	accepted	unmapped_in_pinned_uniprot_release	unresolved_endpoint
HuRI	portal_2020-03-09	positive_evidence	HuRI:ENSG00000104964:ENSG00000264343	ENSG00000104964	ENSG00000264343	accepted	multiple_reviewed_human_targets	unresolved_endpoint
HuRI	portal_2020-03-09	positive_evidence	HuRI:ENSG00000104969:ENSG00000230657	ENSG00000104969	ENSG00000230657	accepted	multiple_or_cross_species_targets_without_unique_human_mapping	unresolved_endpoint
HuRI	portal_2020-03-09	positive_evidence	HuRI:ENSG00000105088:ENSG00000264343	ENSG00000105088	ENSG00000264343	accepted	multiple_reviewed_human_targets	unresolved_endpoint
HuRI	portal_2020-03-09	positive_evidence	HuRI:ENSG00000105229:ENSG00000177125	ENSG00000105229	ENSG00000177125	accepted	multiple_or_cross_species_targets_without_unique_human_mapping	unresolved_endpoint
HuRI	portal_2020-03-09	positive_evidence	HuRI:ENSG00000105327:ENSG00000112214	ENSG00000105327	ENSG00000112214	multiple_reviewed_human_targets	accepted	unresolved_endpoint
HuRI	portal_2020-03-09	positive_evidence	HuRI:ENSG00000105327:ENSG00000154127	ENSG00000105327	ENSG00000154127	multiple_reviewed_human_targets	accepted	unresolved_endpoint
HuRI	portal_2020-03-09	positive_evidence	HuRI:ENSG00000105327:ENSG00000170509	ENSG00000105327	ENSG00000170509	multiple_reviewed_human_targets	accepted	unresolved_endpoint
HuRI	portal_2020-03-09	positive_evidence	HuRI:ENSG00000105327:ENSG00000176182	ENSG00000105327	ENSG00000176182	multiple_reviewed_human_targets	accepted	unresolved_endpoint
HuRI	portal_2020-03-09	positive_evidence	HuRI:ENSG00000105327:ENSG00000183621	ENSG00000105327	ENSG00000183621	multiple_reviewed_human_targets	accepted	unresolved_endpoint
HuRI	portal_2020-03-09	positive_evidence	HuRI:ENSG00000105327:ENSG00000185359	ENSG00000105327	ENSG00000185359	multiple_reviewed_human_targets	accepted	unresolved_endpoint
HuRI	portal_2020-03-09	positive_evidence	HuRI:ENSG00000105327:ENSG00000196363	ENSG00000105327	ENSG00000196363	multiple_reviewed_human_targets	accepted	unresolved_endpoint
HuRI	portal_2020-03-09	positive_evidence	HuRI:ENSG00000105371:ENSG00000264343	ENSG00000105371	ENSG00000264343	accepted	multiple_reviewed_human_targets	unresolved_endpoint
HuRI	portal_2020-03-09	positive_evidence	HuRI:ENSG00000105392:ENSG00000256671	ENSG00000105392	ENSG00000256671	accepted	multiple_reviewed_human_targets	unresolved_endpoint
HuRI	portal_2020-03-09	positive_evidence	HuRI:ENSG00000105392:ENSG00000256977	ENSG00000105392	ENSG00000256977	accepted	multiple_reviewed_human_targets	unresolved_endpoint
HuRI	portal_2020-03-09	positive_evidence	HuRI:ENSG00000105401:ENSG00000204918	ENSG00000105401	ENSG00000204918	accepted	multiple_reviewed_human_targets	unresolved_endpoint
HuRI	portal_2020-03-09	positive_evidence	HuRI:ENSG00000105401:ENSG00000204919	ENSG00000105401	ENSG00000204919	accepted	multiple_reviewed_human_targets	unresolved_endpoint
HuRI	portal_2020-03-09	positive_evidence	HuRI:ENSG00000105401:ENSG00000227151	ENSG00000105401	ENSG00000227151	accepted	multiple_reviewed_human_targets	unresolved_endpoint
HuRI	portal_2020-03-09	positive_evidence	HuRI:ENSG00000105401:ENSG00000229665	ENSG00000105401	ENSG00000229665	accepted	multiple_reviewed_human_targets	unresolved_endpoint
HuRI	portal_2020-03-09	positive_evidence	HuRI:ENSG00000105401:ENSG00000234278	ENSG00000105401	ENSG00000234278	accepted	multiple_reviewed_human_targets	unresolved_endpoint
HuRI	portal_2020-03-09	positive_evidence	HuRI:ENSG00000105428:ENSG00000178928	ENSG00000105428	ENSG00000178928	accepted	multiple_or_cross_species_targets_without_unique_human_mapping	unresolved_endpoint
HuRI	portal_2020-03-09	positive_evidence	HuRI:ENSG00000105501:ENSG00000125814	ENSG00000105501	ENSG00000125814	unmapped_in_pinned_uniprot_release	accepted	unresolved_endpoint
HuRI	portal_2020-03-09	positive_evidence	HuRI:ENSG00000105576:ENSG00000163098	ENSG00000105576	ENSG00000163098	accepted	unmapped_in_pinned_uniprot_release	unresolved_endpoint
HuRI	portal_2020-03-09	positive_evidence	HuRI:ENSG00000105617:ENSG00000215271	ENSG00000105617	ENSG00000215271	accepted	unmapped_in_pinned_uniprot_release	unresolved_endpoint
HuRI	portal_2020-03-09	positive_evidence	HuRI:ENSG00000105641:ENSG00000264343	ENSG00000105641	ENSG00000264343	accepted	multiple_reviewed_human_targets	unresolved_endpoint
HuRI	portal_2020-03-09	positive_evidence	HuRI:ENSG00000105642:ENSG00000143933	ENSG00000105642	ENSG00000143933	accepted	multiple_reviewed_human_targets	unresolved_endpoint
HuRI	portal_2020-03-09	positive_evidence	HuRI:ENSG00000105642:ENSG00000160014	ENSG00000105642	ENSG00000160014	accepted	multiple_reviewed_human_targets	unresolved_endpoint
HuRI	portal_2020-03-09	positive_evidence	HuRI:ENSG00000105642:ENSG00000198668	ENSG00000105642	ENSG00000198668	accepted	multiple_reviewed_human_targets	unresolved_endpoint
HuRI	portal_2020-03-09	positive_evidence	HuRI:ENSG00000105866:ENSG00000204918	ENSG00000105866	ENSG00000204918	accepted	multiple_reviewed_human_targets	unresolved_endpoint
HuRI	portal_2020-03-09	positive_evidence	HuRI:ENSG00000105866:ENSG00000204919	ENSG00000105866	ENSG00000204919	accepted	multiple_reviewed_human_targets	unresolved_endpoint
HuRI	portal_2020-03-09	positive_evidence	HuRI:ENSG00000105866:ENSG00000227151	ENSG00000105866	ENSG00000227151	accepted	multiple_reviewed_human_targets	unresolved_endpoint
HuRI	portal_2020-03-09	positive_evidence	HuRI:ENSG00000105866:ENSG00000229665	ENSG00000105866	ENSG00000229665	accepted	multiple_reviewed_human_targets	unresolved_endpoint
HuRI	portal_2020-03-09	positive_evidence	HuRI:ENSG00000105866:ENSG00000234278	ENSG00000105866	ENSG00000234278	accepted	multiple_reviewed_human_targets	unresolved_endpoint
HuRI	portal_2020-03-09	positive_evidence	HuRI:ENSG00000105991:ENSG00000212724	ENSG00000105991	ENSG00000212724	accepted	multiple_reviewed_human_targets	unresolved_endpoint
HuRI	portal_2020-03-09	positive_evidence	HuRI:ENSG00000105991:ENSG00000213417	ENSG00000105991	ENSG00000213417	accepted	multiple_reviewed_human_targets	unresolved_endpoint
HuRI	portal_2020-03-09	positive_evidence	HuRI:ENSG00000105991:ENSG00000264343	ENSG00000105991	ENSG00000264343	accepted	multiple_reviewed_human_targets	unresolved_endpoint
HuRI	portal_2020-03-09	positive_evidence	HuRI:ENSG00000106012:ENSG00000143933	ENSG00000106012	ENSG00000143933	accepted	multiple_reviewed_human_targets	unresolved_endpoint
HuRI	portal_2020-03-09	positive_evidence	HuRI:ENSG00000106012:ENSG00000160014	ENSG00000106012	ENSG00000160014	accepted	multiple_reviewed_human_targets	unresolved_endpoint
HuRI	portal_2020-03-09	positive_evidence	HuRI:ENSG00000106012:ENSG00000198668	ENSG00000106012	ENSG00000198668	accepted	multiple_reviewed_human_targets	unresolved_endpoint
HuRI	portal_2020-03-09	positive_evidence	HuRI:ENSG00000106123:ENSG00000106536	ENSG00000106123	ENSG00000106536	multiple_or_cross_species_targets_without_unique_human_mapping	accepted	unresolved_endpoint
HuRI	portal_2020-03-09	positive_evidence	HuRI:ENSG00000106123:ENSG00000120149	ENSG00000106123	ENSG00000120149	multiple_or_cross_species_targets_without_unique_human_mapping	accepted	unresolved_endpoint
HuRI	portal_2020-03-09	positive_evidence	HuRI:ENSG00000106123:ENSG00000145358	ENSG00000106123	ENSG00000145358	multiple_or_cross_species_targets_without_unique_human_mapping	accepted	unresolved_endpoint
HuRI	portal_2020-03-09	positive_evidence	HuRI:ENSG00000106123:ENSG00000153060	ENSG00000106123	ENSG00000153060	multiple_or_cross_species_targets_without_unique_human_mapping	accepted	unresolved_endpoint
HuRI	portal_2020-03-09	positive_evidence	HuRI:ENSG00000106123:ENSG00000162924	ENSG00000106123	ENSG00000162924	multiple_or_cross_species_targets_without_unique_human_mapping	accepted	unresolved_endpoint
HuRI	portal_2020-03-09	positive_evidence	HuRI:ENSG00000106123:ENSG00000186205	ENSG00000106123	ENSG00000186205	multiple_or_cross_species_targets_without_unique_human_mapping	accepted	unresolved_endpoint
HuRI	portal_2020-03-09	positive_evidence	HuRI:ENSG00000106123:ENSG00000196388	ENSG00000106123	ENSG00000196388	multiple_or_cross_species_targets_without_unique_human_mapping	accepted	unresolved_endpoint
HuRI	portal_2020-03-09	positive_evidence	HuRI:ENSG00000106123:ENSG00000196628	ENSG00000106123	ENSG00000196628	multiple_or_cross_species_targets_without_unique_human_mapping	accepted	unresolved_endpoint
HuRI	portal_2020-03-09	positive_evidence	HuRI:ENSG00000106123:ENSG00000198881	ENSG00000106123	ENSG00000198881	multiple_or_cross_species_targets_without_unique_human_mapping	accepted	unresolved_endpoint
HuRI	portal_2020-03-09	positive_evidence	HuRI:ENSG00000106123:ENSG00000204599	ENSG00000106123	ENSG00000204599	multiple_or_cross_species_targets_without_unique_human_mapping	accepted	unresolved_endpoint
HuRI	portal_2020-03-09	positive_evidence	HuRI:ENSG00000106459:ENSG00000221972	ENSG00000106459	ENSG00000221972	accepted	unmapped_in_pinned_uniprot_release	unresolved_endpoint
HuRI	portal_2020-03-09	positive_evidence	HuRI:ENSG00000106459:ENSG00000222047	ENSG00000106459	ENSG00000222047	accepted	unmapped_in_pinned_uniprot_release	unresolved_endpoint
HuRI	portal_2020-03-09	positive_evidence	HuRI:ENSG00000106459:ENSG00000254827	ENSG00000106459	ENSG00000254827	accepted	unmapped_in_pinned_uniprot_release	unresolved_endpoint
HuRI	portal_2020-03-09	positive_evidence	HuRI:ENSG00000106511:ENSG00000174899	ENSG00000106511	ENSG00000174899	accepted	unmapped_in_pinned_uniprot_release	unresolved_endpoint
HuRI	portal_2020-03-09	positive_evidence	HuRI:ENSG00000106511:ENSG00000198054	ENSG00000106511	ENSG00000198054	accepted	unmapped_in_pinned_uniprot_release	unresolved_endpoint
HuRI	portal_2020-03-09	positive_evidence	HuRI:ENSG00000106511:ENSG00000270136	ENSG00000106511	ENSG00000270136	accepted	multiple_or_cross_species_targets_without_unique_human_mapping	unresolved_endpoint
HuRI	portal_2020-03-09	positive_evidence	HuRI:ENSG00000106511:ENSG00000275895	ENSG00000106511	ENSG00000275895	accepted	unmapped_in_pinned_uniprot_release	unresolved_endpoint
HuRI	portal_2020-03-09	positive_evidence	HuRI:ENSG00000106536:ENSG00000204918	ENSG00000106536	ENSG00000204918	accepted	multiple_reviewed_human_targets	unresolved_endpoint
HuRI	portal_2020-03-09	positive_evidence	HuRI:ENSG00000106536:ENSG00000204919	ENSG00000106536	ENSG00000204919	accepted	multiple_reviewed_human_targets	unresolved_endpoint
HuRI	portal_2020-03-09	positive_evidence	HuRI:ENSG00000106536:ENSG00000227151	ENSG00000106536	ENSG00000227151	accepted	multiple_reviewed_human_targets	unresolved_endpoint
HuRI	portal_2020-03-09	positive_evidence	HuRI:ENSG00000106536:ENSG00000229665	ENSG00000106536	ENSG00000229665	accepted	multiple_reviewed_human_targets	unresolved_endpoint
HuRI	portal_2020-03-09	positive_evidence	HuRI:ENSG00000106536:ENSG00000234278	ENSG00000106536	ENSG00000234278	accepted	multiple_reviewed_human_targets	unresolved_endpoint
HuRI	portal_2020-03-09	positive_evidence	HuRI:ENSG00000106554:ENSG00000264343	ENSG00000106554	ENSG00000264343	accepted	multiple_reviewed_human_targets	unresolved_endpoint
HuRI	portal_2020-03-09	positive_evidence	HuRI:ENSG00000107187:ENSG00000161981	ENSG00000107187	ENSG00000161981	accepted	multiple_or_cross_species_targets_without_unique_human_mapping	unresolved_endpoint
HuRI	portal_2020-03-09	positive_evidence	HuRI:ENSG00000107281:ENSG00000212724	ENSG00000107281	ENSG00000212724	accepted	multiple_reviewed_human_targets	unresolved_endpoint
HuRI	portal_2020-03-09	positive_evidence	HuRI:ENSG00000107281:ENSG00000213417	ENSG00000107281	ENSG00000213417	accepted	multiple_reviewed_human_targets	unresolved_endpoint
HuRI	portal_2020-03-09	positive_evidence	HuRI:ENSG00000107281:ENSG00000264343	ENSG00000107281	ENSG00000264343	accepted	multiple_reviewed_human_targets	unresolved_endpoint
HuRI	portal_2020-03-09	positive_evidence	HuRI:ENSG00000108179:ENSG00000188100	ENSG00000108179	ENSG00000188100	accepted	multiple_reviewed_human_targets	unresolved_endpoint
HuRI	portal_2020-03-09	positive_evidence	HuRI:ENSG00000108179:ENSG00000189090	ENSG00000108179	ENSG00000189090	accepted	multiple_reviewed_human_targets	unresolved_endpoint
HuRI	portal_2020-03-09	positive_evidence	HuRI:ENSG00000108179:ENSG00000276430	ENSG00000108179	ENSG00000276430	accepted	multiple_reviewed_human_targets	unresolved_endpoint
HuRI	portal_2020-03-09	positive_evidence	HuRI:ENSG00000108256:ENSG00000212724	ENSG00000108256	ENSG00000212724	accepted	multiple_reviewed_human_targets	unresolved_endpoint
HuRI	portal_2020-03-09	positive_evidence	HuRI:ENSG00000108256:ENSG00000213417	ENSG00000108256	ENSG00000213417	accepted	multiple_reviewed_human_targets	unresolved_endpoint
HuRI	portal_2020-03-09	positive_evidence	HuRI:ENSG00000108509:ENSG00000143933	ENSG00000108509	ENSG00000143933	accepted	multiple_reviewed_human_targets	unresolved_endpoint
HuRI	portal_2020-03-09	positive_evidence	HuRI:ENSG00000108509:ENSG00000160014	ENSG00000108509	ENSG00000160014	accepted	multiple_reviewed_human_targets	unresolved_endpoint
HuRI	portal_2020-03-09	positive_evidence	HuRI:ENSG00000108509:ENSG00000198668	ENSG00000108509	ENSG00000198668	accepted	multiple_reviewed_human_targets	unresolved_endpoint
HuRI	portal_2020-03-09	positive_evidence	HuRI:ENSG00000108551:ENSG00000264343	ENSG00000108551	ENSG00000264343	accepted	multiple_reviewed_human_targets	unresolved_endpoint
HuRI	portal_2020-03-09	positive_evidence	HuRI:ENSG00000108946:ENSG00000118507	ENSG00000108946	ENSG00000118507	accepted	multiple_reviewed_human_targets	unresolved_endpoint
HuRI	portal_2020-03-09	positive_evidence	HuRI:ENSG00000108946:ENSG00000130363	ENSG00000108946	ENSG00000130363	accepted	multiple_or_cross_species_targets_without_unique_human_mapping	unresolved_endpoint
HuRI	portal_2020-03-09	positive_evidence	HuRI:ENSG00000108946:ENSG00000182230	ENSG00000108946	ENSG00000182230	accepted	unmapped_in_pinned_uniprot_release	unresolved_endpoint
HuRI	portal_2020-03-09	positive_evidence	HuRI:ENSG00000109089:ENSG00000158483	ENSG00000109089	ENSG00000158483	accepted	unmapped_in_pinned_uniprot_release	unresolved_endpoint
HuRI	portal_2020-03-09	positive_evidence	HuRI:ENSG00000109220:ENSG00000212724	ENSG00000109220	ENSG00000212724	accepted	multiple_reviewed_human_targets	unresolved_endpoint
HuRI	portal_2020-03-09	positive_evidence	HuRI:ENSG00000109220:ENSG00000213417	ENSG00000109220	ENSG00000213417	accepted	multiple_reviewed_human_targets	unresolved_endpoint
HuRI	portal_2020-03-09	positive_evidence	HuRI:ENSG00000109220:ENSG00000264343	ENSG00000109220	ENSG00000264343	accepted	multiple_reviewed_human_targets	unresolved_endpoint
HuRI	portal_2020-03-09	positive_evidence	HuRI:ENSG00000109255:ENSG00000264343	ENSG00000109255	ENSG00000264343	accepted	multiple_reviewed_human_targets	unresolved_endpoint
HuRI	portal_2020-03-09	positive_evidence	HuRI:ENSG00000109445:ENSG00000264343	ENSG00000109445	ENSG00000264343	accepted	multiple_reviewed_human_targets	unresolved_endpoint
HuRI	portal_2020-03-09	positive_evidence	HuRI:ENSG00000109846:ENSG00000276076	ENSG00000109846	ENSG00000276076	accepted	unmapped_in_pinned_uniprot_release	unresolved_endpoint
HuRI	portal_2020-03-09	positive_evidence	HuRI:ENSG00000110367:ENSG00000185614	ENSG00000110367	ENSG00000185614	accepted	multiple_or_cross_species_targets_without_unique_human_mapping	unresolved_endpoint
HuRI	portal_2020-03-09	positive_evidence	HuRI:ENSG00000110536:ENSG00000264343	ENSG00000110536	ENSG00000264343	accepted	multiple_reviewed_human_targets	unresolved_endpoint
HuRI	portal_2020-03-09	positive_evidence	HuRI:ENSG00000110680:ENSG00000167522	ENSG00000110680	ENSG00000167522	multiple_reviewed_human_targets	accepted	unresolved_endpoint
HuRI	portal_2020-03-09	positive_evidence	HuRI:ENSG00000111077:ENSG00000264343	ENSG00000111077	ENSG00000264343	accepted	multiple_reviewed_human_targets	unresolved_endpoint
HuRI	portal_2020-03-09	positive_evidence	HuRI:ENSG00000111196:ENSG00000276234	ENSG00000111196	ENSG00000276234	accepted	multiple_or_cross_species_targets_without_unique_human_mapping	unresolved_endpoint
HuRI	portal_2020-03-09	positive_evidence	HuRI:ENSG00000111432:ENSG00000264343	ENSG00000111432	ENSG00000264343	accepted	multiple_reviewed_human_targets	unresolved_endpoint
HuRI	portal_2020-03-09	positive_evidence	HuRI:ENSG00000111490:ENSG00000215271	ENSG00000111490	ENSG00000215271	accepted	unmapped_in_pinned_uniprot_release	unresolved_endpoint
HuRI	portal_2020-03-09	positive_evidence	HuRI:ENSG00000111859:ENSG00000264343	ENSG00000111859	ENSG00000264343	accepted	multiple_reviewed_human_targets	unresolved_endpoint
HuRI	portal_2020-03-09	positive_evidence	HuRI:ENSG00000112081:ENSG00000275895	ENSG00000112081	ENSG00000275895	accepted	unmapped_in_pinned_uniprot_release	unresolved_endpoint
HuRI	portal_2020-03-09	positive_evidence	HuRI:ENSG00000112096:ENSG00000114107	ENSG00000112096	ENSG00000114107	unmapped_in_pinned_uniprot_release	accepted	unresolved_endpoint
HuRI	portal_2020-03-09	positive_evidence	HuRI:ENSG00000112130:ENSG00000215271	ENSG00000112130	ENSG00000215271	accepted	unmapped_in_pinned_uniprot_release	unresolved_endpoint
HuRI	portal_2020-03-09	positive_evidence	HuRI:ENSG00000112164:ENSG00000264343	ENSG00000112164	ENSG00000264343	accepted	multiple_reviewed_human_targets	unresolved_endpoint
HuRI	portal_2020-03-09	positive_evidence	HuRI:ENSG00000112182:ENSG00000177125	ENSG00000112182	ENSG00000177125	accepted	multiple_or_cross_species_targets_without_unique_human_mapping	unresolved_endpoint
HuRI	portal_2020-03-09	positive_evidence	HuRI:ENSG00000112183:ENSG00000222047	ENSG00000112183	ENSG00000222047	accepted	unmapped_in_pinned_uniprot_release	unresolved_endpoint
HuRI	portal_2020-03-09	positive_evidence	HuRI:ENSG00000112214:ENSG00000185761	ENSG00000112214	ENSG00000185761	accepted	multiple_or_cross_species_targets_without_unique_human_mapping	unresolved_endpoint
HuRI	portal_2020-03-09	positive_evidence	HuRI:ENSG00000112237:ENSG00000282034	ENSG00000112237	ENSG00000282034	accepted	multiple_or_cross_species_targets_without_unique_human_mapping	unresolved_endpoint
HuRI	portal_2020-03-09	positive_evidence	HuRI:ENSG00000112305:ENSG00000204918	ENSG00000112305	ENSG00000204918	accepted	multiple_reviewed_human_targets	unresolved_endpoint
HuRI	portal_2020-03-09	positive_evidence	HuRI:ENSG00000112305:ENSG00000204919	ENSG00000112305	ENSG00000204919	accepted	multiple_reviewed_human_targets	unresolved_endpoint
HuRI	portal_2020-03-09	positive_evidence	HuRI:ENSG00000112305:ENSG00000227151	ENSG00000112305	ENSG00000227151	accepted	multiple_reviewed_human_targets	unresolved_endpoint
HuRI	portal_2020-03-09	positive_evidence	HuRI:ENSG00000112305:ENSG00000229665	ENSG00000112305	ENSG00000229665	accepted	multiple_reviewed_human_targets	unresolved_endpoint
HuRI	portal_2020-03-09	positive_evidence	HuRI:ENSG00000112305:ENSG00000234278	ENSG00000112305	ENSG00000234278	accepted	multiple_reviewed_human_targets	unresolved_endpoint
HuRI	portal_2020-03-09	positive_evidence	HuRI:ENSG00000112365:ENSG00000212724	ENSG00000112365	ENSG00000212724	accepted	multiple_reviewed_human_targets	unresolved_endpoint
HuRI	portal_2020-03-09	positive_evidence	HuRI:ENSG00000112365:ENSG00000213417	ENSG00000112365	ENSG00000213417	accepted	multiple_reviewed_human_targets	unresolved_endpoint
HuRI	portal_2020-03-09	positive_evidence	HuRI:ENSG00000112511:ENSG00000204918	ENSG00000112511	ENSG00000204918	accepted	multiple_reviewed_human_targets	unresolved_endpoint
HuRI	portal_2020-03-09	positive_evidence	HuRI:ENSG00000112511:ENSG00000204919	ENSG00000112511	ENSG00000204919	accepted	multiple_reviewed_human_targets	unresolved_endpoint
HuRI	portal_2020-03-09	positive_evidence	HuRI:ENSG00000112511:ENSG00000215271	ENSG00000112511	ENSG00000215271	accepted	unmapped_in_pinned_uniprot_release	unresolved_endpoint
HuRI	portal_2020-03-09	positive_evidence	HuRI:ENSG00000112511:ENSG00000227151	ENSG00000112511	ENSG00000227151	accepted	multiple_reviewed_human_targets	unresolved_endpoint
HuRI	portal_2020-03-09	positive_evidence	HuRI:ENSG00000112511:ENSG00000229665	ENSG00000112511	ENSG00000229665	accepted	multiple_reviewed_human_targets	unresolved_endpoint
HuRI	portal_2020-03-09	positive_evidence	HuRI:ENSG00000112511:ENSG00000234278	ENSG00000112511	ENSG00000234278	accepted	multiple_reviewed_human_targets	unresolved_endpoint
HuRI	portal_2020-03-09	positive_evidence	HuRI:ENSG00000112559:ENSG00000182257	ENSG00000112559	ENSG00000182257	accepted	unmapped_in_pinned_uniprot_release	unresolved_endpoint
HuRI	portal_2020-03-09	positive_evidence	HuRI:ENSG00000112559:ENSG00000185594	ENSG00000112559	ENSG00000185594	accepted	unmapped_in_pinned_uniprot_release	unresolved_endpoint
HuRI	portal_2020-03-09	positive_evidence	HuRI:ENSG00000112559:ENSG00000197568	ENSG00000112559	ENSG00000197568	accepted	unmapped_in_pinned_uniprot_release	unresolved_endpoint
HuRI	portal_2020-03-09	positive_evidence	HuRI:ENSG00000112578:ENSG00000215271	ENSG00000112578	ENSG00000215271	accepted	unmapped_in_pinned_uniprot_release	unresolved_endpoint
HuRI	portal_2020-03-09	positive_evidence	HuRI:ENSG00000112624:ENSG00000204918	ENSG00000112624	ENSG00000204918	accepted	multiple_reviewed_human_targets	unresolved_endpoint
HuRI	portal_2020-03-09	positive_evidence	HuRI:ENSG00000112624:ENSG00000204919	ENSG00000112624	ENSG00000204919	accepted	multiple_reviewed_human_targets	unresolved_endpoint
HuRI	portal_2020-03-09	positive_evidence	HuRI:ENSG00000112624:ENSG00000227151	ENSG00000112624	ENSG00000227151	accepted	multiple_reviewed_human_targets	unresolved_endpoint
HuRI	portal_2020-03-09	positive_evidence	HuRI:ENSG00000112624:ENSG00000229665	ENSG00000112624	ENSG00000229665	accepted	multiple_reviewed_human_targets	unresolved_endpoint
HuRI	portal_2020-03-09	positive_evidence	HuRI:ENSG00000112624:ENSG00000234278	ENSG00000112624	ENSG00000234278	accepted	multiple_reviewed_human_targets	unresolved_endpoint
HuRI	portal_2020-03-09	positive_evidence	HuRI:ENSG00000112655:ENSG00000264343	ENSG00000112655	ENSG00000264343	accepted	multiple_reviewed_human_targets	unresolved_endpoint
HuRI	portal_2020-03-09	positive_evidence	HuRI:ENSG00000113575:ENSG00000221972	ENSG00000113575	ENSG00000221972	accepted	unmapped_in_pinned_uniprot_release	unresolved_endpoint
HuRI	portal_2020-03-09	positive_evidence	HuRI:ENSG00000113732:ENSG00000204176	ENSG00000113732	ENSG00000204176	accepted	multiple_reviewed_human_targets	unresolved_endpoint
HuRI	portal_2020-03-09	positive_evidence	HuRI:ENSG00000113732:ENSG00000277758	ENSG00000113732	ENSG00000277758	accepted	multiple_reviewed_human_targets	unresolved_endpoint
HuRI	portal_2020-03-09	positive_evidence	HuRI:ENSG00000113916:ENSG00000256671	ENSG00000113916	ENSG00000256671	accepted	multiple_reviewed_human_targets	unresolved_endpoint
HuRI	portal_2020-03-09	positive_evidence	HuRI:ENSG00000113916:ENSG00000256977	ENSG00000113916	ENSG00000256977	accepted	multiple_reviewed_human_targets	unresolved_endpoint
HuRI	portal_2020-03-09	positive_evidence	HuRI:ENSG00000114107:ENSG00000160818	ENSG00000114107	ENSG00000160818	accepted	multiple_or_cross_species_targets_without_unique_human_mapping	unresolved_endpoint
HuRI	portal_2020-03-09	positive_evidence	HuRI:ENSG00000114107:ENSG00000282034	ENSG00000114107	ENSG00000282034	accepted	multiple_or_cross_species_targets_without_unique_human_mapping	unresolved_endpoint
HuRI	portal_2020-03-09	positive_evidence	HuRI:ENSG00000114302:ENSG00000118507	ENSG00000114302	ENSG00000118507	accepted	multiple_reviewed_human_targets	unresolved_endpoint
HuRI	portal_2020-03-09	positive_evidence	HuRI:ENSG00000114354:ENSG00000204918	ENSG00000114354	ENSG00000204918	accepted	multiple_reviewed_human_targets	unresolved_endpoint
HuRI	portal_2020-03-09	positive_evidence	HuRI:ENSG00000114354:ENSG00000204919	ENSG00000114354	ENSG00000204919	accepted	multiple_reviewed_human_targets	unresolved_endpoint
HuRI	portal_2020-03-09	positive_evidence	HuRI:ENSG00000114354:ENSG00000227151	ENSG00000114354	ENSG00000227151	accepted	multiple_reviewed_human_targets	unresolved_endpoint
HuRI	portal_2020-03-09	positive_evidence	HuRI:ENSG00000114354:ENSG00000229665	ENSG00000114354	ENSG00000229665	accepted	multiple_reviewed_human_targets	unresolved_endpoint
HuRI	portal_2020-03-09	positive_evidence	HuRI:ENSG00000114354:ENSG00000234278	ENSG00000114354	ENSG00000234278	accepted	multiple_reviewed_human_targets	unresolved_endpoint
HuRI	portal_2020-03-09	positive_evidence	HuRI:ENSG00000114473:ENSG00000143933	ENSG00000114473	ENSG00000143933	accepted	multiple_reviewed_human_targets	unresolved_endpoint
HuRI	portal_2020-03-09	positive_evidence	HuRI:ENSG00000114473:ENSG00000160014	ENSG00000114473	ENSG00000160014	accepted	multiple_reviewed_human_targets	unresolved_endpoint
HuRI	portal_2020-03-09	positive_evidence	HuRI:ENSG00000114473:ENSG00000198668	ENSG00000114473	ENSG00000198668	accepted	multiple_reviewed_human_targets	unresolved_endpoint
HuRI	portal_2020-03-09	positive_evidence	HuRI:ENSG00000115271:ENSG00000222047	ENSG00000115271	ENSG00000222047	accepted	unmapped_in_pinned_uniprot_release	unresolved_endpoint
HuRI	portal_2020-03-09	positive_evidence	HuRI:ENSG00000115274:ENSG00000215271	ENSG00000115274	ENSG00000215271	accepted	unmapped_in_pinned_uniprot_release	unresolved_endpoint
HuRI	portal_2020-03-09	positive_evidence	HuRI:ENSG00000115274:ENSG00000264343	ENSG00000115274	ENSG00000264343	accepted	multiple_reviewed_human_targets	unresolved_endpoint
HuRI	portal_2020-03-09	positive_evidence	HuRI:ENSG00000115507:ENSG00000212724	ENSG00000115507	ENSG00000212724	accepted	multiple_reviewed_human_targets	unresolved_endpoint
HuRI	portal_2020-03-09	positive_evidence	HuRI:ENSG00000115507:ENSG00000213417	ENSG00000115507	ENSG00000213417	accepted	multiple_reviewed_human_targets	unresolved_endpoint
HuRI	portal_2020-03-09	positive_evidence	HuRI:ENSG00000115507:ENSG00000222047	ENSG00000115507	ENSG00000222047	accepted	unmapped_in_pinned_uniprot_release	unresolved_endpoint
HuRI	portal_2020-03-09	positive_evidence	HuRI:ENSG00000115507:ENSG00000264343	ENSG00000115507	ENSG00000264343	accepted	multiple_reviewed_human_targets	unresolved_endpoint
HuRI	portal_2020-03-09	positive_evidence	HuRI:ENSG00000115593:ENSG00000158483	ENSG00000115593	ENSG00000158483	accepted	unmapped_in_pinned_uniprot_release	unresolved_endpoint
HuRI	portal_2020-03-09	positive_evidence	HuRI:ENSG00000115593:ENSG00000215271	ENSG00000115593	ENSG00000215271	accepted	unmapped_in_pinned_uniprot_release	unresolved_endpoint
HuRI	portal_2020-03-09	positive_evidence	HuRI:ENSG00000115641:ENSG00000283374	ENSG00000115641	ENSG00000283374	accepted	unmapped_in_pinned_uniprot_release	unresolved_endpoint
HuRI	portal_2020-03-09	positive_evidence	HuRI:ENSG00000115661:ENSG00000264343	ENSG00000115661	ENSG00000264343	accepted	multiple_reviewed_human_targets	unresolved_endpoint
HuRI	portal_2020-03-09	positive_evidence	HuRI:ENSG00000115756:ENSG00000264343	ENSG00000115756	ENSG00000264343	accepted	multiple_reviewed_human_targets	unresolved_endpoint
HuRI	portal_2020-03-09	positive_evidence	HuRI:ENSG00000115756:ENSG00000270136	ENSG00000115756	ENSG00000270136	accepted	multiple_or_cross_species_targets_without_unique_human_mapping	unresolved_endpoint
HuRI	portal_2020-03-09	positive_evidence	HuRI:ENSG00000115806:ENSG00000276076	ENSG00000115806	ENSG00000276076	accepted	unmapped_in_pinned_uniprot_release	unresolved_endpoint
HuRI	portal_2020-03-09	positive_evidence	HuRI:ENSG00000115919:ENSG00000158483	ENSG00000115919	ENSG00000158483	accepted	unmapped_in_pinned_uniprot_release	unresolved_endpoint
HuRI	portal_2020-03-09	positive_evidence	HuRI:ENSG00000115998:ENSG00000215271	ENSG00000115998	ENSG00000215271	accepted	unmapped_in_pinned_uniprot_release	unresolved_endpoint
HuRI	portal_2020-03-09	positive_evidence	HuRI:ENSG00000116095:ENSG00000278845	ENSG00000116095	ENSG00000278845	accepted	multiple_or_cross_species_targets_without_unique_human_mapping	unresolved_endpoint
HuRI	portal_2020-03-09	positive_evidence	HuRI:ENSG00000116752:ENSG00000158483	ENSG00000116752	ENSG00000158483	accepted	unmapped_in_pinned_uniprot_release	unresolved_endpoint
HuRI	portal_2020-03-09	positive_evidence	HuRI:ENSG00000116754:ENSG00000187595	ENSG00000116754	ENSG00000187595	accepted	multiple_or_cross_species_targets_without_unique_human_mapping	unresolved_endpoint
HuRI	portal_2020-03-09	positive_evidence	HuRI:ENSG00000116922:ENSG00000158483	ENSG00000116922	ENSG00000158483	accepted	unmapped_in_pinned_uniprot_release	unresolved_endpoint
HuRI	portal_2020-03-09	positive_evidence	HuRI:ENSG00000116922:ENSG00000185614	ENSG00000116922	ENSG00000185614	accepted	multiple_or_cross_species_targets_without_unique_human_mapping	unresolved_endpoint
HuRI	portal_2020-03-09	positive_evidence	HuRI:ENSG00000116922:ENSG00000276234	ENSG00000116922	ENSG00000276234	accepted	multiple_or_cross_species_targets_without_unique_human_mapping	unresolved_endpoint
HuRI	portal_2020-03-09	positive_evidence	HuRI:ENSG00000117461:ENSG00000221972	ENSG00000117461	ENSG00000221972	accepted	unmapped_in_pinned_uniprot_release	unresolved_endpoint
HuRI	portal_2020-03-09	positive_evidence	HuRI:ENSG00000117899:ENSG00000275993	ENSG00000117899	ENSG00000275993	accepted	unmapped_in_pinned_uniprot_release	unresolved_endpoint
HuRI	portal_2020-03-09	positive_evidence	HuRI:ENSG00000118181:ENSG00000215271	ENSG00000118181	ENSG00000215271	accepted	unmapped_in_pinned_uniprot_release	unresolved_endpoint
HuRI	portal_2020-03-09	positive_evidence	HuRI:ENSG00000118507:ENSG00000145491	ENSG00000118507	ENSG00000145491	multiple_reviewed_human_targets	accepted	unresolved_endpoint
HuRI	portal_2020-03-09	positive_evidence	HuRI:ENSG00000118507:ENSG00000165084	ENSG00000118507	ENSG00000165084	multiple_reviewed_human_targets	accepted	unresolved_endpoint
HuRI	portal_2020-03-09	positive_evidence	HuRI:ENSG00000118507:ENSG00000188191	ENSG00000118507	ENSG00000188191	multiple_reviewed_human_targets	accepted	unresolved_endpoint
HuRI	portal_2020-03-09	positive_evidence	HuRI:ENSG00000119403:ENSG00000215271	ENSG00000119403	ENSG00000215271	accepted	unmapped_in_pinned_uniprot_release	unresolved_endpoint
HuRI	portal_2020-03-09	positive_evidence	HuRI:ENSG00000119408:ENSG00000215271	ENSG00000119408	ENSG00000215271	accepted	unmapped_in_pinned_uniprot_release	unresolved_endpoint
HuRI	portal_2020-03-09	positive_evidence	HuRI:ENSG00000119950:ENSG00000264343	ENSG00000119950	ENSG00000264343	accepted	multiple_reviewed_human_targets	unresolved_endpoint
HuRI	portal_2020-03-09	positive_evidence	HuRI:ENSG00000120699:ENSG00000279968	ENSG00000120699	ENSG00000279968	accepted	unmapped_in_pinned_uniprot_release	unresolved_endpoint
HuRI	portal_2020-03-09	positive_evidence	HuRI:ENSG00000120802:ENSG00000135052	ENSG00000120802	ENSG00000135052	multiple_reviewed_human_targets	accepted	unresolved_endpoint
HuRI	portal_2020-03-09	positive_evidence	HuRI:ENSG00000120802:ENSG00000148175	ENSG00000120802	ENSG00000148175	multiple_reviewed_human_targets	accepted	unresolved_endpoint
HuRI	portal_2020-03-09	positive_evidence	HuRI:ENSG00000120802:ENSG00000172578	ENSG00000120802	ENSG00000172578	multiple_reviewed_human_targets	accepted	unresolved_endpoint
HuRI	portal_2020-03-09	positive_evidence	HuRI:ENSG00000121454:ENSG00000161981	ENSG00000121454	ENSG00000161981	accepted	multiple_or_cross_species_targets_without_unique_human_mapping	unresolved_endpoint
HuRI	portal_2020-03-09	positive_evidence	HuRI:ENSG00000121671:ENSG00000264343	ENSG00000121671	ENSG00000264343	accepted	multiple_reviewed_human_targets	unresolved_endpoint
HuRI	portal_2020-03-09	positive_evidence	HuRI:ENSG00000122033:ENSG00000231887	ENSG00000122033	ENSG00000231887	accepted	multiple_or_cross_species_targets_without_unique_human_mapping	unresolved_endpoint
HuRI	portal_2020-03-09	positive_evidence	HuRI:ENSG00000122679:ENSG00000264343	ENSG00000122679	ENSG00000264343	accepted	multiple_reviewed_human_targets	unresolved_endpoint
HuRI	portal_2020-03-09	positive_evidence	HuRI:ENSG00000122707:ENSG00000264343	ENSG00000122707	ENSG00000264343	accepted	multiple_reviewed_human_targets	unresolved_endpoint
HuRI	portal_2020-03-09	positive_evidence	HuRI:ENSG00000123329:ENSG00000215271	ENSG00000123329	ENSG00000215271	accepted	unmapped_in_pinned_uniprot_release	unresolved_endpoint
HuRI	portal_2020-03-09	positive_evidence	HuRI:ENSG00000123349:ENSG00000161981	ENSG00000123349	ENSG00000161981	accepted	multiple_or_cross_species_targets_without_unique_human_mapping	unresolved_endpoint
HuRI	portal_2020-03-09	positive_evidence	HuRI:ENSG00000123349:ENSG00000222047	ENSG00000123349	ENSG00000222047	accepted	unmapped_in_pinned_uniprot_release	unresolved_endpoint
HuRI	portal_2020-03-09	positive_evidence	HuRI:ENSG00000123349:ENSG00000278845	ENSG00000123349	ENSG00000278845	accepted	multiple_or_cross_species_targets_without_unique_human_mapping	unresolved_endpoint
HuRI	portal_2020-03-09	positive_evidence	HuRI:ENSG00000123415:ENSG00000222047	ENSG00000123415	ENSG00000222047	accepted	unmapped_in_pinned_uniprot_release	unresolved_endpoint
HuRI	portal_2020-03-09	positive_evidence	HuRI:ENSG00000123454:ENSG00000264343	ENSG00000123454	ENSG00000264343	accepted	multiple_reviewed_human_targets	unresolved_endpoint
HuRI	portal_2020-03-09	positive_evidence	HuRI:ENSG00000123560:ENSG00000215790	ENSG00000123560	ENSG00000215790	accepted	unmapped_in_pinned_uniprot_release	unresolved_endpoint
HuRI	portal_2020-03-09	positive_evidence	HuRI:ENSG00000123562:ENSG00000215271	ENSG00000123562	ENSG00000215271	accepted	unmapped_in_pinned_uniprot_release	unresolved_endpoint
HuRI	portal_2020-03-09	positive_evidence	HuRI:ENSG00000123609:ENSG00000197568	ENSG00000123609	ENSG00000197568	accepted	unmapped_in_pinned_uniprot_release	unresolved_endpoint
HuRI	portal_2020-03-09	positive_evidence	HuRI:ENSG00000124019:ENSG00000130363	ENSG00000124019	ENSG00000130363	accepted	multiple_or_cross_species_targets_without_unique_human_mapping	unresolved_endpoint
HuRI	portal_2020-03-09	positive_evidence	HuRI:ENSG00000124074:ENSG00000215271	ENSG00000124074	ENSG00000215271	accepted	unmapped_in_pinned_uniprot_release	unresolved_endpoint
HuRI	portal_2020-03-09	positive_evidence	HuRI:ENSG00000124103:ENSG00000204176	ENSG00000124103	ENSG00000204176	accepted	multiple_reviewed_human_targets	unresolved_endpoint
HuRI	portal_2020-03-09	positive_evidence	HuRI:ENSG00000124103:ENSG00000251655	ENSG00000124103	ENSG00000251655	accepted	multiple_or_cross_species_targets_without_unique_human_mapping	unresolved_endpoint
HuRI	portal_2020-03-09	positive_evidence	HuRI:ENSG00000124103:ENSG00000277758	ENSG00000124103	ENSG00000277758	accepted	multiple_reviewed_human_targets	unresolved_endpoint
HuRI	portal_2020-03-09	positive_evidence	HuRI:ENSG00000124107:ENSG00000270136	ENSG00000124107	ENSG00000270136	accepted	multiple_or_cross_species_targets_without_unique_human_mapping	unresolved_endpoint
HuRI	portal_2020-03-09	positive_evidence	HuRI:ENSG00000124562:ENSG00000204918	ENSG00000124562	ENSG00000204918	accepted	multiple_reviewed_human_targets	unresolved_endpoint
HuRI	portal_2020-03-09	positive_evidence	HuRI:ENSG00000124562:ENSG00000204919	ENSG00000124562	ENSG00000204919	accepted	multiple_reviewed_human_targets	unresolved_endpoint
HuRI	portal_2020-03-09	positive_evidence	HuRI:ENSG00000124562:ENSG00000227151	ENSG00000124562	ENSG00000227151	accepted	multiple_reviewed_human_targets	unresolved_endpoint
HuRI	portal_2020-03-09	positive_evidence	HuRI:ENSG00000124562:ENSG00000229665	ENSG00000124562	ENSG00000229665	accepted	multiple_reviewed_human_targets	unresolved_endpoint
HuRI	portal_2020-03-09	positive_evidence	HuRI:ENSG00000124562:ENSG00000234278	ENSG00000124562	ENSG00000234278	accepted	multiple_reviewed_human_targets	unresolved_endpoint
HuRI	portal_2020-03-09	positive_evidence	HuRI:ENSG00000124641:ENSG00000282034	ENSG00000124641	ENSG00000282034	accepted	multiple_or_cross_species_targets_without_unique_human_mapping	unresolved_endpoint
HuRI	portal_2020-03-09	positive_evidence	HuRI:ENSG00000124688:ENSG00000215271	ENSG00000124688	ENSG00000215271	accepted	unmapped_in_pinned_uniprot_release	unresolved_endpoint
HuRI	portal_2020-03-09	positive_evidence	HuRI:ENSG00000124788:ENSG00000178928	ENSG00000124788	ENSG00000178928	accepted	multiple_or_cross_species_targets_without_unique_human_mapping	unresolved_endpoint
HuRI	portal_2020-03-09	positive_evidence	HuRI:ENSG00000124788:ENSG00000182230	ENSG00000124788	ENSG00000182230	accepted	unmapped_in_pinned_uniprot_release	unresolved_endpoint
HuRI	portal_2020-03-09	positive_evidence	HuRI:ENSG00000124788:ENSG00000204918	ENSG00000124788	ENSG00000204918	accepted	multiple_reviewed_human_targets	unresolved_endpoint
HuRI	portal_2020-03-09	positive_evidence	HuRI:ENSG00000124788:ENSG00000204919	ENSG00000124788	ENSG00000204919	accepted	multiple_reviewed_human_targets	unresolved_endpoint
HuRI	portal_2020-03-09	positive_evidence	HuRI:ENSG00000124788:ENSG00000222047	ENSG00000124788	ENSG00000222047	accepted	unmapped_in_pinned_uniprot_release	unresolved_endpoint
HuRI	portal_2020-03-09	positive_evidence	HuRI:ENSG00000124788:ENSG00000227151	ENSG00000124788	ENSG00000227151	accepted	multiple_reviewed_human_targets	unresolved_endpoint
HuRI	portal_2020-03-09	positive_evidence	HuRI:ENSG00000124788:ENSG00000229665	ENSG00000124788	ENSG00000229665	accepted	multiple_reviewed_human_targets	unresolved_endpoint
HuRI	portal_2020-03-09	positive_evidence	HuRI:ENSG00000124788:ENSG00000234278	ENSG00000124788	ENSG00000234278	accepted	multiple_reviewed_human_targets	unresolved_endpoint
HuRI	portal_2020-03-09	positive_evidence	HuRI:ENSG00000124795:ENSG00000152133	ENSG00000124795	ENSG00000152133	accepted	multiple_or_cross_species_targets_without_unique_human_mapping	unresolved_endpoint
HuRI	portal_2020-03-09	positive_evidence	HuRI:ENSG00000125122:ENSG00000131737	ENSG00000125122	ENSG00000131737	unmapped_in_pinned_uniprot_release	accepted	unresolved_endpoint
HuRI	portal_2020-03-09	positive_evidence	HuRI:ENSG00000125122:ENSG00000160207	ENSG00000125122	ENSG00000160207	unmapped_in_pinned_uniprot_release	accepted	unresolved_endpoint
HuRI	portal_2020-03-09	positive_evidence	HuRI:ENSG00000125122:ENSG00000197191	ENSG00000125122	ENSG00000197191	unmapped_in_pinned_uniprot_release	accepted	unresolved_endpoint
HuRI	portal_2020-03-09	positive_evidence	HuRI:ENSG00000125122:ENSG00000197343	ENSG00000125122	ENSG00000197343	unmapped_in_pinned_uniprot_release	accepted	unresolved_endpoint
HuRI	portal_2020-03-09	positive_evidence	HuRI:ENSG00000125434:ENSG00000196459	ENSG00000125434	ENSG00000196459	accepted	multiple_reviewed_human_targets	unresolved_endpoint
HuRI	portal_2020-03-09	positive_evidence	HuRI:ENSG00000125434:ENSG00000256060	ENSG00000125434	ENSG00000256060	accepted	multiple_reviewed_human_targets	unresolved_endpoint
HuRI	portal_2020-03-09	positive_evidence	HuRI:ENSG00000125462:ENSG00000272414	ENSG00000125462	ENSG00000272414	unmapped_in_pinned_uniprot_release	accepted	unresolved_endpoint
HuRI	portal_2020-03-09	positive_evidence	HuRI:ENSG00000125835:ENSG00000204918	ENSG00000125835	ENSG00000204918	accepted	multiple_reviewed_human_targets	unresolved_endpoint
HuRI	portal_2020-03-09	positive_evidence	HuRI:ENSG00000125835:ENSG00000204919	ENSG00000125835	ENSG00000204919	accepted	multiple_reviewed_human_targets	unresolved_endpoint
HuRI	portal_2020-03-09	positive_evidence	HuRI:ENSG00000125835:ENSG00000222047	ENSG00000125835	ENSG00000222047	accepted	unmapped_in_pinned_uniprot_release	unresolved_endpoint
HuRI	portal_2020-03-09	positive_evidence	HuRI:ENSG00000125835:ENSG00000227151	ENSG00000125835	ENSG00000227151	accepted	multiple_reviewed_human_targets	unresolved_endpoint
HuRI	portal_2020-03-09	positive_evidence	HuRI:ENSG00000125835:ENSG00000229665	ENSG00000125835	ENSG00000229665	accepted	multiple_reviewed_human_targets	unresolved_endpoint
HuRI	portal_2020-03-09	positive_evidence	HuRI:ENSG00000125835:ENSG00000234278	ENSG00000125835	ENSG00000234278	accepted	multiple_reviewed_human_targets	unresolved_endpoint
HuRI	portal_2020-03-09	positive_evidence	HuRI:ENSG00000125870:ENSG00000215271	ENSG00000125870	ENSG00000215271	accepted	unmapped_in_pinned_uniprot_release	unresolved_endpoint
HuRI	portal_2020-03-09	positive_evidence	HuRI:ENSG00000126218:ENSG00000264343	ENSG00000126218	ENSG00000264343	accepted	multiple_reviewed_human_targets	unresolved_endpoint
HuRI	portal_2020-03-09	positive_evidence	HuRI:ENSG00000126226:ENSG00000127922	ENSG00000126226	ENSG00000127922	accepted	multiple_reviewed_human_targets	unresolved_endpoint
HuRI	portal_2020-03-09	positive_evidence	HuRI:ENSG00000126254:ENSG00000204918	ENSG00000126254	ENSG00000204918	accepted	multiple_reviewed_human_targets	unresolved_endpoint
HuRI	portal_2020-03-09	positive_evidence	HuRI:ENSG00000126254:ENSG00000204919	ENSG00000126254	ENSG00000204919	accepted	multiple_reviewed_human_targets	unresolved_endpoint
HuRI	portal_2020-03-09	positive_evidence	HuRI:ENSG00000126254:ENSG00000227151	ENSG00000126254	ENSG00000227151	accepted	multiple_reviewed_human_targets	unresolved_endpoint
HuRI	portal_2020-03-09	positive_evidence	HuRI:ENSG00000126254:ENSG00000229665	ENSG00000126254	ENSG00000229665	accepted	multiple_reviewed_human_targets	unresolved_endpoint
HuRI	portal_2020-03-09	positive_evidence	HuRI:ENSG00000126254:ENSG00000234278	ENSG00000126254	ENSG00000234278	accepted	multiple_reviewed_human_targets	unresolved_endpoint
HuRI	portal_2020-03-09	positive_evidence	HuRI:ENSG00000126603:ENSG00000204918	ENSG00000126603	ENSG00000204918	accepted	multiple_reviewed_human_targets	unresolved_endpoint
HuRI	portal_2020-03-09	positive_evidence	HuRI:ENSG00000126603:ENSG00000204919	ENSG00000126603	ENSG00000204919	accepted	multiple_reviewed_human_targets	unresolved_endpoint
HuRI	portal_2020-03-09	positive_evidence	HuRI:ENSG00000126603:ENSG00000227151	ENSG00000126603	ENSG00000227151	accepted	multiple_reviewed_human_targets	unresolved_endpoint
HuRI	portal_2020-03-09	positive_evidence	HuRI:ENSG00000126603:ENSG00000229665	ENSG00000126603	ENSG00000229665	accepted	multiple_reviewed_human_targets	unresolved_endpoint
HuRI	portal_2020-03-09	positive_evidence	HuRI:ENSG00000126603:ENSG00000234278	ENSG00000126603	ENSG00000234278	accepted	multiple_reviewed_human_targets	unresolved_endpoint
HuRI	portal_2020-03-09	positive_evidence	HuRI:ENSG00000126756:ENSG00000264343	ENSG00000126756	ENSG00000264343	accepted	multiple_reviewed_human_targets	unresolved_endpoint
HuRI	portal_2020-03-09	positive_evidence	HuRI:ENSG00000127445:ENSG00000215271	ENSG00000127445	ENSG00000215271	accepted	unmapped_in_pinned_uniprot_release	unresolved_endpoint
HuRI	portal_2020-03-09	positive_evidence	HuRI:ENSG00000127445:ENSG00000221972	ENSG00000127445	ENSG00000221972	accepted	unmapped_in_pinned_uniprot_release	unresolved_endpoint
HuRI	portal_2020-03-09	positive_evidence	HuRI:ENSG00000127527:ENSG00000196459	ENSG00000127527	ENSG00000196459	accepted	multiple_reviewed_human_targets	unresolved_endpoint
HuRI	portal_2020-03-09	positive_evidence	HuRI:ENSG00000127527:ENSG00000256060	ENSG00000127527	ENSG00000256060	accepted	multiple_reviewed_human_targets	unresolved_endpoint
HuRI	portal_2020-03-09	positive_evidence	HuRI:ENSG00000128322:ENSG00000188100	ENSG00000128322	ENSG00000188100	accepted	multiple_reviewed_human_targets	unresolved_endpoint
HuRI	portal_2020-03-09	positive_evidence	HuRI:ENSG00000128322:ENSG00000189090	ENSG00000128322	ENSG00000189090	accepted	multiple_reviewed_human_targets	unresolved_endpoint
HuRI	portal_2020-03-09	positive_evidence	HuRI:ENSG00000128322:ENSG00000276430	ENSG00000128322	ENSG00000276430	accepted	multiple_reviewed_human_targets	unresolved_endpoint
HuRI	portal_2020-03-09	positive_evidence	HuRI:ENSG00000129084:ENSG00000215271	ENSG00000129084	ENSG00000215271	accepted	unmapped_in_pinned_uniprot_release	unresolved_endpoint
HuRI	portal_2020-03-09	positive_evidence	HuRI:ENSG00000129084:ENSG00000264343	ENSG00000129084	ENSG00000264343	accepted	multiple_reviewed_human_targets	unresolved_endpoint
HuRI	portal_2020-03-09	positive_evidence	HuRI:ENSG00000129355:ENSG00000158483	ENSG00000129355	ENSG00000158483	accepted	unmapped_in_pinned_uniprot_release	unresolved_endpoint
HuRI	portal_2020-03-09	positive_evidence	HuRI:ENSG00000129455:ENSG00000264343	ENSG00000129455	ENSG00000264343	accepted	multiple_reviewed_human_targets	unresolved_endpoint
HuRI	portal_2020-03-09	positive_evidence	HuRI:ENSG00000129925:ENSG00000264343	ENSG00000129925	ENSG00000264343	accepted	multiple_reviewed_human_targets	unresolved_endpoint
HuRI	portal_2020-03-09	positive_evidence	HuRI:ENSG00000130038:ENSG00000158483	ENSG00000130038	ENSG00000158483	accepted	unmapped_in_pinned_uniprot_release	unresolved_endpoint
HuRI	portal_2020-03-09	positive_evidence	HuRI:ENSG00000130066:ENSG00000158483	ENSG00000130066	ENSG00000158483	accepted	unmapped_in_pinned_uniprot_release	unresolved_endpoint
HuRI	portal_2020-03-09	positive_evidence	HuRI:ENSG00000130202:ENSG00000264343	ENSG00000130202	ENSG00000264343	accepted	multiple_reviewed_human_targets	unresolved_endpoint
HuRI	portal_2020-03-09	positive_evidence	HuRI:ENSG00000130307:ENSG00000178928	ENSG00000130307	ENSG00000178928	accepted	multiple_or_cross_species_targets_without_unique_human_mapping	unresolved_endpoint
HuRI	portal_2020-03-09	positive_evidence	HuRI:ENSG00000130307:ENSG00000282034	ENSG00000130307	ENSG00000282034	accepted	multiple_or_cross_species_targets_without_unique_human_mapping	unresolved_endpoint
HuRI	portal_2020-03-09	positive_evidence	HuRI:ENSG00000130363:ENSG00000145491	ENSG00000130363	ENSG00000145491	multiple_or_cross_species_targets_without_unique_human_mapping	accepted	unresolved_endpoint
HuRI	portal_2020-03-09	positive_evidence	HuRI:ENSG00000130363:ENSG00000162961	ENSG00000130363	ENSG00000162961	multiple_or_cross_species_targets_without_unique_human_mapping	accepted	unresolved_endpoint
HuRI	portal_2020-03-09	positive_evidence	HuRI:ENSG00000130487:ENSG00000256671	ENSG00000130487	ENSG00000256671	accepted	multiple_reviewed_human_targets	unresolved_endpoint
HuRI	portal_2020-03-09	positive_evidence	HuRI:ENSG00000130487:ENSG00000256977	ENSG00000130487	ENSG00000256977	accepted	multiple_reviewed_human_targets	unresolved_endpoint
HuRI	portal_2020-03-09	positive_evidence	HuRI:ENSG00000130518:ENSG00000143933	ENSG00000130518	ENSG00000143933	accepted	multiple_reviewed_human_targets	unresolved_endpoint
HuRI	portal_2020-03-09	positive_evidence	HuRI:ENSG00000130518:ENSG00000160014	ENSG00000130518	ENSG00000160014	accepted	multiple_reviewed_human_targets	unresolved_endpoint
HuRI	portal_2020-03-09	positive_evidence	HuRI:ENSG00000130518:ENSG00000198668	ENSG00000130518	ENSG00000198668	accepted	multiple_reviewed_human_targets	unresolved_endpoint
HuRI	portal_2020-03-09	positive_evidence	HuRI:ENSG00000130520:ENSG00000215271	ENSG00000130520	ENSG00000215271	accepted	unmapped_in_pinned_uniprot_release	unresolved_endpoint
HuRI	portal_2020-03-09	positive_evidence	HuRI:ENSG00000130656:ENSG00000264343	ENSG00000130656	ENSG00000264343	accepted	multiple_reviewed_human_targets	unresolved_endpoint
HuRI	portal_2020-03-09	positive_evidence	HuRI:ENSG00000130669:ENSG00000185614	ENSG00000130669	ENSG00000185614	accepted	multiple_or_cross_species_targets_without_unique_human_mapping	unresolved_endpoint
HuRI	portal_2020-03-09	positive_evidence	HuRI:ENSG00000130772:ENSG00000215271	ENSG00000130772	ENSG00000215271	accepted	unmapped_in_pinned_uniprot_release	unresolved_endpoint
HuRI	portal_2020-03-09	positive_evidence	HuRI:ENSG00000130813:ENSG00000212724	ENSG00000130813	ENSG00000212724	accepted	multiple_reviewed_human_targets	unresolved_endpoint
HuRI	portal_2020-03-09	positive_evidence	HuRI:ENSG00000130813:ENSG00000213417	ENSG00000130813	ENSG00000213417	accepted	multiple_reviewed_human_targets	unresolved_endpoint
HuRI	portal_2020-03-09	positive_evidence	HuRI:ENSG00000130813:ENSG00000264343	ENSG00000130813	ENSG00000264343	accepted	multiple_reviewed_human_targets	unresolved_endpoint
HuRI	portal_2020-03-09	positive_evidence	HuRI:ENSG00000131095:ENSG00000215271	ENSG00000131095	ENSG00000215271	accepted	unmapped_in_pinned_uniprot_release	unresolved_endpoint
HuRI	portal_2020-03-09	positive_evidence	HuRI:ENSG00000131475:ENSG00000276234	ENSG00000131475	ENSG00000276234	accepted	multiple_or_cross_species_targets_without_unique_human_mapping	unresolved_endpoint
HuRI	portal_2020-03-09	positive_evidence	HuRI:ENSG00000131503:ENSG00000204918	ENSG00000131503	ENSG00000204918	accepted	multiple_reviewed_human_targets	unresolved_endpoint
HuRI	portal_2020-03-09	positive_evidence	HuRI:ENSG00000131503:ENSG00000204919	ENSG00000131503	ENSG00000204919	accepted	multiple_reviewed_human_targets	unresolved_endpoint
HuRI	portal_2020-03-09	positive_evidence	HuRI:ENSG00000131503:ENSG00000227151	ENSG00000131503	ENSG00000227151	accepted	multiple_reviewed_human_targets	unresolved_endpoint
HuRI	portal_2020-03-09	positive_evidence	HuRI:ENSG00000131503:ENSG00000229665	ENSG00000131503	ENSG00000229665	accepted	multiple_reviewed_human_targets	unresolved_endpoint
HuRI	portal_2020-03-09	positive_evidence	HuRI:ENSG00000131503:ENSG00000234278	ENSG00000131503	ENSG00000234278	accepted	multiple_reviewed_human_targets	unresolved_endpoint
HuRI	portal_2020-03-09	positive_evidence	HuRI:ENSG00000131721:ENSG00000182257	ENSG00000131721	ENSG00000182257	accepted	unmapped_in_pinned_uniprot_release	unresolved_endpoint
HuRI	portal_2020-03-09	positive_evidence	HuRI:ENSG00000131721:ENSG00000204918	ENSG00000131721	ENSG00000204918	accepted	multiple_reviewed_human_targets	unresolved_endpoint
HuRI	portal_2020-03-09	positive_evidence	HuRI:ENSG00000131721:ENSG00000204919	ENSG00000131721	ENSG00000204919	accepted	multiple_reviewed_human_targets	unresolved_endpoint
HuRI	portal_2020-03-09	positive_evidence	HuRI:ENSG00000131721:ENSG00000227151	ENSG00000131721	ENSG00000227151	accepted	multiple_reviewed_human_targets	unresolved_endpoint
HuRI	portal_2020-03-09	positive_evidence	HuRI:ENSG00000131721:ENSG00000229665	ENSG00000131721	ENSG00000229665	accepted	multiple_reviewed_human_targets	unresolved_endpoint
HuRI	portal_2020-03-09	positive_evidence	HuRI:ENSG00000131721:ENSG00000234278	ENSG00000131721	ENSG00000234278	accepted	multiple_reviewed_human_targets	unresolved_endpoint
HuRI	portal_2020-03-09	positive_evidence	HuRI:ENSG00000131737:ENSG00000279968	ENSG00000131737	ENSG00000279968	accepted	unmapped_in_pinned_uniprot_release	unresolved_endpoint
HuRI	portal_2020-03-09	positive_evidence	HuRI:ENSG00000131791:ENSG00000212724	ENSG00000131791	ENSG00000212724	accepted	multiple_reviewed_human_targets	unresolved_endpoint
HuRI	portal_2020-03-09	positive_evidence	HuRI:ENSG00000131791:ENSG00000213417	ENSG00000131791	ENSG00000213417	accepted	multiple_reviewed_human_targets	unresolved_endpoint
HuRI	portal_2020-03-09	positive_evidence	HuRI:ENSG00000131791:ENSG00000214215	ENSG00000131791	ENSG00000214215	accepted	unmapped_in_pinned_uniprot_release	unresolved_endpoint
HuRI	portal_2020-03-09	positive_evidence	HuRI:ENSG00000131791:ENSG00000221972	ENSG00000131791	ENSG00000221972	accepted	unmapped_in_pinned_uniprot_release	unresolved_endpoint
HuRI	portal_2020-03-09	positive_evidence	HuRI:ENSG00000131931:ENSG00000187595	ENSG00000131931	ENSG00000187595	accepted	multiple_or_cross_species_targets_without_unique_human_mapping	unresolved_endpoint
HuRI	portal_2020-03-09	positive_evidence	HuRI:ENSG00000131931:ENSG00000204918	ENSG00000131931	ENSG00000204918	accepted	multiple_reviewed_human_targets	unresolved_endpoint
HuRI	portal_2020-03-09	positive_evidence	HuRI:ENSG00000131931:ENSG00000204919	ENSG00000131931	ENSG00000204919	accepted	multiple_reviewed_human_targets	unresolved_endpoint
HuRI	portal_2020-03-09	positive_evidence	HuRI:ENSG00000131931:ENSG00000227151	ENSG00000131931	ENSG00000227151	accepted	multiple_reviewed_human_targets	unresolved_endpoint
HuRI	portal_2020-03-09	positive_evidence	HuRI:ENSG00000131931:ENSG00000229665	ENSG00000131931	ENSG00000229665	accepted	multiple_reviewed_human_targets	unresolved_endpoint
HuRI	portal_2020-03-09	positive_evidence	HuRI:ENSG00000131931:ENSG00000234278	ENSG00000131931	ENSG00000234278	accepted	multiple_reviewed_human_targets	unresolved_endpoint
HuRI	portal_2020-03-09	positive_evidence	HuRI:ENSG00000131966:ENSG00000215271	ENSG00000131966	ENSG00000215271	accepted	unmapped_in_pinned_uniprot_release	unresolved_endpoint
HuRI	portal_2020-03-09	positive_evidence	HuRI:ENSG00000132016:ENSG00000264343	ENSG00000132016	ENSG00000264343	accepted	multiple_reviewed_human_targets	unresolved_endpoint
HuRI	portal_2020-03-09	positive_evidence	HuRI:ENSG00000132254:ENSG00000184258	ENSG00000132254	ENSG00000184258	accepted	unmapped_in_pinned_uniprot_release	unresolved_endpoint
HuRI	portal_2020-03-09	positive_evidence	HuRI:ENSG00000132446:ENSG00000264343	ENSG00000132446	ENSG00000264343	accepted	multiple_reviewed_human_targets	unresolved_endpoint
HuRI	portal_2020-03-09	positive_evidence	HuRI:ENSG00000132470:ENSG00000212724	ENSG00000132470	ENSG00000212724	accepted	multiple_reviewed_human_targets	unresolved_endpoint
HuRI	portal_2020-03-09	positive_evidence	HuRI:ENSG00000132470:ENSG00000213417	ENSG00000132470	ENSG00000213417	accepted	multiple_reviewed_human_targets	unresolved_endpoint
HuRI	portal_2020-03-09	positive_evidence	HuRI:ENSG00000132470:ENSG00000264343	ENSG00000132470	ENSG00000264343	accepted	multiple_reviewed_human_targets	unresolved_endpoint
HuRI	portal_2020-03-09	positive_evidence	HuRI:ENSG00000132622:ENSG00000264343	ENSG00000132622	ENSG00000264343	accepted	multiple_reviewed_human_targets	unresolved_endpoint
HuRI	portal_2020-03-09	positive_evidence	HuRI:ENSG00000132702:ENSG00000212724	ENSG00000132702	ENSG00000212724	accepted	multiple_reviewed_human_targets	unresolved_endpoint
HuRI	portal_2020-03-09	positive_evidence	HuRI:ENSG00000132702:ENSG00000213417	ENSG00000132702	ENSG00000213417	accepted	multiple_reviewed_human_targets	unresolved_endpoint
HuRI	portal_2020-03-09	positive_evidence	HuRI:ENSG00000132702:ENSG00000264343	ENSG00000132702	ENSG00000264343	accepted	multiple_reviewed_human_targets	unresolved_endpoint
HuRI	portal_2020-03-09	positive_evidence	HuRI:ENSG00000132780:ENSG00000274267	ENSG00000132780	ENSG00000274267	accepted	unmapped_in_pinned_uniprot_release	unresolved_endpoint
HuRI	portal_2020-03-09	positive_evidence	HuRI:ENSG00000132780:ENSG00000278272	ENSG00000132780	ENSG00000278272	accepted	unmapped_in_pinned_uniprot_release	unresolved_endpoint
HuRI	portal_2020-03-09	positive_evidence	HuRI:ENSG00000132879:ENSG00000174370	ENSG00000132879	ENSG00000174370	accepted	unmapped_in_pinned_uniprot_release	unresolved_endpoint
HuRI	portal_2020-03-09	positive_evidence	HuRI:ENSG00000132906:ENSG00000163098	ENSG00000132906	ENSG00000163098	accepted	unmapped_in_pinned_uniprot_release	unresolved_endpoint
HuRI	portal_2020-03-09	positive_evidence	HuRI:ENSG00000132938:ENSG00000185594	ENSG00000132938	ENSG00000185594	accepted	unmapped_in_pinned_uniprot_release	unresolved_endpoint
HuRI	portal_2020-03-09	positive_evidence	HuRI:ENSG00000132950:ENSG00000274276	ENSG00000132950	ENSG00000274276	accepted	unmapped_in_pinned_uniprot_release	unresolved_endpoint
HuRI	portal_2020-03-09	positive_evidence	HuRI:ENSG00000133134:ENSG00000212724	ENSG00000133134	ENSG00000212724	accepted	multiple_reviewed_human_targets	unresolved_endpoint
HuRI	portal_2020-03-09	positive_evidence	HuRI:ENSG00000133134:ENSG00000213417	ENSG00000133134	ENSG00000213417	accepted	multiple_reviewed_human_targets	unresolved_endpoint
HuRI	portal_2020-03-09	positive_evidence	HuRI:ENSG00000133250:ENSG00000264343	ENSG00000133250	ENSG00000264343	accepted	multiple_reviewed_human_targets	unresolved_endpoint
HuRI	portal_2020-03-09	positive_evidence	HuRI:ENSG00000133800:ENSG00000264343	ENSG00000133800	ENSG00000264343	accepted	multiple_reviewed_human_targets	unresolved_endpoint
HuRI	portal_2020-03-09	positive_evidence	HuRI:ENSG00000133983:ENSG00000188100	ENSG00000133983	ENSG00000188100	accepted	multiple_reviewed_human_targets	unresolved_endpoint
HuRI	portal_2020-03-09	positive_evidence	HuRI:ENSG00000133983:ENSG00000189090	ENSG00000133983	ENSG00000189090	accepted	multiple_reviewed_human_targets	unresolved_endpoint
HuRI	portal_2020-03-09	positive_evidence	HuRI:ENSG00000133983:ENSG00000276430	ENSG00000133983	ENSG00000276430	accepted	multiple_reviewed_human_targets	unresolved_endpoint
HuRI	portal_2020-03-09	positive_evidence	HuRI:ENSG00000134107:ENSG00000204918	ENSG00000134107	ENSG00000204918	accepted	multiple_reviewed_human_targets	unresolved_endpoint
HuRI	portal_2020-03-09	positive_evidence	HuRI:ENSG00000134107:ENSG00000204919	ENSG00000134107	ENSG00000204919	accepted	multiple_reviewed_human_targets	unresolved_endpoint
HuRI	portal_2020-03-09	positive_evidence	HuRI:ENSG00000134107:ENSG00000227151	ENSG00000134107	ENSG00000227151	accepted	multiple_reviewed_human_targets	unresolved_endpoint
HuRI	portal_2020-03-09	positive_evidence	HuRI:ENSG00000134107:ENSG00000229665	ENSG00000134107	ENSG00000229665	accepted	multiple_reviewed_human_targets	unresolved_endpoint
HuRI	portal_2020-03-09	positive_evidence	HuRI:ENSG00000134107:ENSG00000234278	ENSG00000134107	ENSG00000234278	accepted	multiple_reviewed_human_targets	unresolved_endpoint
HuRI	portal_2020-03-09	positive_evidence	HuRI:ENSG00000134153:ENSG00000264343	ENSG00000134153	ENSG00000264343	accepted	multiple_reviewed_human_targets	unresolved_endpoint
HuRI	portal_2020-03-09	positive_evidence	HuRI:ENSG00000134504:ENSG00000196459	ENSG00000134504	ENSG00000196459	accepted	multiple_reviewed_human_targets	unresolved_endpoint
HuRI	portal_2020-03-09	positive_evidence	HuRI:ENSG00000134504:ENSG00000256060	ENSG00000134504	ENSG00000256060	accepted	multiple_reviewed_human_targets	unresolved_endpoint
HuRI	portal_2020-03-09	positive_evidence	HuRI:ENSG00000134516:ENSG00000264343	ENSG00000134516	ENSG00000264343	accepted	multiple_reviewed_human_targets	unresolved_endpoint
HuRI	portal_2020-03-09	positive_evidence	HuRI:ENSG00000134809:ENSG00000275993	ENSG00000134809	ENSG00000275993	accepted	unmapped_in_pinned_uniprot_release	unresolved_endpoint
HuRI	portal_2020-03-09	positive_evidence	HuRI:ENSG00000134824:ENSG00000264343	ENSG00000134824	ENSG00000264343	accepted	multiple_reviewed_human_targets	unresolved_endpoint
HuRI	portal_2020-03-09	positive_evidence	HuRI:ENSG00000134897:ENSG00000215271	ENSG00000134897	ENSG00000215271	accepted	unmapped_in_pinned_uniprot_release	unresolved_endpoint
HuRI	portal_2020-03-09	positive_evidence	HuRI:ENSG00000135018:ENSG00000197536	ENSG00000135018	ENSG00000197536	accepted	unmapped_in_pinned_uniprot_release	unresolved_endpoint
HuRI	portal_2020-03-09	positive_evidence	HuRI:ENSG00000135018:ENSG00000251655	ENSG00000135018	ENSG00000251655	accepted	multiple_or_cross_species_targets_without_unique_human_mapping	unresolved_endpoint
HuRI	portal_2020-03-09	positive_evidence	HuRI:ENSG00000135018:ENSG00000270136	ENSG00000135018	ENSG00000270136	accepted	multiple_or_cross_species_targets_without_unique_human_mapping	unresolved_endpoint
HuRI	portal_2020-03-09	positive_evidence	HuRI:ENSG00000135111:ENSG00000204918	ENSG00000135111	ENSG00000204918	accepted	multiple_reviewed_human_targets	unresolved_endpoint
HuRI	portal_2020-03-09	positive_evidence	HuRI:ENSG00000135111:ENSG00000204919	ENSG00000135111	ENSG00000204919	accepted	multiple_reviewed_human_targets	unresolved_endpoint
HuRI	portal_2020-03-09	positive_evidence	HuRI:ENSG00000135111:ENSG00000227151	ENSG00000135111	ENSG00000227151	accepted	multiple_reviewed_human_targets	unresolved_endpoint
HuRI	portal_2020-03-09	positive_evidence	HuRI:ENSG00000135111:ENSG00000229665	ENSG00000135111	ENSG00000229665	accepted	multiple_reviewed_human_targets	unresolved_endpoint
HuRI	portal_2020-03-09	positive_evidence	HuRI:ENSG00000135111:ENSG00000234278	ENSG00000135111	ENSG00000234278	accepted	multiple_reviewed_human_targets	unresolved_endpoint
HuRI	portal_2020-03-09	positive_evidence	HuRI:ENSG00000135124:ENSG00000264343	ENSG00000135124	ENSG00000264343	accepted	multiple_reviewed_human_targets	unresolved_endpoint
HuRI	portal_2020-03-09	positive_evidence	HuRI:ENSG00000135250:ENSG00000204918	ENSG00000135250	ENSG00000204918	accepted	multiple_reviewed_human_targets	unresolved_endpoint
HuRI	portal_2020-03-09	positive_evidence	HuRI:ENSG00000135250:ENSG00000204919	ENSG00000135250	ENSG00000204919	accepted	multiple_reviewed_human_targets	unresolved_endpoint
HuRI	portal_2020-03-09	positive_evidence	HuRI:ENSG00000135250:ENSG00000227151	ENSG00000135250	ENSG00000227151	accepted	multiple_reviewed_human_targets	unresolved_endpoint
HuRI	portal_2020-03-09	positive_evidence	HuRI:ENSG00000135250:ENSG00000229665	ENSG00000135250	ENSG00000229665	accepted	multiple_reviewed_human_targets	unresolved_endpoint
HuRI	portal_2020-03-09	positive_evidence	HuRI:ENSG00000135250:ENSG00000234278	ENSG00000135250	ENSG00000234278	accepted	multiple_reviewed_human_targets	unresolved_endpoint
HuRI	portal_2020-03-09	positive_evidence	HuRI:ENSG00000135451:ENSG00000264343	ENSG00000135451	ENSG00000264343	accepted	multiple_reviewed_human_targets	unresolved_endpoint
HuRI	portal_2020-03-09	positive_evidence	HuRI:ENSG00000135482:ENSG00000204918	ENSG00000135482	ENSG00000204918	accepted	multiple_reviewed_human_targets	unresolved_endpoint
HuRI	portal_2020-03-09	positive_evidence	HuRI:ENSG00000135482:ENSG00000204919	ENSG00000135482	ENSG00000204919	accepted	multiple_reviewed_human_targets	unresolved_endpoint
HuRI	portal_2020-03-09	positive_evidence	HuRI:ENSG00000135482:ENSG00000222047	ENSG00000135482	ENSG00000222047	accepted	unmapped_in_pinned_uniprot_release	unresolved_endpoint
HuRI	portal_2020-03-09	positive_evidence	HuRI:ENSG00000135482:ENSG00000227151	ENSG00000135482	ENSG00000227151	accepted	multiple_reviewed_human_targets	unresolved_endpoint
HuRI	portal_2020-03-09	positive_evidence	HuRI:ENSG00000135482:ENSG00000229665	ENSG00000135482	ENSG00000229665	accepted	multiple_reviewed_human_targets	unresolved_endpoint
HuRI	portal_2020-03-09	positive_evidence	HuRI:ENSG00000135482:ENSG00000234278	ENSG00000135482	ENSG00000234278	accepted	multiple_reviewed_human_targets	unresolved_endpoint
HuRI	portal_2020-03-09	positive_evidence	HuRI:ENSG00000135535:ENSG00000264343	ENSG00000135535	ENSG00000264343	accepted	multiple_reviewed_human_targets	unresolved_endpoint
HuRI	portal_2020-03-09	positive_evidence	HuRI:ENSG00000136305:ENSG00000186493	ENSG00000136305	ENSG00000186493	accepted	unmapped_in_pinned_uniprot_release	unresolved_endpoint
HuRI	portal_2020-03-09	positive_evidence	HuRI:ENSG00000136305:ENSG00000250486	ENSG00000136305	ENSG00000250486	accepted	unmapped_in_pinned_uniprot_release	unresolved_endpoint
HuRI	portal_2020-03-09	positive_evidence	HuRI:ENSG00000136451:ENSG00000182230	ENSG00000136451	ENSG00000182230	accepted	unmapped_in_pinned_uniprot_release	unresolved_endpoint
HuRI	portal_2020-03-09	positive_evidence	HuRI:ENSG00000136451:ENSG00000204918	ENSG00000136451	ENSG00000204918	accepted	multiple_reviewed_human_targets	unresolved_endpoint
HuRI	portal_2020-03-09	positive_evidence	HuRI:ENSG00000136451:ENSG00000204919	ENSG00000136451	ENSG00000204919	accepted	multiple_reviewed_human_targets	unresolved_endpoint
HuRI	portal_2020-03-09	positive_evidence	HuRI:ENSG00000136451:ENSG00000215271	ENSG00000136451	ENSG00000215271	accepted	unmapped_in_pinned_uniprot_release	unresolved_endpoint
HuRI	portal_2020-03-09	positive_evidence	HuRI:ENSG00000136451:ENSG00000222047	ENSG00000136451	ENSG00000222047	accepted	unmapped_in_pinned_uniprot_release	unresolved_endpoint
HuRI	portal_2020-03-09	positive_evidence	HuRI:ENSG00000136451:ENSG00000227151	ENSG00000136451	ENSG00000227151	accepted	multiple_reviewed_human_targets	unresolved_endpoint
HuRI	portal_2020-03-09	positive_evidence	HuRI:ENSG00000136451:ENSG00000229665	ENSG00000136451	ENSG00000229665	accepted	multiple_reviewed_human_targets	unresolved_endpoint
HuRI	portal_2020-03-09	positive_evidence	HuRI:ENSG00000136451:ENSG00000234278	ENSG00000136451	ENSG00000234278	accepted	multiple_reviewed_human_targets	unresolved_endpoint
HuRI	portal_2020-03-09	positive_evidence	HuRI:ENSG00000136527:ENSG00000275895	ENSG00000136527	ENSG00000275895	accepted	unmapped_in_pinned_uniprot_release	unresolved_endpoint
HuRI	portal_2020-03-09	positive_evidence	HuRI:ENSG00000136630:ENSG00000204918	ENSG00000136630	ENSG00000204918	accepted	multiple_reviewed_human_targets	unresolved_endpoint
HuRI	portal_2020-03-09	positive_evidence	HuRI:ENSG00000136630:ENSG00000204919	ENSG00000136630	ENSG00000204919	accepted	multiple_reviewed_human_targets	unresolved_endpoint
HuRI	portal_2020-03-09	positive_evidence	HuRI:ENSG00000136630:ENSG00000227151	ENSG00000136630	ENSG00000227151	accepted	multiple_reviewed_human_targets	unresolved_endpoint
HuRI	portal_2020-03-09	positive_evidence	HuRI:ENSG00000136630:ENSG00000229665	ENSG00000136630	ENSG00000229665	accepted	multiple_reviewed_human_targets	unresolved_endpoint
HuRI	portal_2020-03-09	positive_evidence	HuRI:ENSG00000136630:ENSG00000234278	ENSG00000136630	ENSG00000234278	accepted	multiple_reviewed_human_targets	unresolved_endpoint
HuRI	portal_2020-03-09	positive_evidence	HuRI:ENSG00000136634:ENSG00000264343	ENSG00000136634	ENSG00000264343	accepted	multiple_reviewed_human_targets	unresolved_endpoint
HuRI	portal_2020-03-09	positive_evidence	HuRI:ENSG00000137073:ENSG00000222047	ENSG00000137073	ENSG00000222047	accepted	unmapped_in_pinned_uniprot_release	unresolved_endpoint
HuRI	portal_2020-03-09	positive_evidence	HuRI:ENSG00000137210:ENSG00000231887	ENSG00000137210	ENSG00000231887	accepted	multiple_or_cross_species_targets_without_unique_human_mapping	unresolved_endpoint
HuRI	portal_2020-03-09	positive_evidence	HuRI:ENSG00000137218:ENSG00000174370	ENSG00000137218	ENSG00000174370	accepted	unmapped_in_pinned_uniprot_release	unresolved_endpoint
HuRI	portal_2020-03-09	positive_evidence	HuRI:ENSG00000137218:ENSG00000254827	ENSG00000137218	ENSG00000254827	accepted	unmapped_in_pinned_uniprot_release	unresolved_endpoint
HuRI	portal_2020-03-09	positive_evidence	HuRI:ENSG00000137218:ENSG00000264343	ENSG00000137218	ENSG00000264343	accepted	multiple_reviewed_human_targets	unresolved_endpoint
HuRI	portal_2020-03-09	positive_evidence	HuRI:ENSG00000137288:ENSG00000196459	ENSG00000137288	ENSG00000196459	accepted	multiple_reviewed_human_targets	unresolved_endpoint
HuRI	portal_2020-03-09	positive_evidence	HuRI:ENSG00000137288:ENSG00000256060	ENSG00000137288	ENSG00000256060	accepted	multiple_reviewed_human_targets	unresolved_endpoint
HuRI	portal_2020-03-09	positive_evidence	HuRI:ENSG00000137561:ENSG00000188100	ENSG00000137561	ENSG00000188100	accepted	multiple_reviewed_human_targets	unresolved_endpoint
HuRI	portal_2020-03-09	positive_evidence	HuRI:ENSG00000137561:ENSG00000189090	ENSG00000137561	ENSG00000189090	accepted	multiple_reviewed_human_targets	unresolved_endpoint
HuRI	portal_2020-03-09	positive_evidence	HuRI:ENSG00000137561:ENSG00000212724	ENSG00000137561	ENSG00000212724	accepted	multiple_reviewed_human_targets	unresolved_endpoint
HuRI	portal_2020-03-09	positive_evidence	HuRI:ENSG00000137561:ENSG00000213417	ENSG00000137561	ENSG00000213417	accepted	multiple_reviewed_human_targets	unresolved_endpoint
HuRI	portal_2020-03-09	positive_evidence	HuRI:ENSG00000137561:ENSG00000264343	ENSG00000137561	ENSG00000264343	accepted	multiple_reviewed_human_targets	unresolved_endpoint
HuRI	portal_2020-03-09	positive_evidence	HuRI:ENSG00000137561:ENSG00000276430	ENSG00000137561	ENSG00000276430	accepted	multiple_reviewed_human_targets	unresolved_endpoint
HuRI	portal_2020-03-09	positive_evidence	HuRI:ENSG00000137575:ENSG00000143933	ENSG00000137575	ENSG00000143933	accepted	multiple_reviewed_human_targets	unresolved_endpoint
HuRI	portal_2020-03-09	positive_evidence	HuRI:ENSG00000137575:ENSG00000152133	ENSG00000137575	ENSG00000152133	accepted	multiple_or_cross_species_targets_without_unique_human_mapping	unresolved_endpoint
HuRI	portal_2020-03-09	positive_evidence	HuRI:ENSG00000137575:ENSG00000160014	ENSG00000137575	ENSG00000160014	accepted	multiple_reviewed_human_targets	unresolved_endpoint
HuRI	portal_2020-03-09	positive_evidence	HuRI:ENSG00000137575:ENSG00000198668	ENSG00000137575	ENSG00000198668	accepted	multiple_reviewed_human_targets	unresolved_endpoint
HuRI	portal_2020-03-09	positive_evidence	HuRI:ENSG00000137575:ENSG00000215271	ENSG00000137575	ENSG00000215271	accepted	unmapped_in_pinned_uniprot_release	unresolved_endpoint
HuRI	portal_2020-03-09	positive_evidence	HuRI:ENSG00000137575:ENSG00000276076	ENSG00000137575	ENSG00000276076	accepted	unmapped_in_pinned_uniprot_release	unresolved_endpoint
HuRI	portal_2020-03-09	positive_evidence	HuRI:ENSG00000137764:ENSG00000221972	ENSG00000137764	ENSG00000221972	accepted	unmapped_in_pinned_uniprot_release	unresolved_endpoint
HuRI	portal_2020-03-09	positive_evidence	HuRI:ENSG00000137802:ENSG00000264343	ENSG00000137802	ENSG00000264343	accepted	multiple_reviewed_human_targets	unresolved_endpoint
HuRI	portal_2020-03-09	positive_evidence	HuRI:ENSG00000138100:ENSG00000174428	ENSG00000138100	ENSG00000174428	accepted	multiple_reviewed_human_targets	unresolved_endpoint
HuRI	portal_2020-03-09	positive_evidence	HuRI:ENSG00000138100:ENSG00000282034	ENSG00000138100	ENSG00000282034	accepted	multiple_or_cross_species_targets_without_unique_human_mapping	unresolved_endpoint
HuRI	portal_2020-03-09	positive_evidence	HuRI:ENSG00000138111:ENSG00000264343	ENSG00000138111	ENSG00000264343	accepted	multiple_reviewed_human_targets	unresolved_endpoint
HuRI	portal_2020-03-09	positive_evidence	HuRI:ENSG00000138443:ENSG00000204918	ENSG00000138443	ENSG00000204918	accepted	multiple_reviewed_human_targets	unresolved_endpoint
HuRI	portal_2020-03-09	positive_evidence	HuRI:ENSG00000138443:ENSG00000204919	ENSG00000138443	ENSG00000204919	accepted	multiple_reviewed_human_targets	unresolved_endpoint
HuRI	portal_2020-03-09	positive_evidence	HuRI:ENSG00000138443:ENSG00000227151	ENSG00000138443	ENSG00000227151	accepted	multiple_reviewed_human_targets	unresolved_endpoint
HuRI	portal_2020-03-09	positive_evidence	HuRI:ENSG00000138443:ENSG00000229665	ENSG00000138443	ENSG00000229665	accepted	multiple_reviewed_human_targets	unresolved_endpoint
HuRI	portal_2020-03-09	positive_evidence	HuRI:ENSG00000138443:ENSG00000234278	ENSG00000138443	ENSG00000234278	accepted	multiple_reviewed_human_targets	unresolved_endpoint
HuRI	portal_2020-03-09	positive_evidence	HuRI:ENSG00000138964:ENSG00000215271	ENSG00000138964	ENSG00000215271	accepted	unmapped_in_pinned_uniprot_release	unresolved_endpoint
HuRI	portal_2020-03-09	positive_evidence	HuRI:ENSG00000139192:ENSG00000264343	ENSG00000139192	ENSG00000264343	accepted	multiple_reviewed_human_targets	unresolved_endpoint
HuRI	portal_2020-03-09	positive_evidence	HuRI:ENSG00000139289:ENSG00000212724	ENSG00000139289	ENSG00000212724	accepted	multiple_reviewed_human_targets	unresolved_endpoint
HuRI	portal_2020-03-09	positive_evidence	HuRI:ENSG00000139289:ENSG00000213417	ENSG00000139289	ENSG00000213417	accepted	multiple_reviewed_human_targets	unresolved_endpoint
HuRI	portal_2020-03-09	positive_evidence	HuRI:ENSG00000139289:ENSG00000264343	ENSG00000139289	ENSG00000264343	accepted	multiple_reviewed_human_targets	unresolved_endpoint
HuRI	portal_2020-03-09	positive_evidence	HuRI:ENSG00000139656:ENSG00000188021	ENSG00000139656	ENSG00000188021	unmapped_in_pinned_uniprot_release	accepted	unresolved_endpoint
HuRI	portal_2020-03-09	positive_evidence	HuRI:ENSG00000139767:ENSG00000212643	ENSG00000139767	ENSG00000212643	accepted	unmapped_in_pinned_uniprot_release	unresolved_endpoint
HuRI	portal_2020-03-09	positive_evidence	HuRI:ENSG00000139767:ENSG00000275895	ENSG00000139767	ENSG00000275895	accepted	unmapped_in_pinned_uniprot_release	unresolved_endpoint
HuRI	portal_2020-03-09	positive_evidence	HuRI:ENSG00000140264:ENSG00000204918	ENSG00000140264	ENSG00000204918	accepted	multiple_reviewed_human_targets	unresolved_endpoint
HuRI	portal_2020-03-09	positive_evidence	HuRI:ENSG00000140264:ENSG00000204919	ENSG00000140264	ENSG00000204919	accepted	multiple_reviewed_human_targets	unresolved_endpoint
HuRI	portal_2020-03-09	positive_evidence	HuRI:ENSG00000140264:ENSG00000227151	ENSG00000140264	ENSG00000227151	accepted	multiple_reviewed_human_targets	unresolved_endpoint
HuRI	portal_2020-03-09	positive_evidence	HuRI:ENSG00000140264:ENSG00000229665	ENSG00000140264	ENSG00000229665	accepted	multiple_reviewed_human_targets	unresolved_endpoint
HuRI	portal_2020-03-09	positive_evidence	HuRI:ENSG00000140264:ENSG00000234278	ENSG00000140264	ENSG00000234278	accepted	multiple_reviewed_human_targets	unresolved_endpoint
HuRI	portal_2020-03-09	positive_evidence	HuRI:ENSG00000140320:ENSG00000212724	ENSG00000140320	ENSG00000212724	accepted	multiple_reviewed_human_targets	unresolved_endpoint
HuRI	portal_2020-03-09	positive_evidence	HuRI:ENSG00000140320:ENSG00000213417	ENSG00000140320	ENSG00000213417	accepted	multiple_reviewed_human_targets	unresolved_endpoint
HuRI	portal_2020-03-09	positive_evidence	HuRI:ENSG00000140807:ENSG00000212724	ENSG00000140807	ENSG00000212724	accepted	multiple_reviewed_human_targets	unresolved_endpoint
HuRI	portal_2020-03-09	positive_evidence	HuRI:ENSG00000140807:ENSG00000213417	ENSG00000140807	ENSG00000213417	accepted	multiple_reviewed_human_targets	unresolved_endpoint
HuRI	portal_2020-03-09	positive_evidence	HuRI:ENSG00000140859:ENSG00000215271	ENSG00000140859	ENSG00000215271	accepted	unmapped_in_pinned_uniprot_release	unresolved_endpoint
HuRI	portal_2020-03-09	positive_evidence	HuRI:ENSG00000140948:ENSG00000204918	ENSG00000140948	ENSG00000204918	accepted	multiple_reviewed_human_targets	unresolved_endpoint
HuRI	portal_2020-03-09	positive_evidence	HuRI:ENSG00000140948:ENSG00000204919	ENSG00000140948	ENSG00000204919	accepted	multiple_reviewed_human_targets	unresolved_endpoint
HuRI	portal_2020-03-09	positive_evidence	HuRI:ENSG00000140948:ENSG00000227151	ENSG00000140948	ENSG00000227151	accepted	multiple_reviewed_human_targets	unresolved_endpoint
HuRI	portal_2020-03-09	positive_evidence	HuRI:ENSG00000140948:ENSG00000229665	ENSG00000140948	ENSG00000229665	accepted	multiple_reviewed_human_targets	unresolved_endpoint
HuRI	portal_2020-03-09	positive_evidence	HuRI:ENSG00000140948:ENSG00000234278	ENSG00000140948	ENSG00000234278	accepted	multiple_reviewed_human_targets	unresolved_endpoint
HuRI	portal_2020-03-09	positive_evidence	HuRI:ENSG00000140961:ENSG00000215271	ENSG00000140961	ENSG00000215271	accepted	unmapped_in_pinned_uniprot_release	unresolved_endpoint
HuRI	portal_2020-03-09	positive_evidence	HuRI:ENSG00000141013:ENSG00000215271	ENSG00000141013	ENSG00000215271	accepted	unmapped_in_pinned_uniprot_release	unresolved_endpoint
HuRI	portal_2020-03-09	positive_evidence	HuRI:ENSG00000141570:ENSG00000215271	ENSG00000141570	ENSG00000215271	accepted	unmapped_in_pinned_uniprot_release	unresolved_endpoint
HuRI	portal_2020-03-09	positive_evidence	HuRI:ENSG00000141985:ENSG00000248405	ENSG00000141985	ENSG00000248405	accepted	multiple_or_cross_species_targets_without_unique_human_mapping	unresolved_endpoint
HuRI	portal_2020-03-09	positive_evidence	HuRI:ENSG00000142396:ENSG00000156735	ENSG00000142396	ENSG00000156735	multiple_or_cross_species_targets_without_unique_human_mapping	accepted	unresolved_endpoint
HuRI	portal_2020-03-09	positive_evidence	HuRI:ENSG00000142698:ENSG00000204918	ENSG00000142698	ENSG00000204918	accepted	multiple_reviewed_human_targets	unresolved_endpoint
HuRI	portal_2020-03-09	positive_evidence	HuRI:ENSG00000142698:ENSG00000204919	ENSG00000142698	ENSG00000204919	accepted	multiple_reviewed_human_targets	unresolved_endpoint
HuRI	portal_2020-03-09	positive_evidence	HuRI:ENSG00000142698:ENSG00000227151	ENSG00000142698	ENSG00000227151	accepted	multiple_reviewed_human_targets	unresolved_endpoint
HuRI	portal_2020-03-09	positive_evidence	HuRI:ENSG00000142698:ENSG00000229665	ENSG00000142698	ENSG00000229665	accepted	multiple_reviewed_human_targets	unresolved_endpoint
HuRI	portal_2020-03-09	positive_evidence	HuRI:ENSG00000142698:ENSG00000234278	ENSG00000142698	ENSG00000234278	accepted	multiple_reviewed_human_targets	unresolved_endpoint
HuRI	portal_2020-03-09	positive_evidence	HuRI:ENSG00000143190:ENSG00000204918	ENSG00000143190	ENSG00000204918	accepted	multiple_reviewed_human_targets	unresolved_endpoint
HuRI	portal_2020-03-09	positive_evidence	HuRI:ENSG00000143190:ENSG00000204919	ENSG00000143190	ENSG00000204919	accepted	multiple_reviewed_human_targets	unresolved_endpoint
HuRI	portal_2020-03-09	positive_evidence	HuRI:ENSG00000143190:ENSG00000227151	ENSG00000143190	ENSG00000227151	accepted	multiple_reviewed_human_targets	unresolved_endpoint
HuRI	portal_2020-03-09	positive_evidence	HuRI:ENSG00000143190:ENSG00000229665	ENSG00000143190	ENSG00000229665	accepted	multiple_reviewed_human_targets	unresolved_endpoint
HuRI	portal_2020-03-09	positive_evidence	HuRI:ENSG00000143190:ENSG00000234278	ENSG00000143190	ENSG00000234278	accepted	multiple_reviewed_human_targets	unresolved_endpoint
HuRI	portal_2020-03-09	positive_evidence	HuRI:ENSG00000143374:ENSG00000215271	ENSG00000143374	ENSG00000215271	accepted	unmapped_in_pinned_uniprot_release	unresolved_endpoint
HuRI	portal_2020-03-09	positive_evidence	HuRI:ENSG00000143382:ENSG00000264343	ENSG00000143382	ENSG00000264343	accepted	multiple_reviewed_human_targets	unresolved_endpoint
HuRI	portal_2020-03-09	positive_evidence	HuRI:ENSG00000143442:ENSG00000204918	ENSG00000143442	ENSG00000204918	accepted	multiple_reviewed_human_targets	unresolved_endpoint
HuRI	portal_2020-03-09	positive_evidence	HuRI:ENSG00000143442:ENSG00000204919	ENSG00000143442	ENSG00000204919	accepted	multiple_reviewed_human_targets	unresolved_endpoint
HuRI	portal_2020-03-09	positive_evidence	HuRI:ENSG00000143442:ENSG00000222047	ENSG00000143442	ENSG00000222047	accepted	unmapped_in_pinned_uniprot_release	unresolved_endpoint
HuRI	portal_2020-03-09	positive_evidence	HuRI:ENSG00000143442:ENSG00000227151	ENSG00000143442	ENSG00000227151	accepted	multiple_reviewed_human_targets	unresolved_endpoint
HuRI	portal_2020-03-09	positive_evidence	HuRI:ENSG00000143442:ENSG00000229665	ENSG00000143442	ENSG00000229665	accepted	multiple_reviewed_human_targets	unresolved_endpoint
HuRI	portal_2020-03-09	positive_evidence	HuRI:ENSG00000143442:ENSG00000234278	ENSG00000143442	ENSG00000234278	accepted	multiple_reviewed_human_targets	unresolved_endpoint
HuRI	portal_2020-03-09	positive_evidence	HuRI:ENSG00000143556:ENSG00000197364	ENSG00000143556	ENSG00000197364	accepted	unmapped_in_pinned_uniprot_release	unresolved_endpoint
HuRI	portal_2020-03-09	positive_evidence	HuRI:ENSG00000143933:ENSG00000145358	ENSG00000143933	ENSG00000145358	multiple_reviewed_human_targets	accepted	unresolved_endpoint
HuRI	portal_2020-03-09	positive_evidence	HuRI:ENSG00000143933:ENSG00000152359	ENSG00000143933	ENSG00000152359	multiple_reviewed_human_targets	accepted	unresolved_endpoint
HuRI	portal_2020-03-09	positive_evidence	HuRI:ENSG00000143933:ENSG00000162814	ENSG00000143933	ENSG00000162814	multiple_reviewed_human_targets	accepted	unresolved_endpoint
HuRI	portal_2020-03-09	positive_evidence	HuRI:ENSG00000143933:ENSG00000165802	ENSG00000143933	ENSG00000165802	multiple_reviewed_human_targets	accepted	unresolved_endpoint
HuRI	portal_2020-03-09	positive_evidence	HuRI:ENSG00000143933:ENSG00000166323	ENSG00000143933	ENSG00000166323	multiple_reviewed_human_targets	accepted	unresolved_endpoint
HuRI	portal_2020-03-09	positive_evidence	HuRI:ENSG00000143933:ENSG00000169548	ENSG00000143933	ENSG00000169548	multiple_reviewed_human_targets	accepted	unresolved_endpoint
HuRI	portal_2020-03-09	positive_evidence	HuRI:ENSG00000144339:ENSG00000264343	ENSG00000144339	ENSG00000264343	accepted	multiple_reviewed_human_targets	unresolved_endpoint
HuRI	portal_2020-03-09	positive_evidence	HuRI:ENSG00000144681:ENSG00000264343	ENSG00000144681	ENSG00000264343	accepted	multiple_reviewed_human_targets	unresolved_endpoint
HuRI	portal_2020-03-09	positive_evidence	HuRI:ENSG00000144749:ENSG00000270136	ENSG00000144749	ENSG00000270136	accepted	multiple_or_cross_species_targets_without_unique_human_mapping	unresolved_endpoint
HuRI	portal_2020-03-09	positive_evidence	HuRI:ENSG00000144810:ENSG00000158483	ENSG00000144810	ENSG00000158483	accepted	unmapped_in_pinned_uniprot_release	unresolved_endpoint
HuRI	portal_2020-03-09	positive_evidence	HuRI:ENSG00000144810:ENSG00000185594	ENSG00000144810	ENSG00000185594	accepted	unmapped_in_pinned_uniprot_release	unresolved_endpoint
HuRI	portal_2020-03-09	positive_evidence	HuRI:ENSG00000144810:ENSG00000264343	ENSG00000144810	ENSG00000264343	accepted	multiple_reviewed_human_targets	unresolved_endpoint
HuRI	portal_2020-03-09	positive_evidence	HuRI:ENSG00000145029:ENSG00000196459	ENSG00000145029	ENSG00000196459	accepted	multiple_reviewed_human_targets	unresolved_endpoint
HuRI	portal_2020-03-09	positive_evidence	HuRI:ENSG00000145029:ENSG00000256060	ENSG00000145029	ENSG00000256060	accepted	multiple_reviewed_human_targets	unresolved_endpoint
HuRI	portal_2020-03-09	positive_evidence	HuRI:ENSG00000145214:ENSG00000264343	ENSG00000145214	ENSG00000264343	accepted	multiple_reviewed_human_targets	unresolved_endpoint
HuRI	portal_2020-03-09	positive_evidence	HuRI:ENSG00000145358:ENSG00000160014	ENSG00000145358	ENSG00000160014	accepted	multiple_reviewed_human_targets	unresolved_endpoint
HuRI	portal_2020-03-09	positive_evidence	HuRI:ENSG00000145358:ENSG00000198668	ENSG00000145358	ENSG00000198668	accepted	multiple_reviewed_human_targets	unresolved_endpoint
HuRI	portal_2020-03-09	positive_evidence	HuRI:ENSG00000145982:ENSG00000215271	ENSG00000145982	ENSG00000215271	accepted	unmapped_in_pinned_uniprot_release	unresolved_endpoint
HuRI	portal_2020-03-09	positive_evidence	HuRI:ENSG00000146592:ENSG00000212724	ENSG00000146592	ENSG00000212724	accepted	multiple_reviewed_human_targets	unresolved_endpoint
HuRI	portal_2020-03-09	positive_evidence	HuRI:ENSG00000146592:ENSG00000213417	ENSG00000146592	ENSG00000213417	accepted	multiple_reviewed_human_targets	unresolved_endpoint
HuRI	portal_2020-03-09	positive_evidence	HuRI:ENSG00000146592:ENSG00000264343	ENSG00000146592	ENSG00000264343	accepted	multiple_reviewed_human_targets	unresolved_endpoint
HuRI	portal_2020-03-09	positive_evidence	HuRI:ENSG00000146826:ENSG00000264343	ENSG00000146826	ENSG00000264343	accepted	multiple_reviewed_human_targets	unresolved_endpoint
HuRI	portal_2020-03-09	positive_evidence	HuRI:ENSG00000147223:ENSG00000204918	ENSG00000147223	ENSG00000204918	accepted	multiple_reviewed_human_targets	unresolved_endpoint
HuRI	portal_2020-03-09	positive_evidence	HuRI:ENSG00000147223:ENSG00000204919	ENSG00000147223	ENSG00000204919	accepted	multiple_reviewed_human_targets	unresolved_endpoint
HuRI	portal_2020-03-09	positive_evidence	HuRI:ENSG00000147223:ENSG00000227151	ENSG00000147223	ENSG00000227151	accepted	multiple_reviewed_human_targets	unresolved_endpoint
HuRI	portal_2020-03-09	positive_evidence	HuRI:ENSG00000147223:ENSG00000229665	ENSG00000147223	ENSG00000229665	accepted	multiple_reviewed_human_targets	unresolved_endpoint
HuRI	portal_2020-03-09	positive_evidence	HuRI:ENSG00000147223:ENSG00000234278	ENSG00000147223	ENSG00000234278	accepted	multiple_reviewed_human_targets	unresolved_endpoint
HuRI	portal_2020-03-09	positive_evidence	HuRI:ENSG00000147536:ENSG00000275993	ENSG00000147536	ENSG00000275993	accepted	unmapped_in_pinned_uniprot_release	unresolved_endpoint
HuRI	portal_2020-03-09	positive_evidence	HuRI:ENSG00000147571:ENSG00000264343	ENSG00000147571	ENSG00000264343	accepted	multiple_reviewed_human_targets	unresolved_endpoint
HuRI	portal_2020-03-09	positive_evidence	HuRI:ENSG00000147679:ENSG00000264343	ENSG00000147679	ENSG00000264343	accepted	multiple_reviewed_human_targets	unresolved_endpoint
HuRI	portal_2020-03-09	positive_evidence	HuRI:ENSG00000147996:ENSG00000165724	ENSG00000147996	ENSG00000165724	multiple_reviewed_human_targets	accepted	unresolved_endpoint
HuRI	portal_2020-03-09	positive_evidence	HuRI:ENSG00000148331:ENSG00000215271	ENSG00000148331	ENSG00000215271	accepted	unmapped_in_pinned_uniprot_release	unresolved_endpoint
HuRI	portal_2020-03-09	positive_evidence	HuRI:ENSG00000148346:ENSG00000188100	ENSG00000148346	ENSG00000188100	accepted	multiple_reviewed_human_targets	unresolved_endpoint
HuRI	portal_2020-03-09	positive_evidence	HuRI:ENSG00000148346:ENSG00000189090	ENSG00000148346	ENSG00000189090	accepted	multiple_reviewed_human_targets	unresolved_endpoint
HuRI	portal_2020-03-09	positive_evidence	HuRI:ENSG00000148346:ENSG00000276430	ENSG00000148346	ENSG00000276430	accepted	multiple_reviewed_human_targets	unresolved_endpoint
HuRI	portal_2020-03-09	positive_evidence	HuRI:ENSG00000148737:ENSG00000204918	ENSG00000148737	ENSG00000204918	accepted	multiple_reviewed_human_targets	unresolved_endpoint
HuRI	portal_2020-03-09	positive_evidence	HuRI:ENSG00000148737:ENSG00000204919	ENSG00000148737	ENSG00000204919	accepted	multiple_reviewed_human_targets	unresolved_endpoint
HuRI	portal_2020-03-09	positive_evidence	HuRI:ENSG00000148737:ENSG00000227151	ENSG00000148737	ENSG00000227151	accepted	multiple_reviewed_human_targets	unresolved_endpoint
HuRI	portal_2020-03-09	positive_evidence	HuRI:ENSG00000148737:ENSG00000229665	ENSG00000148737	ENSG00000229665	accepted	multiple_reviewed_human_targets	unresolved_endpoint
HuRI	portal_2020-03-09	positive_evidence	HuRI:ENSG00000148737:ENSG00000234278	ENSG00000148737	ENSG00000234278	accepted	multiple_reviewed_human_targets	unresolved_endpoint
HuRI	portal_2020-03-09	positive_evidence	HuRI:ENSG00000148848:ENSG00000264343	ENSG00000148848	ENSG00000264343	accepted	multiple_reviewed_human_targets	unresolved_endpoint
HuRI	portal_2020-03-09	positive_evidence	HuRI:ENSG00000149124:ENSG00000264343	ENSG00000149124	ENSG00000264343	accepted	multiple_reviewed_human_targets	unresolved_endpoint
HuRI	portal_2020-03-09	positive_evidence	HuRI:ENSG00000149243:ENSG00000188100	ENSG00000149243	ENSG00000188100	accepted	multiple_reviewed_human_targets	unresolved_endpoint
HuRI	portal_2020-03-09	positive_evidence	HuRI:ENSG00000149243:ENSG00000189090	ENSG00000149243	ENSG00000189090	accepted	multiple_reviewed_human_targets	unresolved_endpoint
HuRI	portal_2020-03-09	positive_evidence	HuRI:ENSG00000149243:ENSG00000276430	ENSG00000149243	ENSG00000276430	accepted	multiple_reviewed_human_targets	unresolved_endpoint
HuRI	portal_2020-03-09	positive_evidence	HuRI:ENSG00000149451:ENSG00000215790	ENSG00000149451	ENSG00000215790	accepted	unmapped_in_pinned_uniprot_release	unresolved_endpoint
HuRI	portal_2020-03-09	positive_evidence	HuRI:ENSG00000149532:ENSG00000161981	ENSG00000149532	ENSG00000161981	accepted	multiple_or_cross_species_targets_without_unique_human_mapping	unresolved_endpoint
HuRI	portal_2020-03-09	positive_evidence	HuRI:ENSG00000149922:ENSG00000204918	ENSG00000149922	ENSG00000204918	accepted	multiple_reviewed_human_targets	unresolved_endpoint
HuRI	portal_2020-03-09	positive_evidence	HuRI:ENSG00000149922:ENSG00000204919	ENSG00000149922	ENSG00000204919	accepted	multiple_reviewed_human_targets	unresolved_endpoint
HuRI	portal_2020-03-09	positive_evidence	HuRI:ENSG00000149922:ENSG00000222047	ENSG00000149922	ENSG00000222047	accepted	unmapped_in_pinned_uniprot_release	unresolved_endpoint
HuRI	portal_2020-03-09	positive_evidence	HuRI:ENSG00000149922:ENSG00000227151	ENSG00000149922	ENSG00000227151	accepted	multiple_reviewed_human_targets	unresolved_endpoint
HuRI	portal_2020-03-09	positive_evidence	HuRI:ENSG00000149922:ENSG00000229665	ENSG00000149922	ENSG00000229665	accepted	multiple_reviewed_human_targets	unresolved_endpoint
HuRI	portal_2020-03-09	positive_evidence	HuRI:ENSG00000149922:ENSG00000234278	ENSG00000149922	ENSG00000234278	accepted	multiple_reviewed_human_targets	unresolved_endpoint
HuRI	portal_2020-03-09	positive_evidence	HuRI:ENSG00000151338:ENSG00000282034	ENSG00000151338	ENSG00000282034	accepted	multiple_or_cross_species_targets_without_unique_human_mapping	unresolved_endpoint
HuRI	portal_2020-03-09	positive_evidence	HuRI:ENSG00000151615:ENSG00000158483	ENSG00000151615	ENSG00000158483	accepted	unmapped_in_pinned_uniprot_release	unresolved_endpoint
HuRI	portal_2020-03-09	positive_evidence	HuRI:ENSG00000151650:ENSG00000158483	ENSG00000151650	ENSG00000158483	accepted	unmapped_in_pinned_uniprot_release	unresolved_endpoint
HuRI	portal_2020-03-09	positive_evidence	HuRI:ENSG00000151650:ENSG00000204918	ENSG00000151650	ENSG00000204918	accepted	multiple_reviewed_human_targets	unresolved_endpoint
HuRI	portal_2020-03-09	positive_evidence	HuRI:ENSG00000151650:ENSG00000204919	ENSG00000151650	ENSG00000204919	accepted	multiple_reviewed_human_targets	unresolved_endpoint
HuRI	portal_2020-03-09	positive_evidence	HuRI:ENSG00000151650:ENSG00000222047	ENSG00000151650	ENSG00000222047	accepted	unmapped_in_pinned_uniprot_release	unresolved_endpoint
HuRI	portal_2020-03-09	positive_evidence	HuRI:ENSG00000151650:ENSG00000227151	ENSG00000151650	ENSG00000227151	accepted	multiple_reviewed_human_targets	unresolved_endpoint
HuRI	portal_2020-03-09	positive_evidence	HuRI:ENSG00000151650:ENSG00000229665	ENSG00000151650	ENSG00000229665	accepted	multiple_reviewed_human_targets	unresolved_endpoint
HuRI	portal_2020-03-09	positive_evidence	HuRI:ENSG00000151650:ENSG00000234278	ENSG00000151650	ENSG00000234278	accepted	multiple_reviewed_human_targets	unresolved_endpoint
HuRI	portal_2020-03-09	positive_evidence	HuRI:ENSG00000151923:ENSG00000204918	ENSG00000151923	ENSG00000204918	accepted	multiple_reviewed_human_targets	unresolved_endpoint
HuRI	portal_2020-03-09	positive_evidence	HuRI:ENSG00000151923:ENSG00000204919	ENSG00000151923	ENSG00000204919	accepted	multiple_reviewed_human_targets	unresolved_endpoint
HuRI	portal_2020-03-09	positive_evidence	HuRI:ENSG00000151923:ENSG00000222047	ENSG00000151923	ENSG00000222047	accepted	unmapped_in_pinned_uniprot_release	unresolved_endpoint
HuRI	portal_2020-03-09	positive_evidence	HuRI:ENSG00000151923:ENSG00000227151	ENSG00000151923	ENSG00000227151	accepted	multiple_reviewed_human_targets	unresolved_endpoint
HuRI	portal_2020-03-09	positive_evidence	HuRI:ENSG00000151923:ENSG00000229665	ENSG00000151923	ENSG00000229665	accepted	multiple_reviewed_human_targets	unresolved_endpoint
HuRI	portal_2020-03-09	positive_evidence	HuRI:ENSG00000151923:ENSG00000234278	ENSG00000151923	ENSG00000234278	accepted	multiple_reviewed_human_targets	unresolved_endpoint
HuRI	portal_2020-03-09	positive_evidence	HuRI:ENSG00000151929:ENSG00000182257	ENSG00000151929	ENSG00000182257	accepted	unmapped_in_pinned_uniprot_release	unresolved_endpoint
HuRI	portal_2020-03-09	positive_evidence	HuRI:ENSG00000152133:ENSG00000164185	ENSG00000152133	ENSG00000164185	multiple_or_cross_species_targets_without_unique_human_mapping	accepted	unresolved_endpoint
HuRI	portal_2020-03-09	positive_evidence	HuRI:ENSG00000152359:ENSG00000160014	ENSG00000152359	ENSG00000160014	accepted	multiple_reviewed_human_targets	unresolved_endpoint
HuRI	portal_2020-03-09	positive_evidence	HuRI:ENSG00000152359:ENSG00000198668	ENSG00000152359	ENSG00000198668	accepted	multiple_reviewed_human_targets	unresolved_endpoint
HuRI	portal_2020-03-09	positive_evidence	HuRI:ENSG00000152430:ENSG00000182257	ENSG00000152430	ENSG00000182257	accepted	unmapped_in_pinned_uniprot_release	unresolved_endpoint
HuRI	portal_2020-03-09	positive_evidence	HuRI:ENSG00000152430:ENSG00000187595	ENSG00000152430	ENSG00000187595	accepted	multiple_or_cross_species_targets_without_unique_human_mapping	unresolved_endpoint
HuRI	portal_2020-03-09	positive_evidence	HuRI:ENSG00000152475:ENSG00000264343	ENSG00000152475	ENSG00000264343	accepted	multiple_reviewed_human_targets	unresolved_endpoint
HuRI	portal_2020-03-09	positive_evidence	HuRI:ENSG00000152804:ENSG00000212724	ENSG00000152804	ENSG00000212724	accepted	multiple_reviewed_human_targets	unresolved_endpoint
HuRI	portal_2020-03-09	positive_evidence	HuRI:ENSG00000152804:ENSG00000213417	ENSG00000152804	ENSG00000213417	accepted	multiple_reviewed_human_targets	unresolved_endpoint
HuRI	portal_2020-03-09	positive_evidence	HuRI:ENSG00000152804:ENSG00000264343	ENSG00000152804	ENSG00000264343	accepted	multiple_reviewed_human_targets	unresolved_endpoint
HuRI	portal_2020-03-09	positive_evidence	HuRI:ENSG00000153048:ENSG00000264343	ENSG00000153048	ENSG00000264343	accepted	multiple_reviewed_human_targets	unresolved_endpoint
HuRI	portal_2020-03-09	positive_evidence	HuRI:ENSG00000153885:ENSG00000264343	ENSG00000153885	ENSG00000264343	accepted	multiple_reviewed_human_targets	unresolved_endpoint
HuRI	portal_2020-03-09	positive_evidence	HuRI:ENSG00000154328:ENSG00000215271	ENSG00000154328	ENSG00000215271	accepted	unmapped_in_pinned_uniprot_release	unresolved_endpoint
HuRI	portal_2020-03-09	positive_evidence	HuRI:ENSG00000154447:ENSG00000204918	ENSG00000154447	ENSG00000204918	accepted	multiple_reviewed_human_targets	unresolved_endpoint
HuRI	portal_2020-03-09	positive_evidence	HuRI:ENSG00000154447:ENSG00000204919	ENSG00000154447	ENSG00000204919	accepted	multiple_reviewed_human_targets	unresolved_endpoint
HuRI	portal_2020-03-09	positive_evidence	HuRI:ENSG00000154447:ENSG00000227151	ENSG00000154447	ENSG00000227151	accepted	multiple_reviewed_human_targets	unresolved_endpoint
HuRI	portal_2020-03-09	positive_evidence	HuRI:ENSG00000154447:ENSG00000229665	ENSG00000154447	ENSG00000229665	accepted	multiple_reviewed_human_targets	unresolved_endpoint
HuRI	portal_2020-03-09	positive_evidence	HuRI:ENSG00000154447:ENSG00000234278	ENSG00000154447	ENSG00000234278	accepted	multiple_reviewed_human_targets	unresolved_endpoint
HuRI	portal_2020-03-09	positive_evidence	HuRI:ENSG00000155755:ENSG00000251655	ENSG00000155755	ENSG00000251655	accepted	multiple_or_cross_species_targets_without_unique_human_mapping	unresolved_endpoint
HuRI	portal_2020-03-09	positive_evidence	HuRI:ENSG00000155890:ENSG00000212724	ENSG00000155890	ENSG00000212724	accepted	multiple_reviewed_human_targets	unresolved_endpoint
HuRI	portal_2020-03-09	positive_evidence	HuRI:ENSG00000155890:ENSG00000213417	ENSG00000155890	ENSG00000213417	accepted	multiple_reviewed_human_targets	unresolved_endpoint
HuRI	portal_2020-03-09	positive_evidence	HuRI:ENSG00000155890:ENSG00000264343	ENSG00000155890	ENSG00000264343	accepted	multiple_reviewed_human_targets	unresolved_endpoint
HuRI	portal_2020-03-09	positive_evidence	HuRI:ENSG00000156017:ENSG00000275895	ENSG00000156017	ENSG00000275895	accepted	unmapped_in_pinned_uniprot_release	unresolved_endpoint
HuRI	portal_2020-03-09	positive_evidence	HuRI:ENSG00000156218:ENSG00000212724	ENSG00000156218	ENSG00000212724	accepted	multiple_reviewed_human_targets	unresolved_endpoint
HuRI	portal_2020-03-09	positive_evidence	HuRI:ENSG00000156218:ENSG00000213417	ENSG00000156218	ENSG00000213417	accepted	multiple_reviewed_human_targets	unresolved_endpoint
HuRI	portal_2020-03-09	positive_evidence	HuRI:ENSG00000156463:ENSG00000215271	ENSG00000156463	ENSG00000215271	accepted	unmapped_in_pinned_uniprot_release	unresolved_endpoint
HuRI	portal_2020-03-09	positive_evidence	HuRI:ENSG00000156486:ENSG00000264343	ENSG00000156486	ENSG00000264343	accepted	multiple_reviewed_human_targets	unresolved_endpoint
HuRI	portal_2020-03-09	positive_evidence	HuRI:ENSG00000156639:ENSG00000188100	ENSG00000156639	ENSG00000188100	accepted	multiple_reviewed_human_targets	unresolved_endpoint
HuRI	portal_2020-03-09	positive_evidence	HuRI:ENSG00000156639:ENSG00000189090	ENSG00000156639	ENSG00000189090	accepted	multiple_reviewed_human_targets	unresolved_endpoint
HuRI	portal_2020-03-09	positive_evidence	HuRI:ENSG00000156639:ENSG00000276430	ENSG00000156639	ENSG00000276430	accepted	multiple_reviewed_human_targets	unresolved_endpoint
HuRI	portal_2020-03-09	positive_evidence	HuRI:ENSG00000156735:ENSG00000204388	ENSG00000156735	ENSG00000204388	accepted	multiple_reviewed_human_targets	unresolved_endpoint
HuRI	portal_2020-03-09	positive_evidence	HuRI:ENSG00000156735:ENSG00000204389	ENSG00000156735	ENSG00000204389	accepted	multiple_reviewed_human_targets	unresolved_endpoint
HuRI	portal_2020-03-09	positive_evidence	HuRI:ENSG00000156795:ENSG00000204918	ENSG00000156795	ENSG00000204918	accepted	multiple_reviewed_human_targets	unresolved_endpoint
HuRI	portal_2020-03-09	positive_evidence	HuRI:ENSG00000156795:ENSG00000204919	ENSG00000156795	ENSG00000204919	accepted	multiple_reviewed_human_targets	unresolved_endpoint
HuRI	portal_2020-03-09	positive_evidence	HuRI:ENSG00000156795:ENSG00000227151	ENSG00000156795	ENSG00000227151	accepted	multiple_reviewed_human_targets	unresolved_endpoint
HuRI	portal_2020-03-09	positive_evidence	HuRI:ENSG00000156795:ENSG00000229665	ENSG00000156795	ENSG00000229665	accepted	multiple_reviewed_human_targets	unresolved_endpoint
HuRI	portal_2020-03-09	positive_evidence	HuRI:ENSG00000156795:ENSG00000234278	ENSG00000156795	ENSG00000234278	accepted	multiple_reviewed_human_targets	unresolved_endpoint
HuRI	portal_2020-03-09	positive_evidence	HuRI:ENSG00000156795:ENSG00000276076	ENSG00000156795	ENSG00000276076	accepted	unmapped_in_pinned_uniprot_release	unresolved_endpoint
HuRI	portal_2020-03-09	positive_evidence	HuRI:ENSG00000157110:ENSG00000204918	ENSG00000157110	ENSG00000204918	accepted	multiple_reviewed_human_targets	unresolved_endpoint
HuRI	portal_2020-03-09	positive_evidence	HuRI:ENSG00000157110:ENSG00000204919	ENSG00000157110	ENSG00000204919	accepted	multiple_reviewed_human_targets	unresolved_endpoint
HuRI	portal_2020-03-09	positive_evidence	HuRI:ENSG00000157110:ENSG00000222047	ENSG00000157110	ENSG00000222047	accepted	unmapped_in_pinned_uniprot_release	unresolved_endpoint
HuRI	portal_2020-03-09	positive_evidence	HuRI:ENSG00000157110:ENSG00000227151	ENSG00000157110	ENSG00000227151	accepted	multiple_reviewed_human_targets	unresolved_endpoint
HuRI	portal_2020-03-09	positive_evidence	HuRI:ENSG00000157110:ENSG00000229665	ENSG00000157110	ENSG00000229665	accepted	multiple_reviewed_human_targets	unresolved_endpoint
HuRI	portal_2020-03-09	positive_evidence	HuRI:ENSG00000157110:ENSG00000234278	ENSG00000157110	ENSG00000234278	accepted	multiple_reviewed_human_targets	unresolved_endpoint
HuRI	portal_2020-03-09	positive_evidence	HuRI:ENSG00000157379:ENSG00000264343	ENSG00000157379	ENSG00000264343	accepted	multiple_reviewed_human_targets	unresolved_endpoint
HuRI	portal_2020-03-09	positive_evidence	HuRI:ENSG00000157450:ENSG00000264343	ENSG00000157450	ENSG00000264343	accepted	multiple_reviewed_human_targets	unresolved_endpoint
HuRI	portal_2020-03-09	positive_evidence	HuRI:ENSG00000158246:ENSG00000221972	ENSG00000158246	ENSG00000221972	accepted	unmapped_in_pinned_uniprot_release	unresolved_endpoint
HuRI	portal_2020-03-09	positive_evidence	HuRI:ENSG00000158246:ENSG00000222047	ENSG00000158246	ENSG00000222047	accepted	unmapped_in_pinned_uniprot_release	unresolved_endpoint
HuRI	portal_2020-03-09	positive_evidence	HuRI:ENSG00000158483:ENSG00000169813	ENSG00000158483	ENSG00000169813	unmapped_in_pinned_uniprot_release	accepted	unresolved_endpoint
HuRI	portal_2020-03-09	positive_evidence	HuRI:ENSG00000158483:ENSG00000186393	ENSG00000158483	ENSG00000186393	unmapped_in_pinned_uniprot_release	accepted	unresolved_endpoint
HuRI	portal_2020-03-09	positive_evidence	HuRI:ENSG00000158483:ENSG00000187243	ENSG00000158483	ENSG00000187243	unmapped_in_pinned_uniprot_release	accepted	unresolved_endpoint
HuRI	portal_2020-03-09	positive_evidence	HuRI:ENSG00000158483:ENSG00000204435	ENSG00000158483	ENSG00000204435	unmapped_in_pinned_uniprot_release	accepted	unresolved_endpoint
HuRI	portal_2020-03-09	positive_evidence	HuRI:ENSG00000158483:ENSG00000206052	ENSG00000158483	ENSG00000206052	unmapped_in_pinned_uniprot_release	accepted	unresolved_endpoint
HuRI	portal_2020-03-09	positive_evidence	HuRI:ENSG00000158483:ENSG00000213654	ENSG00000158483	ENSG00000213654	unmapped_in_pinned_uniprot_release	accepted	unresolved_endpoint
HuRI	portal_2020-03-09	positive_evidence	HuRI:ENSG00000158773:ENSG00000215271	ENSG00000158773	ENSG00000215271	accepted	unmapped_in_pinned_uniprot_release	unresolved_endpoint
HuRI	portal_2020-03-09	positive_evidence	HuRI:ENSG00000158786:ENSG00000270136	ENSG00000158786	ENSG00000270136	accepted	multiple_or_cross_species_targets_without_unique_human_mapping	unresolved_endpoint
HuRI	portal_2020-03-09	positive_evidence	HuRI:ENSG00000159069:ENSG00000264343	ENSG00000159069	ENSG00000264343	accepted	multiple_reviewed_human_targets	unresolved_endpoint
HuRI	portal_2020-03-09	positive_evidence	HuRI:ENSG00000159455:ENSG00000212724	ENSG00000159455	ENSG00000212724	accepted	multiple_reviewed_human_targets	unresolved_endpoint
HuRI	portal_2020-03-09	positive_evidence	HuRI:ENSG00000159455:ENSG00000213417	ENSG00000159455	ENSG00000213417	accepted	multiple_reviewed_human_targets	unresolved_endpoint
HuRI	portal_2020-03-09	positive_evidence	HuRI:ENSG00000159455:ENSG00000264343	ENSG00000159455	ENSG00000264343	accepted	multiple_reviewed_human_targets	unresolved_endpoint
HuRI	portal_2020-03-09	positive_evidence	HuRI:ENSG00000159714:ENSG00000212724	ENSG00000159714	ENSG00000212724	accepted	multiple_reviewed_human_targets	unresolved_endpoint
HuRI	portal_2020-03-09	positive_evidence	HuRI:ENSG00000159714:ENSG00000213417	ENSG00000159714	ENSG00000213417	accepted	multiple_reviewed_human_targets	unresolved_endpoint
HuRI	portal_2020-03-09	positive_evidence	HuRI:ENSG00000159714:ENSG00000264343	ENSG00000159714	ENSG00000264343	accepted	multiple_reviewed_human_targets	unresolved_endpoint
HuRI	portal_2020-03-09	positive_evidence	HuRI:ENSG00000159921:ENSG00000264343	ENSG00000159921	ENSG00000264343	accepted	multiple_reviewed_human_targets	unresolved_endpoint
HuRI	portal_2020-03-09	positive_evidence	HuRI:ENSG00000160014:ENSG00000162814	ENSG00000160014	ENSG00000162814	multiple_reviewed_human_targets	accepted	unresolved_endpoint
HuRI	portal_2020-03-09	positive_evidence	HuRI:ENSG00000160014:ENSG00000165802	ENSG00000160014	ENSG00000165802	multiple_reviewed_human_targets	accepted	unresolved_endpoint
HuRI	portal_2020-03-09	positive_evidence	HuRI:ENSG00000160014:ENSG00000166323	ENSG00000160014	ENSG00000166323	multiple_reviewed_human_targets	accepted	unresolved_endpoint
HuRI	portal_2020-03-09	positive_evidence	HuRI:ENSG00000160014:ENSG00000169548	ENSG00000160014	ENSG00000169548	multiple_reviewed_human_targets	accepted	unresolved_endpoint
HuRI	portal_2020-03-09	positive_evidence	HuRI:ENSG00000160062:ENSG00000182257	ENSG00000160062	ENSG00000182257	accepted	unmapped_in_pinned_uniprot_release	unresolved_endpoint
HuRI	portal_2020-03-09	positive_evidence	HuRI:ENSG00000160202:ENSG00000276076	ENSG00000160202	ENSG00000276076	accepted	unmapped_in_pinned_uniprot_release	unresolved_endpoint
HuRI	portal_2020-03-09	positive_evidence	HuRI:ENSG00000160207:ENSG00000215271	ENSG00000160207	ENSG00000215271	accepted	unmapped_in_pinned_uniprot_release	unresolved_endpoint
HuRI	portal_2020-03-09	positive_evidence	HuRI:ENSG00000160255:ENSG00000264343	ENSG00000160255	ENSG00000264343	accepted	multiple_reviewed_human_targets	unresolved_endpoint
HuRI	portal_2020-03-09	positive_evidence	HuRI:ENSG00000160349:ENSG00000188100	ENSG00000160349	ENSG00000188100	accepted	multiple_reviewed_human_targets	unresolved_endpoint
HuRI	portal_2020-03-09	positive_evidence	HuRI:ENSG00000160349:ENSG00000189090	ENSG00000160349	ENSG00000189090	accepted	multiple_reviewed_human_targets	unresolved_endpoint
HuRI	portal_2020-03-09	positive_evidence	HuRI:ENSG00000160349:ENSG00000276430	ENSG00000160349	ENSG00000276430	accepted	multiple_reviewed_human_targets	unresolved_endpoint
HuRI	portal_2020-03-09	positive_evidence	HuRI:ENSG00000160753:ENSG00000256671	ENSG00000160753	ENSG00000256671	accepted	multiple_reviewed_human_targets	unresolved_endpoint
HuRI	portal_2020-03-09	positive_evidence	HuRI:ENSG00000160753:ENSG00000256977	ENSG00000160753	ENSG00000256977	accepted	multiple_reviewed_human_targets	unresolved_endpoint
HuRI	portal_2020-03-09	positive_evidence	HuRI:ENSG00000160818:ENSG00000161609	ENSG00000160818	ENSG00000161609	multiple_or_cross_species_targets_without_unique_human_mapping	accepted	unresolved_endpoint
HuRI	portal_2020-03-09	positive_evidence	HuRI:ENSG00000160972:ENSG00000221972	ENSG00000160972	ENSG00000221972	accepted	unmapped_in_pinned_uniprot_release	unresolved_endpoint
HuRI	portal_2020-03-09	positive_evidence	HuRI:ENSG00000160973:ENSG00000204918	ENSG00000160973	ENSG00000204918	accepted	multiple_reviewed_human_targets	unresolved_endpoint
HuRI	portal_2020-03-09	positive_evidence	HuRI:ENSG00000160973:ENSG00000204919	ENSG00000160973	ENSG00000204919	accepted	multiple_reviewed_human_targets	unresolved_endpoint
HuRI	portal_2020-03-09	positive_evidence	HuRI:ENSG00000160973:ENSG00000222047	ENSG00000160973	ENSG00000222047	accepted	unmapped_in_pinned_uniprot_release	unresolved_endpoint
HuRI	portal_2020-03-09	positive_evidence	HuRI:ENSG00000160973:ENSG00000227151	ENSG00000160973	ENSG00000227151	accepted	multiple_reviewed_human_targets	unresolved_endpoint
HuRI	portal_2020-03-09	positive_evidence	HuRI:ENSG00000160973:ENSG00000229665	ENSG00000160973	ENSG00000229665	accepted	multiple_reviewed_human_targets	unresolved_endpoint
HuRI	portal_2020-03-09	positive_evidence	HuRI:ENSG00000160973:ENSG00000234278	ENSG00000160973	ENSG00000234278	accepted	multiple_reviewed_human_targets	unresolved_endpoint
HuRI	portal_2020-03-09	positive_evidence	HuRI:ENSG00000161082:ENSG00000264343	ENSG00000161082	ENSG00000264343	accepted	multiple_reviewed_human_targets	unresolved_endpoint
HuRI	portal_2020-03-09	positive_evidence	HuRI:ENSG00000161180:ENSG00000276234	ENSG00000161180	ENSG00000276234	accepted	multiple_or_cross_species_targets_without_unique_human_mapping	unresolved_endpoint
HuRI	portal_2020-03-09	positive_evidence	HuRI:ENSG00000161202:ENSG00000204918	ENSG00000161202	ENSG00000204918	accepted	multiple_reviewed_human_targets	unresolved_endpoint
HuRI	portal_2020-03-09	positive_evidence	HuRI:ENSG00000161202:ENSG00000204919	ENSG00000161202	ENSG00000204919	accepted	multiple_reviewed_human_targets	unresolved_endpoint
HuRI	portal_2020-03-09	positive_evidence	HuRI:ENSG00000161202:ENSG00000227151	ENSG00000161202	ENSG00000227151	accepted	multiple_reviewed_human_targets	unresolved_endpoint
HuRI	portal_2020-03-09	positive_evidence	HuRI:ENSG00000161202:ENSG00000229665	ENSG00000161202	ENSG00000229665	accepted	multiple_reviewed_human_targets	unresolved_endpoint
HuRI	portal_2020-03-09	positive_evidence	HuRI:ENSG00000161202:ENSG00000234278	ENSG00000161202	ENSG00000234278	accepted	multiple_reviewed_human_targets	unresolved_endpoint
HuRI	portal_2020-03-09	positive_evidence	HuRI:ENSG00000161203:ENSG00000224440	ENSG00000161203	ENSG00000224440	accepted	multiple_reviewed_human_targets	unresolved_endpoint
HuRI	portal_2020-03-09	positive_evidence	HuRI:ENSG00000161203:ENSG00000235699	ENSG00000161203	ENSG00000235699	accepted	multiple_reviewed_human_targets	unresolved_endpoint
HuRI	portal_2020-03-09	positive_evidence	HuRI:ENSG00000161544:ENSG00000248405	ENSG00000161544	ENSG00000248405	accepted	multiple_or_cross_species_targets_without_unique_human_mapping	unresolved_endpoint
HuRI	portal_2020-03-09	positive_evidence	HuRI:ENSG00000161618:ENSG00000264343	ENSG00000161618	ENSG00000264343	accepted	multiple_reviewed_human_targets	unresolved_endpoint
HuRI	portal_2020-03-09	positive_evidence	HuRI:ENSG00000161677:ENSG00000196459	ENSG00000161677	ENSG00000196459	accepted	multiple_reviewed_human_targets	unresolved_endpoint
HuRI	portal_2020-03-09	positive_evidence	HuRI:ENSG00000161677:ENSG00000256060	ENSG00000161677	ENSG00000256060	accepted	multiple_reviewed_human_targets	unresolved_endpoint
HuRI	portal_2020-03-09	positive_evidence	HuRI:ENSG00000161921:ENSG00000212724	ENSG00000161921	ENSG00000212724	accepted	multiple_reviewed_human_targets	unresolved_endpoint
HuRI	portal_2020-03-09	positive_evidence	HuRI:ENSG00000161921:ENSG00000213417	ENSG00000161921	ENSG00000213417	accepted	multiple_reviewed_human_targets	unresolved_endpoint
HuRI	portal_2020-03-09	positive_evidence	HuRI:ENSG00000161921:ENSG00000264343	ENSG00000161921	ENSG00000264343	accepted	multiple_reviewed_human_targets	unresolved_endpoint
HuRI	portal_2020-03-09	positive_evidence	HuRI:ENSG00000161940:ENSG00000212724	ENSG00000161940	ENSG00000212724	accepted	multiple_reviewed_human_targets	unresolved_endpoint
HuRI	portal_2020-03-09	positive_evidence	HuRI:ENSG00000161940:ENSG00000213417	ENSG00000161940	ENSG00000213417	accepted	multiple_reviewed_human_targets	unresolved_endpoint
HuRI	portal_2020-03-09	positive_evidence	HuRI:ENSG00000161981:ENSG00000162924	ENSG00000161981	ENSG00000162924	multiple_or_cross_species_targets_without_unique_human_mapping	accepted	unresolved_endpoint
HuRI	portal_2020-03-09	positive_evidence	HuRI:ENSG00000161981:ENSG00000167302	ENSG00000161981	ENSG00000167302	multiple_or_cross_species_targets_without_unique_human_mapping	accepted	unresolved_endpoint
HuRI	portal_2020-03-09	positive_evidence	HuRI:ENSG00000161981:ENSG00000182134	ENSG00000161981	ENSG00000182134	multiple_or_cross_species_targets_without_unique_human_mapping	accepted	unresolved_endpoint
HuRI	portal_2020-03-09	positive_evidence	HuRI:ENSG00000161981:ENSG00000183690	ENSG00000161981	ENSG00000183690	multiple_or_cross_species_targets_without_unique_human_mapping	accepted	unresolved_endpoint
HuRI	portal_2020-03-09	positive_evidence	HuRI:ENSG00000161981:ENSG00000198183	ENSG00000161981	ENSG00000198183	multiple_or_cross_species_targets_without_unique_human_mapping	accepted	unresolved_endpoint
HuRI	portal_2020-03-09	positive_evidence	HuRI:ENSG00000161992:ENSG00000204918	ENSG00000161992	ENSG00000204918	accepted	multiple_reviewed_human_targets	unresolved_endpoint
HuRI	portal_2020-03-09	positive_evidence	HuRI:ENSG00000161992:ENSG00000204919	ENSG00000161992	ENSG00000204919	accepted	multiple_reviewed_human_targets	unresolved_endpoint
HuRI	portal_2020-03-09	positive_evidence	HuRI:ENSG00000161992:ENSG00000227151	ENSG00000161992	ENSG00000227151	accepted	multiple_reviewed_human_targets	unresolved_endpoint
HuRI	portal_2020-03-09	positive_evidence	HuRI:ENSG00000161992:ENSG00000229665	ENSG00000161992	ENSG00000229665	accepted	multiple_reviewed_human_targets	unresolved_endpoint
HuRI	portal_2020-03-09	positive_evidence	HuRI:ENSG00000161992:ENSG00000234278	ENSG00000161992	ENSG00000234278	accepted	multiple_reviewed_human_targets	unresolved_endpoint
HuRI	portal_2020-03-09	positive_evidence	HuRI:ENSG00000161992:ENSG00000264343	ENSG00000161992	ENSG00000264343	accepted	multiple_reviewed_human_targets	unresolved_endpoint
HuRI	portal_2020-03-09	positive_evidence	HuRI:ENSG00000162148:ENSG00000222047	ENSG00000162148	ENSG00000222047	accepted	unmapped_in_pinned_uniprot_release	unresolved_endpoint
HuRI	portal_2020-03-09	positive_evidence	HuRI:ENSG00000162231:ENSG00000215271	ENSG00000162231	ENSG00000215271	accepted	unmapped_in_pinned_uniprot_release	unresolved_endpoint
HuRI	portal_2020-03-09	positive_evidence	HuRI:ENSG00000162231:ENSG00000222047	ENSG00000162231	ENSG00000222047	accepted	unmapped_in_pinned_uniprot_release	unresolved_endpoint
HuRI	portal_2020-03-09	positive_evidence	HuRI:ENSG00000162409:ENSG00000215271	ENSG00000162409	ENSG00000215271	accepted	unmapped_in_pinned_uniprot_release	unresolved_endpoint
HuRI	portal_2020-03-09	positive_evidence	HuRI:ENSG00000162512:ENSG00000212724	ENSG00000162512	ENSG00000212724	accepted	multiple_reviewed_human_targets	unresolved_endpoint
HuRI	portal_2020-03-09	positive_evidence	HuRI:ENSG00000162512:ENSG00000213417	ENSG00000162512	ENSG00000213417	accepted	multiple_reviewed_human_targets	unresolved_endpoint
HuRI	portal_2020-03-09	positive_evidence	HuRI:ENSG00000162624:ENSG00000275993	ENSG00000162624	ENSG00000275993	accepted	unmapped_in_pinned_uniprot_release	unresolved_endpoint
HuRI	portal_2020-03-09	positive_evidence	HuRI:ENSG00000162729:ENSG00000212724	ENSG00000162729	ENSG00000212724	accepted	multiple_reviewed_human_targets	unresolved_endpoint
HuRI	portal_2020-03-09	positive_evidence	HuRI:ENSG00000162729:ENSG00000213417	ENSG00000162729	ENSG00000213417	accepted	multiple_reviewed_human_targets	unresolved_endpoint
HuRI	portal_2020-03-09	positive_evidence	HuRI:ENSG00000162814:ENSG00000198668	ENSG00000162814	ENSG00000198668	accepted	multiple_reviewed_human_targets	unresolved_endpoint
HuRI	portal_2020-03-09	positive_evidence	HuRI:ENSG00000162881:ENSG00000204918	ENSG00000162881	ENSG00000204918	accepted	multiple_reviewed_human_targets	unresolved_endpoint
HuRI	portal_2020-03-09	positive_evidence	HuRI:ENSG00000162881:ENSG00000204919	ENSG00000162881	ENSG00000204919	accepted	multiple_reviewed_human_targets	unresolved_endpoint
HuRI	portal_2020-03-09	positive_evidence	HuRI:ENSG00000162881:ENSG00000227151	ENSG00000162881	ENSG00000227151	accepted	multiple_reviewed_human_targets	unresolved_endpoint
HuRI	portal_2020-03-09	positive_evidence	HuRI:ENSG00000162881:ENSG00000229665	ENSG00000162881	ENSG00000229665	accepted	multiple_reviewed_human_targets	unresolved_endpoint
HuRI	portal_2020-03-09	positive_evidence	HuRI:ENSG00000162881:ENSG00000234278	ENSG00000162881	ENSG00000234278	accepted	multiple_reviewed_human_targets	unresolved_endpoint
HuRI	portal_2020-03-09	positive_evidence	HuRI:ENSG00000162961:ENSG00000228927	ENSG00000162961	ENSG00000228927	accepted	multiple_reviewed_human_targets	unresolved_endpoint
HuRI	portal_2020-03-09	positive_evidence	HuRI:ENSG00000162961:ENSG00000236424	ENSG00000162961	ENSG00000236424	accepted	multiple_reviewed_human_targets	unresolved_endpoint
HuRI	portal_2020-03-09	positive_evidence	HuRI:ENSG00000163060:ENSG00000185594	ENSG00000163060	ENSG00000185594	accepted	unmapped_in_pinned_uniprot_release	unresolved_endpoint
HuRI	portal_2020-03-09	positive_evidence	HuRI:ENSG00000163138:ENSG00000283374	ENSG00000163138	ENSG00000283374	accepted	unmapped_in_pinned_uniprot_release	unresolved_endpoint
HuRI	portal_2020-03-09	positive_evidence	HuRI:ENSG00000163156:ENSG00000215271	ENSG00000163156	ENSG00000215271	accepted	unmapped_in_pinned_uniprot_release	unresolved_endpoint
HuRI	portal_2020-03-09	positive_evidence	HuRI:ENSG00000163156:ENSG00000264343	ENSG00000163156	ENSG00000264343	accepted	multiple_reviewed_human_targets	unresolved_endpoint
HuRI	portal_2020-03-09	positive_evidence	HuRI:ENSG00000163202:ENSG00000212724	ENSG00000163202	ENSG00000212724	accepted	multiple_reviewed_human_targets	unresolved_endpoint
HuRI	portal_2020-03-09	positive_evidence	HuRI:ENSG00000163202:ENSG00000213417	ENSG00000163202	ENSG00000213417	accepted	multiple_reviewed_human_targets	unresolved_endpoint
HuRI	portal_2020-03-09	positive_evidence	HuRI:ENSG00000163202:ENSG00000264343	ENSG00000163202	ENSG00000264343	accepted	multiple_reviewed_human_targets	unresolved_endpoint
HuRI	portal_2020-03-09	positive_evidence	HuRI:ENSG00000163206:ENSG00000264343	ENSG00000163206	ENSG00000264343	accepted	multiple_reviewed_human_targets	unresolved_endpoint
HuRI	portal_2020-03-09	positive_evidence	HuRI:ENSG00000163214:ENSG00000212724	ENSG00000163214	ENSG00000212724	accepted	multiple_reviewed_human_targets	unresolved_endpoint
HuRI	portal_2020-03-09	positive_evidence	HuRI:ENSG00000163214:ENSG00000213417	ENSG00000163214	ENSG00000213417	accepted	multiple_reviewed_human_targets	unresolved_endpoint
HuRI	portal_2020-03-09	positive_evidence	HuRI:ENSG00000163283:ENSG00000264343	ENSG00000163283	ENSG00000264343	accepted	multiple_reviewed_human_targets	unresolved_endpoint
HuRI	portal_2020-03-09	positive_evidence	HuRI:ENSG00000163499:ENSG00000222047	ENSG00000163499	ENSG00000222047	accepted	unmapped_in_pinned_uniprot_release	unresolved_endpoint
HuRI	portal_2020-03-09	positive_evidence	HuRI:ENSG00000163682:ENSG00000215271	ENSG00000163682	ENSG00000215271	accepted	unmapped_in_pinned_uniprot_release	unresolved_endpoint
HuRI	portal_2020-03-09	positive_evidence	HuRI:ENSG00000163694:ENSG00000187595	ENSG00000163694	ENSG00000187595	accepted	multiple_or_cross_species_targets_without_unique_human_mapping	unresolved_endpoint
HuRI	portal_2020-03-09	positive_evidence	HuRI:ENSG00000163694:ENSG00000222047	ENSG00000163694	ENSG00000222047	accepted	unmapped_in_pinned_uniprot_release	unresolved_endpoint
HuRI	portal_2020-03-09	positive_evidence	HuRI:ENSG00000163817:ENSG00000264343	ENSG00000163817	ENSG00000264343	accepted	multiple_reviewed_human_targets	unresolved_endpoint
HuRI	portal_2020-03-09	positive_evidence	HuRI:ENSG00000163975:ENSG00000264343	ENSG00000163975	ENSG00000264343	accepted	multiple_reviewed_human_targets	unresolved_endpoint
HuRI	portal_2020-03-09	positive_evidence	HuRI:ENSG00000164056:ENSG00000264343	ENSG00000164056	ENSG00000264343	accepted	multiple_reviewed_human_targets	unresolved_endpoint
HuRI	portal_2020-03-09	positive_evidence	HuRI:ENSG00000164294:ENSG00000204176	ENSG00000164294	ENSG00000204176	accepted	multiple_reviewed_human_targets	unresolved_endpoint
HuRI	portal_2020-03-09	positive_evidence	HuRI:ENSG00000164294:ENSG00000251655	ENSG00000164294	ENSG00000251655	accepted	multiple_or_cross_species_targets_without_unique_human_mapping	unresolved_endpoint
HuRI	portal_2020-03-09	positive_evidence	HuRI:ENSG00000164294:ENSG00000277758	ENSG00000164294	ENSG00000277758	accepted	multiple_reviewed_human_targets	unresolved_endpoint
HuRI	portal_2020-03-09	positive_evidence	HuRI:ENSG00000164330:ENSG00000215271	ENSG00000164330	ENSG00000215271	accepted	unmapped_in_pinned_uniprot_release	unresolved_endpoint
HuRI	portal_2020-03-09	positive_evidence	HuRI:ENSG00000164438:ENSG00000174370	ENSG00000164438	ENSG00000174370	accepted	unmapped_in_pinned_uniprot_release	unresolved_endpoint
HuRI	portal_2020-03-09	positive_evidence	HuRI:ENSG00000164438:ENSG00000204918	ENSG00000164438	ENSG00000204918	accepted	multiple_reviewed_human_targets	unresolved_endpoint
HuRI	portal_2020-03-09	positive_evidence	HuRI:ENSG00000164438:ENSG00000204919	ENSG00000164438	ENSG00000204919	accepted	multiple_reviewed_human_targets	unresolved_endpoint
HuRI	portal_2020-03-09	positive_evidence	HuRI:ENSG00000164438:ENSG00000227151	ENSG00000164438	ENSG00000227151	accepted	multiple_reviewed_human_targets	unresolved_endpoint
HuRI	portal_2020-03-09	positive_evidence	HuRI:ENSG00000164438:ENSG00000229665	ENSG00000164438	ENSG00000229665	accepted	multiple_reviewed_human_targets	unresolved_endpoint
HuRI	portal_2020-03-09	positive_evidence	HuRI:ENSG00000164438:ENSG00000234278	ENSG00000164438	ENSG00000234278	accepted	multiple_reviewed_human_targets	unresolved_endpoint
HuRI	portal_2020-03-09	positive_evidence	HuRI:ENSG00000164535:ENSG00000264343	ENSG00000164535	ENSG00000264343	accepted	multiple_reviewed_human_targets	unresolved_endpoint
HuRI	portal_2020-03-09	positive_evidence	HuRI:ENSG00000164591:ENSG00000222047	ENSG00000164591	ENSG00000222047	accepted	unmapped_in_pinned_uniprot_release	unresolved_endpoint
HuRI	portal_2020-03-09	positive_evidence	HuRI:ENSG00000164675:ENSG00000255251	ENSG00000164675	ENSG00000255251	accepted	multiple_reviewed_human_targets	unresolved_endpoint
HuRI	portal_2020-03-09	positive_evidence	HuRI:ENSG00000164675:ENSG00000255378	ENSG00000164675	ENSG00000255378	accepted	multiple_reviewed_human_targets	unresolved_endpoint
HuRI	portal_2020-03-09	positive_evidence	HuRI:ENSG00000164871:ENSG00000188021	ENSG00000164871	ENSG00000188021	multiple_reviewed_human_targets	accepted	unresolved_endpoint
HuRI	portal_2020-03-09	positive_evidence	HuRI:ENSG00000164970:ENSG00000256671	ENSG00000164970	ENSG00000256671	accepted	multiple_reviewed_human_targets	unresolved_endpoint
HuRI	portal_2020-03-09	positive_evidence	HuRI:ENSG00000164970:ENSG00000256977	ENSG00000164970	ENSG00000256977	accepted	multiple_reviewed_human_targets	unresolved_endpoint
HuRI	portal_2020-03-09	positive_evidence	HuRI:ENSG00000165417:ENSG00000204918	ENSG00000165417	ENSG00000204918	accepted	multiple_reviewed_human_targets	unresolved_endpoint
HuRI	portal_2020-03-09	positive_evidence	HuRI:ENSG00000165417:ENSG00000204919	ENSG00000165417	ENSG00000204919	accepted	multiple_reviewed_human_targets	unresolved_endpoint
HuRI	portal_2020-03-09	positive_evidence	HuRI:ENSG00000165417:ENSG00000227151	ENSG00000165417	ENSG00000227151	accepted	multiple_reviewed_human_targets	unresolved_endpoint
HuRI	portal_2020-03-09	positive_evidence	HuRI:ENSG00000165417:ENSG00000229665	ENSG00000165417	ENSG00000229665	accepted	multiple_reviewed_human_targets	unresolved_endpoint
HuRI	portal_2020-03-09	positive_evidence	HuRI:ENSG00000165417:ENSG00000234278	ENSG00000165417	ENSG00000234278	accepted	multiple_reviewed_human_targets	unresolved_endpoint
HuRI	portal_2020-03-09	positive_evidence	HuRI:ENSG00000165630:ENSG00000215271	ENSG00000165630	ENSG00000215271	accepted	unmapped_in_pinned_uniprot_release	unresolved_endpoint
HuRI	portal_2020-03-09	positive_evidence	HuRI:ENSG00000165643:ENSG00000222047	ENSG00000165643	ENSG00000222047	accepted	unmapped_in_pinned_uniprot_release	unresolved_endpoint
HuRI	portal_2020-03-09	positive_evidence	HuRI:ENSG00000165724:ENSG00000215271	ENSG00000165724	ENSG00000215271	accepted	unmapped_in_pinned_uniprot_release	unresolved_endpoint
HuRI	portal_2020-03-09	positive_evidence	HuRI:ENSG00000165802:ENSG00000198668	ENSG00000165802	ENSG00000198668	accepted	multiple_reviewed_human_targets	unresolved_endpoint
HuRI	portal_2020-03-09	positive_evidence	HuRI:ENSG00000165887:ENSG00000215271	ENSG00000165887	ENSG00000215271	accepted	unmapped_in_pinned_uniprot_release	unresolved_endpoint
HuRI	portal_2020-03-09	positive_evidence	HuRI:ENSG00000166069:ENSG00000231887	ENSG00000166069	ENSG00000231887	accepted	multiple_or_cross_species_targets_without_unique_human_mapping	unresolved_endpoint
HuRI	portal_2020-03-09	positive_evidence	HuRI:ENSG00000166188:ENSG00000264343	ENSG00000166188	ENSG00000264343	accepted	multiple_reviewed_human_targets	unresolved_endpoint
HuRI	portal_2020-03-09	positive_evidence	HuRI:ENSG00000166323:ENSG00000198668	ENSG00000166323	ENSG00000198668	accepted	multiple_reviewed_human_targets	unresolved_endpoint
HuRI	portal_2020-03-09	positive_evidence	HuRI:ENSG00000166405:ENSG00000251655	ENSG00000166405	ENSG00000251655	accepted	multiple_or_cross_species_targets_without_unique_human_mapping	unresolved_endpoint
HuRI	portal_2020-03-09	positive_evidence	HuRI:ENSG00000166407:ENSG00000215271	ENSG00000166407	ENSG00000215271	accepted	unmapped_in_pinned_uniprot_release	unresolved_endpoint
HuRI	portal_2020-03-09	positive_evidence	HuRI:ENSG00000166407:ENSG00000276234	ENSG00000166407	ENSG00000276234	accepted	multiple_or_cross_species_targets_without_unique_human_mapping	unresolved_endpoint
HuRI	portal_2020-03-09	positive_evidence	HuRI:ENSG00000166689:ENSG00000215271	ENSG00000166689	ENSG00000215271	accepted	unmapped_in_pinned_uniprot_release	unresolved_endpoint
HuRI	portal_2020-03-09	positive_evidence	HuRI:ENSG00000166794:ENSG00000231887	ENSG00000166794	ENSG00000231887	accepted	multiple_or_cross_species_targets_without_unique_human_mapping	unresolved_endpoint
HuRI	portal_2020-03-09	positive_evidence	HuRI:ENSG00000166831:ENSG00000187595	ENSG00000166831	ENSG00000187595	accepted	multiple_or_cross_species_targets_without_unique_human_mapping	unresolved_endpoint
HuRI	portal_2020-03-09	positive_evidence	HuRI:ENSG00000166831:ENSG00000204918	ENSG00000166831	ENSG00000204918	accepted	multiple_reviewed_human_targets	unresolved_endpoint
HuRI	portal_2020-03-09	positive_evidence	HuRI:ENSG00000166831:ENSG00000204919	ENSG00000166831	ENSG00000204919	accepted	multiple_reviewed_human_targets	unresolved_endpoint
HuRI	portal_2020-03-09	positive_evidence	HuRI:ENSG00000166831:ENSG00000222047	ENSG00000166831	ENSG00000222047	accepted	unmapped_in_pinned_uniprot_release	unresolved_endpoint
HuRI	portal_2020-03-09	positive_evidence	HuRI:ENSG00000166831:ENSG00000227151	ENSG00000166831	ENSG00000227151	accepted	multiple_reviewed_human_targets	unresolved_endpoint
HuRI	portal_2020-03-09	positive_evidence	HuRI:ENSG00000166831:ENSG00000229665	ENSG00000166831	ENSG00000229665	accepted	multiple_reviewed_human_targets	unresolved_endpoint
HuRI	portal_2020-03-09	positive_evidence	HuRI:ENSG00000166831:ENSG00000234278	ENSG00000166831	ENSG00000234278	accepted	multiple_reviewed_human_targets	unresolved_endpoint
HuRI	portal_2020-03-09	positive_evidence	HuRI:ENSG00000166863:ENSG00000231887	ENSG00000166863	ENSG00000231887	accepted	multiple_or_cross_species_targets_without_unique_human_mapping	unresolved_endpoint
HuRI	portal_2020-03-09	positive_evidence	HuRI:ENSG00000166863:ENSG00000251655	ENSG00000166863	ENSG00000251655	accepted	multiple_or_cross_species_targets_without_unique_human_mapping	unresolved_endpoint
HuRI	portal_2020-03-09	positive_evidence	HuRI:ENSG00000167110:ENSG00000178928	ENSG00000167110	ENSG00000178928	accepted	multiple_or_cross_species_targets_without_unique_human_mapping	unresolved_endpoint
HuRI	portal_2020-03-09	positive_evidence	HuRI:ENSG00000167302:ENSG00000196459	ENSG00000167302	ENSG00000196459	accepted	multiple_reviewed_human_targets	unresolved_endpoint
HuRI	portal_2020-03-09	positive_evidence	HuRI:ENSG00000167302:ENSG00000256060	ENSG00000167302	ENSG00000256060	accepted	multiple_reviewed_human_targets	unresolved_endpoint
HuRI	portal_2020-03-09	positive_evidence	HuRI:ENSG00000167522:ENSG00000215271	ENSG00000167522	ENSG00000215271	accepted	unmapped_in_pinned_uniprot_release	unresolved_endpoint
HuRI	portal_2020-03-09	positive_evidence	HuRI:ENSG00000167522:ENSG00000282034	ENSG00000167522	ENSG00000282034	accepted	multiple_or_cross_species_targets_without_unique_human_mapping	unresolved_endpoint
HuRI	portal_2020-03-09	positive_evidence	HuRI:ENSG00000167565:ENSG00000178928	ENSG00000167565	ENSG00000178928	accepted	multiple_or_cross_species_targets_without_unique_human_mapping	unresolved_endpoint
HuRI	portal_2020-03-09	positive_evidence	HuRI:ENSG00000167588:ENSG00000188100	ENSG00000167588	ENSG00000188100	accepted	multiple_reviewed_human_targets	unresolved_endpoint
HuRI	portal_2020-03-09	positive_evidence	HuRI:ENSG00000167588:ENSG00000189090	ENSG00000167588	ENSG00000189090	accepted	multiple_reviewed_human_targets	unresolved_endpoint
HuRI	portal_2020-03-09	positive_evidence	HuRI:ENSG00000167588:ENSG00000276430	ENSG00000167588	ENSG00000276430	accepted	multiple_reviewed_human_targets	unresolved_endpoint
HuRI	portal_2020-03-09	positive_evidence	HuRI:ENSG00000167608:ENSG00000184811	ENSG00000167608	ENSG00000184811	multiple_or_cross_species_targets_without_unique_human_mapping	accepted	unresolved_endpoint
HuRI	portal_2020-03-09	positive_evidence	HuRI:ENSG00000167608:ENSG00000204979	ENSG00000167608	ENSG00000204979	multiple_or_cross_species_targets_without_unique_human_mapping	accepted	unresolved_endpoint
HuRI	portal_2020-03-09	positive_evidence	HuRI:ENSG00000167615:ENSG00000222047	ENSG00000167615	ENSG00000222047	accepted	unmapped_in_pinned_uniprot_release	unresolved_endpoint
HuRI	portal_2020-03-09	positive_evidence	HuRI:ENSG00000167703:ENSG00000264343	ENSG00000167703	ENSG00000264343	accepted	multiple_reviewed_human_targets	unresolved_endpoint
HuRI	portal_2020-03-09	positive_evidence	HuRI:ENSG00000167768:ENSG00000275895	ENSG00000167768	ENSG00000275895	accepted	unmapped_in_pinned_uniprot_release	unresolved_endpoint
HuRI	portal_2020-03-09	positive_evidence	HuRI:ENSG00000167791:ENSG00000204918	ENSG00000167791	ENSG00000204918	accepted	multiple_reviewed_human_targets	unresolved_endpoint
HuRI	portal_2020-03-09	positive_evidence	HuRI:ENSG00000167791:ENSG00000204919	ENSG00000167791	ENSG00000204919	accepted	multiple_reviewed_human_targets	unresolved_endpoint
HuRI	portal_2020-03-09	positive_evidence	HuRI:ENSG00000167791:ENSG00000227151	ENSG00000167791	ENSG00000227151	accepted	multiple_reviewed_human_targets	unresolved_endpoint
HuRI	portal_2020-03-09	positive_evidence	HuRI:ENSG00000167791:ENSG00000229665	ENSG00000167791	ENSG00000229665	accepted	multiple_reviewed_human_targets	unresolved_endpoint
HuRI	portal_2020-03-09	positive_evidence	HuRI:ENSG00000167791:ENSG00000234278	ENSG00000167791	ENSG00000234278	accepted	multiple_reviewed_human_targets	unresolved_endpoint
HuRI	portal_2020-03-09	positive_evidence	HuRI:ENSG00000167889:ENSG00000214215	ENSG00000167889	ENSG00000214215	accepted	unmapped_in_pinned_uniprot_release	unresolved_endpoint
HuRI	portal_2020-03-09	positive_evidence	HuRI:ENSG00000167889:ENSG00000222047	ENSG00000167889	ENSG00000222047	accepted	unmapped_in_pinned_uniprot_release	unresolved_endpoint
HuRI	portal_2020-03-09	positive_evidence	HuRI:ENSG00000167987:ENSG00000204918	ENSG00000167987	ENSG00000204918	accepted	multiple_reviewed_human_targets	unresolved_endpoint
HuRI	portal_2020-03-09	positive_evidence	HuRI:ENSG00000167987:ENSG00000204919	ENSG00000167987	ENSG00000204919	accepted	multiple_reviewed_human_targets	unresolved_endpoint
HuRI	portal_2020-03-09	positive_evidence	HuRI:ENSG00000167987:ENSG00000227151	ENSG00000167987	ENSG00000227151	accepted	multiple_reviewed_human_targets	unresolved_endpoint
HuRI	portal_2020-03-09	positive_evidence	HuRI:ENSG00000167987:ENSG00000229665	ENSG00000167987	ENSG00000229665	accepted	multiple_reviewed_human_targets	unresolved_endpoint
HuRI	portal_2020-03-09	positive_evidence	HuRI:ENSG00000167987:ENSG00000234278	ENSG00000167987	ENSG00000234278	accepted	multiple_reviewed_human_targets	unresolved_endpoint
HuRI	portal_2020-03-09	positive_evidence	HuRI:ENSG00000167994:ENSG00000264343	ENSG00000167994	ENSG00000264343	accepted	multiple_reviewed_human_targets	unresolved_endpoint
HuRI	portal_2020-03-09	positive_evidence	HuRI:ENSG00000168140:ENSG00000212724	ENSG00000168140	ENSG00000212724	accepted	multiple_reviewed_human_targets	unresolved_endpoint
HuRI	portal_2020-03-09	positive_evidence	HuRI:ENSG00000168140:ENSG00000213417	ENSG00000168140	ENSG00000213417	accepted	multiple_reviewed_human_targets	unresolved_endpoint
HuRI	portal_2020-03-09	positive_evidence	HuRI:ENSG00000168140:ENSG00000264343	ENSG00000168140	ENSG00000264343	accepted	multiple_reviewed_human_targets	unresolved_endpoint
HuRI	portal_2020-03-09	positive_evidence	HuRI:ENSG00000168314:ENSG00000212724	ENSG00000168314	ENSG00000212724	accepted	multiple_reviewed_human_targets	unresolved_endpoint
HuRI	portal_2020-03-09	positive_evidence	HuRI:ENSG00000168314:ENSG00000213417	ENSG00000168314	ENSG00000213417	accepted	multiple_reviewed_human_targets	unresolved_endpoint
HuRI	portal_2020-03-09	positive_evidence	HuRI:ENSG00000168758:ENSG00000264343	ENSG00000168758	ENSG00000264343	accepted	multiple_reviewed_human_targets	unresolved_endpoint
HuRI	portal_2020-03-09	positive_evidence	HuRI:ENSG00000168763:ENSG00000264343	ENSG00000168763	ENSG00000264343	accepted	multiple_reviewed_human_targets	unresolved_endpoint
HuRI	portal_2020-03-09	positive_evidence	HuRI:ENSG00000168890:ENSG00000264343	ENSG00000168890	ENSG00000264343	accepted	multiple_reviewed_human_targets	unresolved_endpoint
HuRI	portal_2020-03-09	positive_evidence	HuRI:ENSG00000168938:ENSG00000188100	ENSG00000168938	ENSG00000188100	accepted	multiple_reviewed_human_targets	unresolved_endpoint
HuRI	portal_2020-03-09	positive_evidence	HuRI:ENSG00000168938:ENSG00000189090	ENSG00000168938	ENSG00000189090	accepted	multiple_reviewed_human_targets	unresolved_endpoint
HuRI	portal_2020-03-09	positive_evidence	HuRI:ENSG00000168938:ENSG00000276430	ENSG00000168938	ENSG00000276430	accepted	multiple_reviewed_human_targets	unresolved_endpoint
HuRI	portal_2020-03-09	positive_evidence	HuRI:ENSG00000169071:ENSG00000204918	ENSG00000169071	ENSG00000204918	accepted	multiple_reviewed_human_targets	unresolved_endpoint
HuRI	portal_2020-03-09	positive_evidence	HuRI:ENSG00000169071:ENSG00000204919	ENSG00000169071	ENSG00000204919	accepted	multiple_reviewed_human_targets	unresolved_endpoint
HuRI	portal_2020-03-09	positive_evidence	HuRI:ENSG00000169071:ENSG00000222047	ENSG00000169071	ENSG00000222047	accepted	unmapped_in_pinned_uniprot_release	unresolved_endpoint
HuRI	portal_2020-03-09	positive_evidence	HuRI:ENSG00000169071:ENSG00000227151	ENSG00000169071	ENSG00000227151	accepted	multiple_reviewed_human_targets	unresolved_endpoint
HuRI	portal_2020-03-09	positive_evidence	HuRI:ENSG00000169071:ENSG00000229665	ENSG00000169071	ENSG00000229665	accepted	multiple_reviewed_human_targets	unresolved_endpoint
HuRI	portal_2020-03-09	positive_evidence	HuRI:ENSG00000169071:ENSG00000234278	ENSG00000169071	ENSG00000234278	accepted	multiple_reviewed_human_targets	unresolved_endpoint
HuRI	portal_2020-03-09	positive_evidence	HuRI:ENSG00000169249:ENSG00000212643	ENSG00000169249	ENSG00000212643	accepted	unmapped_in_pinned_uniprot_release	unresolved_endpoint
HuRI	portal_2020-03-09	positive_evidence	HuRI:ENSG00000169379:ENSG00000251655	ENSG00000169379	ENSG00000251655	accepted	multiple_or_cross_species_targets_without_unique_human_mapping	unresolved_endpoint
HuRI	portal_2020-03-09	positive_evidence	HuRI:ENSG00000169410:ENSG00000184258	ENSG00000169410	ENSG00000184258	accepted	unmapped_in_pinned_uniprot_release	unresolved_endpoint
HuRI	portal_2020-03-09	positive_evidence	HuRI:ENSG00000169548:ENSG00000198668	ENSG00000169548	ENSG00000198668	accepted	multiple_reviewed_human_targets	unresolved_endpoint
HuRI	portal_2020-03-09	positive_evidence	HuRI:ENSG00000169583:ENSG00000274611	ENSG00000169583	ENSG00000274611	accepted	multiple_reviewed_human_targets	unresolved_endpoint
HuRI	portal_2020-03-09	positive_evidence	HuRI:ENSG00000169583:ENSG00000278299	ENSG00000169583	ENSG00000278299	accepted	multiple_reviewed_human_targets	unresolved_endpoint
HuRI	portal_2020-03-09	positive_evidence	HuRI:ENSG00000169612:ENSG00000222047	ENSG00000169612	ENSG00000222047	accepted	unmapped_in_pinned_uniprot_release	unresolved_endpoint
HuRI	portal_2020-03-09	positive_evidence	HuRI:ENSG00000169627:ENSG00000222047	ENSG00000169627	ENSG00000222047	accepted	unmapped_in_pinned_uniprot_release	unresolved_endpoint
HuRI	portal_2020-03-09	positive_evidence	HuRI:ENSG00000169627:ENSG00000283374	ENSG00000169627	ENSG00000283374	accepted	unmapped_in_pinned_uniprot_release	unresolved_endpoint
HuRI	portal_2020-03-09	positive_evidence	HuRI:ENSG00000169676:ENSG00000264343	ENSG00000169676	ENSG00000264343	accepted	multiple_reviewed_human_targets	unresolved_endpoint
HuRI	portal_2020-03-09	positive_evidence	HuRI:ENSG00000169813:ENSG00000182257	ENSG00000169813	ENSG00000182257	accepted	unmapped_in_pinned_uniprot_release	unresolved_endpoint
HuRI	portal_2020-03-09	positive_evidence	HuRI:ENSG00000169813:ENSG00000185594	ENSG00000169813	ENSG00000185594	accepted	unmapped_in_pinned_uniprot_release	unresolved_endpoint
HuRI	portal_2020-03-09	positive_evidence	HuRI:ENSG00000169813:ENSG00000222047	ENSG00000169813	ENSG00000222047	accepted	unmapped_in_pinned_uniprot_release	unresolved_endpoint
HuRI	portal_2020-03-09	positive_evidence	HuRI:ENSG00000169951:ENSG00000212724	ENSG00000169951	ENSG00000212724	accepted	multiple_reviewed_human_targets	unresolved_endpoint
HuRI	portal_2020-03-09	positive_evidence	HuRI:ENSG00000169951:ENSG00000213417	ENSG00000169951	ENSG00000213417	accepted	multiple_reviewed_human_targets	unresolved_endpoint
HuRI	portal_2020-03-09	positive_evidence	HuRI:ENSG00000169981:ENSG00000215271	ENSG00000169981	ENSG00000215271	accepted	unmapped_in_pinned_uniprot_release	unresolved_endpoint
HuRI	portal_2020-03-09	positive_evidence	HuRI:ENSG00000170075:ENSG00000231887	ENSG00000170075	ENSG00000231887	accepted	multiple_or_cross_species_targets_without_unique_human_mapping	unresolved_endpoint
HuRI	portal_2020-03-09	positive_evidence	HuRI:ENSG00000170264:ENSG00000212724	ENSG00000170264	ENSG00000212724	accepted	multiple_reviewed_human_targets	unresolved_endpoint
HuRI	portal_2020-03-09	positive_evidence	HuRI:ENSG00000170264:ENSG00000213417	ENSG00000170264	ENSG00000213417	accepted	multiple_reviewed_human_targets	unresolved_endpoint
HuRI	portal_2020-03-09	positive_evidence	HuRI:ENSG00000170369:ENSG00000264343	ENSG00000170369	ENSG00000264343	accepted	multiple_reviewed_human_targets	unresolved_endpoint
HuRI	portal_2020-03-09	positive_evidence	HuRI:ENSG00000170454:ENSG00000275895	ENSG00000170454	ENSG00000275895	accepted	unmapped_in_pinned_uniprot_release	unresolved_endpoint
HuRI	portal_2020-03-09	positive_evidence	HuRI:ENSG00000170469:ENSG00000264343	ENSG00000170469	ENSG00000264343	accepted	multiple_reviewed_human_targets	unresolved_endpoint
HuRI	portal_2020-03-09	positive_evidence	HuRI:ENSG00000170482:ENSG00000264343	ENSG00000170482	ENSG00000264343	accepted	multiple_reviewed_human_targets	unresolved_endpoint
HuRI	portal_2020-03-09	positive_evidence	HuRI:ENSG00000170523:ENSG00000264343	ENSG00000170523	ENSG00000264343	accepted	multiple_reviewed_human_targets	unresolved_endpoint
HuRI	portal_2020-03-09	positive_evidence	HuRI:ENSG00000170632:ENSG00000188100	ENSG00000170632	ENSG00000188100	accepted	multiple_reviewed_human_targets	unresolved_endpoint
HuRI	portal_2020-03-09	positive_evidence	HuRI:ENSG00000170632:ENSG00000189090	ENSG00000170632	ENSG00000189090	accepted	multiple_reviewed_human_targets	unresolved_endpoint
HuRI	portal_2020-03-09	positive_evidence	HuRI:ENSG00000170632:ENSG00000276430	ENSG00000170632	ENSG00000276430	accepted	multiple_reviewed_human_targets	unresolved_endpoint
HuRI	portal_2020-03-09	positive_evidence	HuRI:ENSG00000170689:ENSG00000212724	ENSG00000170689	ENSG00000212724	accepted	multiple_reviewed_human_targets	unresolved_endpoint
HuRI	portal_2020-03-09	positive_evidence	HuRI:ENSG00000170689:ENSG00000213417	ENSG00000170689	ENSG00000213417	accepted	multiple_reviewed_human_targets	unresolved_endpoint
HuRI	portal_2020-03-09	positive_evidence	HuRI:ENSG00000170689:ENSG00000264343	ENSG00000170689	ENSG00000264343	accepted	multiple_reviewed_human_targets	unresolved_endpoint
HuRI	portal_2020-03-09	positive_evidence	HuRI:ENSG00000170860:ENSG00000196459	ENSG00000170860	ENSG00000196459	accepted	multiple_reviewed_human_targets	unresolved_endpoint
HuRI	portal_2020-03-09	positive_evidence	HuRI:ENSG00000170860:ENSG00000256060	ENSG00000170860	ENSG00000256060	accepted	multiple_reviewed_human_targets	unresolved_endpoint
HuRI	portal_2020-03-09	positive_evidence	HuRI:ENSG00000170948:ENSG00000196459	ENSG00000170948	ENSG00000196459	accepted	multiple_reviewed_human_targets	unresolved_endpoint
HuRI	portal_2020-03-09	positive_evidence	HuRI:ENSG00000170948:ENSG00000256060	ENSG00000170948	ENSG00000256060	accepted	multiple_reviewed_human_targets	unresolved_endpoint
HuRI	portal_2020-03-09	positive_evidence	HuRI:ENSG00000171161:ENSG00000212724	ENSG00000171161	ENSG00000212724	accepted	multiple_reviewed_human_targets	unresolved_endpoint
HuRI	portal_2020-03-09	positive_evidence	HuRI:ENSG00000171161:ENSG00000213417	ENSG00000171161	ENSG00000213417	accepted	multiple_reviewed_human_targets	unresolved_endpoint
HuRI	portal_2020-03-09	positive_evidence	HuRI:ENSG00000171161:ENSG00000264343	ENSG00000171161	ENSG00000264343	accepted	multiple_reviewed_human_targets	unresolved_endpoint
HuRI	portal_2020-03-09	positive_evidence	HuRI:ENSG00000171222:ENSG00000213029	ENSG00000171222	ENSG00000213029	accepted	unmapped_in_pinned_uniprot_release	unresolved_endpoint
HuRI	portal_2020-03-09	positive_evidence	HuRI:ENSG00000171295:ENSG00000212724	ENSG00000171295	ENSG00000212724	accepted	multiple_reviewed_human_targets	unresolved_endpoint
HuRI	portal_2020-03-09	positive_evidence	HuRI:ENSG00000171295:ENSG00000213417	ENSG00000171295	ENSG00000213417	accepted	multiple_reviewed_human_targets	unresolved_endpoint
HuRI	portal_2020-03-09	positive_evidence	HuRI:ENSG00000171295:ENSG00000264343	ENSG00000171295	ENSG00000264343	accepted	multiple_reviewed_human_targets	unresolved_endpoint
HuRI	portal_2020-03-09	positive_evidence	HuRI:ENSG00000171396:ENSG00000212724	ENSG00000171396	ENSG00000212724	accepted	multiple_reviewed_human_targets	unresolved_endpoint
HuRI	portal_2020-03-09	positive_evidence	HuRI:ENSG00000171396:ENSG00000213417	ENSG00000171396	ENSG00000213417	accepted	multiple_reviewed_human_targets	unresolved_endpoint
HuRI	portal_2020-03-09	positive_evidence	HuRI:ENSG00000171396:ENSG00000264343	ENSG00000171396	ENSG00000264343	accepted	multiple_reviewed_human_targets	unresolved_endpoint
HuRI	portal_2020-03-09	positive_evidence	HuRI:ENSG00000171425:ENSG00000212724	ENSG00000171425	ENSG00000212724	accepted	multiple_reviewed_human_targets	unresolved_endpoint
HuRI	portal_2020-03-09	positive_evidence	HuRI:ENSG00000171425:ENSG00000213417	ENSG00000171425	ENSG00000213417	accepted	multiple_reviewed_human_targets	unresolved_endpoint
HuRI	portal_2020-03-09	positive_evidence	HuRI:ENSG00000171425:ENSG00000264343	ENSG00000171425	ENSG00000264343	accepted	multiple_reviewed_human_targets	unresolved_endpoint
HuRI	portal_2020-03-09	positive_evidence	HuRI:ENSG00000171443:ENSG00000212724	ENSG00000171443	ENSG00000212724	accepted	multiple_reviewed_human_targets	unresolved_endpoint
HuRI	portal_2020-03-09	positive_evidence	HuRI:ENSG00000171443:ENSG00000213417	ENSG00000171443	ENSG00000213417	accepted	multiple_reviewed_human_targets	unresolved_endpoint
HuRI	portal_2020-03-09	positive_evidence	HuRI:ENSG00000171448:ENSG00000177125	ENSG00000171448	ENSG00000177125	accepted	multiple_or_cross_species_targets_without_unique_human_mapping	unresolved_endpoint
HuRI	portal_2020-03-09	positive_evidence	HuRI:ENSG00000171453:ENSG00000186184	ENSG00000171453	ENSG00000186184	accepted	multiple_reviewed_human_targets	unresolved_endpoint
HuRI	portal_2020-03-09	positive_evidence	HuRI:ENSG00000171631:ENSG00000212724	ENSG00000171631	ENSG00000212724	accepted	multiple_reviewed_human_targets	unresolved_endpoint
HuRI	portal_2020-03-09	positive_evidence	HuRI:ENSG00000171631:ENSG00000213417	ENSG00000171631	ENSG00000213417	accepted	multiple_reviewed_human_targets	unresolved_endpoint
HuRI	portal_2020-03-09	positive_evidence	HuRI:ENSG00000171631:ENSG00000264343	ENSG00000171631	ENSG00000264343	accepted	multiple_reviewed_human_targets	unresolved_endpoint
HuRI	portal_2020-03-09	positive_evidence	HuRI:ENSG00000171703:ENSG00000215271	ENSG00000171703	ENSG00000215271	accepted	unmapped_in_pinned_uniprot_release	unresolved_endpoint
HuRI	portal_2020-03-09	positive_evidence	HuRI:ENSG00000171747:ENSG00000215271	ENSG00000171747	ENSG00000215271	accepted	unmapped_in_pinned_uniprot_release	unresolved_endpoint
HuRI	portal_2020-03-09	positive_evidence	HuRI:ENSG00000171847:ENSG00000215271	ENSG00000171847	ENSG00000215271	accepted	unmapped_in_pinned_uniprot_release	unresolved_endpoint
HuRI	portal_2020-03-09	positive_evidence	HuRI:ENSG00000171847:ENSG00000264343	ENSG00000171847	ENSG00000264343	accepted	multiple_reviewed_human_targets	unresolved_endpoint
HuRI	portal_2020-03-09	positive_evidence	HuRI:ENSG00000172053:ENSG00000276234	ENSG00000172053	ENSG00000276234	accepted	multiple_or_cross_species_targets_without_unique_human_mapping	unresolved_endpoint
HuRI	portal_2020-03-09	positive_evidence	HuRI:ENSG00000172155:ENSG00000212724	ENSG00000172155	ENSG00000212724	accepted	multiple_reviewed_human_targets	unresolved_endpoint
HuRI	portal_2020-03-09	positive_evidence	HuRI:ENSG00000172155:ENSG00000213417	ENSG00000172155	ENSG00000213417	accepted	multiple_reviewed_human_targets	unresolved_endpoint
HuRI	portal_2020-03-09	positive_evidence	HuRI:ENSG00000172155:ENSG00000264343	ENSG00000172155	ENSG00000264343	accepted	multiple_reviewed_human_targets	unresolved_endpoint
HuRI	portal_2020-03-09	positive_evidence	HuRI:ENSG00000172349:ENSG00000215271	ENSG00000172349	ENSG00000215271	accepted	unmapped_in_pinned_uniprot_release	unresolved_endpoint
HuRI	portal_2020-03-09	positive_evidence	HuRI:ENSG00000172482:ENSG00000214215	ENSG00000172482	ENSG00000214215	accepted	unmapped_in_pinned_uniprot_release	unresolved_endpoint
HuRI	portal_2020-03-09	positive_evidence	HuRI:ENSG00000172482:ENSG00000264343	ENSG00000172482	ENSG00000264343	accepted	multiple_reviewed_human_targets	unresolved_endpoint
HuRI	portal_2020-03-09	positive_evidence	HuRI:ENSG00000172530:ENSG00000182257	ENSG00000172530	ENSG00000182257	accepted	unmapped_in_pinned_uniprot_release	unresolved_endpoint
HuRI	portal_2020-03-09	positive_evidence	HuRI:ENSG00000172530:ENSG00000204918	ENSG00000172530	ENSG00000204918	accepted	multiple_reviewed_human_targets	unresolved_endpoint
HuRI	portal_2020-03-09	positive_evidence	HuRI:ENSG00000172530:ENSG00000204919	ENSG00000172530	ENSG00000204919	accepted	multiple_reviewed_human_targets	unresolved_endpoint
HuRI	portal_2020-03-09	positive_evidence	HuRI:ENSG00000172530:ENSG00000221972	ENSG00000172530	ENSG00000221972	accepted	unmapped_in_pinned_uniprot_release	unresolved_endpoint
HuRI	portal_2020-03-09	positive_evidence	HuRI:ENSG00000172530:ENSG00000227151	ENSG00000172530	ENSG00000227151	accepted	multiple_reviewed_human_targets	unresolved_endpoint
HuRI	portal_2020-03-09	positive_evidence	HuRI:ENSG00000172530:ENSG00000229665	ENSG00000172530	ENSG00000229665	accepted	multiple_reviewed_human_targets	unresolved_endpoint
HuRI	portal_2020-03-09	positive_evidence	HuRI:ENSG00000172530:ENSG00000234278	ENSG00000172530	ENSG00000234278	accepted	multiple_reviewed_human_targets	unresolved_endpoint
HuRI	portal_2020-03-09	positive_evidence	HuRI:ENSG00000172638:ENSG00000185594	ENSG00000172638	ENSG00000185594	accepted	unmapped_in_pinned_uniprot_release	unresolved_endpoint
HuRI	portal_2020-03-09	positive_evidence	HuRI:ENSG00000172680:ENSG00000215271	ENSG00000172680	ENSG00000215271	accepted	unmapped_in_pinned_uniprot_release	unresolved_endpoint
HuRI	portal_2020-03-09	positive_evidence	HuRI:ENSG00000172680:ENSG00000264343	ENSG00000172680	ENSG00000264343	accepted	multiple_reviewed_human_targets	unresolved_endpoint
HuRI	portal_2020-03-09	positive_evidence	HuRI:ENSG00000173065:ENSG00000204918	ENSG00000173065	ENSG00000204918	accepted	multiple_reviewed_human_targets	unresolved_endpoint
HuRI	portal_2020-03-09	positive_evidence	HuRI:ENSG00000173065:ENSG00000204919	ENSG00000173065	ENSG00000204919	accepted	multiple_reviewed_human_targets	unresolved_endpoint
HuRI	portal_2020-03-09	positive_evidence	HuRI:ENSG00000173065:ENSG00000222047	ENSG00000173065	ENSG00000222047	accepted	unmapped_in_pinned_uniprot_release	unresolved_endpoint
HuRI	portal_2020-03-09	positive_evidence	HuRI:ENSG00000173065:ENSG00000227151	ENSG00000173065	ENSG00000227151	accepted	multiple_reviewed_human_targets	unresolved_endpoint
HuRI	portal_2020-03-09	positive_evidence	HuRI:ENSG00000173065:ENSG00000229665	ENSG00000173065	ENSG00000229665	accepted	multiple_reviewed_human_targets	unresolved_endpoint
HuRI	portal_2020-03-09	positive_evidence	HuRI:ENSG00000173065:ENSG00000234278	ENSG00000173065	ENSG00000234278	accepted	multiple_reviewed_human_targets	unresolved_endpoint
HuRI	portal_2020-03-09	positive_evidence	HuRI:ENSG00000173369:ENSG00000188021	ENSG00000173369	ENSG00000188021	multiple_or_cross_species_targets_without_unique_human_mapping	accepted	unresolved_endpoint
HuRI	portal_2020-03-09	positive_evidence	HuRI:ENSG00000173421:ENSG00000182257	ENSG00000173421	ENSG00000182257	accepted	unmapped_in_pinned_uniprot_release	unresolved_endpoint
HuRI	portal_2020-03-09	positive_evidence	HuRI:ENSG00000173480:ENSG00000185614	ENSG00000173480	ENSG00000185614	accepted	multiple_or_cross_species_targets_without_unique_human_mapping	unresolved_endpoint
HuRI	portal_2020-03-09	positive_evidence	HuRI:ENSG00000173480:ENSG00000215271	ENSG00000173480	ENSG00000215271	accepted	unmapped_in_pinned_uniprot_release	unresolved_endpoint
HuRI	portal_2020-03-09	positive_evidence	HuRI:ENSG00000173480:ENSG00000264343	ENSG00000173480	ENSG00000264343	accepted	multiple_reviewed_human_targets	unresolved_endpoint
HuRI	portal_2020-03-09	positive_evidence	HuRI:ENSG00000173480:ENSG00000275895	ENSG00000173480	ENSG00000275895	accepted	unmapped_in_pinned_uniprot_release	unresolved_endpoint
HuRI	portal_2020-03-09	positive_evidence	HuRI:ENSG00000173480:ENSG00000276234	ENSG00000173480	ENSG00000276234	accepted	multiple_or_cross_species_targets_without_unique_human_mapping	unresolved_endpoint
HuRI	portal_2020-03-09	positive_evidence	HuRI:ENSG00000173621:ENSG00000264343	ENSG00000173621	ENSG00000264343	accepted	multiple_reviewed_human_targets	unresolved_endpoint
HuRI	portal_2020-03-09	positive_evidence	HuRI:ENSG00000173678:ENSG00000186860	ENSG00000173678	ENSG00000186860	multiple_reviewed_human_targets	accepted	unresolved_endpoint
HuRI	portal_2020-03-09	positive_evidence	HuRI:ENSG00000173699:ENSG00000212724	ENSG00000173699	ENSG00000212724	accepted	multiple_reviewed_human_targets	unresolved_endpoint
HuRI	portal_2020-03-09	positive_evidence	HuRI:ENSG00000173699:ENSG00000213417	ENSG00000173699	ENSG00000213417	accepted	multiple_reviewed_human_targets	unresolved_endpoint
HuRI	portal_2020-03-09	positive_evidence	HuRI:ENSG00000173991:ENSG00000182230	ENSG00000173991	ENSG00000182230	accepted	unmapped_in_pinned_uniprot_release	unresolved_endpoint
HuRI	portal_2020-03-09	positive_evidence	HuRI:ENSG00000174007:ENSG00000184258	ENSG00000174007	ENSG00000184258	accepted	unmapped_in_pinned_uniprot_release	unresolved_endpoint
HuRI	portal_2020-03-09	positive_evidence	HuRI:ENSG00000174016:ENSG00000222047	ENSG00000174016	ENSG00000222047	accepted	unmapped_in_pinned_uniprot_release	unresolved_endpoint
HuRI	portal_2020-03-09	positive_evidence	HuRI:ENSG00000174236:ENSG00000212643	ENSG00000174236	ENSG00000212643	accepted	unmapped_in_pinned_uniprot_release	unresolved_endpoint
HuRI	portal_2020-03-09	positive_evidence	HuRI:ENSG00000174370:ENSG00000175895	ENSG00000174370	ENSG00000175895	unmapped_in_pinned_uniprot_release	accepted	unresolved_endpoint
HuRI	portal_2020-03-09	positive_evidence	HuRI:ENSG00000174370:ENSG00000213654	ENSG00000174370	ENSG00000213654	unmapped_in_pinned_uniprot_release	accepted	unresolved_endpoint
HuRI	portal_2020-03-09	positive_evidence	HuRI:ENSG00000174446:ENSG00000196459	ENSG00000174446	ENSG00000196459	accepted	multiple_reviewed_human_targets	unresolved_endpoint
HuRI	portal_2020-03-09	positive_evidence	HuRI:ENSG00000174446:ENSG00000256060	ENSG00000174446	ENSG00000256060	accepted	multiple_reviewed_human_targets	unresolved_endpoint
HuRI	portal_2020-03-09	positive_evidence	HuRI:ENSG00000174460:ENSG00000276234	ENSG00000174460	ENSG00000276234	accepted	multiple_or_cross_species_targets_without_unique_human_mapping	unresolved_endpoint
HuRI	portal_2020-03-09	positive_evidence	HuRI:ENSG00000174547:ENSG00000215271	ENSG00000174547	ENSG00000215271	accepted	unmapped_in_pinned_uniprot_release	unresolved_endpoint
HuRI	portal_2020-03-09	positive_evidence	HuRI:ENSG00000174586:ENSG00000264343	ENSG00000174586	ENSG00000264343	accepted	multiple_reviewed_human_targets	unresolved_endpoint
HuRI	portal_2020-03-09	positive_evidence	HuRI:ENSG00000174738:ENSG00000264343	ENSG00000174738	ENSG00000264343	accepted	multiple_reviewed_human_targets	unresolved_endpoint
HuRI	portal_2020-03-09	positive_evidence	HuRI:ENSG00000175213:ENSG00000264343	ENSG00000175213	ENSG00000264343	accepted	multiple_reviewed_human_targets	unresolved_endpoint
HuRI	portal_2020-03-09	positive_evidence	HuRI:ENSG00000175279:ENSG00000215271	ENSG00000175279	ENSG00000215271	accepted	unmapped_in_pinned_uniprot_release	unresolved_endpoint
HuRI	portal_2020-03-09	positive_evidence	HuRI:ENSG00000175294:ENSG00000212724	ENSG00000175294	ENSG00000212724	accepted	multiple_reviewed_human_targets	unresolved_endpoint
HuRI	portal_2020-03-09	positive_evidence	HuRI:ENSG00000175294:ENSG00000213417	ENSG00000175294	ENSG00000213417	accepted	multiple_reviewed_human_targets	unresolved_endpoint
HuRI	portal_2020-03-09	positive_evidence	HuRI:ENSG00000175294:ENSG00000264343	ENSG00000175294	ENSG00000264343	accepted	multiple_reviewed_human_targets	unresolved_endpoint
HuRI	portal_2020-03-09	positive_evidence	HuRI:ENSG00000175390:ENSG00000185689	ENSG00000175390	ENSG00000185689	accepted	unmapped_in_pinned_uniprot_release	unresolved_endpoint
HuRI	portal_2020-03-09	positive_evidence	HuRI:ENSG00000175513:ENSG00000215271	ENSG00000175513	ENSG00000215271	accepted	unmapped_in_pinned_uniprot_release	unresolved_endpoint
HuRI	portal_2020-03-09	positive_evidence	HuRI:ENSG00000175514:ENSG00000204176	ENSG00000175514	ENSG00000204176	accepted	multiple_reviewed_human_targets	unresolved_endpoint
HuRI	portal_2020-03-09	positive_evidence	HuRI:ENSG00000175514:ENSG00000277758	ENSG00000175514	ENSG00000277758	accepted	multiple_reviewed_human_targets	unresolved_endpoint
HuRI	portal_2020-03-09	positive_evidence	HuRI:ENSG00000175895:ENSG00000215269	ENSG00000175895	ENSG00000215269	accepted	multiple_reviewed_human_targets	unresolved_endpoint
HuRI	portal_2020-03-09	positive_evidence	HuRI:ENSG00000175895:ENSG00000236362	ENSG00000175895	ENSG00000236362	accepted	multiple_reviewed_human_targets	unresolved_endpoint
HuRI	portal_2020-03-09	positive_evidence	HuRI:ENSG00000175946:ENSG00000212724	ENSG00000175946	ENSG00000212724	accepted	multiple_reviewed_human_targets	unresolved_endpoint
HuRI	portal_2020-03-09	positive_evidence	HuRI:ENSG00000175946:ENSG00000213417	ENSG00000175946	ENSG00000213417	accepted	multiple_reviewed_human_targets	unresolved_endpoint
HuRI	portal_2020-03-09	positive_evidence	HuRI:ENSG00000175946:ENSG00000264343	ENSG00000175946	ENSG00000264343	accepted	multiple_reviewed_human_targets	unresolved_endpoint
HuRI	portal_2020-03-09	positive_evidence	HuRI:ENSG00000176049:ENSG00000215271	ENSG00000176049	ENSG00000215271	accepted	unmapped_in_pinned_uniprot_release	unresolved_endpoint
HuRI	portal_2020-03-09	positive_evidence	HuRI:ENSG00000176083:ENSG00000204918	ENSG00000176083	ENSG00000204918	accepted	multiple_reviewed_human_targets	unresolved_endpoint
HuRI	portal_2020-03-09	positive_evidence	HuRI:ENSG00000176083:ENSG00000204919	ENSG00000176083	ENSG00000204919	accepted	multiple_reviewed_human_targets	unresolved_endpoint
HuRI	portal_2020-03-09	positive_evidence	HuRI:ENSG00000176083:ENSG00000227151	ENSG00000176083	ENSG00000227151	accepted	multiple_reviewed_human_targets	unresolved_endpoint
HuRI	portal_2020-03-09	positive_evidence	HuRI:ENSG00000176083:ENSG00000229665	ENSG00000176083	ENSG00000229665	accepted	multiple_reviewed_human_targets	unresolved_endpoint
HuRI	portal_2020-03-09	positive_evidence	HuRI:ENSG00000176083:ENSG00000234278	ENSG00000176083	ENSG00000234278	accepted	multiple_reviewed_human_targets	unresolved_endpoint
HuRI	portal_2020-03-09	positive_evidence	HuRI:ENSG00000176125:ENSG00000222047	ENSG00000176125	ENSG00000222047	accepted	unmapped_in_pinned_uniprot_release	unresolved_endpoint
HuRI	portal_2020-03-09	positive_evidence	HuRI:ENSG00000176155:ENSG00000182077	ENSG00000176155	ENSG00000182077	accepted	unmapped_in_pinned_uniprot_release	unresolved_endpoint
HuRI	portal_2020-03-09	positive_evidence	HuRI:ENSG00000176182:ENSG00000264343	ENSG00000176182	ENSG00000264343	accepted	multiple_reviewed_human_targets	unresolved_endpoint
HuRI	portal_2020-03-09	positive_evidence	HuRI:ENSG00000176472:ENSG00000212724	ENSG00000176472	ENSG00000212724	accepted	multiple_reviewed_human_targets	unresolved_endpoint
HuRI	portal_2020-03-09	positive_evidence	HuRI:ENSG00000176472:ENSG00000213417	ENSG00000176472	ENSG00000213417	accepted	multiple_reviewed_human_targets	unresolved_endpoint
HuRI	portal_2020-03-09	positive_evidence	HuRI:ENSG00000176473:ENSG00000264343	ENSG00000176473	ENSG00000264343	accepted	multiple_reviewed_human_targets	unresolved_endpoint
HuRI	portal_2020-03-09	positive_evidence	HuRI:ENSG00000176896:ENSG00000215271	ENSG00000176896	ENSG00000215271	accepted	unmapped_in_pinned_uniprot_release	unresolved_endpoint
HuRI	portal_2020-03-09	positive_evidence	HuRI:ENSG00000177042:ENSG00000251655	ENSG00000177042	ENSG00000251655	accepted	multiple_or_cross_species_targets_without_unique_human_mapping	unresolved_endpoint
HuRI	portal_2020-03-09	positive_evidence	HuRI:ENSG00000177125:ENSG00000182134	ENSG00000177125	ENSG00000182134	multiple_or_cross_species_targets_without_unique_human_mapping	accepted	unresolved_endpoint
HuRI	portal_2020-03-09	positive_evidence	HuRI:ENSG00000177324:ENSG00000204918	ENSG00000177324	ENSG00000204918	accepted	multiple_reviewed_human_targets	unresolved_endpoint
HuRI	portal_2020-03-09	positive_evidence	HuRI:ENSG00000177324:ENSG00000204919	ENSG00000177324	ENSG00000204919	accepted	multiple_reviewed_human_targets	unresolved_endpoint
HuRI	portal_2020-03-09	positive_evidence	HuRI:ENSG00000177324:ENSG00000227151	ENSG00000177324	ENSG00000227151	accepted	multiple_reviewed_human_targets	unresolved_endpoint
HuRI	portal_2020-03-09	positive_evidence	HuRI:ENSG00000177324:ENSG00000229665	ENSG00000177324	ENSG00000229665	accepted	multiple_reviewed_human_targets	unresolved_endpoint
HuRI	portal_2020-03-09	positive_evidence	HuRI:ENSG00000177324:ENSG00000234278	ENSG00000177324	ENSG00000234278	accepted	multiple_reviewed_human_targets	unresolved_endpoint
HuRI	portal_2020-03-09	positive_evidence	HuRI:ENSG00000177427:ENSG00000188100	ENSG00000177427	ENSG00000188100	accepted	multiple_reviewed_human_targets	unresolved_endpoint
HuRI	portal_2020-03-09	positive_evidence	HuRI:ENSG00000177427:ENSG00000189090	ENSG00000177427	ENSG00000189090	accepted	multiple_reviewed_human_targets	unresolved_endpoint
HuRI	portal_2020-03-09	positive_evidence	HuRI:ENSG00000177427:ENSG00000276430	ENSG00000177427	ENSG00000276430	accepted	multiple_reviewed_human_targets	unresolved_endpoint
HuRI	portal_2020-03-09	positive_evidence	HuRI:ENSG00000177469:ENSG00000278845	ENSG00000177469	ENSG00000278845	accepted	multiple_or_cross_species_targets_without_unique_human_mapping	unresolved_endpoint
HuRI	portal_2020-03-09	positive_evidence	HuRI:ENSG00000177599:ENSG00000212724	ENSG00000177599	ENSG00000212724	accepted	multiple_reviewed_human_targets	unresolved_endpoint
HuRI	portal_2020-03-09	positive_evidence	HuRI:ENSG00000177599:ENSG00000213417	ENSG00000177599	ENSG00000213417	accepted	multiple_reviewed_human_targets	unresolved_endpoint
HuRI	portal_2020-03-09	positive_evidence	HuRI:ENSG00000177707:ENSG00000264343	ENSG00000177707	ENSG00000264343	accepted	multiple_reviewed_human_targets	unresolved_endpoint
HuRI	portal_2020-03-09	positive_evidence	HuRI:ENSG00000177885:ENSG00000248405	ENSG00000177885	ENSG00000248405	accepted	multiple_or_cross_species_targets_without_unique_human_mapping	unresolved_endpoint
HuRI	portal_2020-03-09	positive_evidence	HuRI:ENSG00000178096:ENSG00000283374	ENSG00000178096	ENSG00000283374	accepted	unmapped_in_pinned_uniprot_release	unresolved_endpoint
HuRI	portal_2020-03-09	positive_evidence	HuRI:ENSG00000178149:ENSG00000264343	ENSG00000178149	ENSG00000264343	accepted	multiple_reviewed_human_targets	unresolved_endpoint
HuRI	portal_2020-03-09	positive_evidence	HuRI:ENSG00000178279:ENSG00000212724	ENSG00000178279	ENSG00000212724	accepted	multiple_reviewed_human_targets	unresolved_endpoint
HuRI	portal_2020-03-09	positive_evidence	HuRI:ENSG00000178279:ENSG00000213417	ENSG00000178279	ENSG00000213417	accepted	multiple_reviewed_human_targets	unresolved_endpoint
HuRI	portal_2020-03-09	positive_evidence	HuRI:ENSG00000178585:ENSG00000264343	ENSG00000178585	ENSG00000264343	accepted	multiple_reviewed_human_targets	unresolved_endpoint
HuRI	portal_2020-03-09	positive_evidence	HuRI:ENSG00000178718:ENSG00000215271	ENSG00000178718	ENSG00000215271	accepted	unmapped_in_pinned_uniprot_release	unresolved_endpoint
HuRI	portal_2020-03-09	positive_evidence	HuRI:ENSG00000178928:ENSG00000179455	ENSG00000178928	ENSG00000179455	multiple_or_cross_species_targets_without_unique_human_mapping	accepted	unresolved_endpoint
HuRI	portal_2020-03-09	positive_evidence	HuRI:ENSG00000178928:ENSG00000186930	ENSG00000178928	ENSG00000186930	multiple_or_cross_species_targets_without_unique_human_mapping	accepted	unresolved_endpoint
HuRI	portal_2020-03-09	positive_evidence	HuRI:ENSG00000178928:ENSG00000188986	ENSG00000178928	ENSG00000188986	multiple_or_cross_species_targets_without_unique_human_mapping	accepted	unresolved_endpoint
HuRI	portal_2020-03-09	positive_evidence	HuRI:ENSG00000178928:ENSG00000196388	ENSG00000178928	ENSG00000196388	multiple_or_cross_species_targets_without_unique_human_mapping	accepted	unresolved_endpoint
HuRI	portal_2020-03-09	positive_evidence	HuRI:ENSG00000178928:ENSG00000197978	ENSG00000178928	ENSG00000197978	multiple_or_cross_species_targets_without_unique_human_mapping	accepted	unresolved_endpoint
HuRI	portal_2020-03-09	positive_evidence	HuRI:ENSG00000178928:ENSG00000204918	ENSG00000178928	ENSG00000204918	multiple_or_cross_species_targets_without_unique_human_mapping	multiple_reviewed_human_targets	unresolved_endpoint
HuRI	portal_2020-03-09	positive_evidence	HuRI:ENSG00000178928:ENSG00000204919	ENSG00000178928	ENSG00000204919	multiple_or_cross_species_targets_without_unique_human_mapping	multiple_reviewed_human_targets	unresolved_endpoint
HuRI	portal_2020-03-09	positive_evidence	HuRI:ENSG00000178928:ENSG00000221829	ENSG00000178928	ENSG00000221829	multiple_or_cross_species_targets_without_unique_human_mapping	accepted	unresolved_endpoint
HuRI	portal_2020-03-09	positive_evidence	HuRI:ENSG00000178928:ENSG00000227151	ENSG00000178928	ENSG00000227151	multiple_or_cross_species_targets_without_unique_human_mapping	multiple_reviewed_human_targets	unresolved_endpoint
HuRI	portal_2020-03-09	positive_evidence	HuRI:ENSG00000178928:ENSG00000229665	ENSG00000178928	ENSG00000229665	multiple_or_cross_species_targets_without_unique_human_mapping	multiple_reviewed_human_targets	unresolved_endpoint
HuRI	portal_2020-03-09	positive_evidence	HuRI:ENSG00000178928:ENSG00000234278	ENSG00000178928	ENSG00000234278	multiple_or_cross_species_targets_without_unique_human_mapping	multiple_reviewed_human_targets	unresolved_endpoint
HuRI	portal_2020-03-09	positive_evidence	HuRI:ENSG00000178928:ENSG00000244362	ENSG00000178928	ENSG00000244362	multiple_or_cross_species_targets_without_unique_human_mapping	accepted	unresolved_endpoint
HuRI	portal_2020-03-09	positive_evidence	HuRI:ENSG00000179168:ENSG00000212724	ENSG00000179168	ENSG00000212724	accepted	multiple_reviewed_human_targets	unresolved_endpoint
HuRI	portal_2020-03-09	positive_evidence	HuRI:ENSG00000179168:ENSG00000213417	ENSG00000179168	ENSG00000213417	accepted	multiple_reviewed_human_targets	unresolved_endpoint
HuRI	portal_2020-03-09	positive_evidence	HuRI:ENSG00000179222:ENSG00000204918	ENSG00000179222	ENSG00000204918	accepted	multiple_reviewed_human_targets	unresolved_endpoint
HuRI	portal_2020-03-09	positive_evidence	HuRI:ENSG00000179222:ENSG00000204919	ENSG00000179222	ENSG00000204919	accepted	multiple_reviewed_human_targets	unresolved_endpoint
HuRI	portal_2020-03-09	positive_evidence	HuRI:ENSG00000179222:ENSG00000227151	ENSG00000179222	ENSG00000227151	accepted	multiple_reviewed_human_targets	unresolved_endpoint
HuRI	portal_2020-03-09	positive_evidence	HuRI:ENSG00000179222:ENSG00000229665	ENSG00000179222	ENSG00000229665	accepted	multiple_reviewed_human_targets	unresolved_endpoint
HuRI	portal_2020-03-09	positive_evidence	HuRI:ENSG00000179222:ENSG00000234278	ENSG00000179222	ENSG00000234278	accepted	multiple_reviewed_human_targets	unresolved_endpoint
HuRI	portal_2020-03-09	positive_evidence	HuRI:ENSG00000179409:ENSG00000212724	ENSG00000179409	ENSG00000212724	accepted	multiple_reviewed_human_targets	unresolved_endpoint
HuRI	portal_2020-03-09	positive_evidence	HuRI:ENSG00000179409:ENSG00000213417	ENSG00000179409	ENSG00000213417	accepted	multiple_reviewed_human_targets	unresolved_endpoint
HuRI	portal_2020-03-09	positive_evidence	HuRI:ENSG00000179455:ENSG00000185594	ENSG00000179455	ENSG00000185594	accepted	unmapped_in_pinned_uniprot_release	unresolved_endpoint
HuRI	portal_2020-03-09	positive_evidence	HuRI:ENSG00000179455:ENSG00000276234	ENSG00000179455	ENSG00000276234	accepted	multiple_or_cross_species_targets_without_unique_human_mapping	unresolved_endpoint
HuRI	portal_2020-03-09	positive_evidence	HuRI:ENSG00000179912:ENSG00000264343	ENSG00000179912	ENSG00000264343	accepted	multiple_reviewed_human_targets	unresolved_endpoint
HuRI	portal_2020-03-09	positive_evidence	HuRI:ENSG00000179930:ENSG00000264343	ENSG00000179930	ENSG00000264343	accepted	multiple_reviewed_human_targets	unresolved_endpoint
HuRI	portal_2020-03-09	positive_evidence	HuRI:ENSG00000180219:ENSG00000264343	ENSG00000180219	ENSG00000264343	accepted	multiple_reviewed_human_targets	unresolved_endpoint
HuRI	portal_2020-03-09	positive_evidence	HuRI:ENSG00000180644:ENSG00000264343	ENSG00000180644	ENSG00000264343	accepted	multiple_reviewed_human_targets	unresolved_endpoint
HuRI	portal_2020-03-09	positive_evidence	HuRI:ENSG00000180884:ENSG00000212724	ENSG00000180884	ENSG00000212724	accepted	multiple_reviewed_human_targets	unresolved_endpoint
HuRI	portal_2020-03-09	positive_evidence	HuRI:ENSG00000180884:ENSG00000213417	ENSG00000180884	ENSG00000213417	accepted	multiple_reviewed_human_targets	unresolved_endpoint
HuRI	portal_2020-03-09	positive_evidence	HuRI:ENSG00000181013:ENSG00000264364	ENSG00000181013	ENSG00000264364	unmapped_in_pinned_uniprot_release	accepted	unresolved_endpoint
HuRI	portal_2020-03-09	positive_evidence	HuRI:ENSG00000181026:ENSG00000215271	ENSG00000181026	ENSG00000215271	accepted	unmapped_in_pinned_uniprot_release	unresolved_endpoint
HuRI	portal_2020-03-09	positive_evidence	HuRI:ENSG00000181029:ENSG00000196459	ENSG00000181029	ENSG00000196459	accepted	multiple_reviewed_human_targets	unresolved_endpoint
HuRI	portal_2020-03-09	positive_evidence	HuRI:ENSG00000181029:ENSG00000256060	ENSG00000181029	ENSG00000256060	accepted	multiple_reviewed_human_targets	unresolved_endpoint
HuRI	portal_2020-03-09	positive_evidence	HuRI:ENSG00000181585:ENSG00000264343	ENSG00000181585	ENSG00000264343	accepted	multiple_reviewed_human_targets	unresolved_endpoint
HuRI	portal_2020-03-09	positive_evidence	HuRI:ENSG00000182134:ENSG00000188100	ENSG00000182134	ENSG00000188100	accepted	multiple_reviewed_human_targets	unresolved_endpoint
HuRI	portal_2020-03-09	positive_evidence	HuRI:ENSG00000182134:ENSG00000189090	ENSG00000182134	ENSG00000189090	accepted	multiple_reviewed_human_targets	unresolved_endpoint
HuRI	portal_2020-03-09	positive_evidence	HuRI:ENSG00000182134:ENSG00000276430	ENSG00000182134	ENSG00000276430	accepted	multiple_reviewed_human_targets	unresolved_endpoint
HuRI	portal_2020-03-09	positive_evidence	HuRI:ENSG00000182257:ENSG00000183283	ENSG00000182257	ENSG00000183283	unmapped_in_pinned_uniprot_release	accepted	unresolved_endpoint
HuRI	portal_2020-03-09	positive_evidence	HuRI:ENSG00000182257:ENSG00000197191	ENSG00000182257	ENSG00000197191	unmapped_in_pinned_uniprot_release	accepted	unresolved_endpoint
HuRI	portal_2020-03-09	positive_evidence	HuRI:ENSG00000182257:ENSG00000204918	ENSG00000182257	ENSG00000204918	unmapped_in_pinned_uniprot_release	multiple_reviewed_human_targets	unresolved_endpoint
HuRI	portal_2020-03-09	positive_evidence	HuRI:ENSG00000182257:ENSG00000204919	ENSG00000182257	ENSG00000204919	unmapped_in_pinned_uniprot_release	multiple_reviewed_human_targets	unresolved_endpoint
HuRI	portal_2020-03-09	positive_evidence	HuRI:ENSG00000182257:ENSG00000212900	ENSG00000182257	ENSG00000212900	unmapped_in_pinned_uniprot_release	accepted	unresolved_endpoint
HuRI	portal_2020-03-09	positive_evidence	HuRI:ENSG00000182257:ENSG00000227151	ENSG00000182257	ENSG00000227151	unmapped_in_pinned_uniprot_release	multiple_reviewed_human_targets	unresolved_endpoint
HuRI	portal_2020-03-09	positive_evidence	HuRI:ENSG00000182257:ENSG00000229665	ENSG00000182257	ENSG00000229665	unmapped_in_pinned_uniprot_release	multiple_reviewed_human_targets	unresolved_endpoint
HuRI	portal_2020-03-09	positive_evidence	HuRI:ENSG00000182257:ENSG00000234278	ENSG00000182257	ENSG00000234278	unmapped_in_pinned_uniprot_release	multiple_reviewed_human_targets	unresolved_endpoint
HuRI	portal_2020-03-09	positive_evidence	HuRI:ENSG00000182591:ENSG00000256671	ENSG00000182591	ENSG00000256671	accepted	multiple_reviewed_human_targets	unresolved_endpoint
HuRI	portal_2020-03-09	positive_evidence	HuRI:ENSG00000182591:ENSG00000256977	ENSG00000182591	ENSG00000256977	accepted	multiple_reviewed_human_targets	unresolved_endpoint
HuRI	portal_2020-03-09	positive_evidence	HuRI:ENSG00000182591:ENSG00000270136	ENSG00000182591	ENSG00000270136	accepted	multiple_or_cross_species_targets_without_unique_human_mapping	unresolved_endpoint
HuRI	portal_2020-03-09	positive_evidence	HuRI:ENSG00000182667:ENSG00000264343	ENSG00000182667	ENSG00000264343	accepted	multiple_reviewed_human_targets	unresolved_endpoint
HuRI	portal_2020-03-09	positive_evidence	HuRI:ENSG00000182816:ENSG00000264343	ENSG00000182816	ENSG00000264343	accepted	multiple_reviewed_human_targets	unresolved_endpoint
HuRI	portal_2020-03-09	positive_evidence	HuRI:ENSG00000182979:ENSG00000264343	ENSG00000182979	ENSG00000264343	accepted	multiple_reviewed_human_targets	unresolved_endpoint
HuRI	portal_2020-03-09	positive_evidence	HuRI:ENSG00000183230:ENSG00000215271	ENSG00000183230	ENSG00000215271	accepted	unmapped_in_pinned_uniprot_release	unresolved_endpoint
HuRI	portal_2020-03-09	positive_evidence	HuRI:ENSG00000183230:ENSG00000283374	ENSG00000183230	ENSG00000283374	accepted	unmapped_in_pinned_uniprot_release	unresolved_endpoint
HuRI	portal_2020-03-09	positive_evidence	HuRI:ENSG00000183283:ENSG00000204918	ENSG00000183283	ENSG00000204918	accepted	multiple_reviewed_human_targets	unresolved_endpoint
HuRI	portal_2020-03-09	positive_evidence	HuRI:ENSG00000183283:ENSG00000204919	ENSG00000183283	ENSG00000204919	accepted	multiple_reviewed_human_targets	unresolved_endpoint
HuRI	portal_2020-03-09	positive_evidence	HuRI:ENSG00000183283:ENSG00000227151	ENSG00000183283	ENSG00000227151	accepted	multiple_reviewed_human_targets	unresolved_endpoint
HuRI	portal_2020-03-09	positive_evidence	HuRI:ENSG00000183283:ENSG00000229665	ENSG00000183283	ENSG00000229665	accepted	multiple_reviewed_human_targets	unresolved_endpoint
HuRI	portal_2020-03-09	positive_evidence	HuRI:ENSG00000183283:ENSG00000234278	ENSG00000183283	ENSG00000234278	accepted	multiple_reviewed_human_targets	unresolved_endpoint
HuRI	portal_2020-03-09	positive_evidence	HuRI:ENSG00000183304:ENSG00000204918	ENSG00000183304	ENSG00000204918	accepted	multiple_reviewed_human_targets	unresolved_endpoint
HuRI	portal_2020-03-09	positive_evidence	HuRI:ENSG00000183304:ENSG00000204919	ENSG00000183304	ENSG00000204919	accepted	multiple_reviewed_human_targets	unresolved_endpoint
HuRI	portal_2020-03-09	positive_evidence	HuRI:ENSG00000183304:ENSG00000227151	ENSG00000183304	ENSG00000227151	accepted	multiple_reviewed_human_targets	unresolved_endpoint
HuRI	portal_2020-03-09	positive_evidence	HuRI:ENSG00000183304:ENSG00000229665	ENSG00000183304	ENSG00000229665	accepted	multiple_reviewed_human_targets	unresolved_endpoint
HuRI	portal_2020-03-09	positive_evidence	HuRI:ENSG00000183304:ENSG00000234278	ENSG00000183304	ENSG00000234278	accepted	multiple_reviewed_human_targets	unresolved_endpoint
HuRI	portal_2020-03-09	positive_evidence	HuRI:ENSG00000183336:ENSG00000222047	ENSG00000183336	ENSG00000222047	accepted	unmapped_in_pinned_uniprot_release	unresolved_endpoint
HuRI	portal_2020-03-09	positive_evidence	HuRI:ENSG00000183336:ENSG00000283374	ENSG00000183336	ENSG00000283374	accepted	unmapped_in_pinned_uniprot_release	unresolved_endpoint
HuRI	portal_2020-03-09	positive_evidence	HuRI:ENSG00000183621:ENSG00000196459	ENSG00000183621	ENSG00000196459	accepted	multiple_reviewed_human_targets	unresolved_endpoint
HuRI	portal_2020-03-09	positive_evidence	HuRI:ENSG00000183621:ENSG00000256060	ENSG00000183621	ENSG00000256060	accepted	multiple_reviewed_human_targets	unresolved_endpoint
HuRI	portal_2020-03-09	positive_evidence	HuRI:ENSG00000183690:ENSG00000275895	ENSG00000183690	ENSG00000275895	accepted	unmapped_in_pinned_uniprot_release	unresolved_endpoint
HuRI	portal_2020-03-09	positive_evidence	HuRI:ENSG00000183729:ENSG00000188021	ENSG00000183729	ENSG00000188021	unmapped_in_pinned_uniprot_release	accepted	unresolved_endpoint
HuRI	portal_2020-03-09	positive_evidence	HuRI:ENSG00000184209:ENSG00000275895	ENSG00000184209	ENSG00000275895	accepted	unmapped_in_pinned_uniprot_release	unresolved_endpoint
HuRI	portal_2020-03-09	positive_evidence	HuRI:ENSG00000184330:ENSG00000197364	ENSG00000184330	ENSG00000197364	accepted	unmapped_in_pinned_uniprot_release	unresolved_endpoint
HuRI	portal_2020-03-09	positive_evidence	HuRI:ENSG00000184351:ENSG00000204918	ENSG00000184351	ENSG00000204918	accepted	multiple_reviewed_human_targets	unresolved_endpoint
HuRI	portal_2020-03-09	positive_evidence	HuRI:ENSG00000184351:ENSG00000204919	ENSG00000184351	ENSG00000204919	accepted	multiple_reviewed_human_targets	unresolved_endpoint
HuRI	portal_2020-03-09	positive_evidence	HuRI:ENSG00000184351:ENSG00000227151	ENSG00000184351	ENSG00000227151	accepted	multiple_reviewed_human_targets	unresolved_endpoint
HuRI	portal_2020-03-09	positive_evidence	HuRI:ENSG00000184351:ENSG00000229665	ENSG00000184351	ENSG00000229665	accepted	multiple_reviewed_human_targets	unresolved_endpoint
HuRI	portal_2020-03-09	positive_evidence	HuRI:ENSG00000184351:ENSG00000234278	ENSG00000184351	ENSG00000234278	accepted	multiple_reviewed_human_targets	unresolved_endpoint
HuRI	portal_2020-03-09	positive_evidence	HuRI:ENSG00000184436:ENSG00000264343	ENSG00000184436	ENSG00000264343	accepted	multiple_reviewed_human_targets	unresolved_endpoint
HuRI	portal_2020-03-09	positive_evidence	HuRI:ENSG00000184708:ENSG00000204918	ENSG00000184708	ENSG00000204918	accepted	multiple_reviewed_human_targets	unresolved_endpoint
HuRI	portal_2020-03-09	positive_evidence	HuRI:ENSG00000184708:ENSG00000204919	ENSG00000184708	ENSG00000204919	accepted	multiple_reviewed_human_targets	unresolved_endpoint
HuRI	portal_2020-03-09	positive_evidence	HuRI:ENSG00000184708:ENSG00000227151	ENSG00000184708	ENSG00000227151	accepted	multiple_reviewed_human_targets	unresolved_endpoint
HuRI	portal_2020-03-09	positive_evidence	HuRI:ENSG00000184708:ENSG00000229665	ENSG00000184708	ENSG00000229665	accepted	multiple_reviewed_human_targets	unresolved_endpoint
HuRI	portal_2020-03-09	positive_evidence	HuRI:ENSG00000184708:ENSG00000234278	ENSG00000184708	ENSG00000234278	accepted	multiple_reviewed_human_targets	unresolved_endpoint
HuRI	portal_2020-03-09	positive_evidence	HuRI:ENSG00000184811:ENSG00000197536	ENSG00000184811	ENSG00000197536	accepted	unmapped_in_pinned_uniprot_release	unresolved_endpoint
HuRI	portal_2020-03-09	positive_evidence	HuRI:ENSG00000184900:ENSG00000215271	ENSG00000184900	ENSG00000215271	accepted	unmapped_in_pinned_uniprot_release	unresolved_endpoint
HuRI	portal_2020-03-09	positive_evidence	HuRI:ENSG00000185294:ENSG00000264343	ENSG00000185294	ENSG00000264343	accepted	multiple_reviewed_human_targets	unresolved_endpoint
HuRI	portal_2020-03-09	positive_evidence	HuRI:ENSG00000185359:ENSG00000221972	ENSG00000185359	ENSG00000221972	accepted	unmapped_in_pinned_uniprot_release	unresolved_endpoint
HuRI	portal_2020-03-09	positive_evidence	HuRI:ENSG00000185359:ENSG00000276234	ENSG00000185359	ENSG00000276234	accepted	multiple_or_cross_species_targets_without_unique_human_mapping	unresolved_endpoint
HuRI	portal_2020-03-09	positive_evidence	HuRI:ENSG00000185522:ENSG00000264343	ENSG00000185522	ENSG00000264343	accepted	multiple_reviewed_human_targets	unresolved_endpoint
HuRI	portal_2020-03-09	positive_evidence	HuRI:ENSG00000185594:ENSG00000186930	ENSG00000185594	ENSG00000186930	unmapped_in_pinned_uniprot_release	accepted	unresolved_endpoint
HuRI	portal_2020-03-09	positive_evidence	HuRI:ENSG00000185594:ENSG00000197191	ENSG00000185594	ENSG00000197191	unmapped_in_pinned_uniprot_release	accepted	unresolved_endpoint
HuRI	portal_2020-03-09	positive_evidence	HuRI:ENSG00000185594:ENSG00000215455	ENSG00000185594	ENSG00000215455	unmapped_in_pinned_uniprot_release	accepted	unresolved_endpoint
HuRI	portal_2020-03-09	positive_evidence	HuRI:ENSG00000185594:ENSG00000264343	ENSG00000185594	ENSG00000264343	unmapped_in_pinned_uniprot_release	multiple_reviewed_human_targets	unresolved_endpoint
HuRI	portal_2020-03-09	positive_evidence	HuRI:ENSG00000185594:ENSG00000271383	ENSG00000185594	ENSG00000271383	unmapped_in_pinned_uniprot_release	accepted	unresolved_endpoint
HuRI	portal_2020-03-09	positive_evidence	HuRI:ENSG00000185608:ENSG00000264343	ENSG00000185608	ENSG00000264343	accepted	multiple_reviewed_human_targets	unresolved_endpoint
HuRI	portal_2020-03-09	positive_evidence	HuRI:ENSG00000185614:ENSG00000204438	ENSG00000185614	ENSG00000204438	multiple_or_cross_species_targets_without_unique_human_mapping	accepted	unresolved_endpoint
HuRI	portal_2020-03-09	positive_evidence	HuRI:ENSG00000185742:ENSG00000212724	ENSG00000185742	ENSG00000212724	accepted	multiple_reviewed_human_targets	unresolved_endpoint
HuRI	portal_2020-03-09	positive_evidence	HuRI:ENSG00000185742:ENSG00000213417	ENSG00000185742	ENSG00000213417	accepted	multiple_reviewed_human_targets	unresolved_endpoint
HuRI	portal_2020-03-09	positive_evidence	HuRI:ENSG00000185761:ENSG00000197191	ENSG00000185761	ENSG00000197191	multiple_or_cross_species_targets_without_unique_human_mapping	accepted	unresolved_endpoint
HuRI	portal_2020-03-09	positive_evidence	HuRI:ENSG00000185761:ENSG00000254997	ENSG00000185761	ENSG00000254997	multiple_or_cross_species_targets_without_unique_human_mapping	accepted	unresolved_endpoint
HuRI	portal_2020-03-09	positive_evidence	HuRI:ENSG00000185924:ENSG00000264343	ENSG00000185924	ENSG00000264343	accepted	multiple_reviewed_human_targets	unresolved_endpoint
HuRI	portal_2020-03-09	positive_evidence	HuRI:ENSG00000185962:ENSG00000212724	ENSG00000185962	ENSG00000212724	accepted	multiple_reviewed_human_targets	unresolved_endpoint
HuRI	portal_2020-03-09	positive_evidence	HuRI:ENSG00000185962:ENSG00000213417	ENSG00000185962	ENSG00000213417	accepted	multiple_reviewed_human_targets	unresolved_endpoint
HuRI	portal_2020-03-09	positive_evidence	HuRI:ENSG00000185962:ENSG00000264343	ENSG00000185962	ENSG00000264343	accepted	multiple_reviewed_human_targets	unresolved_endpoint
HuRI	portal_2020-03-09	positive_evidence	HuRI:ENSG00000185966:ENSG00000264343	ENSG00000185966	ENSG00000264343	accepted	multiple_reviewed_human_targets	unresolved_endpoint
HuRI	portal_2020-03-09	positive_evidence	HuRI:ENSG00000186153:ENSG00000222047	ENSG00000186153	ENSG00000222047	accepted	unmapped_in_pinned_uniprot_release	unresolved_endpoint
HuRI	portal_2020-03-09	positive_evidence	HuRI:ENSG00000186207:ENSG00000264343	ENSG00000186207	ENSG00000264343	accepted	multiple_reviewed_human_targets	unresolved_endpoint
HuRI	portal_2020-03-09	positive_evidence	HuRI:ENSG00000186226:ENSG00000212724	ENSG00000186226	ENSG00000212724	accepted	multiple_reviewed_human_targets	unresolved_endpoint
HuRI	portal_2020-03-09	positive_evidence	HuRI:ENSG00000186226:ENSG00000213417	ENSG00000186226	ENSG00000213417	accepted	multiple_reviewed_human_targets	unresolved_endpoint
HuRI	portal_2020-03-09	positive_evidence	HuRI:ENSG00000186226:ENSG00000264343	ENSG00000186226	ENSG00000264343	accepted	multiple_reviewed_human_targets	unresolved_endpoint
HuRI	portal_2020-03-09	positive_evidence	HuRI:ENSG00000186844:ENSG00000264343	ENSG00000186844	ENSG00000264343	accepted	multiple_reviewed_human_targets	unresolved_endpoint
HuRI	portal_2020-03-09	positive_evidence	HuRI:ENSG00000186860:ENSG00000205238	ENSG00000186860	ENSG00000205238	accepted	multiple_reviewed_human_targets	unresolved_endpoint
HuRI	portal_2020-03-09	positive_evidence	HuRI:ENSG00000186930:ENSG00000222047	ENSG00000186930	ENSG00000222047	accepted	unmapped_in_pinned_uniprot_release	unresolved_endpoint
HuRI	portal_2020-03-09	positive_evidence	HuRI:ENSG00000186930:ENSG00000279968	ENSG00000186930	ENSG00000279968	accepted	unmapped_in_pinned_uniprot_release	unresolved_endpoint
HuRI	portal_2020-03-09	positive_evidence	HuRI:ENSG00000186970:ENSG00000222047	ENSG00000186970	ENSG00000222047	accepted	unmapped_in_pinned_uniprot_release	unresolved_endpoint
HuRI	portal_2020-03-09	positive_evidence	HuRI:ENSG00000186971:ENSG00000264343	ENSG00000186971	ENSG00000264343	accepted	multiple_reviewed_human_targets	unresolved_endpoint
HuRI	portal_2020-03-09	positive_evidence	HuRI:ENSG00000186977:ENSG00000204918	ENSG00000186977	ENSG00000204918	accepted	multiple_reviewed_human_targets	unresolved_endpoint
HuRI	portal_2020-03-09	positive_evidence	HuRI:ENSG00000186977:ENSG00000204919	ENSG00000186977	ENSG00000204919	accepted	multiple_reviewed_human_targets	unresolved_endpoint
HuRI	portal_2020-03-09	positive_evidence	HuRI:ENSG00000186977:ENSG00000227151	ENSG00000186977	ENSG00000227151	accepted	multiple_reviewed_human_targets	unresolved_endpoint
HuRI	portal_2020-03-09	positive_evidence	HuRI:ENSG00000186977:ENSG00000229665	ENSG00000186977	ENSG00000229665	accepted	multiple_reviewed_human_targets	unresolved_endpoint
HuRI	portal_2020-03-09	positive_evidence	HuRI:ENSG00000186977:ENSG00000234278	ENSG00000186977	ENSG00000234278	accepted	multiple_reviewed_human_targets	unresolved_endpoint
HuRI	portal_2020-03-09	positive_evidence	HuRI:ENSG00000187051:ENSG00000264343	ENSG00000187051	ENSG00000264343	accepted	multiple_reviewed_human_targets	unresolved_endpoint
HuRI	portal_2020-03-09	positive_evidence	HuRI:ENSG00000187170:ENSG00000264343	ENSG00000187170	ENSG00000264343	accepted	multiple_reviewed_human_targets	unresolved_endpoint
HuRI	portal_2020-03-09	positive_evidence	HuRI:ENSG00000187173:ENSG00000212724	ENSG00000187173	ENSG00000212724	accepted	multiple_reviewed_human_targets	unresolved_endpoint
HuRI	portal_2020-03-09	positive_evidence	HuRI:ENSG00000187173:ENSG00000213417	ENSG00000187173	ENSG00000213417	accepted	multiple_reviewed_human_targets	unresolved_endpoint
HuRI	portal_2020-03-09	positive_evidence	HuRI:ENSG00000187175:ENSG00000264343	ENSG00000187175	ENSG00000264343	accepted	multiple_reviewed_human_targets	unresolved_endpoint
HuRI	portal_2020-03-09	positive_evidence	HuRI:ENSG00000187180:ENSG00000212724	ENSG00000187180	ENSG00000212724	accepted	multiple_reviewed_human_targets	unresolved_endpoint
HuRI	portal_2020-03-09	positive_evidence	HuRI:ENSG00000187180:ENSG00000213417	ENSG00000187180	ENSG00000213417	accepted	multiple_reviewed_human_targets	unresolved_endpoint
HuRI	portal_2020-03-09	positive_evidence	HuRI:ENSG00000187180:ENSG00000264343	ENSG00000187180	ENSG00000264343	accepted	multiple_reviewed_human_targets	unresolved_endpoint
HuRI	portal_2020-03-09	positive_evidence	HuRI:ENSG00000187223:ENSG00000212724	ENSG00000187223	ENSG00000212724	accepted	multiple_reviewed_human_targets	unresolved_endpoint
HuRI	portal_2020-03-09	positive_evidence	HuRI:ENSG00000187223:ENSG00000213417	ENSG00000187223	ENSG00000213417	accepted	multiple_reviewed_human_targets	unresolved_endpoint
HuRI	portal_2020-03-09	positive_evidence	HuRI:ENSG00000187223:ENSG00000264343	ENSG00000187223	ENSG00000264343	accepted	multiple_reviewed_human_targets	unresolved_endpoint
HuRI	portal_2020-03-09	positive_evidence	HuRI:ENSG00000187244:ENSG00000264343	ENSG00000187244	ENSG00000264343	accepted	multiple_reviewed_human_targets	unresolved_endpoint
HuRI	portal_2020-03-09	positive_evidence	HuRI:ENSG00000187272:ENSG00000212724	ENSG00000187272	ENSG00000212724	accepted	multiple_reviewed_human_targets	unresolved_endpoint
HuRI	portal_2020-03-09	positive_evidence	HuRI:ENSG00000187272:ENSG00000213417	ENSG00000187272	ENSG00000213417	accepted	multiple_reviewed_human_targets	unresolved_endpoint
HuRI	portal_2020-03-09	positive_evidence	HuRI:ENSG00000187272:ENSG00000264343	ENSG00000187272	ENSG00000264343	accepted	multiple_reviewed_human_targets	unresolved_endpoint
HuRI	portal_2020-03-09	positive_evidence	HuRI:ENSG00000187583:ENSG00000264343	ENSG00000187583	ENSG00000264343	accepted	multiple_reviewed_human_targets	unresolved_endpoint
HuRI	portal_2020-03-09	positive_evidence	HuRI:ENSG00000187595:ENSG00000204918	ENSG00000187595	ENSG00000204918	multiple_or_cross_species_targets_without_unique_human_mapping	multiple_reviewed_human_targets	unresolved_endpoint
HuRI	portal_2020-03-09	positive_evidence	HuRI:ENSG00000187595:ENSG00000204919	ENSG00000187595	ENSG00000204919	multiple_or_cross_species_targets_without_unique_human_mapping	multiple_reviewed_human_targets	unresolved_endpoint
HuRI	portal_2020-03-09	positive_evidence	HuRI:ENSG00000187595:ENSG00000227151	ENSG00000187595	ENSG00000227151	multiple_or_cross_species_targets_without_unique_human_mapping	multiple_reviewed_human_targets	unresolved_endpoint
HuRI	portal_2020-03-09	positive_evidence	HuRI:ENSG00000187595:ENSG00000229665	ENSG00000187595	ENSG00000229665	multiple_or_cross_species_targets_without_unique_human_mapping	multiple_reviewed_human_targets	unresolved_endpoint
HuRI	portal_2020-03-09	positive_evidence	HuRI:ENSG00000187595:ENSG00000234278	ENSG00000187595	ENSG00000234278	multiple_or_cross_species_targets_without_unique_human_mapping	multiple_reviewed_human_targets	unresolved_endpoint
HuRI	portal_2020-03-09	positive_evidence	HuRI:ENSG00000187634:ENSG00000204918	ENSG00000187634	ENSG00000204918	accepted	multiple_reviewed_human_targets	unresolved_endpoint
HuRI	portal_2020-03-09	positive_evidence	HuRI:ENSG00000187634:ENSG00000204919	ENSG00000187634	ENSG00000204919	accepted	multiple_reviewed_human_targets	unresolved_endpoint
HuRI	portal_2020-03-09	positive_evidence	HuRI:ENSG00000187634:ENSG00000227151	ENSG00000187634	ENSG00000227151	accepted	multiple_reviewed_human_targets	unresolved_endpoint
HuRI	portal_2020-03-09	positive_evidence	HuRI:ENSG00000187634:ENSG00000229665	ENSG00000187634	ENSG00000229665	accepted	multiple_reviewed_human_targets	unresolved_endpoint
HuRI	portal_2020-03-09	positive_evidence	HuRI:ENSG00000187634:ENSG00000234278	ENSG00000187634	ENSG00000234278	accepted	multiple_reviewed_human_targets	unresolved_endpoint
HuRI	portal_2020-03-09	positive_evidence	HuRI:ENSG00000187766:ENSG00000264343	ENSG00000187766	ENSG00000264343	accepted	multiple_reviewed_human_targets	unresolved_endpoint
HuRI	portal_2020-03-09	positive_evidence	HuRI:ENSG00000187778:ENSG00000212724	ENSG00000187778	ENSG00000212724	accepted	multiple_reviewed_human_targets	unresolved_endpoint
HuRI	portal_2020-03-09	positive_evidence	HuRI:ENSG00000187778:ENSG00000213417	ENSG00000187778	ENSG00000213417	accepted	multiple_reviewed_human_targets	unresolved_endpoint
HuRI	portal_2020-03-09	positive_evidence	HuRI:ENSG00000187838:ENSG00000197364	ENSG00000187838	ENSG00000197364	accepted	unmapped_in_pinned_uniprot_release	unresolved_endpoint
HuRI	portal_2020-03-09	positive_evidence	HuRI:ENSG00000187838:ENSG00000222047	ENSG00000187838	ENSG00000222047	accepted	unmapped_in_pinned_uniprot_release	unresolved_endpoint
HuRI	portal_2020-03-09	positive_evidence	HuRI:ENSG00000187954:ENSG00000264343	ENSG00000187954	ENSG00000264343	accepted	multiple_reviewed_human_targets	unresolved_endpoint
HuRI	portal_2020-03-09	positive_evidence	HuRI:ENSG00000188021:ENSG00000270136	ENSG00000188021	ENSG00000270136	accepted	multiple_or_cross_species_targets_without_unique_human_mapping	unresolved_endpoint
HuRI	portal_2020-03-09	positive_evidence	HuRI:ENSG00000188021:ENSG00000273590	ENSG00000188021	ENSG00000273590	accepted	unmapped_in_pinned_uniprot_release	unresolved_endpoint
HuRI	portal_2020-03-09	positive_evidence	HuRI:ENSG00000188100:ENSG00000196860	ENSG00000188100	ENSG00000196860	multiple_reviewed_human_targets	accepted	unresolved_endpoint
HuRI	portal_2020-03-09	positive_evidence	HuRI:ENSG00000188100:ENSG00000197956	ENSG00000188100	ENSG00000197956	multiple_reviewed_human_targets	accepted	unresolved_endpoint
HuRI	portal_2020-03-09	positive_evidence	HuRI:ENSG00000188536:ENSG00000264343	ENSG00000188536	ENSG00000264343	accepted	multiple_reviewed_human_targets	unresolved_endpoint
HuRI	portal_2020-03-09	positive_evidence	HuRI:ENSG00000188581:ENSG00000212724	ENSG00000188581	ENSG00000212724	accepted	multiple_reviewed_human_targets	unresolved_endpoint
HuRI	portal_2020-03-09	positive_evidence	HuRI:ENSG00000188581:ENSG00000213417	ENSG00000188581	ENSG00000213417	accepted	multiple_reviewed_human_targets	unresolved_endpoint
HuRI	portal_2020-03-09	positive_evidence	HuRI:ENSG00000188612:ENSG00000215271	ENSG00000188612	ENSG00000215271	accepted	unmapped_in_pinned_uniprot_release	unresolved_endpoint
HuRI	portal_2020-03-09	positive_evidence	HuRI:ENSG00000188730:ENSG00000212724	ENSG00000188730	ENSG00000212724	accepted	multiple_reviewed_human_targets	unresolved_endpoint
HuRI	portal_2020-03-09	positive_evidence	HuRI:ENSG00000188730:ENSG00000213417	ENSG00000188730	ENSG00000213417	accepted	multiple_reviewed_human_targets	unresolved_endpoint
HuRI	portal_2020-03-09	positive_evidence	HuRI:ENSG00000188732:ENSG00000264343	ENSG00000188732	ENSG00000264343	accepted	multiple_reviewed_human_targets	unresolved_endpoint
HuRI	portal_2020-03-09	positive_evidence	HuRI:ENSG00000189090:ENSG00000196860	ENSG00000189090	ENSG00000196860	multiple_reviewed_human_targets	accepted	unresolved_endpoint
HuRI	portal_2020-03-09	positive_evidence	HuRI:ENSG00000189090:ENSG00000197956	ENSG00000189090	ENSG00000197956	multiple_reviewed_human_targets	accepted	unresolved_endpoint
HuRI	portal_2020-03-09	positive_evidence	HuRI:ENSG00000196150:ENSG00000215271	ENSG00000196150	ENSG00000215271	accepted	unmapped_in_pinned_uniprot_release	unresolved_endpoint
HuRI	portal_2020-03-09	positive_evidence	HuRI:ENSG00000196224:ENSG00000264343	ENSG00000196224	ENSG00000264343	accepted	multiple_reviewed_human_targets	unresolved_endpoint
HuRI	portal_2020-03-09	positive_evidence	HuRI:ENSG00000196388:ENSG00000196459	ENSG00000196388	ENSG00000196459	accepted	multiple_reviewed_human_targets	unresolved_endpoint
HuRI	portal_2020-03-09	positive_evidence	HuRI:ENSG00000196388:ENSG00000222047	ENSG00000196388	ENSG00000222047	accepted	unmapped_in_pinned_uniprot_release	unresolved_endpoint
HuRI	portal_2020-03-09	positive_evidence	HuRI:ENSG00000196388:ENSG00000254827	ENSG00000196388	ENSG00000254827	accepted	unmapped_in_pinned_uniprot_release	unresolved_endpoint
HuRI	portal_2020-03-09	positive_evidence	HuRI:ENSG00000196388:ENSG00000256060	ENSG00000196388	ENSG00000256060	accepted	multiple_reviewed_human_targets	unresolved_endpoint
HuRI	portal_2020-03-09	positive_evidence	HuRI:ENSG00000196418:ENSG00000264343	ENSG00000196418	ENSG00000264343	accepted	multiple_reviewed_human_targets	unresolved_endpoint
HuRI	portal_2020-03-09	positive_evidence	HuRI:ENSG00000196459:ENSG00000197343	ENSG00000196459	ENSG00000197343	multiple_reviewed_human_targets	accepted	unresolved_endpoint
HuRI	portal_2020-03-09	positive_evidence	HuRI:ENSG00000196459:ENSG00000214717	ENSG00000196459	ENSG00000214717	multiple_reviewed_human_targets	accepted	unresolved_endpoint
HuRI	portal_2020-03-09	positive_evidence	HuRI:ENSG00000196459:ENSG00000283189	ENSG00000196459	ENSG00000283189	multiple_reviewed_human_targets	accepted	unresolved_endpoint
HuRI	portal_2020-03-09	positive_evidence	HuRI:ENSG00000196470:ENSG00000204918	ENSG00000196470	ENSG00000204918	accepted	multiple_reviewed_human_targets	unresolved_endpoint
HuRI	portal_2020-03-09	positive_evidence	HuRI:ENSG00000196470:ENSG00000204919	ENSG00000196470	ENSG00000204919	accepted	multiple_reviewed_human_targets	unresolved_endpoint
HuRI	portal_2020-03-09	positive_evidence	HuRI:ENSG00000196470:ENSG00000227151	ENSG00000196470	ENSG00000227151	accepted	multiple_reviewed_human_targets	unresolved_endpoint
HuRI	portal_2020-03-09	positive_evidence	HuRI:ENSG00000196470:ENSG00000229665	ENSG00000196470	ENSG00000229665	accepted	multiple_reviewed_human_targets	unresolved_endpoint
HuRI	portal_2020-03-09	positive_evidence	HuRI:ENSG00000196470:ENSG00000234278	ENSG00000196470	ENSG00000234278	accepted	multiple_reviewed_human_targets	unresolved_endpoint
HuRI	portal_2020-03-09	positive_evidence	HuRI:ENSG00000196734:ENSG00000212724	ENSG00000196734	ENSG00000212724	accepted	multiple_reviewed_human_targets	unresolved_endpoint
HuRI	portal_2020-03-09	positive_evidence	HuRI:ENSG00000196734:ENSG00000213417	ENSG00000196734	ENSG00000213417	accepted	multiple_reviewed_human_targets	unresolved_endpoint
HuRI	portal_2020-03-09	positive_evidence	HuRI:ENSG00000196734:ENSG00000264343	ENSG00000196734	ENSG00000264343	accepted	multiple_reviewed_human_targets	unresolved_endpoint
HuRI	portal_2020-03-09	positive_evidence	HuRI:ENSG00000196811:ENSG00000264343	ENSG00000196811	ENSG00000264343	accepted	multiple_reviewed_human_targets	unresolved_endpoint
HuRI	portal_2020-03-09	positive_evidence	HuRI:ENSG00000196843:ENSG00000204918	ENSG00000196843	ENSG00000204918	accepted	multiple_reviewed_human_targets	unresolved_endpoint
HuRI	portal_2020-03-09	positive_evidence	HuRI:ENSG00000196843:ENSG00000204919	ENSG00000196843	ENSG00000204919	accepted	multiple_reviewed_human_targets	unresolved_endpoint
HuRI	portal_2020-03-09	positive_evidence	HuRI:ENSG00000196843:ENSG00000227151	ENSG00000196843	ENSG00000227151	accepted	multiple_reviewed_human_targets	unresolved_endpoint
HuRI	portal_2020-03-09	positive_evidence	HuRI:ENSG00000196843:ENSG00000229665	ENSG00000196843	ENSG00000229665	accepted	multiple_reviewed_human_targets	unresolved_endpoint
HuRI	portal_2020-03-09	positive_evidence	HuRI:ENSG00000196843:ENSG00000234278	ENSG00000196843	ENSG00000234278	accepted	multiple_reviewed_human_targets	unresolved_endpoint
HuRI	portal_2020-03-09	positive_evidence	HuRI:ENSG00000196843:ENSG00000256671	ENSG00000196843	ENSG00000256671	accepted	multiple_reviewed_human_targets	unresolved_endpoint
HuRI	portal_2020-03-09	positive_evidence	HuRI:ENSG00000196843:ENSG00000256977	ENSG00000196843	ENSG00000256977	accepted	multiple_reviewed_human_targets	unresolved_endpoint
HuRI	portal_2020-03-09	positive_evidence	HuRI:ENSG00000196860:ENSG00000276430	ENSG00000196860	ENSG00000276430	accepted	multiple_reviewed_human_targets	unresolved_endpoint
HuRI	portal_2020-03-09	positive_evidence	HuRI:ENSG00000196912:ENSG00000283374	ENSG00000196912	ENSG00000283374	accepted	unmapped_in_pinned_uniprot_release	unresolved_endpoint
HuRI	portal_2020-03-09	positive_evidence	HuRI:ENSG00000196924:ENSG00000197568	ENSG00000196924	ENSG00000197568	accepted	unmapped_in_pinned_uniprot_release	unresolved_endpoint
HuRI	portal_2020-03-09	positive_evidence	HuRI:ENSG00000197063:ENSG00000215271	ENSG00000197063	ENSG00000215271	accepted	unmapped_in_pinned_uniprot_release	unresolved_endpoint
HuRI	portal_2020-03-09	positive_evidence	HuRI:ENSG00000197191:ENSG00000212724	ENSG00000197191	ENSG00000212724	accepted	multiple_reviewed_human_targets	unresolved_endpoint
HuRI	portal_2020-03-09	positive_evidence	HuRI:ENSG00000197191:ENSG00000213417	ENSG00000197191	ENSG00000213417	accepted	multiple_reviewed_human_targets	unresolved_endpoint
HuRI	portal_2020-03-09	positive_evidence	HuRI:ENSG00000197191:ENSG00000264343	ENSG00000197191	ENSG00000264343	accepted	multiple_reviewed_human_targets	unresolved_endpoint
HuRI	portal_2020-03-09	positive_evidence	HuRI:ENSG00000197191:ENSG00000279968	ENSG00000197191	ENSG00000279968	accepted	unmapped_in_pinned_uniprot_release	unresolved_endpoint
HuRI	portal_2020-03-09	positive_evidence	HuRI:ENSG00000197213:ENSG00000215271	ENSG00000197213	ENSG00000215271	accepted	unmapped_in_pinned_uniprot_release	unresolved_endpoint
HuRI	portal_2020-03-09	positive_evidence	HuRI:ENSG00000197279:ENSG00000212724	ENSG00000197279	ENSG00000212724	accepted	multiple_reviewed_human_targets	unresolved_endpoint
HuRI	portal_2020-03-09	positive_evidence	HuRI:ENSG00000197279:ENSG00000213417	ENSG00000197279	ENSG00000213417	accepted	multiple_reviewed_human_targets	unresolved_endpoint
HuRI	portal_2020-03-09	positive_evidence	HuRI:ENSG00000197279:ENSG00000215271	ENSG00000197279	ENSG00000215271	accepted	unmapped_in_pinned_uniprot_release	unresolved_endpoint
HuRI	portal_2020-03-09	positive_evidence	HuRI:ENSG00000197343:ENSG00000256060	ENSG00000197343	ENSG00000256060	accepted	multiple_reviewed_human_targets	unresolved_endpoint
HuRI	portal_2020-03-09	positive_evidence	HuRI:ENSG00000197362:ENSG00000212724	ENSG00000197362	ENSG00000212724	accepted	multiple_reviewed_human_targets	unresolved_endpoint
HuRI	portal_2020-03-09	positive_evidence	HuRI:ENSG00000197362:ENSG00000213417	ENSG00000197362	ENSG00000213417	accepted	multiple_reviewed_human_targets	unresolved_endpoint
HuRI	portal_2020-03-09	positive_evidence	HuRI:ENSG00000197362:ENSG00000264343	ENSG00000197362	ENSG00000264343	accepted	multiple_reviewed_human_targets	unresolved_endpoint
HuRI	portal_2020-03-09	positive_evidence	HuRI:ENSG00000197375:ENSG00000264343	ENSG00000197375	ENSG00000264343	accepted	multiple_reviewed_human_targets	unresolved_endpoint
HuRI	portal_2020-03-09	positive_evidence	HuRI:ENSG00000197651:ENSG00000264343	ENSG00000197651	ENSG00000264343	accepted	multiple_reviewed_human_targets	unresolved_endpoint
HuRI	portal_2020-03-09	positive_evidence	HuRI:ENSG00000197683:ENSG00000264343	ENSG00000197683	ENSG00000264343	accepted	multiple_reviewed_human_targets	unresolved_endpoint
HuRI	portal_2020-03-09	positive_evidence	HuRI:ENSG00000197860:ENSG00000230657	ENSG00000197860	ENSG00000230657	accepted	multiple_or_cross_species_targets_without_unique_human_mapping	unresolved_endpoint
HuRI	portal_2020-03-09	positive_evidence	HuRI:ENSG00000197860:ENSG00000251655	ENSG00000197860	ENSG00000251655	accepted	multiple_or_cross_species_targets_without_unique_human_mapping	unresolved_endpoint
HuRI	portal_2020-03-09	positive_evidence	HuRI:ENSG00000197905:ENSG00000215271	ENSG00000197905	ENSG00000215271	accepted	unmapped_in_pinned_uniprot_release	unresolved_endpoint
HuRI	portal_2020-03-09	positive_evidence	HuRI:ENSG00000197912:ENSG00000264343	ENSG00000197912	ENSG00000264343	accepted	multiple_reviewed_human_targets	unresolved_endpoint
HuRI	portal_2020-03-09	positive_evidence	HuRI:ENSG00000197956:ENSG00000276430	ENSG00000197956	ENSG00000276430	accepted	multiple_reviewed_human_targets	unresolved_endpoint
HuRI	portal_2020-03-09	positive_evidence	HuRI:ENSG00000198271:ENSG00000264343	ENSG00000198271	ENSG00000264343	accepted	multiple_reviewed_human_targets	unresolved_endpoint
HuRI	portal_2020-03-09	positive_evidence	HuRI:ENSG00000198363:ENSG00000230657	ENSG00000198363	ENSG00000230657	accepted	multiple_or_cross_species_targets_without_unique_human_mapping	unresolved_endpoint
HuRI	portal_2020-03-09	positive_evidence	HuRI:ENSG00000198363:ENSG00000231887	ENSG00000198363	ENSG00000231887	accepted	multiple_or_cross_species_targets_without_unique_human_mapping	unresolved_endpoint
HuRI	portal_2020-03-09	positive_evidence	HuRI:ENSG00000198363:ENSG00000251655	ENSG00000198363	ENSG00000251655	accepted	multiple_or_cross_species_targets_without_unique_human_mapping	unresolved_endpoint
HuRI	portal_2020-03-09	positive_evidence	HuRI:ENSG00000198363:ENSG00000273590	ENSG00000198363	ENSG00000273590	accepted	unmapped_in_pinned_uniprot_release	unresolved_endpoint
HuRI	portal_2020-03-09	positive_evidence	HuRI:ENSG00000198369:ENSG00000212724	ENSG00000198369	ENSG00000212724	accepted	multiple_reviewed_human_targets	unresolved_endpoint
HuRI	portal_2020-03-09	positive_evidence	HuRI:ENSG00000198369:ENSG00000213417	ENSG00000198369	ENSG00000213417	accepted	multiple_reviewed_human_targets	unresolved_endpoint
HuRI	portal_2020-03-09	positive_evidence	HuRI:ENSG00000198420:ENSG00000264343	ENSG00000198420	ENSG00000264343	accepted	multiple_reviewed_human_targets	unresolved_endpoint
HuRI	portal_2020-03-09	positive_evidence	HuRI:ENSG00000198466:ENSG00000212724	ENSG00000198466	ENSG00000212724	accepted	multiple_reviewed_human_targets	unresolved_endpoint
HuRI	portal_2020-03-09	positive_evidence	HuRI:ENSG00000198466:ENSG00000213417	ENSG00000198466	ENSG00000213417	accepted	multiple_reviewed_human_targets	unresolved_endpoint
HuRI	portal_2020-03-09	positive_evidence	HuRI:ENSG00000198466:ENSG00000264343	ENSG00000198466	ENSG00000264343	accepted	multiple_reviewed_human_targets	unresolved_endpoint
HuRI	portal_2020-03-09	positive_evidence	HuRI:ENSG00000198908:ENSG00000282034	ENSG00000198908	ENSG00000282034	accepted	multiple_or_cross_species_targets_without_unique_human_mapping	unresolved_endpoint
HuRI	portal_2020-03-09	positive_evidence	HuRI:ENSG00000198925:ENSG00000264343	ENSG00000198925	ENSG00000264343	accepted	multiple_reviewed_human_targets	unresolved_endpoint
HuRI	portal_2020-03-09	positive_evidence	HuRI:ENSG00000203786:ENSG00000264343	ENSG00000203786	ENSG00000264343	accepted	multiple_reviewed_human_targets	unresolved_endpoint
HuRI	portal_2020-03-09	positive_evidence	HuRI:ENSG00000203812:ENSG00000233822	ENSG00000203812	ENSG00000233822	unmapped_in_pinned_uniprot_release	accepted	unresolved_endpoint
HuRI	portal_2020-03-09	positive_evidence	HuRI:ENSG00000203877:ENSG00000221972	ENSG00000203877	ENSG00000221972	accepted	unmapped_in_pinned_uniprot_release	unresolved_endpoint
HuRI	portal_2020-03-09	positive_evidence	HuRI:ENSG00000204178:ENSG00000264343	ENSG00000204178	ENSG00000264343	accepted	multiple_reviewed_human_targets	unresolved_endpoint
HuRI	portal_2020-03-09	positive_evidence	HuRI:ENSG00000204279:ENSG00000213029	ENSG00000204279	ENSG00000213029	accepted	unmapped_in_pinned_uniprot_release	unresolved_endpoint
HuRI	portal_2020-03-09	positive_evidence	HuRI:ENSG00000204438:ENSG00000215271	ENSG00000204438	ENSG00000215271	accepted	unmapped_in_pinned_uniprot_release	unresolved_endpoint
HuRI	portal_2020-03-09	positive_evidence	HuRI:ENSG00000204449:ENSG00000256671	ENSG00000204449	ENSG00000256671	accepted	multiple_reviewed_human_targets	unresolved_endpoint
HuRI	portal_2020-03-09	positive_evidence	HuRI:ENSG00000204449:ENSG00000256977	ENSG00000204449	ENSG00000256977	accepted	multiple_reviewed_human_targets	unresolved_endpoint
HuRI	portal_2020-03-09	positive_evidence	HuRI:ENSG00000204536:ENSG00000215271	ENSG00000204536	ENSG00000215271	accepted	unmapped_in_pinned_uniprot_release	unresolved_endpoint
HuRI	portal_2020-03-09	positive_evidence	HuRI:ENSG00000204560:ENSG00000215271	ENSG00000204560	ENSG00000215271	accepted	unmapped_in_pinned_uniprot_release	unresolved_endpoint
HuRI	portal_2020-03-09	positive_evidence	HuRI:ENSG00000204571:ENSG00000212724	ENSG00000204571	ENSG00000212724	accepted	multiple_reviewed_human_targets	unresolved_endpoint
HuRI	portal_2020-03-09	positive_evidence	HuRI:ENSG00000204571:ENSG00000213417	ENSG00000204571	ENSG00000213417	accepted	multiple_reviewed_human_targets	unresolved_endpoint
HuRI	portal_2020-03-09	positive_evidence	HuRI:ENSG00000204571:ENSG00000264343	ENSG00000204571	ENSG00000264343	accepted	multiple_reviewed_human_targets	unresolved_endpoint
HuRI	portal_2020-03-09	positive_evidence	HuRI:ENSG00000204822:ENSG00000280071	ENSG00000204822	ENSG00000280071	accepted	unmapped_in_pinned_uniprot_release	unresolved_endpoint
HuRI	portal_2020-03-09	positive_evidence	HuRI:ENSG00000204873:ENSG00000212724	ENSG00000204873	ENSG00000212724	accepted	multiple_reviewed_human_targets	unresolved_endpoint
HuRI	portal_2020-03-09	positive_evidence	HuRI:ENSG00000204873:ENSG00000213417	ENSG00000204873	ENSG00000213417	accepted	multiple_reviewed_human_targets	unresolved_endpoint
HuRI	portal_2020-03-09	positive_evidence	HuRI:ENSG00000204873:ENSG00000264343	ENSG00000204873	ENSG00000264343	accepted	multiple_reviewed_human_targets	unresolved_endpoint
HuRI	portal_2020-03-09	positive_evidence	HuRI:ENSG00000204918:ENSG00000204918	ENSG00000204918	ENSG00000204918	multiple_reviewed_human_targets	multiple_reviewed_human_targets	unresolved_endpoint
HuRI	portal_2020-03-09	positive_evidence	HuRI:ENSG00000204918:ENSG00000204919	ENSG00000204918	ENSG00000204919	multiple_reviewed_human_targets	multiple_reviewed_human_targets	unresolved_endpoint
HuRI	portal_2020-03-09	positive_evidence	HuRI:ENSG00000204918:ENSG00000221972	ENSG00000204918	ENSG00000221972	multiple_reviewed_human_targets	unmapped_in_pinned_uniprot_release	unresolved_endpoint
HuRI	portal_2020-03-09	positive_evidence	HuRI:ENSG00000204918:ENSG00000222047	ENSG00000204918	ENSG00000222047	multiple_reviewed_human_targets	unmapped_in_pinned_uniprot_release	unresolved_endpoint
HuRI	portal_2020-03-09	positive_evidence	HuRI:ENSG00000204918:ENSG00000227151	ENSG00000204918	ENSG00000227151	multiple_reviewed_human_targets	multiple_reviewed_human_targets	unresolved_endpoint
HuRI	portal_2020-03-09	positive_evidence	HuRI:ENSG00000204918:ENSG00000229665	ENSG00000204918	ENSG00000229665	multiple_reviewed_human_targets	multiple_reviewed_human_targets	unresolved_endpoint
HuRI	portal_2020-03-09	positive_evidence	HuRI:ENSG00000204918:ENSG00000234278	ENSG00000204918	ENSG00000234278	multiple_reviewed_human_targets	multiple_reviewed_human_targets	unresolved_endpoint
HuRI	portal_2020-03-09	positive_evidence	HuRI:ENSG00000204918:ENSG00000250254	ENSG00000204918	ENSG00000250254	multiple_reviewed_human_targets	accepted	unresolved_endpoint
HuRI	portal_2020-03-09	positive_evidence	HuRI:ENSG00000204919:ENSG00000204919	ENSG00000204919	ENSG00000204919	multiple_reviewed_human_targets	multiple_reviewed_human_targets	unresolved_endpoint
HuRI	portal_2020-03-09	positive_evidence	HuRI:ENSG00000204919:ENSG00000221972	ENSG00000204919	ENSG00000221972	multiple_reviewed_human_targets	unmapped_in_pinned_uniprot_release	unresolved_endpoint
HuRI	portal_2020-03-09	positive_evidence	HuRI:ENSG00000204919:ENSG00000222047	ENSG00000204919	ENSG00000222047	multiple_reviewed_human_targets	unmapped_in_pinned_uniprot_release	unresolved_endpoint
HuRI	portal_2020-03-09	positive_evidence	HuRI:ENSG00000204919:ENSG00000227151	ENSG00000204919	ENSG00000227151	multiple_reviewed_human_targets	multiple_reviewed_human_targets	unresolved_endpoint
HuRI	portal_2020-03-09	positive_evidence	HuRI:ENSG00000204919:ENSG00000229665	ENSG00000204919	ENSG00000229665	multiple_reviewed_human_targets	multiple_reviewed_human_targets	unresolved_endpoint
HuRI	portal_2020-03-09	positive_evidence	HuRI:ENSG00000204919:ENSG00000234278	ENSG00000204919	ENSG00000234278	multiple_reviewed_human_targets	multiple_reviewed_human_targets	unresolved_endpoint
HuRI	portal_2020-03-09	positive_evidence	HuRI:ENSG00000204919:ENSG00000250254	ENSG00000204919	ENSG00000250254	multiple_reviewed_human_targets	accepted	unresolved_endpoint
HuRI	portal_2020-03-09	positive_evidence	HuRI:ENSG00000205439:ENSG00000264343	ENSG00000205439	ENSG00000264343	accepted	multiple_reviewed_human_targets	unresolved_endpoint
HuRI	portal_2020-03-09	positive_evidence	HuRI:ENSG00000205864:ENSG00000264343	ENSG00000205864	ENSG00000264343	accepted	multiple_reviewed_human_targets	unresolved_endpoint
HuRI	portal_2020-03-09	positive_evidence	HuRI:ENSG00000205867:ENSG00000212724	ENSG00000205867	ENSG00000212724	accepted	multiple_reviewed_human_targets	unresolved_endpoint
HuRI	portal_2020-03-09	positive_evidence	HuRI:ENSG00000205867:ENSG00000213417	ENSG00000205867	ENSG00000213417	accepted	multiple_reviewed_human_targets	unresolved_endpoint
HuRI	portal_2020-03-09	positive_evidence	HuRI:ENSG00000206172:ENSG00000264343	ENSG00000206172	ENSG00000264343	accepted	multiple_reviewed_human_targets	unresolved_endpoint
HuRI	portal_2020-03-09	positive_evidence	HuRI:ENSG00000212721:ENSG00000212724	ENSG00000212721	ENSG00000212724	accepted	multiple_reviewed_human_targets	unresolved_endpoint
HuRI	portal_2020-03-09	positive_evidence	HuRI:ENSG00000212721:ENSG00000213417	ENSG00000212721	ENSG00000213417	accepted	multiple_reviewed_human_targets	unresolved_endpoint
HuRI	portal_2020-03-09	positive_evidence	HuRI:ENSG00000212721:ENSG00000264343	ENSG00000212721	ENSG00000264343	accepted	multiple_reviewed_human_targets	unresolved_endpoint
HuRI	portal_2020-03-09	positive_evidence	HuRI:ENSG00000212724:ENSG00000212933	ENSG00000212724	ENSG00000212933	multiple_reviewed_human_targets	accepted	unresolved_endpoint
HuRI	portal_2020-03-09	positive_evidence	HuRI:ENSG00000212724:ENSG00000213416	ENSG00000212724	ENSG00000213416	multiple_reviewed_human_targets	accepted	unresolved_endpoint
HuRI	portal_2020-03-09	positive_evidence	HuRI:ENSG00000212724:ENSG00000215455	ENSG00000212724	ENSG00000215455	multiple_reviewed_human_targets	accepted	unresolved_endpoint
HuRI	portal_2020-03-09	positive_evidence	HuRI:ENSG00000212724:ENSG00000239886	ENSG00000212724	ENSG00000239886	multiple_reviewed_human_targets	accepted	unresolved_endpoint
HuRI	portal_2020-03-09	positive_evidence	HuRI:ENSG00000212724:ENSG00000240386	ENSG00000212724	ENSG00000240386	multiple_reviewed_human_targets	accepted	unresolved_endpoint
HuRI	portal_2020-03-09	positive_evidence	HuRI:ENSG00000212724:ENSG00000244057	ENSG00000212724	ENSG00000244057	multiple_reviewed_human_targets	accepted	unresolved_endpoint
HuRI	portal_2020-03-09	positive_evidence	HuRI:ENSG00000212724:ENSG00000249709	ENSG00000212724	ENSG00000249709	multiple_reviewed_human_targets	accepted	unresolved_endpoint
HuRI	portal_2020-03-09	positive_evidence	HuRI:ENSG00000212724:ENSG00000254997	ENSG00000212724	ENSG00000254997	multiple_reviewed_human_targets	accepted	unresolved_endpoint
HuRI	portal_2020-03-09	positive_evidence	HuRI:ENSG00000212724:ENSG00000258405	ENSG00000212724	ENSG00000258405	multiple_reviewed_human_targets	accepted	unresolved_endpoint
HuRI	portal_2020-03-09	positive_evidence	HuRI:ENSG00000212724:ENSG00000264343	ENSG00000212724	ENSG00000264343	multiple_reviewed_human_targets	multiple_reviewed_human_targets	unresolved_endpoint
HuRI	portal_2020-03-09	positive_evidence	HuRI:ENSG00000212724:ENSG00000269699	ENSG00000212724	ENSG00000269699	multiple_reviewed_human_targets	accepted	unresolved_endpoint
HuRI	portal_2020-03-09	positive_evidence	HuRI:ENSG00000212724:ENSG00000271383	ENSG00000212724	ENSG00000271383	multiple_reviewed_human_targets	accepted	unresolved_endpoint
HuRI	portal_2020-03-09	positive_evidence	HuRI:ENSG00000212900:ENSG00000279968	ENSG00000212900	ENSG00000279968	accepted	unmapped_in_pinned_uniprot_release	unresolved_endpoint
HuRI	portal_2020-03-09	positive_evidence	HuRI:ENSG00000212933:ENSG00000213417	ENSG00000212933	ENSG00000213417	accepted	multiple_reviewed_human_targets	unresolved_endpoint
HuRI	portal_2020-03-09	positive_evidence	HuRI:ENSG00000212933:ENSG00000264343	ENSG00000212933	ENSG00000264343	accepted	multiple_reviewed_human_targets	unresolved_endpoint
HuRI	portal_2020-03-09	positive_evidence	HuRI:ENSG00000213015:ENSG00000215271	ENSG00000213015	ENSG00000215271	accepted	unmapped_in_pinned_uniprot_release	unresolved_endpoint
HuRI	portal_2020-03-09	positive_evidence	HuRI:ENSG00000213015:ENSG00000264343	ENSG00000213015	ENSG00000264343	accepted	multiple_reviewed_human_targets	unresolved_endpoint
HuRI	portal_2020-03-09	positive_evidence	HuRI:ENSG00000213204:ENSG00000215271	ENSG00000213204	ENSG00000215271	accepted	unmapped_in_pinned_uniprot_release	unresolved_endpoint
HuRI	portal_2020-03-09	positive_evidence	HuRI:ENSG00000213347:ENSG00000264343	ENSG00000213347	ENSG00000264343	accepted	multiple_reviewed_human_targets	unresolved_endpoint
HuRI	portal_2020-03-09	positive_evidence	HuRI:ENSG00000213416:ENSG00000213417	ENSG00000213416	ENSG00000213417	accepted	multiple_reviewed_human_targets	unresolved_endpoint
HuRI	portal_2020-03-09	positive_evidence	HuRI:ENSG00000213417:ENSG00000215455	ENSG00000213417	ENSG00000215455	multiple_reviewed_human_targets	accepted	unresolved_endpoint
HuRI	portal_2020-03-09	positive_evidence	HuRI:ENSG00000213417:ENSG00000239886	ENSG00000213417	ENSG00000239886	multiple_reviewed_human_targets	accepted	unresolved_endpoint
HuRI	portal_2020-03-09	positive_evidence	HuRI:ENSG00000213417:ENSG00000240386	ENSG00000213417	ENSG00000240386	multiple_reviewed_human_targets	accepted	unresolved_endpoint
HuRI	portal_2020-03-09	positive_evidence	HuRI:ENSG00000213417:ENSG00000244057	ENSG00000213417	ENSG00000244057	multiple_reviewed_human_targets	accepted	unresolved_endpoint
HuRI	portal_2020-03-09	positive_evidence	HuRI:ENSG00000213417:ENSG00000249709	ENSG00000213417	ENSG00000249709	multiple_reviewed_human_targets	accepted	unresolved_endpoint
HuRI	portal_2020-03-09	positive_evidence	HuRI:ENSG00000213417:ENSG00000254997	ENSG00000213417	ENSG00000254997	multiple_reviewed_human_targets	accepted	unresolved_endpoint
HuRI	portal_2020-03-09	positive_evidence	HuRI:ENSG00000213417:ENSG00000258405	ENSG00000213417	ENSG00000258405	multiple_reviewed_human_targets	accepted	unresolved_endpoint
HuRI	portal_2020-03-09	positive_evidence	HuRI:ENSG00000213417:ENSG00000264343	ENSG00000213417	ENSG00000264343	multiple_reviewed_human_targets	multiple_reviewed_human_targets	unresolved_endpoint
HuRI	portal_2020-03-09	positive_evidence	HuRI:ENSG00000213417:ENSG00000269699	ENSG00000213417	ENSG00000269699	multiple_reviewed_human_targets	accepted	unresolved_endpoint
HuRI	portal_2020-03-09	positive_evidence	HuRI:ENSG00000213417:ENSG00000271383	ENSG00000213417	ENSG00000271383	multiple_reviewed_human_targets	accepted	unresolved_endpoint
HuRI	portal_2020-03-09	positive_evidence	HuRI:ENSG00000213551:ENSG00000274267	ENSG00000213551	ENSG00000274267	accepted	unmapped_in_pinned_uniprot_release	unresolved_endpoint
HuRI	portal_2020-03-09	positive_evidence	HuRI:ENSG00000213551:ENSG00000278272	ENSG00000213551	ENSG00000278272	accepted	unmapped_in_pinned_uniprot_release	unresolved_endpoint
HuRI	portal_2020-03-09	positive_evidence	HuRI:ENSG00000213593:ENSG00000251655	ENSG00000213593	ENSG00000251655	accepted	multiple_or_cross_species_targets_without_unique_human_mapping	unresolved_endpoint
HuRI	portal_2020-03-09	positive_evidence	HuRI:ENSG00000213921:ENSG00000251655	ENSG00000213921	ENSG00000251655	accepted	multiple_or_cross_species_targets_without_unique_human_mapping	unresolved_endpoint
HuRI	portal_2020-03-09	positive_evidence	HuRI:ENSG00000214063:ENSG00000264343	ENSG00000214063	ENSG00000264343	accepted	multiple_reviewed_human_targets	unresolved_endpoint
HuRI	portal_2020-03-09	positive_evidence	HuRI:ENSG00000214309:ENSG00000222047	ENSG00000214309	ENSG00000222047	accepted	unmapped_in_pinned_uniprot_release	unresolved_endpoint
HuRI	portal_2020-03-09	positive_evidence	HuRI:ENSG00000214717:ENSG00000256060	ENSG00000214717	ENSG00000256060	accepted	multiple_reviewed_human_targets	unresolved_endpoint
HuRI	portal_2020-03-09	positive_evidence	HuRI:ENSG00000215269:ENSG00000283632	ENSG00000215269	ENSG00000283632	multiple_reviewed_human_targets	accepted	unresolved_endpoint
HuRI	portal_2020-03-09	positive_evidence	HuRI:ENSG00000215271:ENSG00000244607	ENSG00000215271	ENSG00000244607	unmapped_in_pinned_uniprot_release	accepted	unresolved_endpoint
HuRI	portal_2020-03-09	positive_evidence	HuRI:ENSG00000215271:ENSG00000251503	ENSG00000215271	ENSG00000251503	unmapped_in_pinned_uniprot_release	accepted	unresolved_endpoint
HuRI	portal_2020-03-09	positive_evidence	HuRI:ENSG00000215271:ENSG00000260220	ENSG00000215271	ENSG00000260220	unmapped_in_pinned_uniprot_release	accepted	unresolved_endpoint
HuRI	portal_2020-03-09	positive_evidence	HuRI:ENSG00000215271:ENSG00000272514	ENSG00000215271	ENSG00000272514	unmapped_in_pinned_uniprot_release	accepted	unresolved_endpoint
HuRI	portal_2020-03-09	positive_evidence	HuRI:ENSG00000215455:ENSG00000264343	ENSG00000215455	ENSG00000264343	accepted	multiple_reviewed_human_targets	unresolved_endpoint
HuRI	portal_2020-03-09	positive_evidence	HuRI:ENSG00000221837:ENSG00000264343	ENSG00000221837	ENSG00000264343	accepted	multiple_reviewed_human_targets	unresolved_endpoint
HuRI	portal_2020-03-09	positive_evidence	HuRI:ENSG00000221859:ENSG00000264343	ENSG00000221859	ENSG00000264343	accepted	multiple_reviewed_human_targets	unresolved_endpoint
HuRI	portal_2020-03-09	positive_evidence	HuRI:ENSG00000221864:ENSG00000264343	ENSG00000221864	ENSG00000264343	accepted	multiple_reviewed_human_targets	unresolved_endpoint
HuRI	portal_2020-03-09	positive_evidence	HuRI:ENSG00000221972:ENSG00000227151	ENSG00000221972	ENSG00000227151	unmapped_in_pinned_uniprot_release	multiple_reviewed_human_targets	unresolved_endpoint
HuRI	portal_2020-03-09	positive_evidence	HuRI:ENSG00000221972:ENSG00000229665	ENSG00000221972	ENSG00000229665	unmapped_in_pinned_uniprot_release	multiple_reviewed_human_targets	unresolved_endpoint
HuRI	portal_2020-03-09	positive_evidence	HuRI:ENSG00000221972:ENSG00000234278	ENSG00000221972	ENSG00000234278	unmapped_in_pinned_uniprot_release	multiple_reviewed_human_targets	unresolved_endpoint
HuRI	portal_2020-03-09	positive_evidence	HuRI:ENSG00000221972:ENSG00000255009	ENSG00000221972	ENSG00000255009	unmapped_in_pinned_uniprot_release	accepted	unresolved_endpoint
HuRI	portal_2020-03-09	positive_evidence	HuRI:ENSG00000222047:ENSG00000222047	ENSG00000222047	ENSG00000222047	unmapped_in_pinned_uniprot_release	unmapped_in_pinned_uniprot_release	unresolved_endpoint
HuRI	portal_2020-03-09	positive_evidence	HuRI:ENSG00000222047:ENSG00000227151	ENSG00000222047	ENSG00000227151	unmapped_in_pinned_uniprot_release	multiple_reviewed_human_targets	unresolved_endpoint
HuRI	portal_2020-03-09	positive_evidence	HuRI:ENSG00000222047:ENSG00000229665	ENSG00000222047	ENSG00000229665	unmapped_in_pinned_uniprot_release	multiple_reviewed_human_targets	unresolved_endpoint
HuRI	portal_2020-03-09	positive_evidence	HuRI:ENSG00000222047:ENSG00000234278	ENSG00000222047	ENSG00000234278	unmapped_in_pinned_uniprot_release	multiple_reviewed_human_targets	unresolved_endpoint
HuRI	portal_2020-03-09	positive_evidence	HuRI:ENSG00000222047:ENSG00000256671	ENSG00000222047	ENSG00000256671	unmapped_in_pinned_uniprot_release	multiple_reviewed_human_targets	unresolved_endpoint
HuRI	portal_2020-03-09	positive_evidence	HuRI:ENSG00000222047:ENSG00000256977	ENSG00000222047	ENSG00000256977	unmapped_in_pinned_uniprot_release	multiple_reviewed_human_targets	unresolved_endpoint
HuRI	portal_2020-03-09	positive_evidence	HuRI:ENSG00000222047:ENSG00000275410	ENSG00000222047	ENSG00000275410	unmapped_in_pinned_uniprot_release	accepted	unresolved_endpoint
HuRI	portal_2020-03-09	positive_evidence	HuRI:ENSG00000227151:ENSG00000227151	ENSG00000227151	ENSG00000227151	multiple_reviewed_human_targets	multiple_reviewed_human_targets	unresolved_endpoint
HuRI	portal_2020-03-09	positive_evidence	HuRI:ENSG00000227151:ENSG00000229665	ENSG00000227151	ENSG00000229665	multiple_reviewed_human_targets	multiple_reviewed_human_targets	unresolved_endpoint
HuRI	portal_2020-03-09	positive_evidence	HuRI:ENSG00000227151:ENSG00000234278	ENSG00000227151	ENSG00000234278	multiple_reviewed_human_targets	multiple_reviewed_human_targets	unresolved_endpoint
HuRI	portal_2020-03-09	positive_evidence	HuRI:ENSG00000227151:ENSG00000250254	ENSG00000227151	ENSG00000250254	multiple_reviewed_human_targets	accepted	unresolved_endpoint
HuRI	portal_2020-03-09	positive_evidence	HuRI:ENSG00000229665:ENSG00000229665	ENSG00000229665	ENSG00000229665	multiple_reviewed_human_targets	multiple_reviewed_human_targets	unresolved_endpoint
HuRI	portal_2020-03-09	positive_evidence	HuRI:ENSG00000229665:ENSG00000234278	ENSG00000229665	ENSG00000234278	multiple_reviewed_human_targets	multiple_reviewed_human_targets	unresolved_endpoint
HuRI	portal_2020-03-09	positive_evidence	HuRI:ENSG00000229665:ENSG00000250254	ENSG00000229665	ENSG00000250254	multiple_reviewed_human_targets	accepted	unresolved_endpoint
HuRI	portal_2020-03-09	positive_evidence	HuRI:ENSG00000231852:ENSG00000264343	ENSG00000231852	ENSG00000264343	accepted	multiple_reviewed_human_targets	unresolved_endpoint
HuRI	portal_2020-03-09	positive_evidence	HuRI:ENSG00000233822:ENSG00000272196	ENSG00000233822	ENSG00000272196	accepted	unmapped_in_pinned_uniprot_release	unresolved_endpoint
HuRI	portal_2020-03-09	positive_evidence	HuRI:ENSG00000234278:ENSG00000234278	ENSG00000234278	ENSG00000234278	multiple_reviewed_human_targets	multiple_reviewed_human_targets	unresolved_endpoint
HuRI	portal_2020-03-09	positive_evidence	HuRI:ENSG00000234278:ENSG00000250254	ENSG00000234278	ENSG00000250254	multiple_reviewed_human_targets	accepted	unresolved_endpoint
HuRI	portal_2020-03-09	positive_evidence	HuRI:ENSG00000236362:ENSG00000283632	ENSG00000236362	ENSG00000283632	multiple_reviewed_human_targets	accepted	unresolved_endpoint
HuRI	portal_2020-03-09	positive_evidence	HuRI:ENSG00000239886:ENSG00000264343	ENSG00000239886	ENSG00000264343	accepted	multiple_reviewed_human_targets	unresolved_endpoint
HuRI	portal_2020-03-09	positive_evidence	HuRI:ENSG00000240386:ENSG00000264343	ENSG00000240386	ENSG00000264343	accepted	multiple_reviewed_human_targets	unresolved_endpoint
HuRI	portal_2020-03-09	positive_evidence	HuRI:ENSG00000240432:ENSG00000264343	ENSG00000240432	ENSG00000264343	accepted	multiple_reviewed_human_targets	unresolved_endpoint
HuRI	portal_2020-03-09	positive_evidence	HuRI:ENSG00000240583:ENSG00000264343	ENSG00000240583	ENSG00000264343	accepted	multiple_reviewed_human_targets	unresolved_endpoint
HuRI	portal_2020-03-09	positive_evidence	HuRI:ENSG00000241123:ENSG00000264343	ENSG00000241123	ENSG00000264343	accepted	multiple_reviewed_human_targets	unresolved_endpoint
HuRI	portal_2020-03-09	positive_evidence	HuRI:ENSG00000241598:ENSG00000264343	ENSG00000241598	ENSG00000264343	accepted	multiple_reviewed_human_targets	unresolved_endpoint
HuRI	portal_2020-03-09	positive_evidence	HuRI:ENSG00000244057:ENSG00000264343	ENSG00000244057	ENSG00000264343	accepted	multiple_reviewed_human_targets	unresolved_endpoint
HuRI	portal_2020-03-09	positive_evidence	HuRI:ENSG00000244537:ENSG00000264343	ENSG00000244537	ENSG00000264343	accepted	multiple_reviewed_human_targets	unresolved_endpoint
HuRI	portal_2020-03-09	positive_evidence	HuRI:ENSG00000254647:ENSG00000264343	ENSG00000254647	ENSG00000264343	accepted	multiple_reviewed_human_targets	unresolved_endpoint
HuRI	portal_2020-03-09	positive_evidence	HuRI:ENSG00000254997:ENSG00000264343	ENSG00000254997	ENSG00000264343	accepted	multiple_reviewed_human_targets	unresolved_endpoint
HuRI	portal_2020-03-09	positive_evidence	HuRI:ENSG00000256060:ENSG00000283189	ENSG00000256060	ENSG00000283189	multiple_reviewed_human_targets	accepted	unresolved_endpoint
HuRI	portal_2020-03-09	positive_evidence	HuRI:ENSG00000262814:ENSG00000270136	ENSG00000262814	ENSG00000270136	accepted	multiple_or_cross_species_targets_without_unique_human_mapping	unresolved_endpoint
HuRI	portal_2020-03-09	positive_evidence	HuRI:ENSG00000263201:ENSG00000270136	ENSG00000263201	ENSG00000270136	accepted	multiple_or_cross_species_targets_without_unique_human_mapping	unresolved_endpoint
HuRI	portal_2020-03-09	positive_evidence	HuRI:ENSG00000264343:ENSG00000266714	ENSG00000264343	ENSG00000266714	multiple_reviewed_human_targets	accepted	unresolved_endpoint
HuRI	portal_2020-03-09	positive_evidence	HuRI:ENSG00000276076:ENSG00000276076	ENSG00000276076	ENSG00000276076	unmapped_in_pinned_uniprot_release	unmapped_in_pinned_uniprot_release	unresolved_endpoint
IntAct	2026-01-09	positive_evidence	intact:EBI-8795527|imex:IM-22152-8	Q99523	P06858	unmapped_in_pinned_uniprot_release	accepted	unresolved_endpoint
IntAct	2026-01-09	positive_evidence	intact:EBI-15488660|imex:IM-24300-1|dip:DIP-11048E	Q14974-1	P52292	isoform_specific_source_not_folded_to_canonical	accepted	unresolved_endpoint
IntAct	2026-01-09	positive_evidence	intact:EBI-15488694|imex:IM-24301-1|dip:DIP-60866E	P60953-2	P42768	isoform_specific_source_not_folded_to_canonical	accepted	unresolved_endpoint
IntAct	2026-01-09	positive_evidence	intact:EBI-603486|rcsb pdb:1cf4	P60953-2	Q07912	isoform_specific_source_not_folded_to_canonical	accepted	unresolved_endpoint
IntAct	2026-01-09	positive_evidence	intact:EBI-17173226|imex:IM-26382-5	P41159	P20138-1	accepted	isoform_specific_source_not_folded_to_canonical	unresolved_endpoint
IntAct	2026-01-09	positive_evidence	intact:EBI-21136288|wwpdb:1QDU|imex:IM-26926-1	Q14790-PRO_0000004629	Q14790-PRO_0000004631	unmapped_in_pinned_uniprot_release	unmapped_in_pinned_uniprot_release	unresolved_endpoint
IntAct	2026-01-09	positive_evidence	intact:EBI-21136266|wwpdb:1QTN|imex:IM-26927-1	Q14790-PRO_0000004629	Q14790-PRO_0000004631	unmapped_in_pinned_uniprot_release	unmapped_in_pinned_uniprot_release	unresolved_endpoint
IntAct	2026-01-09	positive_evidence	intact:EBI-15489576|imex:IM-23864-1|dip:DIP-11012E	P12694-1	P21953-1	isoform_specific_source_not_folded_to_canonical	isoform_specific_source_not_folded_to_canonical	unresolved_endpoint
IntAct	2026-01-09	positive_evidence	intact:EBI-519471	Q9Y275	O14836	unmapped_in_pinned_uniprot_release	accepted	unresolved_endpoint
IntAct	2026-01-09	positive_evidence	intact:EBI-15489977|imex:IM-24295-1|dip:DIP-5753E	P05230-1	P21802-1	isoform_specific_source_not_folded_to_canonical	isoform_specific_source_not_folded_to_canonical	unresolved_endpoint
IntAct	2026-01-09	positive_evidence	intact:EBI-15490055|imex:IM-24289-2|dip:DIP-11015E	P37108	P49458-1	accepted	isoform_specific_source_not_folded_to_canonical	unresolved_endpoint
IntAct	2026-01-09	positive_evidence	intact:EBI-15490099|imex:IM-24290-1|dip:DIP-187944E	P63208-1	Q13309-1	isoform_specific_source_not_folded_to_canonical	isoform_specific_source_not_folded_to_canonical	unresolved_endpoint
IntAct	2026-01-09	positive_evidence	intact:EBI-15490159|imex:IM-24290-4|dip:DIP-187944E	Q13309-1	P63208-1	isoform_specific_source_not_folded_to_canonical	isoform_specific_source_not_folded_to_canonical	unresolved_endpoint
IntAct	2026-01-09	positive_evidence	intact:EBI-15490331|imex:IM-24292-1|dip:DIP-44971E	Q9NR28-1	P98170	isoform_specific_source_not_folded_to_canonical	accepted	unresolved_endpoint
IntAct	2026-01-09	positive_evidence	intact:EBI-26356254|imex:IM-28410-7	P48740-PRO_0000027592	P11226	unmapped_in_pinned_uniprot_release	accepted	unresolved_endpoint
IntAct	2026-01-09	positive_evidence	intact:EBI-26356305|imex:IM-28410-9	P11226	O00187-PRO_0000027598	accepted	unmapped_in_pinned_uniprot_release	unresolved_endpoint
IntAct	2026-01-09	positive_evidence	intact:EBI-26356339|imex:IM-28410-11	P11226	P48740-PRO_0000027592	accepted	unmapped_in_pinned_uniprot_release	unresolved_endpoint
IntAct	2026-01-09	positive_evidence	intact:EBI-26356348|imex:IM-28410-13	P11226	O00187-2	accepted	isoform_specific_source_not_folded_to_canonical	unresolved_endpoint
IntAct	2026-01-09	positive_evidence	intact:EBI-26585164|imex:IM-28625-5	P08174	Q9UHX3	accepted	unmapped_in_pinned_uniprot_release	unresolved_endpoint
IntAct	2026-01-09	positive_evidence	intact:EBI-21977382|imex:IM-27225-1	P02545-1	P50402	isoform_specific_source_not_folded_to_canonical	accepted	unresolved_endpoint
IntAct	2026-01-09	positive_evidence	intact:EBI-7981548|mint:MINT-25055	Q99728	P38398	unmapped_in_pinned_uniprot_release	accepted	unresolved_endpoint
IntAct	2026-01-09	positive_evidence	intact:EBI-1032165|rcsb pdb:1JKG	Q9UBU9	Q9UKK6	unmapped_in_pinned_uniprot_release	unmapped_in_pinned_uniprot_release	unresolved_endpoint
IntAct	2026-01-09	positive_evidence	intact:EBI-1032405|rcsb pdb:1JDH	Q9NQB0	P35222	unmapped_in_pinned_uniprot_release	accepted	unresolved_endpoint
IntAct	2026-01-09	positive_evidence	intact:EBI-1032422|rcsb pdb:1JPW	Q9NQB0	P35222	unmapped_in_pinned_uniprot_release	accepted	unresolved_endpoint
IntAct	2026-01-09	positive_evidence	intact:EBI-78806	Q9UQF2	P05067	unmapped_in_pinned_uniprot_release	accepted	unresolved_endpoint
IntAct	2026-01-09	positive_evidence	intact:EBI-8059180|mint:MINT-45858	Q99933	P50502	unmapped_in_pinned_uniprot_release	accepted	unresolved_endpoint
IntAct	2026-01-09	positive_evidence	intact:EBI-1032569|rcsb pdb:1KCG	Q9BZM4	P26718	unmapped_in_pinned_uniprot_release	accepted	unresolved_endpoint
IntAct	2026-01-09	positive_evidence	intact:EBI-8103892|mint:MINT-15842	Q07869	Q9Y618	accepted	unmapped_in_pinned_uniprot_release	unresolved_endpoint
IntAct	2026-01-09	positive_evidence	intact:EBI-8286521|mint:MINT-1900350	P78352	Q05586-2	accepted	isoform_specific_source_not_folded_to_canonical	unresolved_endpoint
IntAct	2026-01-09	positive_evidence	intact:EBI-8286925|mint:MINT-1900589	P78352	Q9P021	accepted	unmapped_in_pinned_uniprot_release	unresolved_endpoint
IntAct	2026-01-09	positive_evidence	intact:EBI-8287324|mint:MINT-1901542	Q9P021	P78352	unmapped_in_pinned_uniprot_release	accepted	unresolved_endpoint
IntAct	2026-01-09	positive_evidence	intact:EBI-16721614|imex:IM-26262-5	Q9Y6W8	O75144	unmapped_in_pinned_uniprot_release	accepted	unresolved_endpoint
IntAct	2026-01-09	positive_evidence	intact:EBI-81560	P11940	Q9H074	accepted	unmapped_in_pinned_uniprot_release	unresolved_endpoint
IntAct	2026-01-09	positive_evidence	intact:EBI-81564	P11940	Q9H074	accepted	unmapped_in_pinned_uniprot_release	unresolved_endpoint
IntAct	2026-01-09	positive_evidence	intact:EBI-602095|rcsb pdb:1ki1	P60953-1	Q15811	isoform_specific_source_not_folded_to_canonical	accepted	unresolved_endpoint
IntAct	2026-01-09	positive_evidence	intact:EBI-1033939|rcsb pdb:1LB6	Q9Y4K3	P25942	unmapped_in_pinned_uniprot_release	accepted	unresolved_endpoint
IntAct	2026-01-09	positive_evidence	intact:EBI-1034619|rcsb pdb:1LUJ	Q9NSA3	P35222	unmapped_in_pinned_uniprot_release	accepted	unresolved_endpoint
IntAct	2026-01-09	positive_evidence	intact:EBI-1035055|rcsb pdb:1H2K	Q16665	Q9NWT6	accepted	unmapped_in_pinned_uniprot_release	unresolved_endpoint
IntAct	2026-01-09	positive_evidence	intact:EBI-1035066|rcsb pdb:1H2L	Q16665	Q9NWT6	accepted	unmapped_in_pinned_uniprot_release	unresolved_endpoint
IntAct	2026-01-09	positive_evidence	intact:EBI-1035077|rcsb pdb:1H2M	Q9NWT6	Q16665	unmapped_in_pinned_uniprot_release	accepted	unresolved_endpoint
IntAct	2026-01-09	positive_evidence	intact:EBI-11302555|imex:IM-24852-4	Q9GZX6	Q8N6P7	unmapped_in_pinned_uniprot_release	accepted	unresolved_endpoint
IntAct	2026-01-09	positive_evidence	intact:EBI-11302122|imex:IM-24852-2	Q9GZX6	Q8N6P7	unmapped_in_pinned_uniprot_release	accepted	unresolved_endpoint
IntAct	2026-01-09	positive_evidence	intact:EBI-11364281|imex:IM-24852-8	Q9GZX6	Q8N6P7	unmapped_in_pinned_uniprot_release	accepted	unresolved_endpoint
IntAct	2026-01-09	positive_evidence	intact:EBI-21943541|imex:IM-27421-1|pdbe:1onv	P35269	Q9Y5B0	accepted	unmapped_in_pinned_uniprot_release	unresolved_endpoint
IntAct	2026-01-09	positive_evidence	intact:EBI-1036536|rcsb pdb:1OW0	P24071	P01876-1	accepted	isoform_specific_source_not_folded_to_canonical	unresolved_endpoint
IntAct	2026-01-09	positive_evidence	intact:EBI-1036560|rcsb pdb:1P27	Q9Y5S9	P61326	unmapped_in_pinned_uniprot_release	accepted	unresolved_endpoint
IntAct	2026-01-09	positive_evidence	intact:EBI-7051341|mint:MINT-19368	P38398	Q9BX63	accepted	unmapped_in_pinned_uniprot_release	unresolved_endpoint
IntAct	2026-01-09	positive_evidence	intact:EBI-1037348|rcsb pdb:1OL5	Q9ULW0	O14965	unmapped_in_pinned_uniprot_release	accepted	unresolved_endpoint
IntAct	2026-01-09	positive_evidence	intact:EBI-22229427|imex:IM-27517-11	P05230	P22607-1	accepted	isoform_specific_source_not_folded_to_canonical	unresolved_endpoint
IntAct	2026-01-09	positive_evidence	intact:EBI-22229478|imex:IM-27517-13	P22607-1	P09038	isoform_specific_source_not_folded_to_canonical	accepted	unresolved_endpoint
IntAct	2026-01-09	positive_evidence	intact:EBI-22229492|imex:IM-27517-15	P22607-1	P31371	isoform_specific_source_not_folded_to_canonical	accepted	unresolved_endpoint
IntAct	2026-01-09	positive_evidence	intact:EBI-1037508|rcsb pdb:1X79	Q9UJY5	Q15276	unmapped_in_pinned_uniprot_release	accepted	unresolved_endpoint
IntAct	2026-01-09	positive_evidence	intact:EBI-449105|rcsb pdb:1r8q	P84077	Q99418	accepted	unmapped_in_pinned_uniprot_release	unresolved_endpoint
IntAct	2026-01-09	positive_evidence	intact:EBI-449117|rcsb pdb:1R8S	P84077	Q99418	accepted	unmapped_in_pinned_uniprot_release	unresolved_endpoint
IntAct	2026-01-09	positive_evidence	intact:EBI-21347109|imex:IM-26960-1	P27540	Q99814	accepted	unmapped_in_pinned_uniprot_release	unresolved_endpoint
IntAct	2026-01-09	positive_evidence	intact:EBI-8804304|imex:IM-21693-1|rcsb pdb:1JGN	P11940	Q9BPZ3	accepted	unmapped_in_pinned_uniprot_release	unresolved_endpoint
IntAct	2026-01-09	positive_evidence	intact:EBI-8804363|imex:IM-21693-2|rcsb pdb:1JH4	Q9H074	P11940	unmapped_in_pinned_uniprot_release	accepted	unresolved_endpoint
IntAct	2026-01-09	positive_evidence	intact:EBI-8804382|imex:IM-21693-3	P11940	Q9BPZ3	accepted	unmapped_in_pinned_uniprot_release	unresolved_endpoint
IntAct	2026-01-09	positive_evidence	intact:EBI-8804394|imex:IM-21693-4	Q9H074	P11940	unmapped_in_pinned_uniprot_release	accepted	unresolved_endpoint
IntAct	2026-01-09	positive_evidence	intact:EBI-8804425|imex:IM-21693-6	Q9H074	P11940	unmapped_in_pinned_uniprot_release	accepted	unresolved_endpoint
IntAct	2026-01-09	positive_evidence	intact:EBI-8804448|imex:IM-21693-8	Q9BPZ3	P11940	unmapped_in_pinned_uniprot_release	accepted	unresolved_endpoint
IntAct	2026-01-09	positive_evidence	intact:EBI-15529192|imex:IM-9318-1|dip:DIP-3625E	P02786	Q30201-1	accepted	isoform_specific_source_not_folded_to_canonical	unresolved_endpoint
IntAct	2026-01-09	positive_evidence	intact:EBI-9345873|imex:IM-23021-6	P01138-PRO_0000019600	P04629	unmapped_in_pinned_uniprot_release	accepted	unresolved_endpoint
IntAct	2026-01-09	positive_evidence	intact:EBI-9345701|imex:IM-23021-4	P01138-PRO_0000019600	P08138	unmapped_in_pinned_uniprot_release	accepted	unresolved_endpoint
IntAct	2026-01-09	positive_evidence	intact:EBI-9253924|imex:IM-23021-3	Q99523	P01138	unmapped_in_pinned_uniprot_release	accepted	unresolved_endpoint
IntAct	2026-01-09	positive_evidence	intact:EBI-9253916|imex:IM-23021-2	P01138-PRO_0000019599	Q99523	unmapped_in_pinned_uniprot_release	unmapped_in_pinned_uniprot_release	unresolved_endpoint
IntAct	2026-01-09	positive_evidence	intact:EBI-9249859|imex:IM-23021-1	Q99523	P01138-PRO_0000019600	unmapped_in_pinned_uniprot_release	unmapped_in_pinned_uniprot_release	unresolved_endpoint
IntAct	2026-01-09	positive_evidence	intact:EBI-1038470|rcsb pdb:1S1Q	Q99816	P0CG47	unmapped_in_pinned_uniprot_release	accepted	unresolved_endpoint
IntAct	2026-01-09	positive_evidence	intact:EBI-7176930|mint:MINT-62831|imex:IM-28135-19	P14678-2	O95400	isoform_specific_source_not_folded_to_canonical	accepted	unresolved_endpoint
IntAct	2026-01-09	positive_evidence	intact:EBI-26356518|imex:IM-28364-3	O00187-2	P11226	isoform_specific_source_not_folded_to_canonical	accepted	unresolved_endpoint
IntAct	2026-01-09	positive_evidence	intact:EBI-26356980|imex:IM-28364-5	O00187-2	Q15485	isoform_specific_source_not_folded_to_canonical	accepted	unresolved_endpoint
IntAct	2026-01-09	positive_evidence	intact:EBI-21978212|imex:IM-27228-3	P38398	Q9BX63	accepted	unmapped_in_pinned_uniprot_release	unresolved_endpoint
IntAct	2026-01-09	positive_evidence	intact:EBI-21978154|pdbe:1t29|imex:IM-27228-1	P38398	Q9BX63	accepted	unmapped_in_pinned_uniprot_release	unresolved_endpoint
IntAct	2026-01-09	positive_evidence	intact:EBI-21978267|wwpdb:1t15|imex:IM-27229-1	P38398	Q9BX63	accepted	unmapped_in_pinned_uniprot_release	unresolved_endpoint
IntAct	2026-01-09	positive_evidence	intact:EBI-1039804|rcsb pdb:1TGZ	Q9HC62	P63165	unmapped_in_pinned_uniprot_release	accepted	unresolved_endpoint
IntAct	2026-01-09	positive_evidence	intact:EBI-20558645|imex:IM-26396-1	P11474	Q9UBK2	accepted	unmapped_in_pinned_uniprot_release	unresolved_endpoint
IntAct	2026-01-09	positive_evidence	intact:EBI-20558784|imex:IM-26396-7	P11474	Q9UBK2	accepted	unmapped_in_pinned_uniprot_release	unresolved_endpoint
IntAct	2026-01-09	positive_evidence	intact:EBI-1040240|rcsb pdb:1X86	Q9NZN5	P61586	unmapped_in_pinned_uniprot_release	accepted	unresolved_endpoint
IntAct	2026-01-09	positive_evidence	intact:EBI-447065|rcsb pdb:1X79	Q15276	Q9UJY5	accepted	unmapped_in_pinned_uniprot_release	unresolved_endpoint
IntAct	2026-01-09	positive_evidence	intact:EBI-1637943|wwpdb:1VZJ	Q9Y215	P22303	unmapped_in_pinned_uniprot_release	accepted	unresolved_endpoint
IntAct	2026-01-09	positive_evidence	intact:EBI-1041092|rcsb pdb:1Y01	Q9NZD4	P69905	unmapped_in_pinned_uniprot_release	accepted	unresolved_endpoint
IntAct	2026-01-09	positive_evidence	intact:EBI-1041315|rcsb pdb:1WMH	Q9NPB6	P41743	unmapped_in_pinned_uniprot_release	accepted	unresolved_endpoint
IntAct	2026-01-09	positive_evidence	intact:EBI-1037062|rcsb pdb:1Y8Q	Q9UBT2	Q9UBE0	unmapped_in_pinned_uniprot_release	unmapped_in_pinned_uniprot_release	unresolved_endpoint
IntAct	2026-01-09	positive_evidence	intact:EBI-26445619|imex:IM-28487-1	P78562	Q9NQ76	accepted	unmapped_in_pinned_uniprot_release	unresolved_endpoint
IntAct	2026-01-09	positive_evidence	intact:EBI-1041692|rcsb pdb:1XQS	Q9NZL4	P08107	unmapped_in_pinned_uniprot_release	multiple_reviewed_human_targets	unresolved_endpoint
IntAct	2026-01-09	positive_evidence	intact:EBI-707798	Q07817-1	O43521	isoform_specific_source_not_folded_to_canonical	accepted	unresolved_endpoint
IntAct	2026-01-09	positive_evidence	intact:EBI-707945	Q07817-1	Q9BXH1	isoform_specific_source_not_folded_to_canonical	unmapped_in_pinned_uniprot_release	unresolved_endpoint
IntAct	2026-01-09	positive_evidence	intact:EBI-707957	P10415	Q9BXH1	accepted	unmapped_in_pinned_uniprot_release	unresolved_endpoint
IntAct	2026-01-09	positive_evidence	intact:EBI-707968	Q9BXH1	Q92843	unmapped_in_pinned_uniprot_release	accepted	unresolved_endpoint
IntAct	2026-01-09	positive_evidence	intact:EBI-708090	Q07817-1	Q92934	isoform_specific_source_not_folded_to_canonical	accepted	unresolved_endpoint
IntAct	2026-01-09	positive_evidence	intact:EBI-708112	Q13323	Q07817-1	accepted	isoform_specific_source_not_folded_to_canonical	unresolved_endpoint
IntAct	2026-01-09	positive_evidence	intact:EBI-708144	O00198	Q07817-1	accepted	isoform_specific_source_not_folded_to_canonical	unresolved_endpoint
IntAct	2026-01-09	positive_evidence	intact:EBI-708176	P55957	Q07817-1	accepted	isoform_specific_source_not_folded_to_canonical	unresolved_endpoint
IntAct	2026-01-09	positive_evidence	intact:EBI-709305	Q13794	Q07817-1	accepted	isoform_specific_source_not_folded_to_canonical	unresolved_endpoint
IntAct	2026-01-09	positive_evidence	intact:EBI-7484429|mint:MINT-56550|imex:IM-14131-2	Q9UPU3	P01138	unmapped_in_pinned_uniprot_release	accepted	unresolved_endpoint
IntAct	2026-01-09	positive_evidence	intact:EBI-7484484|mint:MINT-56551|imex:IM-14131-1	P01138	Q9UPU3	accepted	unmapped_in_pinned_uniprot_release	unresolved_endpoint
IntAct	2026-01-09	positive_evidence	intact:EBI-7484510|mint:MINT-56552|imex:IM-14131-3	Q9UPU3	P01138	unmapped_in_pinned_uniprot_release	accepted	unresolved_endpoint
IntAct	2026-01-09	positive_evidence	intact:EBI-21298139|imex:IM-27149-1	P19793	P55055-1	accepted	isoform_specific_source_not_folded_to_canonical	unresolved_endpoint
IntAct	2026-01-09	positive_evidence	intact:EBI-21298155|imex:IM-27149-3	Q13133	Q07869-1	accepted	isoform_specific_source_not_folded_to_canonical	unresolved_endpoint
IntAct	2026-01-09	positive_evidence	intact:EBI-21298171|imex:IM-27149-21	P19793	P55055-1	accepted	isoform_specific_source_not_folded_to_canonical	unresolved_endpoint
IntAct	2026-01-09	positive_evidence	intact:EBI-21298187|imex:IM-27149-7	P55055-1	Q03181	isoform_specific_source_not_folded_to_canonical	accepted	unresolved_endpoint
IntAct	2026-01-09	positive_evidence	intact:EBI-21298211|imex:IM-27149-11	P55055-1	Q07869-1	isoform_specific_source_not_folded_to_canonical	isoform_specific_source_not_folded_to_canonical	unresolved_endpoint
IntAct	2026-01-09	positive_evidence	intact:EBI-21298219|imex:IM-27149-27	P55055-1	P37231	isoform_specific_source_not_folded_to_canonical	accepted	unresolved_endpoint
IntAct	2026-01-09	positive_evidence	intact:EBI-21298227|imex:IM-27149-13	P55055-1	Q07869-1	isoform_specific_source_not_folded_to_canonical	isoform_specific_source_not_folded_to_canonical	unresolved_endpoint
IntAct	2026-01-09	positive_evidence	intact:EBI-21298231|imex:IM-27149-15	Q13133	Q07869-1	accepted	isoform_specific_source_not_folded_to_canonical	unresolved_endpoint
IntAct	2026-01-09	positive_evidence	intact:EBI-21298235|imex:IM-27149-17	P55055-1	Q03181	isoform_specific_source_not_folded_to_canonical	accepted	unresolved_endpoint
IntAct	2026-01-09	positive_evidence	intact:EBI-21298239|imex:IM-27149-29	P55055-1	P37231	isoform_specific_source_not_folded_to_canonical	accepted	unresolved_endpoint
IntAct	2026-01-09	positive_evidence	intact:EBI-7591406|mint:MINT-65946	Q99962	Q05193	unmapped_in_pinned_uniprot_release	accepted	unresolved_endpoint
IntAct	2026-01-09	positive_evidence	intact:EBI-7591651|mint:MINT-65949	Q05193	Q99962	accepted	unmapped_in_pinned_uniprot_release	unresolved_endpoint
IntAct	2026-01-09	positive_evidence	intact:EBI-7591915|mint:MINT-65957	P50570	Q99962	accepted	unmapped_in_pinned_uniprot_release	unresolved_endpoint
IntAct	2026-01-09	positive_evidence	intact:EBI-7592000|mint:MINT-65959	Q99962	P50570	unmapped_in_pinned_uniprot_release	accepted	unresolved_endpoint
IntAct	2026-01-09	positive_evidence	intact:EBI-707303	Q07817-1	Q16611	isoform_specific_source_not_folded_to_canonical	accepted	unresolved_endpoint
IntAct	2026-01-09	positive_evidence	intact:EBI-1268966|wwpdb:2bqz	Q9NQR1	P62805	unmapped_in_pinned_uniprot_release	accepted	unresolved_endpoint
IntAct	2026-01-09	positive_evidence	intact:EBI-1270487	Q9NQR1	P62805	unmapped_in_pinned_uniprot_release	accepted	unresolved_endpoint
IntAct	2026-01-09	positive_evidence	intact:EBI-15552897|imex:IM-14201-1|dip:DIP-71041E	Q8WXD5	Q9H840	accepted	unmapped_in_pinned_uniprot_release	unresolved_endpoint
IntAct	2026-01-09	positive_evidence	intact:EBI-7689250|mint:MINT-7306820	P01106	O00499-10	accepted	isoform_specific_source_not_folded_to_canonical	unresolved_endpoint
IntAct	2026-01-09	positive_evidence	intact:EBI-7690422|mint:MINT-62657|imex:IM-28136-27	O95400	Q9Y5V3	accepted	unmapped_in_pinned_uniprot_release	unresolved_endpoint
IntAct	2026-01-09	positive_evidence	intact:EBI-7796404|mint:MINT-7212395	P12931	P10636-2	accepted	isoform_specific_source_not_folded_to_canonical	unresolved_endpoint
IntAct	2026-01-09	positive_evidence	intact:EBI-7796467|mint:MINT-7212412	P10636-6	P12931	isoform_specific_source_not_folded_to_canonical	accepted	unresolved_endpoint
IntAct	2026-01-09	positive_evidence	intact:EBI-7796488|mint:MINT-7212427	P10636-6	P06241	isoform_specific_source_not_folded_to_canonical	accepted	unresolved_endpoint
IntAct	2026-01-09	positive_evidence	intact:EBI-7796527|mint:MINT-7212444	P06241	P10636-2	accepted	isoform_specific_source_not_folded_to_canonical	unresolved_endpoint
IntAct	2026-01-09	positive_evidence	intact:EBI-15556275|imex:IM-21786-1|dip:DIP-10996E	P68036-1	Q05086-2	isoform_specific_source_not_folded_to_canonical	isoform_specific_source_not_folded_to_canonical	unresolved_endpoint
IntAct	2026-01-09	positive_evidence	intact:EBI-727867	Q9BXH1	Q07817-1	unmapped_in_pinned_uniprot_release	isoform_specific_source_not_folded_to_canonical	unresolved_endpoint
IntAct	2026-01-09	positive_evidence	intact:EBI-727875	P04637	Q07817-1	accepted	isoform_specific_source_not_folded_to_canonical	unresolved_endpoint
IntAct	2026-01-09	positive_evidence	intact:EBI-20771447|imex:IM-26838-1	Q92673	P05067-4	accepted	isoform_specific_source_not_folded_to_canonical	unresolved_endpoint
IntAct	2026-01-09	positive_evidence	intact:EBI-20775550|imex:IM-26838-3	Q92673	P05067-8	accepted	isoform_specific_source_not_folded_to_canonical	unresolved_endpoint
IntAct	2026-01-09	positive_evidence	intact:EBI-20775592|imex:IM-26838-5	Q92673	P05067-1	accepted	isoform_specific_source_not_folded_to_canonical	unresolved_endpoint
IntAct	2026-01-09	positive_evidence	intact:EBI-15558328|imex:IM-21785-3|dip:DIP-70519E	Q96B97-1	Q13191-1	isoform_specific_source_not_folded_to_canonical	isoform_specific_source_not_folded_to_canonical	unresolved_endpoint
IntAct	2026-01-09	positive_evidence	intact:EBI-15558414|imex:IM-21785-7|dip:DIP-70519E	Q96B97-1	Q13191-1	isoform_specific_source_not_folded_to_canonical	isoform_specific_source_not_folded_to_canonical	unresolved_endpoint
IntAct	2026-01-09	positive_evidence	intact:EBI-15558446|imex:IM-21606-1|dip:DIP-56662E	P46013	Q9BYG3	accepted	unmapped_in_pinned_uniprot_release	unresolved_endpoint
IntAct	2026-01-09	positive_evidence	intact:EBI-15558469|imex:IM-21606-2|dip:DIP-56662E	P46013	Q9BYG3	accepted	unmapped_in_pinned_uniprot_release	unresolved_endpoint
IntAct	2026-01-09	positive_evidence	intact:EBI-15558989|dip:DIP-102955E|imex:IM-14227-1	P18031	P06213-1	accepted	isoform_specific_source_not_folded_to_canonical	unresolved_endpoint
IntAct	2026-01-09	positive_evidence	intact:EBI-15559011|dip:DIP-67703E|imex:IM-14227-3	P18031	P06213-1	accepted	isoform_specific_source_not_folded_to_canonical	unresolved_endpoint
IntAct	2026-01-09	positive_evidence	intact:EBI-7913250|mint:MINT-7183510	Q9P0V3	P02786	unmapped_in_pinned_uniprot_release	accepted	unresolved_endpoint
IntAct	2026-01-09	positive_evidence	intact:EBI-7950128|mint:MINT-2735786|imex:IM-11300-1	Q14393-2	P30530	isoform_specific_source_not_folded_to_canonical	accepted	unresolved_endpoint
IntAct	2026-01-09	positive_evidence	intact:EBI-7950166|mint:MINT-2735822|imex:IM-11300-2	P30530	Q14393-2	accepted	isoform_specific_source_not_folded_to_canonical	unresolved_endpoint
IntAct	2026-01-09	positive_evidence	intact:EBI-7950199|mint:MINT-2735853|imex:IM-11300-3	Q14393-2	P30530	isoform_specific_source_not_folded_to_canonical	accepted	unresolved_endpoint
IntAct	2026-01-09	positive_evidence	intact:EBI-7950232|mint:MINT-2735881|imex:IM-11300-4	Q14393-2	P30530	isoform_specific_source_not_folded_to_canonical	accepted	unresolved_endpoint
IntAct	2026-01-09	positive_evidence	intact:EBI-7950278|mint:MINT-2735908|imex:IM-11300-5	Q14393-2	P30530	isoform_specific_source_not_folded_to_canonical	accepted	unresolved_endpoint
IntAct	2026-01-09	positive_evidence	intact:EBI-7950307|mint:MINT-2735935|imex:IM-11300-7	Q14393-2	P30530	isoform_specific_source_not_folded_to_canonical	accepted	unresolved_endpoint
IntAct	2026-01-09	positive_evidence	intact:EBI-7950359|mint:MINT-2735964|imex:IM-11300-6	P30530	Q14393-2	accepted	isoform_specific_source_not_folded_to_canonical	unresolved_endpoint
IntAct	2026-01-09	positive_evidence	intact:EBI-7950420|mint:MINT-2738515|imex:IM-11300-8	P30530	Q14393-2	accepted	isoform_specific_source_not_folded_to_canonical	unresolved_endpoint
IntAct	2026-01-09	positive_evidence	intact:EBI-15564218|imex:IM-21328-1|dip:DIP-64655E	Q8WZ42-3	O15273	isoform_specific_source_not_folded_to_canonical	accepted	unresolved_endpoint
IntAct	2026-01-09	positive_evidence	intact:EBI-8022640|mint:MINT-2829121|imex:IM-11043-12	Q12888-1	P68431	isoform_specific_source_not_folded_to_canonical	accepted	unresolved_endpoint
IntAct	2026-01-09	positive_evidence	intact:EBI-8022748|mint:MINT-2829229|imex:IM-11043-13	Q9BVI0	P68431	unmapped_in_pinned_uniprot_release	accepted	unresolved_endpoint
IntAct	2026-01-09	positive_evidence	intact:EBI-8022800|mint:MINT-2829329|imex:IM-11043-14	Q9BVI0	P68431	unmapped_in_pinned_uniprot_release	accepted	unresolved_endpoint
IntAct	2026-01-09	positive_evidence	intact:EBI-8022882|mint:MINT-2829358|imex:IM-11043-15	Q9BVI0	P62805	unmapped_in_pinned_uniprot_release	accepted	unresolved_endpoint
IntAct	2026-01-09	positive_evidence	intact:EBI-15565810|imex:IM-23399-1|dip:DIP-197439E	Q9Y3B4	O75533-1	unmapped_in_pinned_uniprot_release	isoform_specific_source_not_folded_to_canonical	unresolved_endpoint
IntAct	2026-01-09	positive_evidence	intact:EBI-2112121|imex:IM-23413-2|dip:DIP-197462E	P10636	P05067-PRO_0000000092	accepted	unmapped_in_pinned_uniprot_release	unresolved_endpoint
IntAct	2026-01-09	positive_evidence	intact:EBI-2112133|imex:IM-23413-8	P10636	P05067-PRO_0000000093	accepted	unmapped_in_pinned_uniprot_release	unresolved_endpoint
IntAct	2026-01-09	positive_evidence	intact:EBI-15570406|imex:IM-23438-2|dip:DIP-197513E	P24001-4	P24158	isoform_specific_source_not_folded_to_canonical	accepted	unresolved_endpoint
IntAct	2026-01-09	positive_evidence	intact:EBI-15571377|imex:IM-23440-1|dip:DIP-197514E	P09919-1	Q99062-1	isoform_specific_source_not_folded_to_canonical	isoform_specific_source_not_folded_to_canonical	unresolved_endpoint
IntAct	2026-01-09	positive_evidence	intact:EBI-15577065|imex:IM-21464-1|dip:DIP-191625E	Q14974-1	O95149	isoform_specific_source_not_folded_to_canonical	accepted	unresolved_endpoint
IntAct	2026-01-09	positive_evidence	intact:EBI-8290573|mint:MINT-1894885|imex:IM-11391-4	Q99828	O00401	unmapped_in_pinned_uniprot_release	accepted	unresolved_endpoint
IntAct	2026-01-09	positive_evidence	intact:EBI-6395075	Q13573	Q9Y3C6	accepted	unmapped_in_pinned_uniprot_release	unresolved_endpoint
IntAct	2026-01-09	positive_evidence	intact:EBI-8295682|mint:MINT-1899195|imex:IM-11479-1	Q9BPZ3	O95071	unmapped_in_pinned_uniprot_release	accepted	unresolved_endpoint
IntAct	2026-01-09	positive_evidence	intact:EBI-8295718|mint:MINT-1899220|imex:IM-11479-2	O95071	Q9BPZ3	accepted	unmapped_in_pinned_uniprot_release	unresolved_endpoint
IntAct	2026-01-09	positive_evidence	intact:EBI-8295873|mint:MINT-1899242|imex:IM-11479-4	O95071	Q9BPZ3	accepted	unmapped_in_pinned_uniprot_release	unresolved_endpoint
IntAct	2026-01-09	positive_evidence	intact:EBI-6863120|imex:IM-21093-2	P01024-PRO_0000005915	P08603	unmapped_in_pinned_uniprot_release	accepted	unresolved_endpoint
IntAct	2026-01-09	positive_evidence	intact:EBI-6863115|imex:IM-21093-1	P01024-PRO_0000005915	P08603	unmapped_in_pinned_uniprot_release	accepted	unresolved_endpoint
IntAct	2026-01-09	positive_evidence	intact:EBI-6863142|imex:IM-21093-3	P08603	P01024-PRO_0000005908	accepted	unmapped_in_pinned_uniprot_release	unresolved_endpoint
IntAct	2026-01-09	positive_evidence	intact:EBI-8491591|mint:MINT-7145519	Q9ULH1	Q14247	unmapped_in_pinned_uniprot_release	accepted	unresolved_endpoint
IntAct	2026-01-09	positive_evidence	intact:EBI-8491642|mint:MINT-7145630	Q14247	Q9ULH1	accepted	unmapped_in_pinned_uniprot_release	unresolved_endpoint
IntAct	2026-01-09	positive_evidence	intact:EBI-8518500|mint:MINT-2516806|imex:IM-10906-1	Q99962	P50570	unmapped_in_pinned_uniprot_release	accepted	unresolved_endpoint
IntAct	2026-01-09	positive_evidence	intact:EBI-1002234|imex:IM-11854-2	Q9BXH1	P10415	unmapped_in_pinned_uniprot_release	accepted	unresolved_endpoint
IntAct	2026-01-09	positive_evidence	intact:EBI-1003286|imex:IM-11854-9	Q9BXH1	Q07817	unmapped_in_pinned_uniprot_release	accepted	unresolved_endpoint
IntAct	2026-01-09	positive_evidence	intact:EBI-1003398|imex:IM-11854-15	Q9BXH1	Q92843	unmapped_in_pinned_uniprot_release	accepted	unresolved_endpoint
IntAct	2026-01-09	positive_evidence	intact:EBI-1003527|imex:IM-11854-22	Q9BXH1	Q07820	unmapped_in_pinned_uniprot_release	accepted	unresolved_endpoint
IntAct	2026-01-09	positive_evidence	intact:EBI-1003593|imex:IM-11854-26	Q16548	Q9BXH1	accepted	unmapped_in_pinned_uniprot_release	unresolved_endpoint
IntAct	2026-01-09	positive_evidence	intact:EBI-8526421|mint:MINT-2731240|imex:IM-10829-1	Q99496	P35226	unmapped_in_pinned_uniprot_release	accepted	unresolved_endpoint
IntAct	2026-01-09	positive_evidence	intact:EBI-15584618|imex:IM-8377-2|dip:DIP-10944E	Q02763	O15123-1	accepted	isoform_specific_source_not_folded_to_canonical	unresolved_endpoint
IntAct	2026-01-09	positive_evidence	intact:EBI-8538603|mint:MINT-7136650	O43639	Q9NQC3	accepted	unmapped_in_pinned_uniprot_release	unresolved_endpoint
IntAct	2026-01-09	positive_evidence	intact:EBI-8538770|mint:MINT-7136768	O43639	Q9NQC3	accepted	unmapped_in_pinned_uniprot_release	unresolved_endpoint
IntAct	2026-01-09	positive_evidence	intact:EBI-15585681|imex:IM-8525-3|dip:DIP-57210E	Q9UKV8	P26196	unmapped_in_pinned_uniprot_release	accepted	unresolved_endpoint
IntAct	2026-01-09	positive_evidence	intact:EBI-15585660|imex:IM-8525-2|dip:DIP-57211E	Q9UKV8	Q9UL18	unmapped_in_pinned_uniprot_release	unmapped_in_pinned_uniprot_release	unresolved_endpoint
IntAct	2026-01-09	positive_evidence	intact:EBI-15585702|imex:IM-8525-6|dip:DIP-57211E	Q9UKV8	Q9UL18	unmapped_in_pinned_uniprot_release	unmapped_in_pinned_uniprot_release	unresolved_endpoint
IntAct	2026-01-09	positive_evidence	intact:EBI-15585639|imex:IM-8525-5|dip:DIP-57210E	Q9UKV8	P26196	unmapped_in_pinned_uniprot_release	accepted	unresolved_endpoint
IntAct	2026-01-09	positive_evidence	intact:EBI-15588267|imex:IM-23643-3|dip:DIP-71194E	P19525	O75569-1	accepted	isoform_specific_source_not_folded_to_canonical	unresolved_endpoint
IntAct	2026-01-09	positive_evidence	intact:EBI-15589978|imex:IM-23746-1|dip:DIP-197818E	Q06455-4	Q99081-3	isoform_specific_source_not_folded_to_canonical	isoform_specific_source_not_folded_to_canonical	unresolved_endpoint
IntAct	2026-01-09	positive_evidence	intact:EBI-21223039|wwpdb:2CFH|imex:IM-27102-1	O43617	Q86SZ2-1	accepted	isoform_specific_source_not_folded_to_canonical	unresolved_endpoint
IntAct	2026-01-09	positive_evidence	intact:EBI-16226815|imex:IM-8563-6|dip:DIP-57246E	P62993-1	P22681	isoform_specific_source_not_folded_to_canonical	accepted	unresolved_endpoint
IntAct	2026-01-09	positive_evidence	intact:EBI-16226898|imex:IM-8563-4|dip:DIP-57247E	P62993-1	O43561-2	isoform_specific_source_not_folded_to_canonical	isoform_specific_source_not_folded_to_canonical	unresolved_endpoint
IntAct	2026-01-09	positive_evidence	intact:EBI-15601198|imex:IM-8579-12|dip:DIP-57260E	P54198	Q9Y294	accepted	unmapped_in_pinned_uniprot_release	unresolved_endpoint
IntAct	2026-01-09	positive_evidence	intact:EBI-15601219|imex:IM-8579-3|dip:DIP-57260E	P54198	Q9Y294	accepted	unmapped_in_pinned_uniprot_release	unresolved_endpoint
IntAct	2026-01-09	positive_evidence	intact:EBI-15601240|imex:IM-8579-13|dip:DIP-57261E	P54198	Q9NVP2	accepted	unmapped_in_pinned_uniprot_release	unresolved_endpoint
IntAct	2026-01-09	positive_evidence	intact:EBI-15605478|imex:IM-23937-10|dip:DIP-90091E	P62491	O75154-1	accepted	isoform_specific_source_not_folded_to_canonical	unresolved_endpoint
IntAct	2026-01-09	positive_evidence	intact:EBI-15607081|imex:IM-21626-3|dip:DIP-192060E	P01308	P14735-1	accepted	isoform_specific_source_not_folded_to_canonical	unresolved_endpoint
IntAct	2026-01-09	positive_evidence	intact:EBI-15607159|imex:IM-21626-7|dip:DIP-192061E	P14735-1	P05067-PRO_0000000093	isoform_specific_source_not_folded_to_canonical	unmapped_in_pinned_uniprot_release	unresolved_endpoint
IntAct	2026-01-09	positive_evidence	intact:EBI-15607198|imex:IM-21626-9|dip:DIP-192062E	P14735-1	P10997	isoform_specific_source_not_folded_to_canonical	accepted	unresolved_endpoint
IntAct	2026-01-09	positive_evidence	intact:EBI-15607277|imex:IM-21626-13|dip:DIP-192063E	P14735-1	P01275	isoform_specific_source_not_folded_to_canonical	accepted	unresolved_endpoint
IntAct	2026-01-09	positive_evidence	intact:EBI-4303153|imex:IM-17271-3	Q9UHD9	P54725	unmapped_in_pinned_uniprot_release	accepted	unresolved_endpoint
IntAct	2026-01-09	positive_evidence	intact:EBI-4292820|imex:IM-17271-1	P54725	Q9UHD9	accepted	unmapped_in_pinned_uniprot_release	unresolved_endpoint
IntAct	2026-01-09	positive_evidence	intact:EBI-15611782|imex:IM-8593-9|dip:DIP-57275E	P63165	Q9P0U3	accepted	unmapped_in_pinned_uniprot_release	unresolved_endpoint
IntAct	2026-01-09	positive_evidence	intact:EBI-15611804|imex:IM-8593-1|dip:DIP-57275E	P63165	Q9P0U3	accepted	unmapped_in_pinned_uniprot_release	unresolved_endpoint
IntAct	2026-01-09	positive_evidence	intact:EBI-15611883|imex:IM-8593-11|dip:DIP-57275E	P63165	Q9P0U3	accepted	unmapped_in_pinned_uniprot_release	unresolved_endpoint
IntAct	2026-01-09	positive_evidence	intact:EBI-15611830|imex:IM-8593-4|dip:DIP-57276E	Q9P0U3	P61956	unmapped_in_pinned_uniprot_release	accepted	unresolved_endpoint
IntAct	2026-01-09	positive_evidence	intact:EBI-15611905|imex:IM-8593-10|dip:DIP-57276E	Q9P0U3	P61956	unmapped_in_pinned_uniprot_release	accepted	unresolved_endpoint
IntAct	2026-01-09	positive_evidence	intact:EBI-15612201|imex:IM-8597-2|dip:DIP-57280E	Q9HC62	P61956	unmapped_in_pinned_uniprot_release	accepted	unresolved_endpoint
IntAct	2026-01-09	positive_evidence	intact:EBI-15612226|imex:IM-8597-11|dip:DIP-57281E	Q9HC62	P55854	unmapped_in_pinned_uniprot_release	accepted	unresolved_endpoint
IntAct	2026-01-09	positive_evidence	intact:EBI-15612939|imex:IM-8605-1|dip:DIP-57286E	Q00722	P63000-1	accepted	isoform_specific_source_not_folded_to_canonical	unresolved_endpoint
IntAct	2026-01-09	positive_evidence	intact:EBI-7133961|mint:MINT-7051991	P06241	P02751-7	accepted	isoform_specific_source_not_folded_to_canonical	unresolved_endpoint
IntAct	2026-01-09	positive_evidence	intact:EBI-7149184|mint:MINT-7051569	Q9P0K1-1	P08631	isoform_specific_source_not_folded_to_canonical	accepted	unresolved_endpoint
IntAct	2026-01-09	positive_evidence	intact:EBI-7150616|mint:MINT-3982463|imex:IM-11233-3	Q9UNL4	P68431	unmapped_in_pinned_uniprot_release	accepted	unresolved_endpoint
IntAct	2026-01-09	positive_evidence	intact:EBI-7150688|mint:MINT-3982492|imex:IM-11233-1	Q9UNL4	P68431	unmapped_in_pinned_uniprot_release	accepted	unresolved_endpoint
IntAct	2026-01-09	positive_evidence	intact:EBI-7150660|mint:MINT-3982477|imex:IM-11233-2	Q9UNL4	P68431	unmapped_in_pinned_uniprot_release	accepted	unresolved_endpoint
IntAct	2026-01-09	positive_evidence	intact:EBI-7162977|mint:MINT-7101514	P42858	Q99963	accepted	unmapped_in_pinned_uniprot_release	unresolved_endpoint
IntAct	2026-01-09	positive_evidence	intact:EBI-7162998|mint:MINT-7101535	P42858	Q99963	accepted	unmapped_in_pinned_uniprot_release	unresolved_endpoint
IntAct	2026-01-09	positive_evidence	intact:EBI-7163038|mint:MINT-7101561	P42858	Q99963	accepted	unmapped_in_pinned_uniprot_release	unresolved_endpoint
IntAct	2026-01-09	positive_evidence	intact:EBI-7163018|mint:MINT-7101548	Q99963	P42858	unmapped_in_pinned_uniprot_release	accepted	unresolved_endpoint
IntAct	2026-01-09	positive_evidence	intact:EBI-7273844|mint:MINT-4507263|imex:IM-10824-1	P0CG48	Q9Y253	accepted	unmapped_in_pinned_uniprot_release	unresolved_endpoint
IntAct	2026-01-09	positive_evidence	intact:EBI-7283753|mint:MINT-4507918|imex:IM-11385-2	Q9Y4D7	Q9H3S1	unmapped_in_pinned_uniprot_release	unmapped_in_pinned_uniprot_release	unresolved_endpoint
IntAct	2026-01-09	positive_evidence	intact:EBI-7283783|mint:MINT-4507932|imex:IM-11385-1	Q9Y4D7	O15041	unmapped_in_pinned_uniprot_release	accepted	unresolved_endpoint
IntAct	2026-01-09	positive_evidence	intact:EBI-15631808|imex:IM-8651-4|dip:DIP-57391E	Q92973	P09651-2	accepted	isoform_specific_source_not_folded_to_canonical	unresolved_endpoint
IntAct	2026-01-09	positive_evidence	intact:EBI-5235017|imex:IM-11145-5	Q07817-1	Q14457	isoform_specific_source_not_folded_to_canonical	accepted	unresolved_endpoint
IntAct	2026-01-09	positive_evidence	intact:EBI-15633164|imex:IM-8665-2|dip:DIP-57403E	Q9UJ41-2	Q9UL25	isoform_specific_source_not_folded_to_canonical	unmapped_in_pinned_uniprot_release	unresolved_endpoint
IntAct	2026-01-09	positive_evidence	intact:EBI-15633185|imex:IM-8665-1|dip:DIP-57404E	Q9UJ41-2	Q15276	isoform_specific_source_not_folded_to_canonical	accepted	unresolved_endpoint
IntAct	2026-01-09	positive_evidence	intact:EBI-15635222|imex:IM-22820-1|dip:DIP-196847E	P18509	P41586-3	accepted	isoform_specific_source_not_folded_to_canonical	unresolved_endpoint
IntAct	2026-01-09	positive_evidence	intact:EBI-15635243|imex:IM-22820-2|dip:DIP-196847E	P18509	P41586-3	accepted	isoform_specific_source_not_folded_to_canonical	unresolved_endpoint
IntAct	2026-01-09	positive_evidence	intact:EBI-15635966|imex:IM-22826-3|dip:DIP-196856E	O00268	Q9NS37	accepted	unmapped_in_pinned_uniprot_release	unresolved_endpoint
IntAct	2026-01-09	positive_evidence	intact:EBI-15638452|imex:IM-22837-5|dip:DIP-61393E	Q13043-1	Q8WWW0-1	isoform_specific_source_not_folded_to_canonical	isoform_specific_source_not_folded_to_canonical	unresolved_endpoint
IntAct	2026-01-09	positive_evidence	intact:EBI-15638587|imex:IM-22837-12|dip:DIP-64772E	Q13043-1	Q9H4B6	isoform_specific_source_not_folded_to_canonical	unmapped_in_pinned_uniprot_release	unresolved_endpoint
IntAct	2026-01-09	positive_evidence	intact:EBI-15641943|imex:IM-22861-2|dip:DIP-196913E	P30622-2	Q13748	isoform_specific_source_not_folded_to_canonical	multiple_reviewed_human_targets	unresolved_endpoint
IntAct	2026-01-09	positive_evidence	intact:EBI-15642086|imex:IM-22861-8|dip:DIP-196919E	P30622-2	Q13509	isoform_specific_source_not_folded_to_canonical	accepted	unresolved_endpoint
IntAct	2026-01-09	positive_evidence	intact:EBI-15642023|imex:IM-22861-5|dip:DIP-196918E	P30622-2	Q9H4B7	isoform_specific_source_not_folded_to_canonical	unmapped_in_pinned_uniprot_release	unresolved_endpoint
IntAct	2026-01-09	positive_evidence	intact:EBI-15642065|imex:IM-22861-7|dip:DIP-72883E	P30622-2	Q15691	isoform_specific_source_not_folded_to_canonical	accepted	unresolved_endpoint
IntAct	2026-01-09	positive_evidence	intact:EBI-15642002|imex:IM-22861-4|dip:DIP-196916E	P30622-2	P07437	isoform_specific_source_not_folded_to_canonical	accepted	unresolved_endpoint
IntAct	2026-01-09	positive_evidence	intact:EBI-15642044|imex:IM-22861-6|dip:DIP-196914E	P30622-2	Q71U36	isoform_specific_source_not_folded_to_canonical	accepted	unresolved_endpoint
IntAct	2026-01-09	positive_evidence	intact:EBI-15642128|imex:IM-22861-10|dip:DIP-196917E	P30622-2	Q9UPY8	isoform_specific_source_not_folded_to_canonical	unmapped_in_pinned_uniprot_release	unresolved_endpoint
IntAct	2026-01-09	positive_evidence	intact:EBI-15642149|imex:IM-22861-11|dip:DIP-196920E	Q13748	Q14203	multiple_reviewed_human_targets	accepted	unresolved_endpoint
IntAct	2026-01-09	positive_evidence	intact:EBI-15642171|imex:IM-22861-12|dip:DIP-196914E	P30622-2	Q71U36	isoform_specific_source_not_folded_to_canonical	accepted	unresolved_endpoint
IntAct	2026-01-09	positive_evidence	intact:EBI-15642107|imex:IM-22861-9|dip:DIP-196915E	P30622-2	Q9NY65	isoform_specific_source_not_folded_to_canonical	unmapped_in_pinned_uniprot_release	unresolved_endpoint
IntAct	2026-01-09	positive_evidence	intact:EBI-7463943|mint:MINT-5204180|imex:IM-9692-26	Q9UKG1	P20339	unmapped_in_pinned_uniprot_release	accepted	unresolved_endpoint
IntAct	2026-01-09	positive_evidence	intact:EBI-15644187|imex:IM-8707-4|dip:DIP-58782E	Q96I25	O75533-1	accepted	isoform_specific_source_not_folded_to_canonical	unresolved_endpoint
IntAct	2026-01-09	positive_evidence	intact:EBI-21399578|pdbe:2PX9|imex:IM-26994-1	P63279	Q9UBT2	accepted	unmapped_in_pinned_uniprot_release	unresolved_endpoint
IntAct	2026-01-09	positive_evidence	intact:EBI-21399662|pdbe:2PX9|imex:IM-26994-3	P63279	Q9UBT2	accepted	unmapped_in_pinned_uniprot_release	unresolved_endpoint
IntAct	2026-01-09	positive_evidence	intact:EBI-10816899|imex:IM-24154-7	P20073	P30626-1	accepted	isoform_specific_source_not_folded_to_canonical	unresolved_endpoint
IntAct	2026-01-09	positive_evidence	intact:EBI-10816906|imex:IM-24154-9	P30626-1	P20073	isoform_specific_source_not_folded_to_canonical	accepted	unresolved_endpoint
IntAct	2026-01-09	positive_evidence	intact:EBI-7579746|mint:MINT-5207405|imex:IM-11405-1	P04637	Q9BY41	accepted	unmapped_in_pinned_uniprot_release	unresolved_endpoint
IntAct	2026-01-09	positive_evidence	intact:EBI-15657003|imex:IM-21778-1|dip:DIP-74048E	P30622-1	Q14203	isoform_specific_source_not_folded_to_canonical	accepted	unresolved_endpoint
IntAct	2026-01-09	positive_evidence	intact:EBI-15657164|imex:IM-21778-7|dip:DIP-74048E	P30622-1	Q14203	isoform_specific_source_not_folded_to_canonical	accepted	unresolved_endpoint
IntAct	2026-01-09	positive_evidence	intact:EBI-15657308|imex:IM-21780-1|dip:DIP-72883E	Q15691	P30622-1	accepted	isoform_specific_source_not_folded_to_canonical	unresolved_endpoint
IntAct	2026-01-09	positive_evidence	intact:EBI-15657353|imex:IM-21780-3|dip:DIP-74048E	Q14203	P30622-1	accepted	isoform_specific_source_not_folded_to_canonical	unresolved_endpoint
IntAct	2026-01-09	positive_evidence	intact:EBI-15657444|imex:IM-21780-7|dip:DIP-74048E	Q14203	P30622-1	accepted	isoform_specific_source_not_folded_to_canonical	unresolved_endpoint
IntAct	2026-01-09	positive_evidence	intact:EBI-15657532|imex:IM-21780-10|dip:DIP-74048E	Q14203	P30622-1	accepted	isoform_specific_source_not_folded_to_canonical	unresolved_endpoint
IntAct	2026-01-09	positive_evidence	intact:EBI-15657774|imex:IM-9684-1|dip:DIP-88479E	O94813	Q9Y6N7	accepted	unmapped_in_pinned_uniprot_release	unresolved_endpoint
IntAct	2026-01-09	positive_evidence	intact:EBI-15657795|imex:IM-9684-2|dip:DIP-88479E	O94813	Q9Y6N7	accepted	unmapped_in_pinned_uniprot_release	unresolved_endpoint
IntAct	2026-01-09	positive_evidence	intact:EBI-15658087|imex:IM-8811-2|dip:DIP-58938E	P01344-1	P11717	isoform_specific_source_not_folded_to_canonical	accepted	unresolved_endpoint
IntAct	2026-01-09	positive_evidence	intact:EBI-15658108|imex:IM-8811-1|dip:DIP-58938E	P01344-1	P11717	isoform_specific_source_not_folded_to_canonical	accepted	unresolved_endpoint
IntAct	2026-01-09	positive_evidence	intact:EBI-15658939|imex:IM-21781-3|dip:DIP-10813E	P38398	Q99728	accepted	unmapped_in_pinned_uniprot_release	unresolved_endpoint
IntAct	2026-01-09	positive_evidence	intact:EBI-15660258|imex:IM-21143-7|dip:DIP-191007E	Q9UBQ0	Q96QK1	unmapped_in_pinned_uniprot_release	accepted	unresolved_endpoint
IntAct	2026-01-09	positive_evidence	intact:EBI-15663595|imex:IM-21151-1|dip:DIP-191023E	O75351	Q9UQN3-1	accepted	isoform_specific_source_not_folded_to_canonical	unresolved_endpoint
IntAct	2026-01-09	positive_evidence	intact:EBI-15663616|imex:IM-21151-2|dip:DIP-191025E	Q9UN37	Q9UQN3-1	unmapped_in_pinned_uniprot_release	isoform_specific_source_not_folded_to_canonical	unresolved_endpoint
IntAct	2026-01-09	positive_evidence	intact:EBI-15663746|imex:IM-21151-7|dip:DIP-191024E	Q9HD42-1	Q9UN37	isoform_specific_source_not_folded_to_canonical	unmapped_in_pinned_uniprot_release	unresolved_endpoint
IntAct	2026-01-09	positive_evidence	intact:EBI-15663685|imex:IM-21151-5|dip:DIP-191026E	Q7LBR1	Q9UN37	accepted	unmapped_in_pinned_uniprot_release	unresolved_endpoint
IntAct	2026-01-09	positive_evidence	intact:EBI-15663725|imex:IM-21151-6|dip:DIP-191024E	Q9HD42-1	Q9UN37	isoform_specific_source_not_folded_to_canonical	unmapped_in_pinned_uniprot_release	unresolved_endpoint
IntAct	2026-01-09	positive_evidence	intact:EBI-15663664|imex:IM-21151-4|dip:DIP-191023E	O75351	Q9UQN3-1	accepted	isoform_specific_source_not_folded_to_canonical	unresolved_endpoint
IntAct	2026-01-09	positive_evidence	intact:EBI-15663767|imex:IM-21151-8|dip:DIP-191022E	O75351	Q9HD42-1	accepted	isoform_specific_source_not_folded_to_canonical	unresolved_endpoint
IntAct	2026-01-09	positive_evidence	intact:EBI-10889486|wwpdb:2QY0|imex:IM-24275-1	P00736-PRO_0000027578	P00736-PRO_0000027579	unmapped_in_pinned_uniprot_release	unmapped_in_pinned_uniprot_release	unresolved_endpoint
IntAct	2026-01-09	positive_evidence	intact:EBI-15672332|imex:IM-9254-3|dip:DIP-59381E	Q9UNG2	Q9Y5U5	unmapped_in_pinned_uniprot_release	unmapped_in_pinned_uniprot_release	unresolved_endpoint
IntAct	2026-01-09	positive_evidence	intact:EBI-15673220|imex:IM-21336-3|dip:DIP-103191E	Q9UJM3	P00533	unmapped_in_pinned_uniprot_release	accepted	unresolved_endpoint
IntAct	2026-01-09	positive_evidence	intact:EBI-15673166|imex:IM-21336-1|dip:DIP-103191E	Q9UJM3	P00533	unmapped_in_pinned_uniprot_release	accepted	unresolved_endpoint
IntAct	2026-01-09	positive_evidence	intact:EBI-15673267|imex:IM-21336-5|dip:DIP-103191E	Q9UJM3	P00533	unmapped_in_pinned_uniprot_release	accepted	unresolved_endpoint
IntAct	2026-01-09	positive_evidence	intact:EBI-15678851|imex:IM-17989-1|dip:DIP-189574E	Q9BYN0	Q06830	unmapped_in_pinned_uniprot_release	accepted	unresolved_endpoint
IntAct	2026-01-09	positive_evidence	intact:EBI-7772650|mint:MINT-6179958|imex:IM-11527-11	Q9Y6I3	P42566	unmapped_in_pinned_uniprot_release	accepted	unresolved_endpoint
IntAct	2026-01-09	positive_evidence	intact:EBI-7772864|mint:MINT-6180146|imex:IM-11527-16	Q9UBC2	Q8WXE9	unmapped_in_pinned_uniprot_release	accepted	unresolved_endpoint
IntAct	2026-01-09	positive_evidence	intact:EBI-7772998|mint:MINT-6180161|imex:IM-11527-17	Q8WXE9	Q9H4M9	accepted	unmapped_in_pinned_uniprot_release	unresolved_endpoint
IntAct	2026-01-09	positive_evidence	intact:EBI-6375119|imex:IM-18790-2	Q9Y4D1	P61586	unmapped_in_pinned_uniprot_release	accepted	unresolved_endpoint
IntAct	2026-01-09	positive_evidence	intact:EBI-15683183|imex:IM-9075-1|dip:DIP-59175E	Q8NBP7-1	P01130	isoform_specific_source_not_folded_to_canonical	accepted	unresolved_endpoint
IntAct	2026-01-09	positive_evidence	intact:EBI-15684920|imex:IM-9097-1|dip:DIP-59197E	P02766	P05067-PRO_0000000092	accepted	unmapped_in_pinned_uniprot_release	unresolved_endpoint
IntAct	2026-01-09	positive_evidence	intact:EBI-7810801|mint:MINT-6538940|imex:IM-11554-51	P22681	Q9C004	accepted	unmapped_in_pinned_uniprot_release	unresolved_endpoint
IntAct	2026-01-09	positive_evidence	intact:EBI-7811671|mint:MINT-6539615|imex:IM-11554-27	P22681	Q9C004	accepted	unmapped_in_pinned_uniprot_release	unresolved_endpoint
IntAct	2026-01-09	positive_evidence	intact:EBI-22051726|imex:IM-27369-1	P38398	Q9BX63	accepted	unmapped_in_pinned_uniprot_release	unresolved_endpoint
IntAct	2026-01-09	positive_evidence	intact:EBI-22052262|imex:IM-27369-3	Q99708	P38398	unmapped_in_pinned_uniprot_release	accepted	unresolved_endpoint
IntAct	2026-01-09	positive_evidence	intact:EBI-15688376|imex:IM-17976-2|dip:DIP-189555E	P28223-1	Q14416	isoform_specific_source_not_folded_to_canonical	accepted	unresolved_endpoint
IntAct	2026-01-09	positive_evidence	intact:EBI-15689788|imex:IM-9036-1|dip:DIP-59142E	Q9Y6D9	Q13257	unmapped_in_pinned_uniprot_release	accepted	unresolved_endpoint
IntAct	2026-01-09	positive_evidence	intact:EBI-15691242|dip:DIP-201383E|imex:IM-8752-76	Q99719-1	Q16181-1	isoform_specific_source_not_folded_to_canonical	isoform_specific_source_not_folded_to_canonical	unresolved_endpoint
IntAct	2026-01-09	positive_evidence	intact:EBI-15695573|imex:IM-9207-1|dip:DIP-59381E	Q9Y5U5	Q9UNG2	unmapped_in_pinned_uniprot_release	unmapped_in_pinned_uniprot_release	unresolved_endpoint
IntAct	2026-01-09	positive_evidence	intact:EBI-15696933|dip:DIP-186524E|imex:IM-9218-3	Q96RI1-2	Q15788	isoform_specific_source_not_folded_to_canonical	accepted	unresolved_endpoint
IntAct	2026-01-09	positive_evidence	intact:EBI-15696911|dip:DIP-59396E|imex:IM-9218-1	Q96RI1-2	Q15788-1	isoform_specific_source_not_folded_to_canonical	isoform_specific_source_not_folded_to_canonical	unresolved_endpoint
IntAct	2026-01-09	positive_evidence	intact:EBI-18719996|wwpdb:3d24|imex:IM-26388-1	P11474	Q9UBK2	accepted	unmapped_in_pinned_uniprot_release	unresolved_endpoint
IntAct	2026-01-09	positive_evidence	intact:EBI-15701182|imex:IM-9171-6|dip:DIP-44895E	Q9Y6K9	O14920	unmapped_in_pinned_uniprot_release	accepted	unresolved_endpoint
IntAct	2026-01-09	positive_evidence	intact:EBI-15703952|imex:IM-21989-7|dip:DIP-144028E	Q16186	Q9UHD9	accepted	unmapped_in_pinned_uniprot_release	unresolved_endpoint
IntAct	2026-01-09	positive_evidence	intact:EBI-6142552|rcsb pdb:2vpd|imex:IM-17354-3	O00512	Q9Y3Y4	accepted	unmapped_in_pinned_uniprot_release	unresolved_endpoint
IntAct	2026-01-09	positive_evidence	intact:EBI-6142511|imex:IM-17354-1|rcsb pdb:2vp7	Q9Y3Y4	O00512	unmapped_in_pinned_uniprot_release	accepted	unresolved_endpoint
IntAct	2026-01-09	positive_evidence	intact:EBI-6142529|rcsb pdb:2vpb|imex:IM-17354-2	O00512	Q9Y3Y4	accepted	unmapped_in_pinned_uniprot_release	unresolved_endpoint
IntAct	2026-01-09	positive_evidence	intact:EBI-15705996|imex:IM-9364-3|dip:DIP-59418E	Q8WUM4	Q9H444	accepted	unmapped_in_pinned_uniprot_release	unresolved_endpoint
IntAct	2026-01-09	positive_evidence	intact:EBI-15706052|imex:IM-9364-5|dip:DIP-59418E	Q8WUM4	Q9H444	accepted	unmapped_in_pinned_uniprot_release	unresolved_endpoint
IntAct	2026-01-09	positive_evidence	intact:EBI-15705975|imex:IM-9364-2|dip:DIP-67239E	Q8WUM4	Q9BY43	accepted	unmapped_in_pinned_uniprot_release	unresolved_endpoint
IntAct	2026-01-09	positive_evidence	intact:EBI-15706019|imex:IM-9364-4|dip:DIP-67239E	Q8WUM4	Q9BY43	accepted	unmapped_in_pinned_uniprot_release	unresolved_endpoint
IntAct	2026-01-09	positive_evidence	intact:EBI-21005878|imex:IM-26829-3	Q9Y223	P12814	unmapped_in_pinned_uniprot_release	accepted	unresolved_endpoint
IntAct	2026-01-09	positive_evidence	intact:EBI-15482996|imex:IM-25811-1	P33681	Q9NZQ7	accepted	unmapped_in_pinned_uniprot_release	unresolved_endpoint
IntAct	2026-01-09	positive_evidence	intact:EBI-11710183|imex:IM-25292-10	P98066	P12643-PRO_0000033825	accepted	unmapped_in_pinned_uniprot_release	unresolved_endpoint
IntAct	2026-01-09	positive_evidence	intact:EBI-11710174|imex:IM-25292-8	P98066	Q6KF10-PRO_0000042253	accepted	unmapped_in_pinned_uniprot_release	unresolved_endpoint
IntAct	2026-01-09	positive_evidence	intact:EBI-11710589|imex:IM-25292-16	P98066	P12643-PRO_0000033825	accepted	unmapped_in_pinned_uniprot_release	unresolved_endpoint
IntAct	2026-01-09	positive_evidence	intact:EBI-11710608|imex:IM-25292-18	P98066	Q6KF10-PRO_0000042253	accepted	unmapped_in_pinned_uniprot_release	unresolved_endpoint
IntAct	2026-01-09	positive_evidence	intact:EBI-16357875|imex:IM-25292-22	P98066	P43026-PRO_0000033913	accepted	unmapped_in_pinned_uniprot_release	unresolved_endpoint
IntAct	2026-01-09	positive_evidence	intact:EBI-16357886|imex:IM-25292-24	P98066	P43026-PRO_0000033913	accepted	unmapped_in_pinned_uniprot_release	unresolved_endpoint
IntAct	2026-01-09	positive_evidence	intact:EBI-15712638|imex:IM-9297-4|dip:DIP-87776E	Q9GZX6	Q969J5-2	unmapped_in_pinned_uniprot_release	isoform_specific_source_not_folded_to_canonical	unresolved_endpoint
IntAct	2026-01-09	positive_evidence	intact:EBI-15712588|imex:IM-9297-1|dip:DIP-87777E	Q9GZX6	Q969J5-3	unmapped_in_pinned_uniprot_release	isoform_specific_source_not_folded_to_canonical	unresolved_endpoint
IntAct	2026-01-09	positive_evidence	intact:EBI-15712605|imex:IM-9297-2|dip:DIP-87775E	Q9GZX6	Q8N6P7	unmapped_in_pinned_uniprot_release	accepted	unresolved_endpoint
IntAct	2026-01-09	positive_evidence	intact:EBI-15712557|imex:IM-9297-3|dip:DIP-87775E	Q9GZX6	Q8N6P7	unmapped_in_pinned_uniprot_release	accepted	unresolved_endpoint
IntAct	2026-01-09	positive_evidence	intact:EBI-8040288|mint:MINT-6693956|imex:IM-9583-1	Q8N6P7	Q9GZX6	accepted	unmapped_in_pinned_uniprot_release	unresolved_endpoint
IntAct	2026-01-09	positive_evidence	intact:EBI-9633865|wwpdb:3duh|imex:IM-22968-1	P29460	Q9NPF7	accepted	unmapped_in_pinned_uniprot_release	unresolved_endpoint
IntAct	2026-01-09	positive_evidence	intact:EBI-25406637|imex:IM-27673-1	Q99523	P01266	unmapped_in_pinned_uniprot_release	accepted	unresolved_endpoint
IntAct	2026-01-09	positive_evidence	intact:EBI-15723956|imex:IM-14301-6|dip:DIP-103147E	Q13625	Q07817-1	accepted	isoform_specific_source_not_folded_to_canonical	unresolved_endpoint
IntAct	2026-01-09	positive_evidence	intact:EBI-15727765|imex:IM-9298-1|dip:DIP-87779E	Q9Y613	P01112	unmapped_in_pinned_uniprot_release	accepted	unresolved_endpoint
IntAct	2026-01-09	positive_evidence	intact:EBI-8081237|mint:MINT-7304971|imex:IM-13784-3	P63208	Q9Y2Z0	accepted	unmapped_in_pinned_uniprot_release	unresolved_endpoint
IntAct	2026-01-09	positive_evidence	intact:EBI-2126646|imex:IM-12150-8	P10415	Q07817-1	accepted	isoform_specific_source_not_folded_to_canonical	unresolved_endpoint
IntAct	2026-01-09	positive_evidence	intact:EBI-15735114|imex:IM-9486-2|dip:DIP-88143E	Q9NVD7-1	P49023-2	isoform_specific_source_not_folded_to_canonical	isoform_specific_source_not_folded_to_canonical	unresolved_endpoint
IntAct	2026-01-09	positive_evidence	intact:EBI-15735139|imex:IM-9486-1|dip:DIP-88143E	Q9NVD7-1	P49023-2	isoform_specific_source_not_folded_to_canonical	isoform_specific_source_not_folded_to_canonical	unresolved_endpoint
IntAct	2026-01-09	positive_evidence	intact:EBI-15740473|dip:DIP-88427E|imex:IM-9672-3	P09486	P02461-1	accepted	isoform_specific_source_not_folded_to_canonical	unresolved_endpoint
IntAct	2026-01-09	positive_evidence	intact:EBI-15740521|dip:DIP-190011E|imex:IM-9672-7	P09486	P02461-1	accepted	isoform_specific_source_not_folded_to_canonical	unresolved_endpoint
IntAct	2026-01-09	positive_evidence	intact:EBI-8515192|mint:MINT-6799907|imex:IM-15863-1	Q86Z14	Q9NSA1	accepted	unmapped_in_pinned_uniprot_release	unresolved_endpoint
IntAct	2026-01-09	positive_evidence	intact:EBI-8515245|mint:MINT-6799922|imex:IM-15863-2	Q86Z14	Q9NSA1	accepted	unmapped_in_pinned_uniprot_release	unresolved_endpoint
IntAct	2026-01-09	positive_evidence	intact:EBI-5293045|imex:IM-17009-4	P55957	Q07817-1	accepted	isoform_specific_source_not_folded_to_canonical	unresolved_endpoint
IntAct	2026-01-09	positive_evidence	intact:EBI-5292959|imex:IM-17009-3	Q07812	Q07817-1	accepted	isoform_specific_source_not_folded_to_canonical	unresolved_endpoint
IntAct	2026-01-09	positive_evidence	intact:EBI-15747079|imex:IM-11798-2|dip:DIP-65616E|wwpdb:3EXE|wwpdb:3EXF|wwpdb:3EXI	P08559-1	P11177-1	isoform_specific_source_not_folded_to_canonical	isoform_specific_source_not_folded_to_canonical	unresolved_endpoint
IntAct	2026-01-09	positive_evidence	intact:EBI-25766499|wwpdb:3EXG|wwpdb:3EXH|imex:IM-11798-3	P11177-1	P08559-1	isoform_specific_source_not_folded_to_canonical	isoform_specific_source_not_folded_to_canonical	unresolved_endpoint
IntAct	2026-01-09	positive_evidence	intact:EBI-25767107|imex:IM-11798-7	P08559-1	P11177-1	isoform_specific_source_not_folded_to_canonical	isoform_specific_source_not_folded_to_canonical	unresolved_endpoint
IntAct	2026-01-09	positive_evidence	intact:EBI-25767123|imex:IM-11798-9	P11177-1	P08559-1	isoform_specific_source_not_folded_to_canonical	isoform_specific_source_not_folded_to_canonical	unresolved_endpoint
IntAct	2026-01-09	positive_evidence	intact:EBI-22034603|imex:IM-27358-15	Q92496-3	P02741	isoform_specific_source_not_folded_to_canonical	accepted	unresolved_endpoint
IntAct	2026-01-09	positive_evidence	intact:EBI-22034609|imex:IM-27358-25	P02741	Q92496-1	accepted	isoform_specific_source_not_folded_to_canonical	unresolved_endpoint
IntAct	2026-01-09	positive_evidence	intact:EBI-27105579|imex:IM-29290-29	Q15485-PRO_0000009139	O00187-1	unmapped_in_pinned_uniprot_release	isoform_specific_source_not_folded_to_canonical	unresolved_endpoint
IntAct	2026-01-09	positive_evidence	intact:EBI-27105595|imex:IM-29290-5	Q15485-PRO_0000009139	O00187-2	unmapped_in_pinned_uniprot_release	isoform_specific_source_not_folded_to_canonical	unresolved_endpoint
IntAct	2026-01-09	positive_evidence	intact:EBI-27105609|imex:IM-29290-7	O75636-PRO_0000009142	O00187-1	unmapped_in_pinned_uniprot_release	isoform_specific_source_not_folded_to_canonical	unresolved_endpoint
IntAct	2026-01-09	positive_evidence	intact:EBI-27105625|imex:IM-29290-31	O75636-PRO_0000009142	O00187-2	unmapped_in_pinned_uniprot_release	isoform_specific_source_not_folded_to_canonical	unresolved_endpoint
IntAct	2026-01-09	positive_evidence	intact:EBI-27105642|imex:IM-29290-9	O75636-PRO_0000009142	P48740	unmapped_in_pinned_uniprot_release	accepted	unresolved_endpoint
IntAct	2026-01-09	positive_evidence	intact:EBI-27105656|imex:IM-29290-11	O75636-PRO_0000009142	P48740-2	unmapped_in_pinned_uniprot_release	isoform_specific_source_not_folded_to_canonical	unresolved_endpoint
IntAct	2026-01-09	positive_evidence	intact:EBI-27105674|imex:IM-29290-13	Q15485-PRO_0000009139	P48740	unmapped_in_pinned_uniprot_release	accepted	unresolved_endpoint
IntAct	2026-01-09	positive_evidence	intact:EBI-27105683|imex:IM-29290-15	Q15485-PRO_0000009139	P48740-2	unmapped_in_pinned_uniprot_release	isoform_specific_source_not_folded_to_canonical	unresolved_endpoint
IntAct	2026-01-09	positive_evidence	intact:EBI-15748605|imex:IM-14398-3|dip:DIP-103456E	P25054	Q9UNN8	accepted	unmapped_in_pinned_uniprot_release	unresolved_endpoint
IntAct	2026-01-09	positive_evidence	intact:EBI-15749179|imex:IM-17810-3|dip:DIP-303E	P25445-1	Q13158	isoform_specific_source_not_folded_to_canonical	accepted	unresolved_endpoint
IntAct	2026-01-09	positive_evidence	intact:EBI-15749699|imex:IM-14254-2|dip:DIP-103024E	Q99523	P23560	unmapped_in_pinned_uniprot_release	accepted	unresolved_endpoint
IntAct	2026-01-09	positive_evidence	intact:EBI-15749739|imex:IM-14254-4|dip:DIP-103026E	Q99523	P30533	unmapped_in_pinned_uniprot_release	accepted	unresolved_endpoint
IntAct	2026-01-09	positive_evidence	intact:EBI-15749782|imex:IM-14254-6|dip:DIP-103023E	Q99523	P01138	unmapped_in_pinned_uniprot_release	accepted	unresolved_endpoint
IntAct	2026-01-09	positive_evidence	intact:EBI-15750192|imex:IM-14549-1|dip:DIP-87687E	Q99814	P27540	unmapped_in_pinned_uniprot_release	accepted	unresolved_endpoint
IntAct	2026-01-09	positive_evidence	intact:EBI-15750213|imex:IM-14549-2|dip:DIP-87687E	Q99814	P27540	unmapped_in_pinned_uniprot_release	accepted	unresolved_endpoint
IntAct	2026-01-09	positive_evidence	intact:EBI-15751144|imex:IM-11793-6|dip:DIP-102567E	O43683	Q8NG31-2	accepted	isoform_specific_source_not_folded_to_canonical	unresolved_endpoint
IntAct	2026-01-09	positive_evidence	intact:EBI-9086536|imex:IM-22028-2	Q13490	Q9NR28	accepted	unmapped_in_pinned_uniprot_release	unresolved_endpoint
IntAct	2026-01-09	positive_evidence	intact:EBI-9086662|wwpdb:3D9U|imex:IM-22028-4	Q9NR28	Q13490	unmapped_in_pinned_uniprot_release	accepted	unresolved_endpoint
IntAct	2026-01-09	positive_evidence	intact:EBI-8556511|mint:MINT-6824653|imex:IM-11645-1	P62508	Q9UBK2	accepted	unmapped_in_pinned_uniprot_release	unresolved_endpoint
IntAct	2026-01-09	positive_evidence	intact:EBI-15757063|imex:IM-14633-3|dip:DIP-103041E	Q9UMR2-1	P35658-1	isoform_specific_source_not_folded_to_canonical	isoform_specific_source_not_folded_to_canonical	unresolved_endpoint
IntAct	2026-01-09	positive_evidence	intact:EBI-15758072|imex:IM-14260-1|dip:DIP-103041E	P35658-1	Q9UMR2-1	isoform_specific_source_not_folded_to_canonical	isoform_specific_source_not_folded_to_canonical	unresolved_endpoint
IntAct	2026-01-09	positive_evidence	intact:EBI-15758157|imex:IM-14260-4|dip:DIP-103041E	P35658-1	Q9UMR2-1	isoform_specific_source_not_folded_to_canonical	isoform_specific_source_not_folded_to_canonical	unresolved_endpoint
IntAct	2026-01-09	positive_evidence	intact:EBI-15761979|imex:IM-17831-2|dip:DIP-80758E	Q9Y6Y9	O00206-1	unmapped_in_pinned_uniprot_release	isoform_specific_source_not_folded_to_canonical	unresolved_endpoint
IntAct	2026-01-09	positive_evidence	intact:EBI-6555164|pdbe:2d5r	Q9UIV1	P50616	unmapped_in_pinned_uniprot_release	accepted	unresolved_endpoint
IntAct	2026-01-09	positive_evidence	intact:EBI-15763658|imex:IM-11779-3|dip:DIP-102553E	Q92783-1	O14964	isoform_specific_source_not_folded_to_canonical	accepted	unresolved_endpoint
IntAct	2026-01-09	positive_evidence	intact:EBI-8591714|mint:MINT-7010533|wwpdb:3G9V|imex:IM-30107-1	Q969J5-PRO_0000011016	Q9GZX6-PRO_0000015383	unmapped_in_pinned_uniprot_release	unmapped_in_pinned_uniprot_release	unresolved_endpoint
IntAct	2026-01-09	positive_evidence	intact:EBI-8603729|mint:MINT-7261325|imex:IM-13807-3	Q9Y4P1	Q9GZQ8	unmapped_in_pinned_uniprot_release	unmapped_in_pinned_uniprot_release	unresolved_endpoint
IntAct	2026-01-09	positive_evidence	intact:EBI-15769596|imex:IM-11776-2|dip:DIP-102551E	Q9Y2Y0	P36404	unmapped_in_pinned_uniprot_release	accepted	unresolved_endpoint
IntAct	2026-01-09	positive_evidence	intact:EBI-15769976|imex:IM-14714-11|dip:DIP-103791E	Q7Z4H7	Q9BT25	accepted	unmapped_in_pinned_uniprot_release	unresolved_endpoint
IntAct	2026-01-09	positive_evidence	intact:EBI-15770073|imex:IM-14714-16|dip:DIP-103791E	Q7Z4H7	Q9BT25	accepted	unmapped_in_pinned_uniprot_release	unresolved_endpoint
IntAct	2026-01-09	positive_evidence	intact:EBI-15777802|imex:IM-22433-3|dip:DIP-74316E	Q14790-2	O15519-1	isoform_specific_source_not_folded_to_canonical	isoform_specific_source_not_folded_to_canonical	unresolved_endpoint
IntAct	2026-01-09	positive_evidence	intact:EBI-15781020|imex:IM-11763-2|dip:DIP-61613E	O14745	P13569-1	accepted	isoform_specific_source_not_folded_to_canonical	unresolved_endpoint
IntAct	2026-01-09	positive_evidence	intact:EBI-7015197|mint:MINT-7230778	Q5TCZ1-2	Q07889	isoform_specific_source_not_folded_to_canonical	accepted	unresolved_endpoint
IntAct	2026-01-09	positive_evidence	intact:EBI-15782534|imex:IM-14280-2|dip:DIP-103084E	Q9Y4K3	P61088	unmapped_in_pinned_uniprot_release	accepted	unresolved_endpoint
IntAct	2026-01-09	positive_evidence	intact:EBI-15782678|imex:IM-14280-7|dip:DIP-103084E	Q9Y4K3	P61088	unmapped_in_pinned_uniprot_release	accepted	unresolved_endpoint
IntAct	2026-01-09	positive_evidence	intact:EBI-15782917|imex:IM-14158-8|dip:DIP-90094E	Q9H8V3	Q9H0H5	unmapped_in_pinned_uniprot_release	unmapped_in_pinned_uniprot_release	unresolved_endpoint
IntAct	2026-01-09	positive_evidence	intact:EBI-15787391|imex:IM-14163-8|dip:DIP-102862E	Q7RTN6-1	Q9Y376	isoform_specific_source_not_folded_to_canonical	unmapped_in_pinned_uniprot_release	unresolved_endpoint
IntAct	2026-01-09	positive_evidence	intact:EBI-15787353|imex:IM-14163-6|dip:DIP-102862E	Q7RTN6-1	Q9Y376	isoform_specific_source_not_folded_to_canonical	unmapped_in_pinned_uniprot_release	unresolved_endpoint
IntAct	2026-01-09	positive_evidence	intact:EBI-15787956|imex:IM-13618-2|dip:DIP-69706E	P62993-1	Q9UQC2-1	isoform_specific_source_not_folded_to_canonical	isoform_specific_source_not_folded_to_canonical	unresolved_endpoint
IntAct	2026-01-09	positive_evidence	intact:EBI-15788064|imex:IM-13618-6|dip:DIP-102604E	P62993-1	P46527	isoform_specific_source_not_folded_to_canonical	accepted	unresolved_endpoint
IntAct	2026-01-09	positive_evidence	intact:EBI-15788112|imex:IM-13618-8|dip:DIP-69706E	P62993-1	Q9UQC2-1	isoform_specific_source_not_folded_to_canonical	isoform_specific_source_not_folded_to_canonical	unresolved_endpoint
IntAct	2026-01-09	positive_evidence	intact:EBI-15788302|imex:IM-11759-2|dip:DIP-102525E	P18206-2	Q8IY67-1	isoform_specific_source_not_folded_to_canonical	isoform_specific_source_not_folded_to_canonical	unresolved_endpoint
IntAct	2026-01-09	positive_evidence	intact:EBI-15788342|imex:IM-11759-4|dip:DIP-102525E	P18206-2	Q8IY67-1	isoform_specific_source_not_folded_to_canonical	isoform_specific_source_not_folded_to_canonical	unresolved_endpoint
IntAct	2026-01-09	positive_evidence	intact:EBI-15788871|imex:IM-14286-1|dip:DIP-103101E	Q7LBR1	P53990-4	accepted	isoform_specific_source_not_folded_to_canonical	unresolved_endpoint
IntAct	2026-01-09	positive_evidence	intact:EBI-7075857|mint:MINT-7904417|imex:IM-14605-10	Q92900	Q9HAU5	accepted	unmapped_in_pinned_uniprot_release	unresolved_endpoint
IntAct	2026-01-09	positive_evidence	intact:EBI-7075904|mint:MINT-7904432|imex:IM-14605-11	Q9HAU5	Q92900	unmapped_in_pinned_uniprot_release	accepted	unresolved_endpoint
IntAct	2026-01-09	positive_evidence	intact:EBI-7075938|mint:MINT-7904445|imex:IM-14605-12	Q92900	Q9HAU5	accepted	unmapped_in_pinned_uniprot_release	unresolved_endpoint
IntAct	2026-01-09	positive_evidence	intact:EBI-7075994|mint:MINT-7904403|imex:IM-14605-13	Q92900	Q9HAU5	accepted	unmapped_in_pinned_uniprot_release	unresolved_endpoint
IntAct	2026-01-09	positive_evidence	intact:EBI-15791505|imex:IM-14289-2|dip:DIP-103108E	Q96QV1-1	O43323	isoform_specific_source_not_folded_to_canonical	accepted	unresolved_endpoint
IntAct	2026-01-09	positive_evidence	intact:EBI-15791571|imex:IM-14289-5|dip:DIP-103108E	Q96QV1-1	O43323	isoform_specific_source_not_folded_to_canonical	accepted	unresolved_endpoint
IntAct	2026-01-09	positive_evidence	intact:EBI-5394874|imex:IM-16976-2	Q9UBX5	P15502	unmapped_in_pinned_uniprot_release	accepted	unresolved_endpoint
IntAct	2026-01-09	positive_evidence	intact:EBI-5395684|imex:IM-16976-7	O95967	Q9UBX5	accepted	unmapped_in_pinned_uniprot_release	unresolved_endpoint
IntAct	2026-01-09	positive_evidence	intact:EBI-15793386|imex:IM-14290-1|dip:DIP-103109E	P53350	Q71F23-1	accepted	isoform_specific_source_not_folded_to_canonical	unresolved_endpoint
IntAct	2026-01-09	positive_evidence	intact:EBI-15793468|imex:IM-14290-5|dip:DIP-103109E	P53350	Q71F23-1	accepted	isoform_specific_source_not_folded_to_canonical	unresolved_endpoint
IntAct	2026-01-09	positive_evidence	intact:EBI-15793620|imex:IM-11754-1|dip:DIP-72125E	Q9GZT9-1	Q16665	isoform_specific_source_not_folded_to_canonical	accepted	unresolved_endpoint
IntAct	2026-01-09	positive_evidence	intact:EBI-15795655|imex:IM-21505-2|dip:DIP-191755E	P19438-1	Q969G6	isoform_specific_source_not_folded_to_canonical	accepted	unresolved_endpoint
IntAct	2026-01-09	positive_evidence	intact:EBI-15795740|imex:IM-21505-5|dip:DIP-191755E	P19438-1	Q969G6	isoform_specific_source_not_folded_to_canonical	accepted	unresolved_endpoint
IntAct	2026-01-09	positive_evidence	intact:EBI-7140974|mint:MINT-7915283|imex:IM-14583-12	P62330	O60271-2	accepted	isoform_specific_source_not_folded_to_canonical	unresolved_endpoint
IntAct	2026-01-09	positive_evidence	intact:EBI-7141095|mint:MINT-7922449|imex:IM-14583-2	P62330	O60271-2	accepted	isoform_specific_source_not_folded_to_canonical	unresolved_endpoint
IntAct	2026-01-09	positive_evidence	intact:EBI-7141127|mint:MINT-7922462|imex:IM-14583-1	P62330	O60271-2	accepted	isoform_specific_source_not_folded_to_canonical	unresolved_endpoint
IntAct	2026-01-09	positive_evidence	intact:EBI-7141167|mint:MINT-7922481|imex:IM-14583-3	P62330	O60271-2	accepted	isoform_specific_source_not_folded_to_canonical	unresolved_endpoint
IntAct	2026-01-09	positive_evidence	intact:EBI-7141207|mint:MINT-7922515|imex:IM-14583-8	P62330	O60271-2	accepted	isoform_specific_source_not_folded_to_canonical	unresolved_endpoint
IntAct	2026-01-09	positive_evidence	intact:EBI-7141187|mint:MINT-7922498|imex:IM-14583-4	P62330	O60271-2	accepted	isoform_specific_source_not_folded_to_canonical	unresolved_endpoint
IntAct	2026-01-09	positive_evidence	intact:EBI-7141242|mint:MINT-7922541|imex:IM-14583-5	P84077	O60271-2	accepted	isoform_specific_source_not_folded_to_canonical	unresolved_endpoint
IntAct	2026-01-09	positive_evidence	intact:EBI-7141282|mint:MINT-7922576|imex:IM-14583-7	P84077	O60271-2	accepted	isoform_specific_source_not_folded_to_canonical	unresolved_endpoint
IntAct	2026-01-09	positive_evidence	intact:EBI-7141258|mint:MINT-7922558|imex:IM-14583-6	P84077	O60271-2	accepted	isoform_specific_source_not_folded_to_canonical	unresolved_endpoint
IntAct	2026-01-09	positive_evidence	intact:EBI-7152938|mint:MINT-7212832	P02787-PRO_0000035715	P01350	unmapped_in_pinned_uniprot_release	accepted	unresolved_endpoint
IntAct	2026-01-09	positive_evidence	intact:EBI-7152982|mint:MINT-7212849	P02787-PRO_0000035715	P01350	unmapped_in_pinned_uniprot_release	accepted	unresolved_endpoint
IntAct	2026-01-09	positive_evidence	intact:EBI-15798820|imex:IM-14310-6|dip:DIP-103198E	Q8NHZ8	Q13042-1	accepted	isoform_specific_source_not_folded_to_canonical	unresolved_endpoint
IntAct	2026-01-09	positive_evidence	intact:EBI-15799705|imex:IM-14312-7|dip:DIP-103212E	P63279	Q02078-1	accepted	isoform_specific_source_not_folded_to_canonical	unresolved_endpoint
IntAct	2026-01-09	positive_evidence	intact:EBI-9117275|imex:IM-22200-3	P37840	Q9Y6H5	accepted	unmapped_in_pinned_uniprot_release	unresolved_endpoint
IntAct	2026-01-09	positive_evidence	intact:EBI-9117925|imex:IM-22200-10	P37840	Q9Y6H5	accepted	unmapped_in_pinned_uniprot_release	unresolved_endpoint
IntAct	2026-01-09	positive_evidence	intact:EBI-9117662|imex:IM-22200-8	Q9Y6H5	P37840	unmapped_in_pinned_uniprot_release	accepted	unresolved_endpoint
IntAct	2026-01-09	positive_evidence	intact:EBI-7273940|mint:MINT-7299189|imex:IM-13882-3	Q9UMX0	P0CG48	unmapped_in_pinned_uniprot_release	accepted	unresolved_endpoint
IntAct	2026-01-09	positive_evidence	intact:EBI-7274842|mint:MINT-7265281|imex:IM-13886-1	Q99933	P11142	unmapped_in_pinned_uniprot_release	accepted	unresolved_endpoint
IntAct	2026-01-09	positive_evidence	intact:EBI-7277303|mint:MINT-7261597|imex:IM-15514-1	P36894	P12643-PRO_0000033825	accepted	unmapped_in_pinned_uniprot_release	unresolved_endpoint
IntAct	2026-01-09	positive_evidence	intact:EBI-7277322|mint:MINT-7261613|imex:IM-15514-2	P12643-PRO_0000033824	P36894	unmapped_in_pinned_uniprot_release	accepted	unresolved_endpoint
IntAct	2026-01-09	positive_evidence	intact:EBI-15804087|imex:IM-14842-4|dip:DIP-104152E	Q99828	Q99683	unmapped_in_pinned_uniprot_release	unmapped_in_pinned_uniprot_release	unresolved_endpoint
IntAct	2026-01-09	positive_evidence	intact:EBI-15805670|imex:IM-14847-1|dip:DIP-742E	P08514-1	P05106	isoform_specific_source_not_folded_to_canonical	accepted	unresolved_endpoint
IntAct	2026-01-09	positive_evidence	intact:EBI-15808496|imex:IM-14852-1|dip:DIP-104170E	Q9H2S1	P35609	unmapped_in_pinned_uniprot_release	accepted	unresolved_endpoint
IntAct	2026-01-09	positive_evidence	intact:EBI-15808520|imex:IM-14852-2|dip:DIP-104170E	Q9H2S1	P35609	unmapped_in_pinned_uniprot_release	accepted	unresolved_endpoint
IntAct	2026-01-09	positive_evidence	intact:EBI-7290610|mint:MINT-7297142|imex:IM-13893-10	Q9Y6K1	P84243	unmapped_in_pinned_uniprot_release	accepted	unresolved_endpoint
IntAct	2026-01-09	positive_evidence	intact:EBI-7290633|mint:MINT-7297159|imex:IM-13893-11	Q9Y6K1	P84243	unmapped_in_pinned_uniprot_release	accepted	unresolved_endpoint
IntAct	2026-01-09	positive_evidence	intact:EBI-7290700|mint:MINT-7297041|imex:IM-13893-5	P84243	Q9Y6K1	accepted	unmapped_in_pinned_uniprot_release	unresolved_endpoint
IntAct	2026-01-09	positive_evidence	intact:EBI-7290680|mint:MINT-7297026|imex:IM-13893-4	P84243	Q9Y6K1	accepted	unmapped_in_pinned_uniprot_release	unresolved_endpoint
IntAct	2026-01-09	positive_evidence	intact:EBI-7290744|mint:MINT-7297083|imex:IM-13893-7	Q9Y6K1	P84243	unmapped_in_pinned_uniprot_release	accepted	unresolved_endpoint
IntAct	2026-01-09	positive_evidence	intact:EBI-7290720|mint:MINT-7297055|imex:IM-13893-6	P84243	Q9Y6K1	accepted	unmapped_in_pinned_uniprot_release	unresolved_endpoint
IntAct	2026-01-09	positive_evidence	intact:EBI-7290768|mint:MINT-7297101|imex:IM-13893-8	Q9UJW3	P84243	unmapped_in_pinned_uniprot_release	accepted	unresolved_endpoint
IntAct	2026-01-09	positive_evidence	intact:EBI-2464773|imex:IM-12094-2	Q9UHN1	P54098	unmapped_in_pinned_uniprot_release	accepted	unresolved_endpoint
IntAct	2026-01-09	positive_evidence	intact:EBI-9868816|imex:IM-23223-3	P41235	Q9UBK2	accepted	unmapped_in_pinned_uniprot_release	unresolved_endpoint
IntAct	2026-01-09	positive_evidence	intact:EBI-9868855|imex:IM-23223-4|wwpdb:3FS1	P41235	Q9UBK2	accepted	unmapped_in_pinned_uniprot_release	unresolved_endpoint
IntAct	2026-01-09	positive_evidence	intact:EBI-7546114|mint:MINT-7556887|imex:IM-15525-4	P08107	P37840	multiple_reviewed_human_targets	accepted	unresolved_endpoint
IntAct	2026-01-09	positive_evidence	intact:EBI-7546126|mint:MINT-7556921|imex:IM-15525-5	P08107	P37840	multiple_reviewed_human_targets	accepted	unresolved_endpoint
IntAct	2026-01-09	positive_evidence	intact:EBI-7546142|mint:MINT-7557217|imex:IM-15525-6	P37840	P08107	accepted	multiple_reviewed_human_targets	unresolved_endpoint
IntAct	2026-01-09	positive_evidence	intact:EBI-7546275|mint:MINT-7556911|imex:IM-15525-1	P37840	P08107	accepted	multiple_reviewed_human_targets	unresolved_endpoint
IntAct	2026-01-09	positive_evidence	intact:EBI-6254909|imex:IM-17887-4	P19338	P39060-PRO_0000005794	accepted	unmapped_in_pinned_uniprot_release	unresolved_endpoint
IntAct	2026-01-09	positive_evidence	intact:EBI-15812551|imex:IM-14171-3|dip:DIP-102885E	Q9NV70	Q8IX03-1	unmapped_in_pinned_uniprot_release	isoform_specific_source_not_folded_to_canonical	unresolved_endpoint
IntAct	2026-01-09	positive_evidence	intact:EBI-15812665|imex:IM-14171-9|dip:DIP-102887E	Q9NV70	Q96A65	unmapped_in_pinned_uniprot_release	accepted	unresolved_endpoint
IntAct	2026-01-09	positive_evidence	intact:EBI-15812646|imex:IM-14171-8|dip:DIP-102886E	Q9NV70	Q96KP1	unmapped_in_pinned_uniprot_release	accepted	unresolved_endpoint
IntAct	2026-01-09	positive_evidence	intact:EBI-15812720|imex:IM-14870-1|dip:DIP-104191E	Q96D31	Q9BRQ5	accepted	unmapped_in_pinned_uniprot_release	unresolved_endpoint
IntAct	2026-01-09	positive_evidence	intact:EBI-15813018|imex:IM-14874-2|dip:DIP-104193E	Q8WXE1	Q9BW66	accepted	unmapped_in_pinned_uniprot_release	unresolved_endpoint
IntAct	2026-01-09	positive_evidence	intact:EBI-15812999|imex:IM-14874-1|dip:DIP-104193E	Q9BW66	Q8WXE1	unmapped_in_pinned_uniprot_release	accepted	unresolved_endpoint
IntAct	2026-01-09	positive_evidence	intact:EBI-15814708|imex:IM-14880-3|dip:DIP-60547E	Q9H211	O75496	unmapped_in_pinned_uniprot_release	accepted	unresolved_endpoint
IntAct	2026-01-09	positive_evidence	intact:EBI-15814687|imex:IM-14880-2|dip:DIP-60547E	Q9H211	O75496	unmapped_in_pinned_uniprot_release	accepted	unresolved_endpoint
IntAct	2026-01-09	positive_evidence	intact:EBI-15814856|imex:IM-21495-3|dip:DIP-63484E	Q06330-6	P46531	isoform_specific_source_not_folded_to_canonical	accepted	unresolved_endpoint
IntAct	2026-01-09	positive_evidence	intact:EBI-7598241|mint:MINT-7297297|imex:IM-15550-1	P62508	Q9UBK2	accepted	unmapped_in_pinned_uniprot_release	unresolved_endpoint
IntAct	2026-01-09	positive_evidence	intact:EBI-7598265|mint:MINT-7297435|imex:IM-15550-2	Q9UBK2	P62508	unmapped_in_pinned_uniprot_release	accepted	unresolved_endpoint
IntAct	2026-01-09	positive_evidence	intact:EBI-15816326|imex:IM-14885-1|dip:DIP-104220E	O00203-1	Q12955	isoform_specific_source_not_folded_to_canonical	accepted	unresolved_endpoint
IntAct	2026-01-09	positive_evidence	intact:EBI-15816345|imex:IM-14885-2|dip:DIP-104218E	O00203-1	Q9Y496	isoform_specific_source_not_folded_to_canonical	unmapped_in_pinned_uniprot_release	unresolved_endpoint
IntAct	2026-01-09	positive_evidence	intact:EBI-15816502|imex:IM-14885-9|dip:DIP-104218E	O00203-1	Q9Y496	isoform_specific_source_not_folded_to_canonical	unmapped_in_pinned_uniprot_release	unresolved_endpoint
IntAct	2026-01-09	positive_evidence	intact:EBI-15820409|imex:IM-14910-3|dip:DIP-185463E	Q9BXM7-1	O60260	isoform_specific_source_not_folded_to_canonical	accepted	unresolved_endpoint
IntAct	2026-01-09	positive_evidence	intact:EBI-15820590|imex:IM-14912-5|dip:DIP-185469E	P11362	Q9GZV9	accepted	unmapped_in_pinned_uniprot_release	unresolved_endpoint
IntAct	2026-01-09	positive_evidence	intact:EBI-15821262|imex:IM-14671-2|dip:DIP-103675E	Q16531	Q8N5D0-4	accepted	isoform_specific_source_not_folded_to_canonical	unresolved_endpoint
IntAct	2026-01-09	positive_evidence	intact:EBI-15821456|imex:IM-14671-10|dip:DIP-103677E	Q16531	Q8TEL6-1	accepted	isoform_specific_source_not_folded_to_canonical	unresolved_endpoint
IntAct	2026-01-09	positive_evidence	intact:EBI-7680393|mint:MINT-7716043|imex:IM-15447-23	Q9GZQ8	Q13501	unmapped_in_pinned_uniprot_release	accepted	unresolved_endpoint
IntAct	2026-01-09	positive_evidence	intact:EBI-15823328|imex:IM-22424-7|dip:DIP-69929E	P78352	Q9P021	accepted	unmapped_in_pinned_uniprot_release	unresolved_endpoint
IntAct	2026-01-09	positive_evidence	intact:EBI-15826508|imex:IM-16239-2|dip:DIP-187309E	P04049	P01116-2	accepted	isoform_specific_source_not_folded_to_canonical	unresolved_endpoint
IntAct	2026-01-09	positive_evidence	intact:EBI-15829123|imex:IM-14680-1|dip:DIP-103695E	Q9HCJ0	P11940	unmapped_in_pinned_uniprot_release	accepted	unresolved_endpoint
IntAct	2026-01-09	positive_evidence	intact:EBI-5274611|imex:IM-17240-4	Q9UBN6	P50591	unmapped_in_pinned_uniprot_release	accepted	unresolved_endpoint
IntAct	2026-01-09	positive_evidence	intact:EBI-15834662|imex:IM-15222-5|dip:DIP-70803E	Q9Y6N9	Q495M9	unmapped_in_pinned_uniprot_release	accepted	unresolved_endpoint
IntAct	2026-01-09	positive_evidence	intact:EBI-15834690|imex:IM-15222-6|dip:DIP-70803E	Q9Y6N9	Q495M9	unmapped_in_pinned_uniprot_release	accepted	unresolved_endpoint
IntAct	2026-01-09	positive_evidence	intact:EBI-15835074|imex:IM-14990-7|dip:DIP-185533E	P35968	P15692-4	accepted	isoform_specific_source_not_folded_to_canonical	unresolved_endpoint
IntAct	2026-01-09	positive_evidence	intact:EBI-15835032|imex:IM-14990-5|dip:DIP-185533E	P35968	P15692-4	accepted	isoform_specific_source_not_folded_to_canonical	unresolved_endpoint
IntAct	2026-01-09	positive_evidence	intact:EBI-6929893|rcsb pdb:3KTP|imex:IM-21314-1	P11940	Q9HCJ0	accepted	unmapped_in_pinned_uniprot_release	unresolved_endpoint
IntAct	2026-01-09	positive_evidence	intact:EBI-6929906|rcsb pdb:3KTR|imex:IM-21314-2	P11940	Q99700	accepted	unmapped_in_pinned_uniprot_release	unresolved_endpoint
IntAct	2026-01-09	positive_evidence	intact:EBI-6929988|imex:IM-21314-3	P11940	Q9HCJ0	accepted	unmapped_in_pinned_uniprot_release	unresolved_endpoint
IntAct	2026-01-09	positive_evidence	intact:EBI-6930000|imex:IM-21314-4	Q9HCJ0	P11940	unmapped_in_pinned_uniprot_release	accepted	unresolved_endpoint
IntAct	2026-01-09	positive_evidence	intact:EBI-6930061|imex:IM-21314-5	Q9HCJ0	P11940	unmapped_in_pinned_uniprot_release	accepted	unresolved_endpoint
IntAct	2026-01-09	positive_evidence	intact:EBI-3895508	Q9H211	Q14566	unmapped_in_pinned_uniprot_release	accepted	unresolved_endpoint
IntAct	2026-01-09	positive_evidence	intact:EBI-15841011|imex:IM-15236-2|dip:DIP-185732E	P06730	O43432-1	accepted	isoform_specific_source_not_folded_to_canonical	unresolved_endpoint
IntAct	2026-01-09	positive_evidence	intact:EBI-15842069|imex:IM-15910-1|dip:DIP-186296E	Q9Y285	Q9NSD9	unmapped_in_pinned_uniprot_release	unmapped_in_pinned_uniprot_release	unresolved_endpoint
IntAct	2026-01-09	positive_evidence	intact:EBI-2643376|wwpdb:3L6X|wwpdb:3L6Y|imex:IM-14293-1	P12830	O60716-29	accepted	isoform_specific_source_not_folded_to_canonical	unresolved_endpoint
IntAct	2026-01-09	positive_evidence	intact:EBI-8805409|rcsb pdb:3KUJ|imex:IM-22030-1	P15170-2	P11940	isoform_specific_source_not_folded_to_canonical	accepted	unresolved_endpoint
IntAct	2026-01-09	positive_evidence	intact:EBI-8817160|rcsb pdb:3KUI|imex:IM-22030-2	P11940	P15170-2	accepted	isoform_specific_source_not_folded_to_canonical	unresolved_endpoint
IntAct	2026-01-09	positive_evidence	intact:EBI-22224199|wwpdb:3h5c|imex:IM-27863-1	Q9UK55	P22891	unmapped_in_pinned_uniprot_release	accepted	unresolved_endpoint
IntAct	2026-01-09	positive_evidence	intact:EBI-15854234|imex:IM-15923-2|dip:DIP-87775E	Q9GZX6	Q8N6P7	unmapped_in_pinned_uniprot_release	accepted	unresolved_endpoint
IntAct	2026-01-09	positive_evidence	intact:EBI-15855373|imex:IM-16418-4|dip:DIP-60600E	Q9BZI7-2	Q9HAU5	isoform_specific_source_not_folded_to_canonical	unmapped_in_pinned_uniprot_release	unresolved_endpoint
IntAct	2026-01-09	positive_evidence	intact:EBI-15855392|imex:IM-16418-5|dip:DIP-103094E	Q9HAU5	Q9H1J1	unmapped_in_pinned_uniprot_release	unmapped_in_pinned_uniprot_release	unresolved_endpoint
IntAct	2026-01-09	positive_evidence	intact:EBI-7996459|mint:MINT-8109619	Q9ULH1	P25054	unmapped_in_pinned_uniprot_release	accepted	unresolved_endpoint
IntAct	2026-01-09	positive_evidence	intact:EBI-20561085|imex:IM-26431-3	Q14623	Q9BWV1	accepted	unmapped_in_pinned_uniprot_release	unresolved_endpoint
IntAct	2026-01-09	positive_evidence	intact:EBI-20561098|imex:IM-26431-5	O43323	Q9BWV1	accepted	unmapped_in_pinned_uniprot_release	unresolved_endpoint
IntAct	2026-01-09	positive_evidence	intact:EBI-20561133|imex:IM-26431-9|wwpdb:3n1g	O43323	Q9BWV1	accepted	unmapped_in_pinned_uniprot_release	unresolved_endpoint
IntAct	2026-01-09	positive_evidence	intact:EBI-20561144|imex:IM-26431-11|wwpdb:3n1m|wwpdb:3n1p	Q14623	Q9BWV1	accepted	unmapped_in_pinned_uniprot_release	unresolved_endpoint
IntAct	2026-01-09	positive_evidence	intact:EBI-25407981|wwpdb:3MJH|imex:IM-27690-1	P20339-1	Q15075	isoform_specific_source_not_folded_to_canonical	accepted	unresolved_endpoint
IntAct	2026-01-09	positive_evidence	intact:EBI-15858919|imex:IM-16431-5|dip:DIP-187644E	Q9NRA1-1	P16234-1	isoform_specific_source_not_folded_to_canonical	isoform_specific_source_not_folded_to_canonical	unresolved_endpoint
IntAct	2026-01-09	positive_evidence	intact:EBI-2891827|wwpdb:2ku7|imex:IM-14957-12	Q03164	Q9UNP9	accepted	unmapped_in_pinned_uniprot_release	unresolved_endpoint
IntAct	2026-01-09	positive_evidence	intact:EBI-8821666|imex:IM-21737-8	Q99619	Q96IZ0	unmapped_in_pinned_uniprot_release	accepted	unresolved_endpoint
IntAct	2026-01-09	positive_evidence	intact:EBI-8042644|mint:MINT-7893957|imex:IM-15585-3	P02545-6	Q71DI3	isoform_specific_source_not_folded_to_canonical	accepted	unresolved_endpoint
IntAct	2026-01-09	positive_evidence	intact:EBI-8042669|mint:MINT-7893974|imex:IM-15585-4	P02545-6	Q71DI3	isoform_specific_source_not_folded_to_canonical	accepted	unresolved_endpoint
IntAct	2026-01-09	positive_evidence	intact:EBI-8042803|mint:MINT-7894055|imex:IM-15585-9	Q71DI3	P02545-6	accepted	isoform_specific_source_not_folded_to_canonical	unresolved_endpoint
IntAct	2026-01-09	positive_evidence	intact:EBI-25298162|imex:IM-27610-1	Q99523	P26441	unmapped_in_pinned_uniprot_release	accepted	unresolved_endpoint
IntAct	2026-01-09	positive_evidence	intact:EBI-25298181|imex:IM-27610-23	Q99523	P30533	unmapped_in_pinned_uniprot_release	accepted	unresolved_endpoint
IntAct	2026-01-09	positive_evidence	intact:EBI-25298330|imex:IM-27610-33	Q99523	Q16619	unmapped_in_pinned_uniprot_release	accepted	unresolved_endpoint
IntAct	2026-01-09	positive_evidence	intact:EBI-25298341|imex:IM-27610-35	Q99523	P15018	unmapped_in_pinned_uniprot_release	accepted	unresolved_endpoint
IntAct	2026-01-09	positive_evidence	intact:EBI-25298353|imex:IM-27610-13	Q99523	P13725	unmapped_in_pinned_uniprot_release	accepted	unresolved_endpoint
IntAct	2026-01-09	positive_evidence	intact:EBI-25298362|imex:IM-27610-15	Q99523	P42702	unmapped_in_pinned_uniprot_release	accepted	unresolved_endpoint
IntAct	2026-01-09	positive_evidence	intact:EBI-16511370|imex:IM-26317-21	Q9NZQ7	Q15116	unmapped_in_pinned_uniprot_release	accepted	unresolved_endpoint
IntAct	2026-01-09	positive_evidence	intact:EBI-16512166|imex:IM-26317-1	Q9BQ51	Q15116	unmapped_in_pinned_uniprot_release	accepted	unresolved_endpoint
IntAct	2026-01-09	positive_evidence	intact:EBI-16517480|imex:IM-26317-9	Q9NZQ7	P33681	unmapped_in_pinned_uniprot_release	accepted	unresolved_endpoint
IntAct	2026-01-09	positive_evidence	intact:EBI-16517599|imex:IM-26317-17	P33681	Q9NZQ7	accepted	unmapped_in_pinned_uniprot_release	unresolved_endpoint
IntAct	2026-01-09	positive_evidence	intact:EBI-8805059|imex:IM-21749-1	Q9UIV1	P50616	unmapped_in_pinned_uniprot_release	accepted	unresolved_endpoint
IntAct	2026-01-09	positive_evidence	intact:EBI-8065271|mint:MINT-7903354|imex:IM-15839-1	P11142	Q9UNE7	accepted	unmapped_in_pinned_uniprot_release	unresolved_endpoint
IntAct	2026-01-09	positive_evidence	intact:EBI-8065301|mint:MINT-7903373|imex:IM-15839-2	Q9UNE7	P08238	unmapped_in_pinned_uniprot_release	accepted	unresolved_endpoint
IntAct	2026-01-09	positive_evidence	intact:EBI-15866545|imex:IM-16453-3|dip:DIP-187690E	P49643-1	P15927	isoform_specific_source_not_folded_to_canonical	accepted	unresolved_endpoint
IntAct	2026-01-09	positive_evidence	intact:EBI-15866515|imex:IM-16453-2|dip:DIP-187690E	P49643-1	P15927	isoform_specific_source_not_folded_to_canonical	accepted	unresolved_endpoint
IntAct	2026-01-09	positive_evidence	intact:EBI-15867068|imex:IM-16291-2|dip:DIP-187434E	Q9BV86	P18754	unmapped_in_pinned_uniprot_release	accepted	unresolved_endpoint
IntAct	2026-01-09	positive_evidence	intact:EBI-15869207|imex:IM-15967-1|dip:DIP-186431E	O95155-1	P61077-1	isoform_specific_source_not_folded_to_canonical	isoform_specific_source_not_folded_to_canonical	unresolved_endpoint
IntAct	2026-01-09	positive_evidence	intact:EBI-15869226|imex:IM-15967-2|dip:DIP-186431E	O95155-1	P61077-1	isoform_specific_source_not_folded_to_canonical	isoform_specific_source_not_folded_to_canonical	unresolved_endpoint
IntAct	2026-01-09	positive_evidence	intact:EBI-15869245|imex:IM-15967-3|dip:DIP-186431E	O95155-1	P61077-1	isoform_specific_source_not_folded_to_canonical	isoform_specific_source_not_folded_to_canonical	unresolved_endpoint
IntAct	2026-01-09	positive_evidence	intact:EBI-15869264|imex:IM-15967-4|dip:DIP-186432E	O95155-1	P62837	isoform_specific_source_not_folded_to_canonical	accepted	unresolved_endpoint
IntAct	2026-01-09	positive_evidence	intact:EBI-15869283|imex:IM-15967-5|dip:DIP-186432E	O95155-1	P62837	isoform_specific_source_not_folded_to_canonical	accepted	unresolved_endpoint
IntAct	2026-01-09	positive_evidence	intact:EBI-15869387|imex:IM-15966-4|dip:DIP-103293E	Q99496	O95931	unmapped_in_pinned_uniprot_release	accepted	unresolved_endpoint
IntAct	2026-01-09	positive_evidence	intact:EBI-15869530|imex:IM-15966-10|dip:DIP-103293E	Q99496	O95931	unmapped_in_pinned_uniprot_release	accepted	unresolved_endpoint
IntAct	2026-01-09	positive_evidence	intact:EBI-15869487|imex:IM-15966-8|dip:DIP-186429E	Q99496	Q8N488	unmapped_in_pinned_uniprot_release	accepted	unresolved_endpoint
IntAct	2026-01-09	positive_evidence	intact:EBI-15869552|imex:IM-15966-11|dip:DIP-186429E	Q99496	Q8N488	unmapped_in_pinned_uniprot_release	accepted	unresolved_endpoint
IntAct	2026-01-09	positive_evidence	intact:EBI-15869508|imex:IM-15966-9|dip:DIP-186429E	Q99496	Q8N488	unmapped_in_pinned_uniprot_release	accepted	unresolved_endpoint
IntAct	2026-01-09	positive_evidence	intact:EBI-15870472|imex:IM-15997-1|dip:DIP-186575E	Q9UHX1-2	Q96I24-1	isoform_specific_source_not_folded_to_canonical	isoform_specific_source_not_folded_to_canonical	unresolved_endpoint
IntAct	2026-01-09	positive_evidence	intact:EBI-15870494|imex:IM-15997-2|dip:DIP-186574E	Q9UHX1-2	Q96AE4-1	isoform_specific_source_not_folded_to_canonical	isoform_specific_source_not_folded_to_canonical	unresolved_endpoint
IntAct	2026-01-09	positive_evidence	intact:EBI-15870515|imex:IM-15997-3|dip:DIP-186574E	Q9UHX1-2	Q96AE4-1	isoform_specific_source_not_folded_to_canonical	isoform_specific_source_not_folded_to_canonical	unresolved_endpoint
IntAct	2026-01-09	positive_evidence	intact:EBI-15872529|imex:IM-16277-12|dip:DIP-67193E	Q96GD4	Q9NQS7	accepted	unmapped_in_pinned_uniprot_release	unresolved_endpoint
IntAct	2026-01-09	positive_evidence	intact:EBI-15872708|imex:IM-16277-20|dip:DIP-67193E	Q96GD4	Q9NQS7	accepted	unmapped_in_pinned_uniprot_release	unresolved_endpoint
IntAct	2026-01-09	positive_evidence	intact:EBI-15872740|imex:IM-16286-1|dip:DIP-180095E	P49450-1	P62805	isoform_specific_source_not_folded_to_canonical	accepted	unresolved_endpoint
IntAct	2026-01-09	positive_evidence	intact:EBI-15876626|imex:IM-15971-5|dip:DIP-186434E	Q9H9A7	Q96E14-1	unmapped_in_pinned_uniprot_release	isoform_specific_source_not_folded_to_canonical	unresolved_endpoint
IntAct	2026-01-09	positive_evidence	intact:EBI-15876833|imex:IM-21042-7|dip:DIP-186434E	Q9H9A7	Q96E14-1	unmapped_in_pinned_uniprot_release	isoform_specific_source_not_folded_to_canonical	unresolved_endpoint
IntAct	2026-01-09	positive_evidence	intact:EBI-15879621|imex:IM-16279-5|dip:DIP-187404E	Q92797	Q9NP77-1	accepted	isoform_specific_source_not_folded_to_canonical	unresolved_endpoint
IntAct	2026-01-09	positive_evidence	intact:EBI-15880914|imex:IM-16272-1|dip:DIP-187387E	O43157-1	Q92854-1	isoform_specific_source_not_folded_to_canonical	isoform_specific_source_not_folded_to_canonical	unresolved_endpoint
IntAct	2026-01-09	positive_evidence	intact:EBI-15881095|imex:IM-16272-9|dip:DIP-187387E	O43157-1	Q92854-1	isoform_specific_source_not_folded_to_canonical	isoform_specific_source_not_folded_to_canonical	unresolved_endpoint
IntAct	2026-01-09	positive_evidence	intact:EBI-15881436|imex:IM-16498-1|dip:DIP-187752E	Q9GZM8	Q16891-1	unmapped_in_pinned_uniprot_release	isoform_specific_source_not_folded_to_canonical	unresolved_endpoint
IntAct	2026-01-09	positive_evidence	intact:EBI-15881462|imex:IM-16498-2|dip:DIP-119777E	Q16891-1	Q9NRI5-1	isoform_specific_source_not_folded_to_canonical	isoform_specific_source_not_folded_to_canonical	unresolved_endpoint
IntAct	2026-01-09	positive_evidence	intact:EBI-15881483|imex:IM-16498-3|dip:DIP-187752E	Q9GZM8	Q16891-1	unmapped_in_pinned_uniprot_release	isoform_specific_source_not_folded_to_canonical	unresolved_endpoint
IntAct	2026-01-09	positive_evidence	intact:EBI-15881594|imex:IM-16498-8|dip:DIP-119777E	Q16891-1	Q9NRI5-1	isoform_specific_source_not_folded_to_canonical	isoform_specific_source_not_folded_to_canonical	unresolved_endpoint
IntAct	2026-01-09	positive_evidence	intact:EBI-15881692|imex:IM-16498-12|dip:DIP-119777E	Q16891-1	Q9NRI5-1	isoform_specific_source_not_folded_to_canonical	isoform_specific_source_not_folded_to_canonical	unresolved_endpoint
IntAct	2026-01-09	positive_evidence	intact:EBI-15881792|imex:IM-16498-16|dip:DIP-119777E	Q16891-1	Q9NRI5-1	isoform_specific_source_not_folded_to_canonical	isoform_specific_source_not_folded_to_canonical	unresolved_endpoint
IntAct	2026-01-09	positive_evidence	intact:EBI-11474247|wwpdb:3og6|imex:IM-24871-1	Q8IU54-PRO_0000015511	Q8IU57	unmapped_in_pinned_uniprot_release	accepted	unresolved_endpoint
IntAct	2026-01-09	positive_evidence	intact:EBI-15882971|imex:IM-16007-7|dip:DIP-303E	P25445-1	Q13158	isoform_specific_source_not_folded_to_canonical	accepted	unresolved_endpoint
IntAct	2026-01-09	positive_evidence	intact:EBI-15883143|imex:IM-16007-13|dip:DIP-303E	P25445-1	Q13158	isoform_specific_source_not_folded_to_canonical	accepted	unresolved_endpoint
IntAct	2026-01-09	positive_evidence	intact:EBI-15883748|imex:IM-17101-6|dip:DIP-188072E	Q96J94	Q9Y2W6-2	accepted	isoform_specific_source_not_folded_to_canonical	unresolved_endpoint
IntAct	2026-01-09	positive_evidence	intact:EBI-15883975|imex:IM-17105-1|dip:DIP-145359E	Q9HAU4	O15105	unmapped_in_pinned_uniprot_release	accepted	unresolved_endpoint
IntAct	2026-01-09	positive_evidence	intact:EBI-15884017|imex:IM-17105-3|dip:DIP-145158E	Q9HAU4	Q15796	unmapped_in_pinned_uniprot_release	accepted	unresolved_endpoint
IntAct	2026-01-09	positive_evidence	intact:EBI-15884060|imex:IM-17105-5|dip:DIP-145359E	Q9HAU4	O15105	unmapped_in_pinned_uniprot_release	accepted	unresolved_endpoint
IntAct	2026-01-09	positive_evidence	intact:EBI-15884091|imex:IM-17105-6|dip:DIP-188075E	O15105	Q9HCE7-1	accepted	isoform_specific_source_not_folded_to_canonical	unresolved_endpoint
IntAct	2026-01-09	positive_evidence	intact:EBI-15884038|imex:IM-17105-4|dip:DIP-145553E	Q9HAU4	Q15797	unmapped_in_pinned_uniprot_release	accepted	unresolved_endpoint
IntAct	2026-01-09	positive_evidence	intact:EBI-26585396|imex:IM-28668-1|wwpdb:3n96	Q13324-1	P55089	isoform_specific_source_not_folded_to_canonical	accepted	unresolved_endpoint
IntAct	2026-01-09	positive_evidence	intact:EBI-26585456|wwpdb:3N95|imex:IM-28668-3	Q13324-1	Q96RP3	isoform_specific_source_not_folded_to_canonical	accepted	unresolved_endpoint
IntAct	2026-01-09	positive_evidence	intact:EBI-26585502|wwpdb:3n93|imex:IM-28668-5	Q13324-1	Q969E3	isoform_specific_source_not_folded_to_canonical	accepted	unresolved_endpoint
IntAct	2026-01-09	positive_evidence	intact:EBI-15889556|imex:IM-17122-4|dip:DIP-59142E	Q13257	Q9Y6D9	accepted	unmapped_in_pinned_uniprot_release	unresolved_endpoint
IntAct	2026-01-09	positive_evidence	intact:EBI-15890447|imex:IM-17134-3|dip:DIP-188119E	O75689	Q9NQT8	accepted	unmapped_in_pinned_uniprot_release	unresolved_endpoint
IntAct	2026-01-09	positive_evidence	intact:EBI-15890485|imex:IM-17134-5|dip:DIP-188119E	O75689	Q9NQT8	accepted	unmapped_in_pinned_uniprot_release	unresolved_endpoint
IntAct	2026-01-09	positive_evidence	intact:EBI-15892021|imex:IM-15979-2|dip:DIP-70188E	Q99816-1	O14964	isoform_specific_source_not_folded_to_canonical	accepted	unresolved_endpoint
IntAct	2026-01-09	positive_evidence	intact:EBI-15892103|imex:IM-15979-5|dip:DIP-70188E	Q99816-1	O14964	isoform_specific_source_not_folded_to_canonical	accepted	unresolved_endpoint
IntAct	2026-01-09	positive_evidence	intact:EBI-8513861|mint:MINT-8058152|imex:IM-15682-2	Q9NQX3	P63167	unmapped_in_pinned_uniprot_release	accepted	unresolved_endpoint
IntAct	2026-01-09	positive_evidence	intact:EBI-9828626|imex:IM-23217-8	Q99523	Q16288	unmapped_in_pinned_uniprot_release	accepted	unresolved_endpoint
IntAct	2026-01-09	positive_evidence	intact:EBI-9828545|imex:IM-23217-7	P04629-2	Q99523	isoform_specific_source_not_folded_to_canonical	unmapped_in_pinned_uniprot_release	unresolved_endpoint
IntAct	2026-01-09	positive_evidence	intact:EBI-9828457|imex:IM-23217-6	Q99523	Q16620	unmapped_in_pinned_uniprot_release	accepted	unresolved_endpoint
IntAct	2026-01-09	positive_evidence	intact:EBI-15896787|imex:IM-15981-2|dip:DIP-67779E	Q9NZU7-2	Q13936-20	isoform_specific_source_not_folded_to_canonical	isoform_specific_source_not_folded_to_canonical	unresolved_endpoint
IntAct	2026-01-09	positive_evidence	intact:EBI-15896824|imex:IM-15982-1|dip:DIP-141645E	Q9UER7-1	Q00987-11	isoform_specific_source_not_folded_to_canonical	isoform_specific_source_not_folded_to_canonical	unresolved_endpoint
IntAct	2026-01-09	positive_evidence	intact:EBI-15896846|imex:IM-15982-2|dip:DIP-73024E	Q9UER7-1	Q9NS23-4	isoform_specific_source_not_folded_to_canonical	isoform_specific_source_not_folded_to_canonical	unresolved_endpoint
IntAct	2026-01-09	positive_evidence	intact:EBI-15896867|imex:IM-15982-3|dip:DIP-67236E	Q9UER7-1	P04637	isoform_specific_source_not_folded_to_canonical	accepted	unresolved_endpoint
IntAct	2026-01-09	positive_evidence	intact:EBI-4321131|imex:IM-16869-2	Q07812	Q07817-1	accepted	isoform_specific_source_not_folded_to_canonical	unresolved_endpoint
IntAct	2026-01-09	positive_evidence	intact:EBI-12519981|wwpdb:3pb1|imex:IM-25563-1	P00749	P05121-PRO_0000032499	accepted	unmapped_in_pinned_uniprot_release	unresolved_endpoint
IntAct	2026-01-09	positive_evidence	intact:EBI-15903421|imex:IM-16080-7|dip:DIP-83539E	Q15554	Q9NYB0	accepted	unmapped_in_pinned_uniprot_release	unresolved_endpoint
IntAct	2026-01-09	positive_evidence	intact:EBI-15903535|imex:IM-16080-12|dip:DIP-83539E	Q15554	Q9NYB0	accepted	unmapped_in_pinned_uniprot_release	unresolved_endpoint
IntAct	2026-01-09	positive_evidence	intact:EBI-15903773|imex:IM-16080-21|dip:DIP-83539E	Q15554	Q9NYB0	accepted	unmapped_in_pinned_uniprot_release	unresolved_endpoint
IntAct	2026-01-09	positive_evidence	intact:EBI-15905072|imex:IM-21861-6|dip:DIP-192312E	Q13227	Q9Y618	accepted	unmapped_in_pinned_uniprot_release	unresolved_endpoint
IntAct	2026-01-09	positive_evidence	intact:EBI-15905232|imex:IM-21861-12|dip:DIP-192313E	O60907-2	Q9Y618	isoform_specific_source_not_folded_to_canonical	unmapped_in_pinned_uniprot_release	unresolved_endpoint
IntAct	2026-01-09	positive_evidence	intact:EBI-15905366|imex:IM-21861-17|dip:DIP-192315E	O60907-2	Q13227	isoform_specific_source_not_folded_to_canonical	accepted	unresolved_endpoint
IntAct	2026-01-09	positive_evidence	intact:EBI-8565642|mint:MINT-8084814	Q9H2K2	Q9NWT6	unmapped_in_pinned_uniprot_release	unmapped_in_pinned_uniprot_release	unresolved_endpoint
IntAct	2026-01-09	positive_evidence	intact:EBI-10825541|imex:IM-24184-19	Q9UGI8	Q9Y615	unmapped_in_pinned_uniprot_release	unmapped_in_pinned_uniprot_release	unresolved_endpoint
IntAct	2026-01-09	positive_evidence	intact:EBI-15910361|imex:IM-21517-6|dip:DIP-191845E	Q14676	O96028-1	accepted	isoform_specific_source_not_folded_to_canonical	unresolved_endpoint
IntAct	2026-01-09	positive_evidence	intact:EBI-15910495|imex:IM-16145-2|dip:DIP-187078E	O43809	Q16630-1	accepted	isoform_specific_source_not_folded_to_canonical	unresolved_endpoint
IntAct	2026-01-09	positive_evidence	intact:EBI-15910640|imex:IM-17471-1|dip:DIP-188685E	O95407	O95150-1	accepted	isoform_specific_source_not_folded_to_canonical	unresolved_endpoint
IntAct	2026-01-09	positive_evidence	intact:EBI-15910696|imex:IM-17471-3|dip:DIP-188685E	O95407	O95150-1	accepted	isoform_specific_source_not_folded_to_canonical	unresolved_endpoint
IntAct	2026-01-09	positive_evidence	intact:EBI-15910671|imex:IM-17471-2|dip:DIP-4223E	O95407	O43557-1	accepted	isoform_specific_source_not_folded_to_canonical	unresolved_endpoint
IntAct	2026-01-09	positive_evidence	intact:EBI-15910717|imex:IM-17471-4|dip:DIP-188685E	O95407	O95150-1	accepted	isoform_specific_source_not_folded_to_canonical	unresolved_endpoint
IntAct	2026-01-09	positive_evidence	intact:EBI-15910789|imex:IM-17471-6|dip:DIP-188686E	O95150-1	Q93038-1	isoform_specific_source_not_folded_to_canonical	isoform_specific_source_not_folded_to_canonical	unresolved_endpoint
IntAct	2026-01-09	positive_evidence	intact:EBI-8603940|mint:MINT-8184698|imex:IM-15433-14	Q9H0U4	Q01968	unmapped_in_pinned_uniprot_release	accepted	unresolved_endpoint
IntAct	2026-01-09	positive_evidence	intact:EBI-3843401|imex:IM-15743-2	P05556	Q9BY76	accepted	unmapped_in_pinned_uniprot_release	unresolved_endpoint
IntAct	2026-01-09	positive_evidence	intact:EBI-3843641|imex:IM-15743-3	P18084	Q9BY76	accepted	unmapped_in_pinned_uniprot_release	unresolved_endpoint
IntAct	2026-01-09	positive_evidence	intact:EBI-15915595|imex:IM-21234-1|dip:DIP-133975E	P63146	Q9NS91	accepted	unmapped_in_pinned_uniprot_release	unresolved_endpoint
IntAct	2026-01-09	positive_evidence	intact:EBI-15915634|imex:IM-21234-3|dip:DIP-133975E	P63146	Q9NS91	accepted	unmapped_in_pinned_uniprot_release	unresolved_endpoint
IntAct	2026-01-09	positive_evidence	intact:EBI-15915706|imex:IM-21234-7|dip:DIP-133975E	P63146	Q9NS91	accepted	unmapped_in_pinned_uniprot_release	unresolved_endpoint
IntAct	2026-01-09	positive_evidence	intact:EBI-8615257|mint:MINT-8186566|imex:IM-15875-12	O95747	Q9Y376	accepted	unmapped_in_pinned_uniprot_release	unresolved_endpoint
IntAct	2026-01-09	positive_evidence	intact:EBI-8615236|mint:MINT-8186556|imex:IM-15875-11	Q9UEW8	Q9Y376	unmapped_in_pinned_uniprot_release	unmapped_in_pinned_uniprot_release	unresolved_endpoint
IntAct	2026-01-09	positive_evidence	intact:EBI-8615278|mint:MINT-8186577|imex:IM-15875-13	Q9Y376	Q9P289	unmapped_in_pinned_uniprot_release	unmapped_in_pinned_uniprot_release	unresolved_endpoint
IntAct	2026-01-09	positive_evidence	intact:EBI-8615299|mint:MINT-8186588|imex:IM-15875-14	Q9Y376	Q9P289	unmapped_in_pinned_uniprot_release	unmapped_in_pinned_uniprot_release	unresolved_endpoint
IntAct	2026-01-09	positive_evidence	intact:EBI-8615333|mint:MINT-8186626|imex:IM-15875-16	Q9UEW8	Q9Y376	unmapped_in_pinned_uniprot_release	unmapped_in_pinned_uniprot_release	unresolved_endpoint
IntAct	2026-01-09	positive_evidence	intact:EBI-8615350|mint:MINT-8186640|imex:IM-15875-17	Q9Y376	Q9UEW8	unmapped_in_pinned_uniprot_release	unmapped_in_pinned_uniprot_release	unresolved_endpoint
IntAct	2026-01-09	positive_evidence	intact:EBI-8615316|mint:MINT-8186607|imex:IM-15875-15	Q9P289	Q9Y376	unmapped_in_pinned_uniprot_release	unmapped_in_pinned_uniprot_release	unresolved_endpoint
IntAct	2026-01-09	positive_evidence	intact:EBI-8615373|mint:MINT-8186657|imex:IM-15875-18	Q9Y376	O95747	unmapped_in_pinned_uniprot_release	accepted	unresolved_endpoint
IntAct	2026-01-09	positive_evidence	intact:EBI-8615438|mint:MINT-8186672|imex:IM-15875-19	O95747	Q9Y376	accepted	unmapped_in_pinned_uniprot_release	unresolved_endpoint
IntAct	2026-01-09	positive_evidence	intact:EBI-4370379|imex:IM-16929-4	P10415-1	Q13794	isoform_specific_source_not_folded_to_canonical	accepted	unresolved_endpoint
IntAct	2026-01-09	positive_evidence	intact:EBI-4370368|imex:IM-16929-3	Q07817-1	Q13794	isoform_specific_source_not_folded_to_canonical	accepted	unresolved_endpoint
IntAct	2026-01-09	positive_evidence	intact:EBI-4370302|imex:IM-16929-1	P10415-1	Q13794	isoform_specific_source_not_folded_to_canonical	accepted	unresolved_endpoint
IntAct	2026-01-09	positive_evidence	intact:EBI-10092236|imex:IM-23705-3	Q9BQB4	O75096	unmapped_in_pinned_uniprot_release	accepted	unresolved_endpoint
IntAct	2026-01-09	positive_evidence	intact:EBI-3954900	O75496	Q9H211	accepted	unmapped_in_pinned_uniprot_release	unresolved_endpoint
IntAct	2026-01-09	positive_evidence	intact:EBI-15925367|imex:IM-17491-3|dip:DIP-188777E	Q15631	Q99598	accepted	unmapped_in_pinned_uniprot_release	unresolved_endpoint
IntAct	2026-01-09	positive_evidence	intact:EBI-13640974|imex:IM-25657-1	Q12918	Q9UHP7-1	accepted	isoform_specific_source_not_folded_to_canonical	unresolved_endpoint
IntAct	2026-01-09	positive_evidence	intact:EBI-13641072|imex:IM-25657-2	Q9UHP7-1	Q12918	isoform_specific_source_not_folded_to_canonical	accepted	unresolved_endpoint
IntAct	2026-01-09	positive_evidence	intact:EBI-4288996|imex:IM-15795-4	Q12830-4	P62805	isoform_specific_source_not_folded_to_canonical	accepted	unresolved_endpoint
IntAct	2026-01-09	positive_evidence	intact:EBI-4288998|imex:IM-15795-5	Q12830-4	P62805	isoform_specific_source_not_folded_to_canonical	accepted	unresolved_endpoint
IntAct	2026-01-09	positive_evidence	intact:EBI-4289000|imex:IM-15795-3	Q12830-4	P62805	isoform_specific_source_not_folded_to_canonical	accepted	unresolved_endpoint
IntAct	2026-01-09	positive_evidence	intact:EBI-4288945|imex:IM-15795-20	Q12830-4	P62805	isoform_specific_source_not_folded_to_canonical	accepted	unresolved_endpoint
IntAct	2026-01-09	positive_evidence	intact:EBI-4288943|imex:IM-15795-17	Q12830-4	P62805	isoform_specific_source_not_folded_to_canonical	accepted	unresolved_endpoint
IntAct	2026-01-09	positive_evidence	intact:EBI-4289466|imex:IM-15795-18	Q12830-4	P62805	isoform_specific_source_not_folded_to_canonical	accepted	unresolved_endpoint
IntAct	2026-01-09	positive_evidence	intact:EBI-4288947|imex:IM-15795-16	Q12830-4	P62805	isoform_specific_source_not_folded_to_canonical	accepted	unresolved_endpoint
IntAct	2026-01-09	positive_evidence	intact:EBI-6970282|mint:MINT-8199123|imex:IM-15865-3	P43146	Q9HD67	accepted	unmapped_in_pinned_uniprot_release	unresolved_endpoint
IntAct	2026-01-09	positive_evidence	intact:EBI-6970314|mint:MINT-8199109|imex:IM-15865-2	P43146	Q9HD67	accepted	unmapped_in_pinned_uniprot_release	unresolved_endpoint
IntAct	2026-01-09	positive_evidence	intact:EBI-15930556|imex:IM-16162-1|dip:DIP-187154E	Q9UNN5-1	P55072	isoform_specific_source_not_folded_to_canonical	accepted	unresolved_endpoint
IntAct	2026-01-09	positive_evidence	intact:EBI-15930651|imex:IM-16162-5|dip:DIP-88995E	P55072	Q9UNZ2	accepted	unmapped_in_pinned_uniprot_release	unresolved_endpoint
IntAct	2026-01-09	positive_evidence	intact:EBI-9828809|wwpdb:3OMH|imex:IM-23168-1	Q9Y2R2	O75563	unmapped_in_pinned_uniprot_release	accepted	unresolved_endpoint
IntAct	2026-01-09	positive_evidence	intact:EBI-15937003|imex:IM-21365-1|dip:DIP-65946E	Q13426	Q9H9Q4-1	accepted	isoform_specific_source_not_folded_to_canonical	unresolved_endpoint
IntAct	2026-01-09	positive_evidence	intact:EBI-15937059|imex:IM-21365-4|dip:DIP-65946E	Q13426	Q9H9Q4-1	accepted	isoform_specific_source_not_folded_to_canonical	unresolved_endpoint
IntAct	2026-01-09	positive_evidence	intact:EBI-15937300|imex:IM-16171-1|dip:DIP-187161E	Q9NRG4	P04637	unmapped_in_pinned_uniprot_release	accepted	unresolved_endpoint
IntAct	2026-01-09	positive_evidence	intact:EBI-15937343|imex:IM-16171-3|dip:DIP-187161E	Q9NRG4	P04637	unmapped_in_pinned_uniprot_release	accepted	unresolved_endpoint
IntAct	2026-01-09	positive_evidence	intact:EBI-15937551|imex:IM-16123-2|dip:DIP-187049E	O14810	P60880-2	accepted	isoform_specific_source_not_folded_to_canonical	unresolved_endpoint
IntAct	2026-01-09	positive_evidence	intact:EBI-15937729|imex:IM-16124-5|dip:DIP-187049E	O14810	P60880-2	accepted	isoform_specific_source_not_folded_to_canonical	unresolved_endpoint
IntAct	2026-01-09	positive_evidence	intact:EBI-15937644|imex:IM-16124-2|dip:DIP-187049E	O14810	P60880-2	accepted	isoform_specific_source_not_folded_to_canonical	unresolved_endpoint
IntAct	2026-01-09	positive_evidence	intact:EBI-15937818|imex:IM-17696-2|dip:DIP-3626E	P02786	P02787-PRO_0000035715	accepted	unmapped_in_pinned_uniprot_release	unresolved_endpoint
IntAct	2026-01-09	positive_evidence	intact:EBI-15939757|imex:IM-16169-8|dip:DIP-132579E	Q9Y3E7-1	O95630	isoform_specific_source_not_folded_to_canonical	accepted	unresolved_endpoint
IntAct	2026-01-09	positive_evidence	intact:EBI-15939639|imex:IM-16169-3|dip:DIP-132579E	Q9Y3E7-1	O95630	isoform_specific_source_not_folded_to_canonical	accepted	unresolved_endpoint
IntAct	2026-01-09	positive_evidence	intact:EBI-15939715|imex:IM-16169-6|dip:DIP-132579E	Q9Y3E7-1	O95630	isoform_specific_source_not_folded_to_canonical	accepted	unresolved_endpoint
IntAct	2026-01-09	positive_evidence	intact:EBI-15939736|imex:IM-16169-7|dip:DIP-132575E	O95630	Q9HD42-1	accepted	isoform_specific_source_not_folded_to_canonical	unresolved_endpoint
IntAct	2026-01-09	positive_evidence	intact:EBI-15939613|imex:IM-16169-2|dip:DIP-132579E	Q9Y3E7-1	O95630	isoform_specific_source_not_folded_to_canonical	accepted	unresolved_endpoint
IntAct	2026-01-09	positive_evidence	intact:EBI-15945270|imex:IM-15903-7|dip:DIP-186287E	P10747-1	P42081-3	isoform_specific_source_not_folded_to_canonical	isoform_specific_source_not_folded_to_canonical	unresolved_endpoint
IntAct	2026-01-09	positive_evidence	intact:EBI-15945499|imex:IM-17053-2|dip:DIP-187811E	O75581	Q9BQB4	accepted	unmapped_in_pinned_uniprot_release	unresolved_endpoint
IntAct	2026-01-09	positive_evidence	intact:EBI-15945520|imex:IM-17053-3|dip:DIP-187810E	O75581	Q9UBU2	accepted	unmapped_in_pinned_uniprot_release	unresolved_endpoint
IntAct	2026-01-09	positive_evidence	intact:EBI-15945625|imex:IM-17053-8|dip:DIP-187811E	O75581	Q9BQB4	accepted	unmapped_in_pinned_uniprot_release	unresolved_endpoint
IntAct	2026-01-09	positive_evidence	intact:EBI-15945746|imex:IM-17053-13|dip:DIP-187811E	O75581	Q9BQB4	accepted	unmapped_in_pinned_uniprot_release	unresolved_endpoint
IntAct	2026-01-09	positive_evidence	intact:EBI-15945780|imex:IM-17053-14|dip:DIP-187811E	O75581	Q9BQB4	accepted	unmapped_in_pinned_uniprot_release	unresolved_endpoint
IntAct	2026-01-09	positive_evidence	intact:EBI-7444319|mint:MINT-8300489|imex:IM-16671-1	Q96CW9	Q9HBW1	accepted	unmapped_in_pinned_uniprot_release	unresolved_endpoint
IntAct	2026-01-09	positive_evidence	intact:EBI-7444431|mint:MINT-8300711|imex:IM-16671-2	Q9Y2I2	Q9HCJ2	unmapped_in_pinned_uniprot_release	unmapped_in_pinned_uniprot_release	unresolved_endpoint
IntAct	2026-01-09	positive_evidence	intact:EBI-7444594|mint:MINT-8300766|imex:IM-16671-5	Q9HBW1	Q96CW9	unmapped_in_pinned_uniprot_release	accepted	unresolved_endpoint
IntAct	2026-01-09	positive_evidence	intact:EBI-7444654|mint:MINT-8300842|imex:IM-16671-7	Q9HCJ2	Q96CW9	unmapped_in_pinned_uniprot_release	accepted	unresolved_endpoint
IntAct	2026-01-09	positive_evidence	intact:EBI-7444619|mint:MINT-8300800|imex:IM-16671-6	Q9HBW1	Q96CW9	unmapped_in_pinned_uniprot_release	accepted	unresolved_endpoint
IntAct	2026-01-09	positive_evidence	intact:EBI-7444721|mint:MINT-8300885|imex:IM-16671-8	Q9HCJ2	Q96CW9	unmapped_in_pinned_uniprot_release	accepted	unresolved_endpoint
IntAct	2026-01-09	positive_evidence	intact:EBI-7444756|mint:MINT-8301004|imex:IM-16671-9	Q9Y2I2	Q9HBW1	unmapped_in_pinned_uniprot_release	unmapped_in_pinned_uniprot_release	unresolved_endpoint
IntAct	2026-01-09	positive_evidence	intact:EBI-7444778|mint:MINT-8301036|imex:IM-16671-10	Q9HCJ2	Q9Y2I2	unmapped_in_pinned_uniprot_release	unmapped_in_pinned_uniprot_release	unresolved_endpoint
IntAct	2026-01-09	positive_evidence	intact:EBI-7444816|mint:MINT-8301057|imex:IM-16671-11	Q9HBW1	Q9Y2I2	unmapped_in_pinned_uniprot_release	unmapped_in_pinned_uniprot_release	unresolved_endpoint
IntAct	2026-01-09	positive_evidence	intact:EBI-7444851|mint:MINT-8301082|imex:IM-16671-12	Q9HCJ2	Q9Y2I2	unmapped_in_pinned_uniprot_release	unmapped_in_pinned_uniprot_release	unresolved_endpoint
IntAct	2026-01-09	positive_evidence	intact:EBI-5529031|imex:IM-16896-5	P17301	Q9H0F6	accepted	unmapped_in_pinned_uniprot_release	unresolved_endpoint
IntAct	2026-01-09	positive_evidence	intact:EBI-25397046|imex:IM-27641-3	Q99523	P06280	unmapped_in_pinned_uniprot_release	accepted	unresolved_endpoint
IntAct	2026-01-09	positive_evidence	intact:EBI-7458242|mint:MINT-8206686|imex:IM-16790-1	O00213	P05067-4	accepted	isoform_specific_source_not_folded_to_canonical	unresolved_endpoint
IntAct	2026-01-09	positive_evidence	intact:EBI-4316598|imex:IM-15733-12	Q9NYZ4	P04155	unmapped_in_pinned_uniprot_release	accepted	unresolved_endpoint
IntAct	2026-01-09	positive_evidence	intact:EBI-4568101|imex:IM-15733-8	Q9NYZ4	P04155	unmapped_in_pinned_uniprot_release	accepted	unresolved_endpoint
IntAct	2026-01-09	positive_evidence	intact:EBI-22078809|imex:IM-27410-5	P36956-PRO_0000314029	P02545-1	unmapped_in_pinned_uniprot_release	isoform_specific_source_not_folded_to_canonical	unresolved_endpoint
IntAct	2026-01-09	positive_evidence	intact:EBI-15947599|imex:IM-21041-8|dip:DIP-190657E	Q8NG31-2	O60566	isoform_specific_source_not_folded_to_canonical	accepted	unresolved_endpoint
IntAct	2026-01-09	positive_evidence	intact:EBI-15947561|imex:IM-21041-6|dip:DIP-190657E	Q8NG31-2	O60566	isoform_specific_source_not_folded_to_canonical	accepted	unresolved_endpoint
IntAct	2026-01-09	positive_evidence	intact:EBI-15947985|imex:IM-17056-2|dip:DIP-69166E	P25054	Q9NR80-1	accepted	isoform_specific_source_not_folded_to_canonical	unresolved_endpoint
IntAct	2026-01-09	positive_evidence	intact:EBI-15949604|imex:IM-21063-1|dip:DIP-190698E	Q9H0R1-1	Q2VPB7	isoform_specific_source_not_folded_to_canonical	accepted	unresolved_endpoint
IntAct	2026-01-09	positive_evidence	intact:EBI-15949623|imex:IM-21063-2|dip:DIP-190698E	Q9H0R1-1	Q2VPB7	isoform_specific_source_not_folded_to_canonical	accepted	unresolved_endpoint
IntAct	2026-01-09	positive_evidence	intact:EBI-7500765|mint:MINT-8308274|imex:IM-16658-5	Q9HAU4	P84022	unmapped_in_pinned_uniprot_release	accepted	unresolved_endpoint
IntAct	2026-01-09	positive_evidence	intact:EBI-7500811|mint:MINT-8308318|imex:IM-16658-7	Q9HAU4	Q15796	unmapped_in_pinned_uniprot_release	accepted	unresolved_endpoint
IntAct	2026-01-09	positive_evidence	intact:EBI-7521360|mint:MINT-8284471|imex:IM-16723-7	Q6ZW49-1	P16104	isoform_specific_source_not_folded_to_canonical	accepted	unresolved_endpoint
IntAct	2026-01-09	positive_evidence	intact:EBI-7521504|mint:MINT-8284499|imex:IM-16723-1	Q6ZW49-1	P16104	isoform_specific_source_not_folded_to_canonical	accepted	unresolved_endpoint
IntAct	2026-01-09	positive_evidence	intact:EBI-7521572|mint:MINT-8284544|imex:IM-16723-2	Q6ZW49-1	P16104	isoform_specific_source_not_folded_to_canonical	accepted	unresolved_endpoint
IntAct	2026-01-09	positive_evidence	intact:EBI-7521648|mint:MINT-8284584|imex:IM-16723-3	Q6ZW49-1	P16104	isoform_specific_source_not_folded_to_canonical	accepted	unresolved_endpoint
IntAct	2026-01-09	positive_evidence	intact:EBI-7521712|mint:MINT-8284604|imex:IM-16723-4	Q6ZW49-1	P16104	isoform_specific_source_not_folded_to_canonical	accepted	unresolved_endpoint
IntAct	2026-01-09	positive_evidence	intact:EBI-7521812|mint:MINT-8284646|imex:IM-16723-6	Q6ZW49-1	P16104	isoform_specific_source_not_folded_to_canonical	accepted	unresolved_endpoint
IntAct	2026-01-09	positive_evidence	intact:EBI-7521763|mint:MINT-8284628|imex:IM-16723-5	Q6ZW49-1	P16104	isoform_specific_source_not_folded_to_canonical	accepted	unresolved_endpoint
IntAct	2026-01-09	positive_evidence	intact:EBI-15953027|imex:IM-17093-2|dip:DIP-188025E	Q8N5H7-2	P56945	isoform_specific_source_not_folded_to_canonical	accepted	unresolved_endpoint
IntAct	2026-01-09	positive_evidence	intact:EBI-15953266|imex:IM-17093-11|dip:DIP-188026E	P56945	O75815-1	accepted	isoform_specific_source_not_folded_to_canonical	unresolved_endpoint
IntAct	2026-01-09	positive_evidence	intact:EBI-7576600|mint:MINT-8305473|imex:IM-16674-22	Q9P202	O14936	unmapped_in_pinned_uniprot_release	accepted	unresolved_endpoint
IntAct	2026-01-09	positive_evidence	intact:EBI-5329413|imex:IM-16612-26	Q9H2K2	O15169	unmapped_in_pinned_uniprot_release	accepted	unresolved_endpoint
IntAct	2026-01-09	positive_evidence	intact:EBI-5333444|imex:IM-16612-25	Q9H2K2	Q6V0I7	unmapped_in_pinned_uniprot_release	accepted	unresolved_endpoint
IntAct	2026-01-09	positive_evidence	intact:EBI-5333783|imex:IM-16612-6	P11274	Q9H2K2	accepted	unmapped_in_pinned_uniprot_release	unresolved_endpoint
IntAct	2026-01-09	positive_evidence	intact:EBI-5333505|imex:IM-16612-4	Q92698	Q9H2K2	accepted	unmapped_in_pinned_uniprot_release	unresolved_endpoint
IntAct	2026-01-09	positive_evidence	intact:EBI-5333544|imex:IM-16612-20	Q9NWV8	Q9H2K2	unmapped_in_pinned_uniprot_release	unmapped_in_pinned_uniprot_release	unresolved_endpoint
IntAct	2026-01-09	positive_evidence	intact:EBI-5329390|imex:IM-16612-16	Q9C0C2	Q9H2K2	unmapped_in_pinned_uniprot_release	unmapped_in_pinned_uniprot_release	unresolved_endpoint
IntAct	2026-01-09	positive_evidence	intact:EBI-5333623|imex:IM-16612-23	Q9H2K2	Q8IUG5	unmapped_in_pinned_uniprot_release	accepted	unresolved_endpoint
IntAct	2026-01-09	positive_evidence	intact:EBI-5329604|imex:IM-16612-13	Q9H2K2	Q96RU3	unmapped_in_pinned_uniprot_release	accepted	unresolved_endpoint
IntAct	2026-01-09	positive_evidence	intact:EBI-5333372|imex:IM-16612-27	P78314	Q9H2K2	accepted	unmapped_in_pinned_uniprot_release	unresolved_endpoint
IntAct	2026-01-09	positive_evidence	intact:EBI-5329546|imex:IM-16612-8	Q9H2K2	P14652	unmapped_in_pinned_uniprot_release	accepted	unresolved_endpoint
IntAct	2026-01-09	positive_evidence	intact:EBI-5329452|imex:IM-16612-9	Q9H2K2	Q9UIQ6	unmapped_in_pinned_uniprot_release	unmapped_in_pinned_uniprot_release	unresolved_endpoint
IntAct	2026-01-09	positive_evidence	intact:EBI-5329519|imex:IM-16612-10	Q13698	Q9H2K2	accepted	unmapped_in_pinned_uniprot_release	unresolved_endpoint
IntAct	2026-01-09	positive_evidence	intact:EBI-5333426|imex:IM-16612-17	O43815	Q9H2K2	accepted	unmapped_in_pinned_uniprot_release	unresolved_endpoint
IntAct	2026-01-09	positive_evidence	intact:EBI-5333528|imex:IM-16612-7	Q9NWV8	Q9H2K2	unmapped_in_pinned_uniprot_release	unmapped_in_pinned_uniprot_release	unresolved_endpoint
IntAct	2026-01-09	positive_evidence	intact:EBI-5328461|imex:IM-16612-29	Q9H2K2	P78314	unmapped_in_pinned_uniprot_release	accepted	unresolved_endpoint
IntAct	2026-01-09	positive_evidence	intact:EBI-5333467|imex:IM-16612-2	Q9H2K2	Q6V0I7	unmapped_in_pinned_uniprot_release	accepted	unresolved_endpoint
IntAct	2026-01-09	positive_evidence	intact:EBI-5333604|imex:IM-16612-28	Q9UL54	Q9H2K2	unmapped_in_pinned_uniprot_release	unmapped_in_pinned_uniprot_release	unresolved_endpoint
IntAct	2026-01-09	positive_evidence	intact:EBI-5333304|imex:IM-16612-18	P78314	Q9H2K2	accepted	unmapped_in_pinned_uniprot_release	unresolved_endpoint
IntAct	2026-01-09	positive_evidence	intact:EBI-5333409|imex:IM-16612-19	Q9H2K2	Q9NRI5	unmapped_in_pinned_uniprot_release	unmapped_in_pinned_uniprot_release	unresolved_endpoint
IntAct	2026-01-09	positive_evidence	intact:EBI-5328482|imex:IM-16612-22	Q9H2K2	P78314	unmapped_in_pinned_uniprot_release	accepted	unresolved_endpoint
IntAct	2026-01-09	positive_evidence	intact:EBI-5333578|imex:IM-16612-21	Q14296	Q9H2K2	accepted	unmapped_in_pinned_uniprot_release	unresolved_endpoint
IntAct	2026-01-09	positive_evidence	intact:EBI-5329587|imex:IM-16612-14	Q9H2K2	Q9BZL4	unmapped_in_pinned_uniprot_release	unmapped_in_pinned_uniprot_release	unresolved_endpoint
IntAct	2026-01-09	positive_evidence	intact:EBI-5333660|imex:IM-16612-3	Q9H2K2	Q9BTC0	unmapped_in_pinned_uniprot_release	unmapped_in_pinned_uniprot_release	unresolved_endpoint
IntAct	2026-01-09	positive_evidence	intact:EBI-5329435|imex:IM-16612-15	Q9H2K2	Q9UHP3	unmapped_in_pinned_uniprot_release	unmapped_in_pinned_uniprot_release	unresolved_endpoint
IntAct	2026-01-09	positive_evidence	intact:EBI-5329621|imex:IM-16612-24	Q9H2K2	P54274	unmapped_in_pinned_uniprot_release	accepted	unresolved_endpoint
IntAct	2026-01-09	positive_evidence	intact:EBI-5333341|imex:IM-16612-1	O15169	Q9H2K2	accepted	unmapped_in_pinned_uniprot_release	unresolved_endpoint
IntAct	2026-01-09	positive_evidence	intact:EBI-5333560|imex:IM-16612-5	Q5SW79	Q9H2K2	accepted	unmapped_in_pinned_uniprot_release	unresolved_endpoint
IntAct	2026-01-09	positive_evidence	intact:EBI-5329327|imex:IM-16612-11	Q07820	Q9H2K2	accepted	unmapped_in_pinned_uniprot_release	unresolved_endpoint
IntAct	2026-01-09	positive_evidence	intact:EBI-5329473|imex:IM-16612-12	Q14980	Q9H2K2	accepted	unmapped_in_pinned_uniprot_release	unresolved_endpoint
IntAct	2026-01-09	positive_evidence	intact:EBI-15957553|imex:IM-17068-1|dip:DIP-4996E	P05113	Q01344-2	accepted	isoform_specific_source_not_folded_to_canonical	unresolved_endpoint
IntAct	2026-01-09	positive_evidence	intact:EBI-15957595|imex:IM-17068-3|dip:DIP-4996E	P05113	Q01344-2	accepted	isoform_specific_source_not_folded_to_canonical	unresolved_endpoint
IntAct	2026-01-09	positive_evidence	intact:EBI-15957614|imex:IM-17068-4|dip:DIP-4996E	P05113	Q01344-2	accepted	isoform_specific_source_not_folded_to_canonical	unresolved_endpoint
IntAct	2026-01-09	positive_evidence	intact:EBI-15958688|imex:IM-17948-2|dip:DIP-189473E	Q13191-1	P62837	isoform_specific_source_not_folded_to_canonical	accepted	unresolved_endpoint
IntAct	2026-01-09	positive_evidence	intact:EBI-15958709|imex:IM-17948-3|dip:DIP-189473E	Q13191-1	P62837	isoform_specific_source_not_folded_to_canonical	accepted	unresolved_endpoint
IntAct	2026-01-09	positive_evidence	intact:EBI-15960816|imex:IM-21260-3|dip:DIP-191225E	P35222	O00482-1	accepted	isoform_specific_source_not_folded_to_canonical	unresolved_endpoint
IntAct	2026-01-09	positive_evidence	intact:EBI-15962104|imex:IM-17645-1|dip:DIP-179344E	O15379	Q9Y618	accepted	unmapped_in_pinned_uniprot_release	unresolved_endpoint
IntAct	2026-01-09	positive_evidence	intact:EBI-15963031|imex:IM-20998-1|dip:DIP-190592E	P29317	O15357-1	accepted	isoform_specific_source_not_folded_to_canonical	unresolved_endpoint
IntAct	2026-01-09	positive_evidence	intact:EBI-15963068|imex:IM-20998-2|dip:DIP-190593E	O15357-1	P21709	isoform_specific_source_not_folded_to_canonical	accepted	unresolved_endpoint
IntAct	2026-01-09	positive_evidence	intact:EBI-15963135|imex:IM-20998-5|dip:DIP-190592E	P29317	O15357-1	accepted	isoform_specific_source_not_folded_to_canonical	unresolved_endpoint
IntAct	2026-01-09	positive_evidence	intact:EBI-15963090|imex:IM-20998-3|dip:DIP-190592E	P29317	O15357-1	accepted	isoform_specific_source_not_folded_to_canonical	unresolved_endpoint
IntAct	2026-01-09	positive_evidence	intact:EBI-15963195|imex:IM-17579-2|dip:DIP-8295E	P05230-1	P11362	isoform_specific_source_not_folded_to_canonical	accepted	unresolved_endpoint
IntAct	2026-01-09	positive_evidence	intact:EBI-15963173|imex:IM-17579-1|dip:DIP-6040E	P05230-1	P22607	isoform_specific_source_not_folded_to_canonical	accepted	unresolved_endpoint
IntAct	2026-01-09	positive_evidence	intact:EBI-15963249|imex:IM-17579-4|dip:DIP-188874E	P11362	P55075-4	accepted	isoform_specific_source_not_folded_to_canonical	unresolved_endpoint
IntAct	2026-01-09	positive_evidence	intact:EBI-15963225|imex:IM-17579-3|dip:DIP-188873E	P22607	P55075-4	accepted	isoform_specific_source_not_folded_to_canonical	unresolved_endpoint
IntAct	2026-01-09	positive_evidence	intact:EBI-15963432|imex:IM-17581-3|dip:DIP-188876E	Q9UBU8-2	Q96QT6	isoform_specific_source_not_folded_to_canonical	accepted	unresolved_endpoint
IntAct	2026-01-09	positive_evidence	intact:EBI-15963410|imex:IM-17581-2|dip:DIP-188876E	Q9UBU8-2	Q96QT6	isoform_specific_source_not_folded_to_canonical	accepted	unresolved_endpoint
IntAct	2026-01-09	positive_evidence	intact:EBI-15963480|imex:IM-17581-5|dip:DIP-188876E	Q9UBU8-2	Q96QT6	isoform_specific_source_not_folded_to_canonical	accepted	unresolved_endpoint
IntAct	2026-01-09	positive_evidence	intact:EBI-15963518|imex:IM-17581-6|dip:DIP-188876E	Q9UBU8-2	Q96QT6	isoform_specific_source_not_folded_to_canonical	accepted	unresolved_endpoint
IntAct	2026-01-09	positive_evidence	intact:EBI-9696480	Q9P2R3	Q9H4M9	unmapped_in_pinned_uniprot_release	unmapped_in_pinned_uniprot_release	unresolved_endpoint
IntAct	2026-01-09	positive_evidence	intact:EBI-15968373|imex:IM-17583-2|dip:DIP-188880E	P16471-1	P01236	isoform_specific_source_not_folded_to_canonical	accepted	unresolved_endpoint
IntAct	2026-01-09	positive_evidence	intact:EBI-15969141|imex:IM-17635-2|dip:DIP-76124E	O00255-2	P17535	isoform_specific_source_not_folded_to_canonical	accepted	unresolved_endpoint
IntAct	2026-01-09	positive_evidence	intact:EBI-15969310|imex:IM-17635-8|dip:DIP-83297E	O00255-2	Q03164	isoform_specific_source_not_folded_to_canonical	accepted	unresolved_endpoint
IntAct	2026-01-09	positive_evidence	intact:EBI-15969205|imex:IM-17635-4|dip:DIP-76124E	O00255-2	P17535	isoform_specific_source_not_folded_to_canonical	accepted	unresolved_endpoint
IntAct	2026-01-09	positive_evidence	intact:EBI-15969281|imex:IM-17635-7|dip:DIP-76124E	O00255-2	P17535	isoform_specific_source_not_folded_to_canonical	accepted	unresolved_endpoint
IntAct	2026-01-09	positive_evidence	intact:EBI-15969185|imex:IM-17635-3|dip:DIP-188938E	O00255-2	Q9UMN6	isoform_specific_source_not_folded_to_canonical	unmapped_in_pinned_uniprot_release	unresolved_endpoint
IntAct	2026-01-09	positive_evidence	intact:EBI-15969392|imex:IM-17635-11|dip:DIP-83297E	O00255-2	Q03164	isoform_specific_source_not_folded_to_canonical	accepted	unresolved_endpoint
IntAct	2026-01-09	positive_evidence	intact:EBI-15969598|imex:IM-17635-18|dip:DIP-83297E	O00255-2	Q03164	isoform_specific_source_not_folded_to_canonical	accepted	unresolved_endpoint
IntAct	2026-01-09	positive_evidence	intact:EBI-15969684|imex:IM-17635-22|dip:DIP-83297E	O00255-2	Q03164	isoform_specific_source_not_folded_to_canonical	accepted	unresolved_endpoint
IntAct	2026-01-09	positive_evidence	intact:EBI-15970426|imex:IM-18090-3|dip:DIP-189803E	Q5JVF3-1	P60896	isoform_specific_source_not_folded_to_canonical	accepted	unresolved_endpoint
IntAct	2026-01-09	positive_evidence	intact:EBI-15972156|imex:IM-17641-1|dip:DIP-177553E	Q96FW1-1	P61088	isoform_specific_source_not_folded_to_canonical	accepted	unresolved_endpoint
IntAct	2026-01-09	positive_evidence	intact:EBI-27119240|imex:IM-29322-1	Q5KU26	Q9UKJ1	accepted	unmapped_in_pinned_uniprot_release	unresolved_endpoint
IntAct	2026-01-09	positive_evidence	intact:EBI-27119256|imex:IM-29322-3	Q5KU26	Q9UKJ1	accepted	unmapped_in_pinned_uniprot_release	unresolved_endpoint
IntAct	2026-01-09	positive_evidence	intact:EBI-27119285|imex:IM-29322-7	Q9NQX5	Q9UKJ1	unmapped_in_pinned_uniprot_release	unmapped_in_pinned_uniprot_release	unresolved_endpoint
IntAct	2026-01-09	positive_evidence	intact:EBI-27119335|imex:IM-29322-11	Q9NQX5	Q9UKJ1	unmapped_in_pinned_uniprot_release	unmapped_in_pinned_uniprot_release	unresolved_endpoint
IntAct	2026-01-09	positive_evidence	intact:EBI-21199555|imex:IM-27328-1	Q9Y5P4-1	P02743	isoform_specific_source_not_folded_to_canonical	accepted	unresolved_endpoint
IntAct	2026-01-09	positive_evidence	intact:EBI-21199592|imex:IM-27328-21	Q9Y5P4-2	P02743	isoform_specific_source_not_folded_to_canonical	accepted	unresolved_endpoint
IntAct	2026-01-09	positive_evidence	intact:EBI-21199889|imex:IM-27328-9	Q9Y5P4-1	P02743	isoform_specific_source_not_folded_to_canonical	accepted	unresolved_endpoint
IntAct	2026-01-09	positive_evidence	intact:EBI-21199896|imex:IM-27328-11	Q9Y5P4-1	P02743	isoform_specific_source_not_folded_to_canonical	accepted	unresolved_endpoint
IntAct	2026-01-09	positive_evidence	intact:EBI-21199903|imex:IM-27328-13	Q9Y5P4-1	P02743	isoform_specific_source_not_folded_to_canonical	accepted	unresolved_endpoint
IntAct	2026-01-09	positive_evidence	intact:EBI-21994688|imex:IM-27328-32	Q9Y5P4-2	P02743	isoform_specific_source_not_folded_to_canonical	accepted	unresolved_endpoint
IntAct	2026-01-09	positive_evidence	intact:EBI-21199846|imex:IM-27328-23	Q9Y5P4-1	P02743	isoform_specific_source_not_folded_to_canonical	accepted	unresolved_endpoint
IntAct	2026-01-09	positive_evidence	intact:EBI-15974719|imex:IM-20648-3|dip:DIP-67064E	Q8WXF1-1	Q15233	isoform_specific_source_not_folded_to_canonical	accepted	unresolved_endpoint
IntAct	2026-01-09	positive_evidence	intact:EBI-15974741|imex:IM-20648-4|dip:DIP-67064E	Q8WXF1-1	Q15233	isoform_specific_source_not_folded_to_canonical	accepted	unresolved_endpoint
IntAct	2026-01-09	positive_evidence	intact:EBI-15974825|imex:IM-20648-8|dip:DIP-67064E	Q8WXF1-1	Q15233	isoform_specific_source_not_folded_to_canonical	accepted	unresolved_endpoint
IntAct	2026-01-09	positive_evidence	intact:EBI-7788396|mint:MINT-8379171|imex:IM-20827-14	Q96EP0	Q9BYM8	accepted	unmapped_in_pinned_uniprot_release	unresolved_endpoint
IntAct	2026-01-09	positive_evidence	intact:EBI-7788426|mint:MINT-8380117|imex:IM-20827-9	Q96EP0	Q9BYM8	accepted	unmapped_in_pinned_uniprot_release	unresolved_endpoint
IntAct	2026-01-09	positive_evidence	intact:EBI-7788472|mint:MINT-8380141|imex:IM-20827-10	Q9BYM8	Q96EP0	unmapped_in_pinned_uniprot_release	accepted	unresolved_endpoint
IntAct	2026-01-09	positive_evidence	intact:EBI-7788500|mint:MINT-8380160|imex:IM-20827-11	Q96EP0	Q9BYM8	accepted	unmapped_in_pinned_uniprot_release	unresolved_endpoint
IntAct	2026-01-09	positive_evidence	intact:EBI-7788528|mint:MINT-8380181|imex:IM-20827-12	Q9BYM8	Q96EP0	unmapped_in_pinned_uniprot_release	accepted	unresolved_endpoint
IntAct	2026-01-09	positive_evidence	intact:EBI-7788574|mint:MINT-8380200|imex:IM-20827-13	Q9BYM8	Q96EP0	unmapped_in_pinned_uniprot_release	accepted	unresolved_endpoint
IntAct	2026-01-09	positive_evidence	intact:EBI-7788615|mint:MINT-8380224|imex:IM-20827-8	Q9BYM8	Q96EP0	unmapped_in_pinned_uniprot_release	accepted	unresolved_endpoint
IntAct	2026-01-09	positive_evidence	intact:EBI-15978987|imex:IM-17600-1|dip:DIP-188901E	Q6ZMJ4-1	P07333	isoform_specific_source_not_folded_to_canonical	accepted	unresolved_endpoint
IntAct	2026-01-09	positive_evidence	intact:EBI-15979008|imex:IM-17600-2|dip:DIP-188901E	Q6ZMJ4-1	P07333	isoform_specific_source_not_folded_to_canonical	accepted	unresolved_endpoint
IntAct	2026-01-09	positive_evidence	intact:EBI-15979034|imex:IM-17600-3|dip:DIP-188901E	Q6ZMJ4-1	P07333	isoform_specific_source_not_folded_to_canonical	accepted	unresolved_endpoint
IntAct	2026-01-09	positive_evidence	intact:EBI-15979546|imex:IM-18012-1|dip:DIP-189605E	Q5VW32	Q9NZZ3-1	accepted	isoform_specific_source_not_folded_to_canonical	unresolved_endpoint
IntAct	2026-01-09	positive_evidence	intact:EBI-15979635|imex:IM-18012-4|dip:DIP-189607E	Q5VW32	Q9H444	accepted	unmapped_in_pinned_uniprot_release	unresolved_endpoint
IntAct	2026-01-09	positive_evidence	intact:EBI-15979601|imex:IM-18012-3|dip:DIP-189605E	Q5VW32	Q9NZZ3-1	accepted	isoform_specific_source_not_folded_to_canonical	unresolved_endpoint
IntAct	2026-01-09	positive_evidence	intact:EBI-15979779|imex:IM-18012-10|dip:DIP-189605E	Q5VW32	Q9NZZ3-1	accepted	isoform_specific_source_not_folded_to_canonical	unresolved_endpoint
IntAct	2026-01-09	positive_evidence	intact:EBI-15979731|imex:IM-18012-8|dip:DIP-59418E	Q9H444	Q8WUM4	unmapped_in_pinned_uniprot_release	accepted	unresolved_endpoint
IntAct	2026-01-09	positive_evidence	intact:EBI-15979704|imex:IM-18012-7|dip:DIP-189607E	Q5VW32	Q9H444	accepted	unmapped_in_pinned_uniprot_release	unresolved_endpoint
IntAct	2026-01-09	positive_evidence	intact:EBI-15979844|imex:IM-18012-12|dip:DIP-189607E	Q5VW32	Q9H444	accepted	unmapped_in_pinned_uniprot_release	unresolved_endpoint
IntAct	2026-01-09	positive_evidence	intact:EBI-15979875|imex:IM-18012-13|dip:DIP-189605E	Q5VW32	Q9NZZ3-1	accepted	isoform_specific_source_not_folded_to_canonical	unresolved_endpoint
IntAct	2026-01-09	positive_evidence	intact:EBI-15980983|imex:IM-18098-1|dip:DIP-189845E	O00482-1	Q15466	isoform_specific_source_not_folded_to_canonical	accepted	unresolved_endpoint
IntAct	2026-01-09	positive_evidence	intact:EBI-15981005|imex:IM-18098-2|dip:DIP-189845E	O00482-1	Q15466	isoform_specific_source_not_folded_to_canonical	accepted	unresolved_endpoint
IntAct	2026-01-09	positive_evidence	intact:EBI-15981026|imex:IM-18098-3|dip:DIP-189849E	O00482-1	Q9Y618	isoform_specific_source_not_folded_to_canonical	unmapped_in_pinned_uniprot_release	unresolved_endpoint
IntAct	2026-01-09	positive_evidence	intact:EBI-15981068|imex:IM-18098-5|dip:DIP-189846E	O00482-1	Q15596	isoform_specific_source_not_folded_to_canonical	accepted	unresolved_endpoint
IntAct	2026-01-09	positive_evidence	intact:EBI-15981090|imex:IM-18098-6|dip:DIP-189846E	O00482-1	Q15596	isoform_specific_source_not_folded_to_canonical	accepted	unresolved_endpoint
IntAct	2026-01-09	positive_evidence	intact:EBI-15981111|imex:IM-18098-7|dip:DIP-189848E	O00482-1	Q15788	isoform_specific_source_not_folded_to_canonical	accepted	unresolved_endpoint
IntAct	2026-01-09	positive_evidence	intact:EBI-15982223|dip:DIP-188930E|imex:IM-17615-3	P21549	P50542-1	accepted	isoform_specific_source_not_folded_to_canonical	unresolved_endpoint
IntAct	2026-01-09	positive_evidence	intact:EBI-15982265|imex:IM-17615-5|dip:DIP-188930E	P21549	P50542-1	accepted	isoform_specific_source_not_folded_to_canonical	unresolved_endpoint
IntAct	2026-01-09	positive_evidence	intact:EBI-15983139|imex:IM-18020-5|dip:DIP-189620E	P08833	P01344-1	accepted	isoform_specific_source_not_folded_to_canonical	unresolved_endpoint
IntAct	2026-01-09	positive_evidence	intact:EBI-15983199|imex:IM-18020-8|dip:DIP-189621E	P01344-1	P17936	isoform_specific_source_not_folded_to_canonical	accepted	unresolved_endpoint
IntAct	2026-01-09	positive_evidence	intact:EBI-6163155|wwpdb:4dxr|imex:IM-17371-4	Q8NF91	Q9UH99	accepted	unmapped_in_pinned_uniprot_release	unresolved_endpoint
IntAct	2026-01-09	positive_evidence	intact:EBI-6163172|wwpdb:4dxs|imex:IM-17371-5	Q8WXH0	Q9UH99	accepted	unmapped_in_pinned_uniprot_release	unresolved_endpoint
IntAct	2026-01-09	positive_evidence	intact:EBI-8764504|imex:IM-21436-60	P23284-PRO_0000025479	P13667	unmapped_in_pinned_uniprot_release	accepted	unresolved_endpoint
IntAct	2026-01-09	positive_evidence	intact:EBI-15987895|imex:IM-18024-8|dip:DIP-189626E	Q14524	P61328-2	accepted	isoform_specific_source_not_folded_to_canonical	unresolved_endpoint
IntAct	2026-01-09	positive_evidence	intact:EBI-15987849|imex:IM-18024-6|dip:DIP-189626E	Q14524	P61328-2	accepted	isoform_specific_source_not_folded_to_canonical	unresolved_endpoint
IntAct	2026-01-09	positive_evidence	intact:EBI-15987807|imex:IM-18024-4|dip:DIP-189627E	P61328-2	P35498-1	isoform_specific_source_not_folded_to_canonical	isoform_specific_source_not_folded_to_canonical	unresolved_endpoint
IntAct	2026-01-09	positive_evidence	intact:EBI-15994365|imex:IM-18075-1|dip:DIP-189761E	Q9H668	O14773-1	unmapped_in_pinned_uniprot_release	isoform_specific_source_not_folded_to_canonical	unresolved_endpoint
IntAct	2026-01-09	positive_evidence	intact:EBI-15994519|imex:IM-18075-8|dip:DIP-189763E	Q9H668	Q9NUX5-1	unmapped_in_pinned_uniprot_release	isoform_specific_source_not_folded_to_canonical	unresolved_endpoint
IntAct	2026-01-09	positive_evidence	intact:EBI-15994457|imex:IM-18075-5|dip:DIP-189760E	Q2NKJ3-1	O14773-1	isoform_specific_source_not_folded_to_canonical	isoform_specific_source_not_folded_to_canonical	unresolved_endpoint
IntAct	2026-01-09	positive_evidence	intact:EBI-15994607|imex:IM-18075-12|dip:DIP-189759E	Q2NKJ3-1	Q9H668	isoform_specific_source_not_folded_to_canonical	unmapped_in_pinned_uniprot_release	unresolved_endpoint
IntAct	2026-01-09	positive_evidence	intact:EBI-15994668|imex:IM-18075-15|dip:DIP-189762E	Q2NKJ3-1	Q9NUX5-1	isoform_specific_source_not_folded_to_canonical	isoform_specific_source_not_folded_to_canonical	unresolved_endpoint
IntAct	2026-01-09	positive_evidence	intact:EBI-25435764|imex:IM-27742-5	P13569	O43852-PRO_0000004153	accepted	unmapped_in_pinned_uniprot_release	unresolved_endpoint
IntAct	2026-01-09	positive_evidence	intact:EBI-15995203|imex:IM-20689-1|dip:DIP-190335E	Q92973-2	P35637	isoform_specific_source_not_folded_to_canonical	accepted	unresolved_endpoint
IntAct	2026-01-09	positive_evidence	intact:EBI-15995222|imex:IM-20689-2|dip:DIP-190335E	Q92973-2	P35637	isoform_specific_source_not_folded_to_canonical	accepted	unresolved_endpoint
IntAct	2026-01-09	positive_evidence	intact:EBI-7968467|mint:MINT-8402491|imex:IM-20876-1	Q96EP0	Q9BYM8	accepted	unmapped_in_pinned_uniprot_release	unresolved_endpoint
IntAct	2026-01-09	positive_evidence	intact:EBI-15998979|imex:IM-18076-2|dip:DIP-3912E	P19438-1	P01375	isoform_specific_source_not_folded_to_canonical	accepted	unresolved_endpoint
IntAct	2026-01-09	positive_evidence	intact:EBI-14023063|imex:IM-25677-3	Q9NYY1-PRO_0000015381	Q6UXL0	unmapped_in_pinned_uniprot_release	accepted	unresolved_endpoint
IntAct	2026-01-09	positive_evidence	intact:EBI-14023088|imex:IM-25677-4	Q9NYY1-PRO_0000015381	Q9UHF4	unmapped_in_pinned_uniprot_release	unmapped_in_pinned_uniprot_release	unresolved_endpoint
IntAct	2026-01-09	positive_evidence	intact:EBI-14023258|imex:IM-25677-9	Q9NYY1-PRO_0000015381	Q6UXL0	unmapped_in_pinned_uniprot_release	accepted	unresolved_endpoint
IntAct	2026-01-09	positive_evidence	intact:EBI-14023283|imex:IM-25677-10	Q9UHD0-PRO_0000015379	Q6UXL0	unmapped_in_pinned_uniprot_release	accepted	unresolved_endpoint
IntAct	2026-01-09	positive_evidence	intact:EBI-14023337|imex:IM-25677-11	Q9UHD0-PRO_0000015379	Q6UXL0	unmapped_in_pinned_uniprot_release	accepted	unresolved_endpoint
IntAct	2026-01-09	positive_evidence	intact:EBI-6264210|imex:IM-17659-15	Q9Y572	Q13546	unmapped_in_pinned_uniprot_release	accepted	unresolved_endpoint
IntAct	2026-01-09	positive_evidence	intact:EBI-7985775|mint:MINT-8385863|imex:IM-26445-5	Q9Y253	Q9UBZ9	unmapped_in_pinned_uniprot_release	unmapped_in_pinned_uniprot_release	unresolved_endpoint
IntAct	2026-01-09	positive_evidence	intact:EBI-21283674|imex:IM-27536-37	O75920-2	P37840	isoform_specific_source_not_folded_to_canonical	accepted	unresolved_endpoint
IntAct	2026-01-09	positive_evidence	intact:EBI-21283699|imex:IM-27536-39	P37840	O75920-2	accepted	isoform_specific_source_not_folded_to_canonical	unresolved_endpoint
IntAct	2026-01-09	positive_evidence	intact:EBI-27112120|imex:IM-29313-5	P48740-3	P11226	isoform_specific_source_not_folded_to_canonical	accepted	unresolved_endpoint
IntAct	2026-01-09	positive_evidence	intact:EBI-27112125|imex:IM-29313-7	P48740-3	O75636	isoform_specific_source_not_folded_to_canonical	accepted	unresolved_endpoint
IntAct	2026-01-09	positive_evidence	intact:EBI-27112130|imex:IM-29313-9	P48740-2	O75636	isoform_specific_source_not_folded_to_canonical	accepted	unresolved_endpoint
IntAct	2026-01-09	positive_evidence	intact:EBI-27112135|imex:IM-29313-11	P48740-2	P11226	isoform_specific_source_not_folded_to_canonical	accepted	unresolved_endpoint
IntAct	2026-01-09	positive_evidence	intact:EBI-67124110|wwpdb:2lsr|imex:IM-30407-1	Q9Y6N9-1	Q9H251	isoform_specific_source_not_folded_to_canonical	unmapped_in_pinned_uniprot_release	unresolved_endpoint
IntAct	2026-01-09	positive_evidence	intact:EBI-67124204|imex:IM-30407-9	Q9H251	Q9Y6N9-1	unmapped_in_pinned_uniprot_release	isoform_specific_source_not_folded_to_canonical	unresolved_endpoint
IntAct	2026-01-09	positive_evidence	intact:EBI-67124498|imex:IM-30407-11	Q9H251	Q9Y6N9-1	unmapped_in_pinned_uniprot_release	isoform_specific_source_not_folded_to_canonical	unresolved_endpoint
IntAct	2026-01-09	positive_evidence	intact:EBI-67124512|imex:IM-30407-13	Q9H251	Q9Y6N9-1	unmapped_in_pinned_uniprot_release	isoform_specific_source_not_folded_to_canonical	unresolved_endpoint
IntAct	2026-01-09	positive_evidence	intact:EBI-67124524|imex:IM-30407-15	Q9H251	Q9Y6N9-1	unmapped_in_pinned_uniprot_release	isoform_specific_source_not_folded_to_canonical	unresolved_endpoint
IntAct	2026-01-09	positive_evidence	intact:EBI-67124536|imex:IM-30407-17	Q9Y6N9-1	Q9H251	isoform_specific_source_not_folded_to_canonical	unmapped_in_pinned_uniprot_release	unresolved_endpoint
IntAct	2026-01-09	positive_evidence	intact:EBI-67124548|imex:IM-30407-19	Q9Y6N9-1	Q9H251	isoform_specific_source_not_folded_to_canonical	unmapped_in_pinned_uniprot_release	unresolved_endpoint
IntAct	2026-01-09	positive_evidence	intact:EBI-16007734|imex:IM-18564-3|dip:DIP-190003E	Q9NQS3-1	Q92692	isoform_specific_source_not_folded_to_canonical	accepted	unresolved_endpoint
IntAct	2026-01-09	positive_evidence	intact:EBI-16007795|imex:IM-18564-6|dip:DIP-190003E	Q9NQS3-1	Q92692	isoform_specific_source_not_folded_to_canonical	accepted	unresolved_endpoint
IntAct	2026-01-09	positive_evidence	intact:EBI-16007948|imex:IM-18564-11|dip:DIP-70527E	Q9NQS3-1	Q15223	isoform_specific_source_not_folded_to_canonical	accepted	unresolved_endpoint
IntAct	2026-01-09	positive_evidence	intact:EBI-16008016|imex:IM-18564-14|dip:DIP-70527E	Q9NQS3-1	Q15223	isoform_specific_source_not_folded_to_canonical	accepted	unresolved_endpoint
IntAct	2026-01-09	positive_evidence	intact:EBI-16008291|imex:IM-18564-27|dip:DIP-190002E	P15151	Q9NQS3-1	accepted	isoform_specific_source_not_folded_to_canonical	unresolved_endpoint
IntAct	2026-01-09	positive_evidence	intact:EBI-16010642|imex:IM-18539-3|dip:DIP-188133E	Q9UHR4	Q12929	unmapped_in_pinned_uniprot_release	accepted	unresolved_endpoint
IntAct	2026-01-09	positive_evidence	intact:EBI-16010749|imex:IM-18539-8|dip:DIP-188133E	Q9UHR4	Q12929	unmapped_in_pinned_uniprot_release	accepted	unresolved_endpoint
IntAct	2026-01-09	positive_evidence	intact:EBI-16010806|imex:IM-18540-1|dip:DIP-189957E	Q96PU5-5	O15105	isoform_specific_source_not_folded_to_canonical	accepted	unresolved_endpoint
IntAct	2026-01-09	positive_evidence	intact:EBI-16010904|imex:IM-18540-4|dip:DIP-145359E	O15105	Q9HAU4	accepted	unmapped_in_pinned_uniprot_release	unresolved_endpoint
IntAct	2026-01-09	positive_evidence	intact:EBI-16010968|imex:IM-18540-7|dip:DIP-188075E	O15105	Q9HCE7-1	accepted	isoform_specific_source_not_folded_to_canonical	unresolved_endpoint
IntAct	2026-01-09	positive_evidence	intact:EBI-16011025|imex:IM-18540-9|dip:DIP-189957E	Q96PU5-5	O15105	isoform_specific_source_not_folded_to_canonical	accepted	unresolved_endpoint
IntAct	2026-01-09	positive_evidence	intact:EBI-16011120|imex:IM-18540-13|dip:DIP-188075E	O15105	Q9HCE7-1	accepted	isoform_specific_source_not_folded_to_canonical	unresolved_endpoint
IntAct	2026-01-09	positive_evidence	intact:EBI-16011071|imex:IM-18540-11|dip:DIP-145359E	O15105	Q9HAU4	accepted	unmapped_in_pinned_uniprot_release	unresolved_endpoint
IntAct	2026-01-09	positive_evidence	intact:EBI-16012265|imex:IM-18542-1|dip:DIP-145735E	P62136	Q12972-1	accepted	isoform_specific_source_not_folded_to_canonical	unresolved_endpoint
IntAct	2026-01-09	positive_evidence	intact:EBI-16012286|imex:IM-18542-2|dip:DIP-145735E	P62136	Q12972-1	accepted	isoform_specific_source_not_folded_to_canonical	unresolved_endpoint
IntAct	2026-01-09	positive_evidence	intact:EBI-16012392|imex:IM-18542-7|dip:DIP-145735E	P62136	Q12972-1	accepted	isoform_specific_source_not_folded_to_canonical	unresolved_endpoint
IntAct	2026-01-09	positive_evidence	intact:EBI-16012941|imex:IM-20712-3|dip:DIP-190053E	Q7Z6M4	Q96CB9-1	accepted	isoform_specific_source_not_folded_to_canonical	unresolved_endpoint
IntAct	2026-01-09	positive_evidence	intact:EBI-6555117|pdbe:4GMJ	A5YKK6	Q9UIV1	accepted	unmapped_in_pinned_uniprot_release	unresolved_endpoint
IntAct	2026-01-09	positive_evidence	intact:EBI-8058091|mint:MINT-8389828	Q9Y5W5	O00755	unmapped_in_pinned_uniprot_release	accepted	unresolved_endpoint
IntAct	2026-01-09	positive_evidence	intact:EBI-8058220|mint:MINT-8389852	Q9Y5W5	O96014	unmapped_in_pinned_uniprot_release	accepted	unresolved_endpoint
IntAct	2026-01-09	positive_evidence	intact:EBI-12734488|imex:IM-25632-2	Q9ULI3	O00522	unmapped_in_pinned_uniprot_release	accepted	unresolved_endpoint
IntAct	2026-01-09	positive_evidence	intact:EBI-12734574|imex:IM-25632-3|wwpdb:3U7D	Q9ULI3	O00522	unmapped_in_pinned_uniprot_release	accepted	unresolved_endpoint
IntAct	2026-01-09	positive_evidence	intact:EBI-16015292|imex:IM-18598-1|dip:DIP-190053E	Q7Z6M4	Q96CB9-1	accepted	isoform_specific_source_not_folded_to_canonical	unresolved_endpoint
IntAct	2026-01-09	positive_evidence	intact:EBI-16015334|imex:IM-18598-3|dip:DIP-190053E	Q7Z6M4	Q96CB9-1	accepted	isoform_specific_source_not_folded_to_canonical	unresolved_endpoint
IntAct	2026-01-09	positive_evidence	intact:EBI-11509213|imex:IM-24978-2	Q9H444	O43633	unmapped_in_pinned_uniprot_release	accepted	unresolved_endpoint
IntAct	2026-01-09	positive_evidence	intact:EBI-11509218|imex:IM-24978-3	Q9H444	Q9Y3E7	unmapped_in_pinned_uniprot_release	unmapped_in_pinned_uniprot_release	unresolved_endpoint
IntAct	2026-01-09	positive_evidence	intact:EBI-11509611|imex:IM-24978-4	O43633	Q9Y3E7	accepted	unmapped_in_pinned_uniprot_release	unresolved_endpoint
IntAct	2026-01-09	positive_evidence	intact:EBI-11509617|imex:IM-24978-5	Q9H444	Q9UQN3	unmapped_in_pinned_uniprot_release	unmapped_in_pinned_uniprot_release	unresolved_endpoint
IntAct	2026-01-09	positive_evidence	intact:EBI-11509634|imex:IM-24978-6	Q9UQN3	Q9Y3E7	unmapped_in_pinned_uniprot_release	unmapped_in_pinned_uniprot_release	unresolved_endpoint
IntAct	2026-01-09	positive_evidence	intact:EBI-16016821|imex:IM-18610-1|dip:DIP-190081E	Q95460-1	P61769	isoform_specific_source_not_folded_to_canonical	accepted	unresolved_endpoint
IntAct	2026-01-09	positive_evidence	intact:EBI-16017479|imex:IM-18613-2|dip:DIP-190083E	Q9UBU7-1	O00311	isoform_specific_source_not_folded_to_canonical	accepted	unresolved_endpoint
IntAct	2026-01-09	positive_evidence	intact:EBI-21942565|pdbe:2lto|imex:IM-27400-1	Q9H7E2	P24928	unmapped_in_pinned_uniprot_release	accepted	unresolved_endpoint
IntAct	2026-01-09	positive_evidence	intact:EBI-21942584|imex:IM-27400-3	Q9H7E2	P24928	unmapped_in_pinned_uniprot_release	accepted	unresolved_endpoint
IntAct	2026-01-09	positive_evidence	intact:EBI-16018724|imex:IM-20600-1|dip:DIP-190152E	Q9NPJ4-1	Q9NPI6	isoform_specific_source_not_folded_to_canonical	unmapped_in_pinned_uniprot_release	unresolved_endpoint
IntAct	2026-01-09	positive_evidence	intact:EBI-16018845|imex:IM-20600-6|dip:DIP-190152E	Q9NPJ4-1	Q9NPI6	isoform_specific_source_not_folded_to_canonical	unmapped_in_pinned_uniprot_release	unresolved_endpoint
IntAct	2026-01-09	positive_evidence	intact:EBI-16018757|imex:IM-20600-2|dip:DIP-190152E	Q9NPJ4-1	Q9NPI6	isoform_specific_source_not_folded_to_canonical	unmapped_in_pinned_uniprot_release	unresolved_endpoint
IntAct	2026-01-09	positive_evidence	intact:EBI-8159416|mint:MINT-8427783|imex:IM-20887-3	Q9BTU6	Q96J02	unmapped_in_pinned_uniprot_release	accepted	unresolved_endpoint
IntAct	2026-01-09	positive_evidence	intact:EBI-16025983|imex:IM-20755-4|dip:DIP-112382E	O94817	Q9NT62	accepted	unmapped_in_pinned_uniprot_release	unresolved_endpoint
IntAct	2026-01-09	positive_evidence	intact:EBI-11304337|wwpdb:4b4s|imex:IM-25583-1	Q9HD36	O43521	unmapped_in_pinned_uniprot_release	accepted	unresolved_endpoint
IntAct	2026-01-09	positive_evidence	intact:EBI-11314213|imex:IM-25583-13	Q9HD36	O43521	unmapped_in_pinned_uniprot_release	accepted	unresolved_endpoint
IntAct	2026-01-09	positive_evidence	intact:EBI-16028823|imex:IM-20745-7|dip:DIP-190402E	P42568	Q9HC52	accepted	unmapped_in_pinned_uniprot_release	unresolved_endpoint
IntAct	2026-01-09	positive_evidence	intact:EBI-16028966|imex:IM-20745-13|dip:DIP-190403E	P42568	Q6W2J9-1	accepted	isoform_specific_source_not_folded_to_canonical	unresolved_endpoint
IntAct	2026-01-09	positive_evidence	intact:EBI-16030445|imex:IM-20748-1|dip:DIP-103191E	P00533	Q9UJM3	accepted	unmapped_in_pinned_uniprot_release	unresolved_endpoint
IntAct	2026-01-09	positive_evidence	intact:EBI-21183114|imex:IM-27151-16	Q99523-PRO_0000033163	P05067-4	unmapped_in_pinned_uniprot_release	isoform_specific_source_not_folded_to_canonical	unresolved_endpoint
IntAct	2026-01-09	positive_evidence	intact:EBI-21193743|imex:IM-27151-9	Q99523-PRO_0000033163	P05067-8	unmapped_in_pinned_uniprot_release	isoform_specific_source_not_folded_to_canonical	unresolved_endpoint
IntAct	2026-01-09	positive_evidence	intact:EBI-21193751|imex:IM-27151-20	Q99523-PRO_0000033163	P05067-4	unmapped_in_pinned_uniprot_release	isoform_specific_source_not_folded_to_canonical	unresolved_endpoint
IntAct	2026-01-09	positive_evidence	intact:EBI-21474555|imex:IM-27151-24	Q99523-PRO_0000033163	P05067-4	unmapped_in_pinned_uniprot_release	isoform_specific_source_not_folded_to_canonical	unresolved_endpoint
IntAct	2026-01-09	positive_evidence	intact:EBI-16031653|imex:IM-20771-1|dip:DIP-189210E	P01308	P06213-2	accepted	isoform_specific_source_not_folded_to_canonical	unresolved_endpoint
IntAct	2026-01-09	positive_evidence	intact:EBI-16031697|imex:IM-20771-3|dip:DIP-189210E	P01308	P06213-2	accepted	isoform_specific_source_not_folded_to_canonical	unresolved_endpoint
IntAct	2026-01-09	positive_evidence	intact:EBI-16031747|imex:IM-20771-5|dip:DIP-189210E	P01308	P06213-2	accepted	isoform_specific_source_not_folded_to_canonical	unresolved_endpoint
IntAct	2026-01-09	positive_evidence	intact:EBI-25397135|imex:IM-27645-21	Q92673	P39905-PRO_0000034005	accepted	unmapped_in_pinned_uniprot_release	unresolved_endpoint
IntAct	2026-01-09	positive_evidence	intact:EBI-25397152|imex:IM-27645-23	Q92673	P39905-PRO_0000034005	accepted	unmapped_in_pinned_uniprot_release	unresolved_endpoint
IntAct	2026-01-09	positive_evidence	intact:EBI-25398037|imex:IM-27645-1	Q92673	Q92673-PRO_0000033164	accepted	unmapped_in_pinned_uniprot_release	unresolved_endpoint
IntAct	2026-01-09	positive_evidence	intact:EBI-25398088|imex:IM-27645-7	Q92673	P56159-2	accepted	isoform_specific_source_not_folded_to_canonical	unresolved_endpoint
IntAct	2026-01-09	positive_evidence	intact:EBI-15481490|imex:IM-26136-15	Q9Y6Q6	O14788-PRO_0000034515	unmapped_in_pinned_uniprot_release	unmapped_in_pinned_uniprot_release	unresolved_endpoint
IntAct	2026-01-09	positive_evidence	intact:EBI-16035752|imex:IM-21001-1|dip:DIP-190597E	Q13009	Q9C0A0-1	accepted	isoform_specific_source_not_folded_to_canonical	unresolved_endpoint
IntAct	2026-01-09	positive_evidence	intact:EBI-16035845|imex:IM-21001-5|dip:DIP-190597E	Q13009	Q9C0A0-1	accepted	isoform_specific_source_not_folded_to_canonical	unresolved_endpoint
IntAct	2026-01-09	positive_evidence	intact:EBI-16427934|imex:IM-26316-1	Q9NZQ7	Q15116	unmapped_in_pinned_uniprot_release	accepted	unresolved_endpoint
IntAct	2026-01-09	positive_evidence	intact:EBI-16427959|imex:IM-26316-3	Q9BQ51	Q15116	unmapped_in_pinned_uniprot_release	accepted	unresolved_endpoint
IntAct	2026-01-09	positive_evidence	intact:EBI-16428010|imex:IM-26316-5	Q15116	Q9NZQ7	accepted	unmapped_in_pinned_uniprot_release	unresolved_endpoint
IntAct	2026-01-09	positive_evidence	intact:EBI-16428033|imex:IM-26316-21	Q15116	Q9BQ51	accepted	unmapped_in_pinned_uniprot_release	unresolved_endpoint
IntAct	2026-01-09	positive_evidence	intact:EBI-16428216|imex:IM-26316-7	P33681	Q9NZQ7	accepted	unmapped_in_pinned_uniprot_release	unresolved_endpoint
IntAct	2026-01-09	positive_evidence	intact:EBI-16428252|imex:IM-26316-9	Q15116	Q9NZQ7	accepted	unmapped_in_pinned_uniprot_release	unresolved_endpoint
IntAct	2026-01-09	positive_evidence	intact:EBI-16428273|imex:IM-26316-11	Q15116	Q9BQ51	accepted	unmapped_in_pinned_uniprot_release	unresolved_endpoint
IntAct	2026-01-09	positive_evidence	intact:EBI-16428302|imex:IM-26316-23	P33681	Q9NZQ7	accepted	unmapped_in_pinned_uniprot_release	unresolved_endpoint
IntAct	2026-01-09	positive_evidence	intact:EBI-16428801|imex:IM-26316-44	Q15116	Q9NZQ7	accepted	unmapped_in_pinned_uniprot_release	unresolved_endpoint
IntAct	2026-01-09	positive_evidence	intact:EBI-20562870|imex:IM-26316-46	Q15116	Q9NZQ7	accepted	unmapped_in_pinned_uniprot_release	unresolved_endpoint
IntAct	2026-01-09	positive_evidence	intact:EBI-20562886|imex:IM-26316-26	Q15116	Q9NZQ7	accepted	unmapped_in_pinned_uniprot_release	unresolved_endpoint
IntAct	2026-01-09	positive_evidence	intact:EBI-20562902|imex:IM-26316-28	Q15116	Q9NZQ7	accepted	unmapped_in_pinned_uniprot_release	unresolved_endpoint
IntAct	2026-01-09	positive_evidence	intact:EBI-20562918|imex:IM-26316-30	Q15116	Q9NZQ7	accepted	unmapped_in_pinned_uniprot_release	unresolved_endpoint
IntAct	2026-01-09	positive_evidence	intact:EBI-20562934|imex:IM-26316-48	Q15116	Q9NZQ7	accepted	unmapped_in_pinned_uniprot_release	unresolved_endpoint
IntAct	2026-01-09	positive_evidence	intact:EBI-20562950|imex:IM-26316-50	Q15116	Q9NZQ7	accepted	unmapped_in_pinned_uniprot_release	unresolved_endpoint
IntAct	2026-01-09	positive_evidence	intact:EBI-20562966|imex:IM-26316-32	Q15116	Q9NZQ7	accepted	unmapped_in_pinned_uniprot_release	unresolved_endpoint
IntAct	2026-01-09	positive_evidence	intact:EBI-20562982|imex:IM-26316-34	Q15116	Q9NZQ7	accepted	unmapped_in_pinned_uniprot_release	unresolved_endpoint
IntAct	2026-01-09	positive_evidence	intact:EBI-20562836|imex:IM-26316-24	Q15116	Q9BQ51	accepted	unmapped_in_pinned_uniprot_release	unresolved_endpoint
IntAct	2026-01-09	positive_evidence	intact:EBI-20562999|imex:IM-26316-36	Q15116	Q9BQ51	accepted	unmapped_in_pinned_uniprot_release	unresolved_endpoint
IntAct	2026-01-09	positive_evidence	intact:EBI-20563014|imex:IM-26316-52	Q15116	Q9BQ51	accepted	unmapped_in_pinned_uniprot_release	unresolved_endpoint
IntAct	2026-01-09	positive_evidence	intact:EBI-20563029|imex:IM-26316-54	Q15116	Q9BQ51	accepted	unmapped_in_pinned_uniprot_release	unresolved_endpoint
IntAct	2026-01-09	positive_evidence	intact:EBI-20563044|imex:IM-26316-38	Q15116	Q9BQ51	accepted	unmapped_in_pinned_uniprot_release	unresolved_endpoint
IntAct	2026-01-09	positive_evidence	intact:EBI-20563059|imex:IM-26316-56	Q15116	Q9BQ51	accepted	unmapped_in_pinned_uniprot_release	unresolved_endpoint
IntAct	2026-01-09	positive_evidence	intact:EBI-20563074|imex:IM-26316-40	Q15116	Q9BQ51	accepted	unmapped_in_pinned_uniprot_release	unresolved_endpoint
IntAct	2026-01-09	positive_evidence	intact:EBI-20563089|imex:IM-26316-58	Q15116	Q9BQ51	accepted	unmapped_in_pinned_uniprot_release	unresolved_endpoint
IntAct	2026-01-09	positive_evidence	intact:EBI-20563104|imex:IM-26316-42	Q15116	Q9BQ51	accepted	unmapped_in_pinned_uniprot_release	unresolved_endpoint
IntAct	2026-01-09	positive_evidence	intact:EBI-16037565|imex:IM-21004-1|dip:DIP-190604E	Q9Y376	Q9P289-1	unmapped_in_pinned_uniprot_release	isoform_specific_source_not_folded_to_canonical	unresolved_endpoint
IntAct	2026-01-09	positive_evidence	intact:EBI-16037681|imex:IM-21004-5|dip:DIP-190604E	Q9Y376	Q9P289-1	unmapped_in_pinned_uniprot_release	isoform_specific_source_not_folded_to_canonical	unresolved_endpoint
IntAct	2026-01-09	positive_evidence	intact:EBI-16037819|imex:IM-21004-10|dip:DIP-190604E	Q9Y376	Q9P289-1	unmapped_in_pinned_uniprot_release	isoform_specific_source_not_folded_to_canonical	unresolved_endpoint
IntAct	2026-01-09	positive_evidence	intact:EBI-16037788|imex:IM-21004-9|dip:DIP-190604E	Q9Y376	Q9P289-1	unmapped_in_pinned_uniprot_release	isoform_specific_source_not_folded_to_canonical	unresolved_endpoint
IntAct	2026-01-09	positive_evidence	intact:EBI-16038074|imex:IM-24838-2|dip:DIP-87687E	Q99814	P27540	unmapped_in_pinned_uniprot_release	accepted	unresolved_endpoint
IntAct	2026-01-09	positive_evidence	intact:EBI-16038251|imex:IM-21114-1|dip:DIP-68995E	O00167-1	Q15475	isoform_specific_source_not_folded_to_canonical	accepted	unresolved_endpoint
IntAct	2026-01-09	positive_evidence	intact:EBI-8445660|mint:MINT-8415099	O43508	Q9NP84	accepted	unmapped_in_pinned_uniprot_release	unresolved_endpoint
IntAct	2026-01-09	positive_evidence	intact:EBI-16040355|imex:IM-21013-5|dip:DIP-65593E	P78344-1	P60842	isoform_specific_source_not_folded_to_canonical	accepted	unresolved_endpoint
IntAct	2026-01-09	positive_evidence	intact:EBI-16042180|imex:IM-21017-15|dip:DIP-190613E	Q9BSM1-1	Q5H9F3-1	isoform_specific_source_not_folded_to_canonical	isoform_specific_source_not_folded_to_canonical	unresolved_endpoint
IntAct	2026-01-09	positive_evidence	intact:EBI-16042202|imex:IM-21017-16|dip:DIP-190612E	Q9BSM1-1	Q6W2J9-1	isoform_specific_source_not_folded_to_canonical	isoform_specific_source_not_folded_to_canonical	unresolved_endpoint
IntAct	2026-01-09	positive_evidence	intact:EBI-16043055|imex:IM-24822-1|dip:DIP-199805E	O75844	P02545-1	accepted	isoform_specific_source_not_folded_to_canonical	unresolved_endpoint
IntAct	2026-01-09	positive_evidence	intact:EBI-16043404|imex:IM-21021-1|dip:DIP-176835E	Q9BUL8	Q9P289-1	unmapped_in_pinned_uniprot_release	isoform_specific_source_not_folded_to_canonical	unresolved_endpoint
IntAct	2026-01-09	positive_evidence	intact:EBI-16043440|imex:IM-21021-2|dip:DIP-176835E	Q9BUL8	Q9P289-1	unmapped_in_pinned_uniprot_release	isoform_specific_source_not_folded_to_canonical	unresolved_endpoint
IntAct	2026-01-09	positive_evidence	intact:EBI-16043503|imex:IM-21021-4|dip:DIP-68813E	Q9BUL8	Q9Y6E0	unmapped_in_pinned_uniprot_release	unmapped_in_pinned_uniprot_release	unresolved_endpoint
IntAct	2026-01-09	positive_evidence	intact:EBI-16043635|imex:IM-21021-10|dip:DIP-176835E	Q9BUL8	Q9P289-1	unmapped_in_pinned_uniprot_release	isoform_specific_source_not_folded_to_canonical	unresolved_endpoint
IntAct	2026-01-09	positive_evidence	intact:EBI-6861384|rcsb pdb:3T5G|imex:IM-20908-12	O43924	Q15382-PRO_0000082708	accepted	unmapped_in_pinned_uniprot_release	unresolved_endpoint
IntAct	2026-01-09	positive_evidence	intact:EBI-16044880|imex:IM-21870-2|dip:DIP-192394E	P28482	P29353-2	accepted	isoform_specific_source_not_folded_to_canonical	unresolved_endpoint
IntAct	2026-01-09	positive_evidence	intact:EBI-16044943|imex:IM-21870-5|dip:DIP-192394E	P28482	P29353-2	accepted	isoform_specific_source_not_folded_to_canonical	unresolved_endpoint
IntAct	2026-01-09	positive_evidence	intact:EBI-16044968|imex:IM-21870-6|dip:DIP-192394E	P28482	P29353-2	accepted	isoform_specific_source_not_folded_to_canonical	unresolved_endpoint
IntAct	2026-01-09	positive_evidence	intact:EBI-6664176|imex:IM-20844-2	P05230-PRO_0000008908	P21802	unmapped_in_pinned_uniprot_release	accepted	unresolved_endpoint
IntAct	2026-01-09	positive_evidence	intact:EBI-6663425|imex:IM-20844-1	P21802	P05230-PRO_0000008908	accepted	unmapped_in_pinned_uniprot_release	unresolved_endpoint
IntAct	2026-01-09	positive_evidence	intact:EBI-16056396|imex:IM-21099-3|dip:DIP-86451E	P42345	Q9BVC4-1	accepted	isoform_specific_source_not_folded_to_canonical	unresolved_endpoint
IntAct	2026-01-09	positive_evidence	intact:EBI-13915546|imex:IM-25689-2	P07996-PRO_0000035842	P16671	unmapped_in_pinned_uniprot_release	accepted	unresolved_endpoint
IntAct	2026-01-09	positive_evidence	intact:EBI-16057365|imex:IM-21123-1|dip:DIP-190996E	A5YKK6-2	P26651	isoform_specific_source_not_folded_to_canonical	accepted	unresolved_endpoint
IntAct	2026-01-09	positive_evidence	intact:EBI-16057412|imex:IM-21123-3|dip:DIP-190996E	A5YKK6-2	P26651	isoform_specific_source_not_folded_to_canonical	accepted	unresolved_endpoint
IntAct	2026-01-09	positive_evidence	intact:EBI-26586070|imex:IM-28626-221	Q9NR55	P35638	unmapped_in_pinned_uniprot_release	accepted	unresolved_endpoint
IntAct	2026-01-09	positive_evidence	intact:EBI-26586229|imex:IM-28626-123	Q9Y2D1	P53567	unmapped_in_pinned_uniprot_release	accepted	unresolved_endpoint
IntAct	2026-01-09	positive_evidence	intact:EBI-26586285|imex:IM-28626-47	Q9NR55	P53567	unmapped_in_pinned_uniprot_release	accepted	unresolved_endpoint
IntAct	2026-01-09	positive_evidence	intact:EBI-26586474|imex:IM-28626-187	P49715	Q9NR55	accepted	unmapped_in_pinned_uniprot_release	unresolved_endpoint
IntAct	2026-01-09	positive_evidence	intact:EBI-26586586|imex:IM-28626-225	Q15744	Q9NR55	accepted	unmapped_in_pinned_uniprot_release	unresolved_endpoint
IntAct	2026-01-09	positive_evidence	intact:EBI-26586670|imex:IM-28626-227	Q9NS37	O43889	unmapped_in_pinned_uniprot_release	accepted	unresolved_endpoint
IntAct	2026-01-09	positive_evidence	intact:EBI-26586684|imex:IM-28626-243	Q9Y4A8	O43889	unmapped_in_pinned_uniprot_release	accepted	unresolved_endpoint
IntAct	2026-01-09	positive_evidence	intact:EBI-26586819|imex:IM-28626-171	P17861	Q9NS37	accepted	unmapped_in_pinned_uniprot_release	unresolved_endpoint
IntAct	2026-01-09	positive_evidence	intact:EBI-26586833|imex:IM-28626-109	Q99941	Q9NS37	unmapped_in_pinned_uniprot_release	unmapped_in_pinned_uniprot_release	unresolved_endpoint
IntAct	2026-01-09	positive_evidence	intact:EBI-26586866|imex:IM-28626-51	Q9NS37	P17861	unmapped_in_pinned_uniprot_release	accepted	unresolved_endpoint
IntAct	2026-01-09	positive_evidence	intact:EBI-26586894|imex:IM-28626-147	Q99941	P17861	unmapped_in_pinned_uniprot_release	accepted	unresolved_endpoint
IntAct	2026-01-09	positive_evidence	intact:EBI-26586936|imex:IM-28626-229	Q99941	P18850	unmapped_in_pinned_uniprot_release	accepted	unresolved_endpoint
IntAct	2026-01-09	positive_evidence	intact:EBI-26586964|imex:IM-28626-205	P17861	Q99941	accepted	unmapped_in_pinned_uniprot_release	unresolved_endpoint
IntAct	2026-01-09	positive_evidence	intact:EBI-26586978|imex:IM-28626-251	P18850	Q99941	accepted	unmapped_in_pinned_uniprot_release	unresolved_endpoint
IntAct	2026-01-09	positive_evidence	intact:EBI-26587024|imex:IM-28626-69	Q9ULX9	Q16649	unmapped_in_pinned_uniprot_release	accepted	unresolved_endpoint
IntAct	2026-01-09	positive_evidence	intact:EBI-26587128|imex:IM-28626-153	Q9NR55	Q10586	unmapped_in_pinned_uniprot_release	accepted	unresolved_endpoint
IntAct	2026-01-09	positive_evidence	intact:EBI-26587461|imex:IM-28626-117	Q9NR55	P15336	unmapped_in_pinned_uniprot_release	accepted	unresolved_endpoint
IntAct	2026-01-09	positive_evidence	intact:EBI-26587669|imex:IM-28626-119	Q9NR55	P05412	unmapped_in_pinned_uniprot_release	accepted	unresolved_endpoint
IntAct	2026-01-09	positive_evidence	intact:EBI-26587753|imex:IM-28626-131	P17275	Q9NR55	accepted	unmapped_in_pinned_uniprot_release	unresolved_endpoint
IntAct	2026-01-09	positive_evidence	intact:EBI-26587921|imex:IM-28626-37	P01100	Q9ULX9	accepted	unmapped_in_pinned_uniprot_release	unresolved_endpoint
IntAct	2026-01-09	positive_evidence	intact:EBI-26588559|imex:IM-28626-842	Q9NS37	P18848	unmapped_in_pinned_uniprot_release	accepted	unresolved_endpoint
IntAct	2026-01-09	positive_evidence	intact:EBI-26588671|imex:IM-28626-1084	Q9NR55	P18848	unmapped_in_pinned_uniprot_release	accepted	unresolved_endpoint
IntAct	2026-01-09	positive_evidence	intact:EBI-26588699|imex:IM-28626-282	Q9Y5Q3	P18848	unmapped_in_pinned_uniprot_release	accepted	unresolved_endpoint
IntAct	2026-01-09	positive_evidence	intact:EBI-26588741|imex:IM-28626-598	P53567	Q9Y2D1	accepted	unmapped_in_pinned_uniprot_release	unresolved_endpoint
IntAct	2026-01-09	positive_evidence	intact:EBI-26588755|imex:IM-28626-818	P49715	Q9Y2D1	accepted	unmapped_in_pinned_uniprot_release	unresolved_endpoint
IntAct	2026-01-09	positive_evidence	intact:EBI-26588769|imex:IM-28626-1038	Q15744	Q9Y2D1	accepted	unmapped_in_pinned_uniprot_release	unresolved_endpoint
IntAct	2026-01-09	positive_evidence	intact:EBI-26588972|imex:IM-28626-260	Q9NR55	P18847	unmapped_in_pinned_uniprot_release	accepted	unresolved_endpoint
IntAct	2026-01-09	positive_evidence	intact:EBI-26588986|imex:IM-28626-362	Q9ULX9	P18847	unmapped_in_pinned_uniprot_release	accepted	unresolved_endpoint
IntAct	2026-01-09	positive_evidence	intact:EBI-26589226|imex:IM-28626-286	P18847	Q9NR55	accepted	unmapped_in_pinned_uniprot_release	unresolved_endpoint
IntAct	2026-01-09	positive_evidence	intact:EBI-26589461|imex:IM-28626-860	Q9ULX9	Q8N1L9	unmapped_in_pinned_uniprot_release	accepted	unresolved_endpoint
IntAct	2026-01-09	positive_evidence	intact:EBI-26589504|imex:IM-28626-502	P35638	Q9NR55	accepted	unmapped_in_pinned_uniprot_release	unresolved_endpoint
IntAct	2026-01-09	positive_evidence	intact:EBI-26589518|imex:IM-28626-298	P53567	Q9NR55	accepted	unmapped_in_pinned_uniprot_release	unresolved_endpoint
IntAct	2026-01-09	positive_evidence	intact:EBI-26589532|imex:IM-28626-946	P49715	Q9NR55	accepted	unmapped_in_pinned_uniprot_release	unresolved_endpoint
IntAct	2026-01-09	positive_evidence	intact:EBI-26589546|imex:IM-28626-638	Q15744	Q9NR55	accepted	unmapped_in_pinned_uniprot_release	unresolved_endpoint
IntAct	2026-01-09	positive_evidence	intact:EBI-26589560|imex:IM-28626-300	Q10586	Q9NR55	accepted	unmapped_in_pinned_uniprot_release	unresolved_endpoint
IntAct	2026-01-09	positive_evidence	intact:EBI-26589574|imex:IM-28626-1088	Q16534	Q9NR55	accepted	unmapped_in_pinned_uniprot_release	unresolved_endpoint
IntAct	2026-01-09	positive_evidence	intact:EBI-26589588|imex:IM-28626-1090	P05412	Q9NR55	accepted	unmapped_in_pinned_uniprot_release	unresolved_endpoint
IntAct	2026-01-09	positive_evidence	intact:EBI-26589602|imex:IM-28626-640	P17275	Q9NR55	accepted	unmapped_in_pinned_uniprot_release	unresolved_endpoint
IntAct	2026-01-09	positive_evidence	intact:EBI-26589616|imex:IM-28626-302	P18848	Q9NR55	accepted	unmapped_in_pinned_uniprot_release	unresolved_endpoint
IntAct	2026-01-09	positive_evidence	intact:EBI-26589630|imex:IM-28626-698	P18847	Q9ULX9	accepted	unmapped_in_pinned_uniprot_release	unresolved_endpoint
IntAct	2026-01-09	positive_evidence	intact:EBI-26589644|imex:IM-28626-1118	Q16520	Q9NR55	accepted	unmapped_in_pinned_uniprot_release	unresolved_endpoint
IntAct	2026-01-09	positive_evidence	intact:EBI-26589658|imex:IM-28626-1092	Q9ULX9	Q9NR55	unmapped_in_pinned_uniprot_release	unmapped_in_pinned_uniprot_release	unresolved_endpoint
IntAct	2026-01-09	positive_evidence	intact:EBI-26589672|imex:IM-28626-518	O15525	Q9NR55	accepted	unmapped_in_pinned_uniprot_release	unresolved_endpoint
IntAct	2026-01-09	positive_evidence	intact:EBI-26589751|imex:IM-28626-958	O15525	Q9ULX9	accepted	unmapped_in_pinned_uniprot_release	unresolved_endpoint
IntAct	2026-01-09	positive_evidence	intact:EBI-26589779|imex:IM-28626-404	Q9ULX9	O15525	unmapped_in_pinned_uniprot_release	accepted	unresolved_endpoint
IntAct	2026-01-09	positive_evidence	intact:EBI-26589811|imex:IM-28626-880	P35638	Q9ULX9	accepted	unmapped_in_pinned_uniprot_release	unresolved_endpoint
IntAct	2026-01-09	positive_evidence	intact:EBI-26589825|imex:IM-28626-418	Q16649	Q9ULX9	accepted	unmapped_in_pinned_uniprot_release	unresolved_endpoint
IntAct	2026-01-09	positive_evidence	intact:EBI-26589857|imex:IM-28626-1098	Q8N1L9	Q9ULX9	accepted	unmapped_in_pinned_uniprot_release	unresolved_endpoint
IntAct	2026-01-09	positive_evidence	intact:EBI-26589871|imex:IM-28626-978	Q9NR55	Q9ULX9	unmapped_in_pinned_uniprot_release	unmapped_in_pinned_uniprot_release	unresolved_endpoint
IntAct	2026-01-09	positive_evidence	intact:EBI-26589887|imex:IM-28626-420	Q9NR55	O15525	unmapped_in_pinned_uniprot_release	accepted	unresolved_endpoint
IntAct	2026-01-09	positive_evidence	intact:EBI-26589917|imex:IM-28626-1100	Q14494	Q9ULX9	accepted	unmapped_in_pinned_uniprot_release	unresolved_endpoint
IntAct	2026-01-09	positive_evidence	intact:EBI-26589931|imex:IM-28626-1120	Q9Y4A8	Q9ULX9	unmapped_in_pinned_uniprot_release	unmapped_in_pinned_uniprot_release	unresolved_endpoint
IntAct	2026-01-09	positive_evidence	intact:EBI-26589947|imex:IM-28626-318	Q9Y4A8	O15525	unmapped_in_pinned_uniprot_release	accepted	unresolved_endpoint
IntAct	2026-01-09	positive_evidence	intact:EBI-26589975|imex:IM-28626-644	O14867	Q9ULX9	accepted	unmapped_in_pinned_uniprot_release	unresolved_endpoint
IntAct	2026-01-09	positive_evidence	intact:EBI-26589991|imex:IM-28626-422	Q9BYV9	Q9ULX9	unmapped_in_pinned_uniprot_release	unmapped_in_pinned_uniprot_release	unresolved_endpoint
IntAct	2026-01-09	positive_evidence	intact:EBI-26590005|imex:IM-28626-522	Q9BYV9	O15525	unmapped_in_pinned_uniprot_release	accepted	unresolved_endpoint
IntAct	2026-01-09	positive_evidence	intact:EBI-26590058|imex:IM-28626-424	Q9Y5Q3	O75444	unmapped_in_pinned_uniprot_release	accepted	unresolved_endpoint
IntAct	2026-01-09	positive_evidence	intact:EBI-26590102|imex:IM-28626-426	O75444	Q9Y5Q3	accepted	unmapped_in_pinned_uniprot_release	unresolved_endpoint
IntAct	2026-01-09	positive_evidence	intact:EBI-26590118|imex:IM-28626-646	P01100	Q9Y5Q3	accepted	unmapped_in_pinned_uniprot_release	unresolved_endpoint
IntAct	2026-01-09	positive_evidence	intact:EBI-26590165|imex:IM-28626-1122	Q9Y4A8	Q16621	unmapped_in_pinned_uniprot_release	accepted	unresolved_endpoint
IntAct	2026-01-09	positive_evidence	intact:EBI-26590197|imex:IM-28626-526	Q9ULX9	Q14494	unmapped_in_pinned_uniprot_release	accepted	unresolved_endpoint
IntAct	2026-01-09	positive_evidence	intact:EBI-26590225|imex:IM-28626-1124	Q9NS37	Q14494	unmapped_in_pinned_uniprot_release	accepted	unresolved_endpoint
IntAct	2026-01-09	positive_evidence	intact:EBI-26590248|imex:IM-28626-428	Q9Y4A8	Q14494	unmapped_in_pinned_uniprot_release	accepted	unresolved_endpoint
IntAct	2026-01-09	positive_evidence	intact:EBI-26590282|imex:IM-28626-406	Q9ULX9	Q16236	unmapped_in_pinned_uniprot_release	accepted	unresolved_endpoint
IntAct	2026-01-09	positive_evidence	intact:EBI-26590311|imex:IM-28626-1102	Q9Y4A8	Q16236	unmapped_in_pinned_uniprot_release	accepted	unresolved_endpoint
IntAct	2026-01-09	positive_evidence	intact:EBI-26590357|imex:IM-28626-506	Q16621	Q9Y4A8	accepted	unmapped_in_pinned_uniprot_release	unresolved_endpoint
IntAct	2026-01-09	positive_evidence	intact:EBI-26590372|imex:IM-28626-864	Q9ULX9	Q9Y4A8	unmapped_in_pinned_uniprot_release	unmapped_in_pinned_uniprot_release	unresolved_endpoint
IntAct	2026-01-09	positive_evidence	intact:EBI-26590388|imex:IM-28626-964	O15525	Q9Y4A8	accepted	unmapped_in_pinned_uniprot_release	unresolved_endpoint
IntAct	2026-01-09	positive_evidence	intact:EBI-26590404|imex:IM-28626-866	Q9ULX9	O14867	unmapped_in_pinned_uniprot_release	accepted	unresolved_endpoint
IntAct	2026-01-09	positive_evidence	intact:EBI-26590432|imex:IM-28626-868	Q9Y5Q3	O14867	unmapped_in_pinned_uniprot_release	accepted	unresolved_endpoint
IntAct	2026-01-09	positive_evidence	intact:EBI-26590474|imex:IM-28626-752	P35638	Q9BYV9	accepted	unmapped_in_pinned_uniprot_release	unresolved_endpoint
IntAct	2026-01-09	positive_evidence	intact:EBI-26590488|imex:IM-28626-968	Q9NR55	Q9BYV9	unmapped_in_pinned_uniprot_release	unmapped_in_pinned_uniprot_release	unresolved_endpoint
IntAct	2026-01-09	positive_evidence	intact:EBI-26590502|imex:IM-28626-1104	Q9ULX9	Q9BYV9	unmapped_in_pinned_uniprot_release	unmapped_in_pinned_uniprot_release	unresolved_endpoint
IntAct	2026-01-09	positive_evidence	intact:EBI-26590516|imex:IM-28626-754	O15525	Q9BYV9	accepted	unmapped_in_pinned_uniprot_release	unresolved_endpoint
IntAct	2026-01-09	positive_evidence	intact:EBI-26590533|imex:IM-28626-1106	Q14494	Q9BYV9	accepted	unmapped_in_pinned_uniprot_release	unresolved_endpoint
IntAct	2026-01-09	positive_evidence	intact:EBI-26590547|imex:IM-28626-410	Q9Y4A8	Q9BYV9	unmapped_in_pinned_uniprot_release	unmapped_in_pinned_uniprot_release	unresolved_endpoint
IntAct	2026-01-09	positive_evidence	intact:EBI-8523878|mint:MINT-8428533	Q9Y5K6	P06729	unmapped_in_pinned_uniprot_release	accepted	unresolved_endpoint
IntAct	2026-01-09	positive_evidence	intact:EBI-8523895|mint:MINT-8428573	Q13191	Q9Y5K6	accepted	unmapped_in_pinned_uniprot_release	unresolved_endpoint
IntAct	2026-01-09	positive_evidence	intact:EBI-8523916|mint:MINT-8428602	Q9Y5K6	Q13191	unmapped_in_pinned_uniprot_release	accepted	unresolved_endpoint
IntAct	2026-01-09	positive_evidence	intact:EBI-8524024|mint:MINT-8428723	Q13191	Q9Y5K6	accepted	unmapped_in_pinned_uniprot_release	unresolved_endpoint
IntAct	2026-01-09	positive_evidence	intact:EBI-8524046|mint:MINT-8428737	Q9Y5K6	Q13191	unmapped_in_pinned_uniprot_release	accepted	unresolved_endpoint
IntAct	2026-01-09	positive_evidence	intact:EBI-8524006|mint:MINT-8428711	Q9Y5K6	P06729	unmapped_in_pinned_uniprot_release	accepted	unresolved_endpoint
IntAct	2026-01-09	positive_evidence	intact:EBI-8524152|mint:MINT-8428837	Q9Y5K6	Q13191	unmapped_in_pinned_uniprot_release	accepted	unresolved_endpoint
IntAct	2026-01-09	positive_evidence	intact:EBI-8524130|mint:MINT-8428817	Q9Y5K6	Q13191	unmapped_in_pinned_uniprot_release	accepted	unresolved_endpoint
IntAct	2026-01-09	positive_evidence	intact:EBI-8524210|mint:MINT-8429048	Q9Y5K6	Q13191	unmapped_in_pinned_uniprot_release	accepted	unresolved_endpoint
IntAct	2026-01-09	positive_evidence	intact:EBI-16057768|imex:IM-21032-7|dip:DIP-176835E	Q9BUL8	Q9P289-1	unmapped_in_pinned_uniprot_release	isoform_specific_source_not_folded_to_canonical	unresolved_endpoint
IntAct	2026-01-09	positive_evidence	intact:EBI-16057747|imex:IM-21032-6|dip:DIP-68807E	Q9BUL8	O00506	unmapped_in_pinned_uniprot_release	accepted	unresolved_endpoint
IntAct	2026-01-09	positive_evidence	intact:EBI-16057655|imex:IM-21032-2|dip:DIP-176835E	Q9BUL8	Q9P289-1	unmapped_in_pinned_uniprot_release	isoform_specific_source_not_folded_to_canonical	unresolved_endpoint
IntAct	2026-01-09	positive_evidence	intact:EBI-16057676|imex:IM-21032-3|dip:DIP-68807E	Q9BUL8	O00506	unmapped_in_pinned_uniprot_release	accepted	unresolved_endpoint
IntAct	2026-01-09	positive_evidence	intact:EBI-16059216|imex:IM-24249-2|dip:DIP-198797E	O75643-1	Q6P2Q9	isoform_specific_source_not_folded_to_canonical	accepted	unresolved_endpoint
IntAct	2026-01-09	positive_evidence	intact:EBI-16059305|imex:IM-21036-2|dip:DIP-187238E	Q9Y4X5	P68036-1	unmapped_in_pinned_uniprot_release	isoform_specific_source_not_folded_to_canonical	unresolved_endpoint
IntAct	2026-01-09	positive_evidence	intact:EBI-9074709|imex:IM-21890-2	Q92692	Q9NQS3	accepted	unmapped_in_pinned_uniprot_release	unresolved_endpoint
IntAct	2026-01-09	positive_evidence	intact:EBI-20741287|imex:IM-26674-17	Q9UMR2	A9UHW6	unmapped_in_pinned_uniprot_release	accepted	unresolved_endpoint
IntAct	2026-01-09	positive_evidence	intact:EBI-16065710|imex:IM-21258-20|dip:DIP-191214E	P02750	P17813-1	accepted	isoform_specific_source_not_folded_to_canonical	unresolved_endpoint
IntAct	2026-01-09	positive_evidence	intact:EBI-16065874|imex:IM-21559-1|dip:DIP-191954E	O95727-1	Q9BY67	isoform_specific_source_not_folded_to_canonical	unmapped_in_pinned_uniprot_release	unresolved_endpoint
IntAct	2026-01-09	positive_evidence	intact:EBI-16065989|imex:IM-21559-6|dip:DIP-191954E	O95727-1	Q9BY67	isoform_specific_source_not_folded_to_canonical	unmapped_in_pinned_uniprot_release	unresolved_endpoint
IntAct	2026-01-09	positive_evidence	intact:EBI-8671427|imex:IM-22164-2|mint:MINT-8434351	Q9BX66	O15265	unmapped_in_pinned_uniprot_release	accepted	unresolved_endpoint
IntAct	2026-01-09	positive_evidence	intact:EBI-8671456|imex:IM-22164-3|mint:MINT-8434379	Q9BX66	O15265	unmapped_in_pinned_uniprot_release	accepted	unresolved_endpoint
IntAct	2026-01-09	positive_evidence	intact:EBI-8671476|imex:IM-22164-4|mint:MINT-8434409	Q9BX66	O15265	unmapped_in_pinned_uniprot_release	accepted	unresolved_endpoint
IntAct	2026-01-09	positive_evidence	intact:EBI-8671496|imex:IM-22164-5|mint:MINT-8434424	O15265	Q9BX66	accepted	unmapped_in_pinned_uniprot_release	unresolved_endpoint
IntAct	2026-01-09	positive_evidence	intact:EBI-8671520|imex:IM-22164-6|mint:MINT-8434443	O15265	Q9BX66	accepted	unmapped_in_pinned_uniprot_release	unresolved_endpoint
IntAct	2026-01-09	positive_evidence	intact:EBI-8671544|imex:IM-22164-7|mint:MINT-8434461	O15265	Q9BX66	accepted	unmapped_in_pinned_uniprot_release	unresolved_endpoint
IntAct	2026-01-09	positive_evidence	intact:EBI-8671568|imex:IM-22164-8|mint:MINT-8434479	Q9BX66	O15265	unmapped_in_pinned_uniprot_release	accepted	unresolved_endpoint
IntAct	2026-01-09	positive_evidence	intact:EBI-8671592|imex:IM-22164-9|mint:MINT-8434496	Q9BX66	O15265	unmapped_in_pinned_uniprot_release	accepted	unresolved_endpoint
IntAct	2026-01-09	positive_evidence	intact:EBI-8671615|imex:IM-22164-10|mint:MINT-8434517	O15265	Q9BX66	accepted	unmapped_in_pinned_uniprot_release	unresolved_endpoint
IntAct	2026-01-09	positive_evidence	intact:EBI-8671639|imex:IM-22164-11|mint:MINT-8434535	O15265	Q9BX66	accepted	unmapped_in_pinned_uniprot_release	unresolved_endpoint
IntAct	2026-01-09	positive_evidence	intact:EBI-8671662|imex:IM-22164-12|mint:MINT-8434554	Q9BX66	O15265	unmapped_in_pinned_uniprot_release	accepted	unresolved_endpoint
IntAct	2026-01-09	positive_evidence	intact:EBI-8671686|imex:IM-22164-13|mint:MINT-8434572	Q9BX66	O15265	unmapped_in_pinned_uniprot_release	accepted	unresolved_endpoint
IntAct	2026-01-09	positive_evidence	intact:EBI-8671709|imex:IM-22164-14|mint:MINT-8434711	O15265	Q9BX66	accepted	unmapped_in_pinned_uniprot_release	unresolved_endpoint
IntAct	2026-01-09	positive_evidence	intact:EBI-10827205|wwpdb:4bx9|imex:IM-21667-10	Q96AX1	Q9H269	accepted	unmapped_in_pinned_uniprot_release	unresolved_endpoint
IntAct	2026-01-09	positive_evidence	intact:EBI-16067405|imex:IM-21898-1|dip:DIP-192439E	Q16539-1	Q15256-1	isoform_specific_source_not_folded_to_canonical	isoform_specific_source_not_folded_to_canonical	unresolved_endpoint
IntAct	2026-01-09	positive_evidence	intact:EBI-16067424|imex:IM-21898-2|dip:DIP-192439E	Q16539-1	Q15256-1	isoform_specific_source_not_folded_to_canonical	isoform_specific_source_not_folded_to_canonical	unresolved_endpoint
IntAct	2026-01-09	positive_evidence	intact:EBI-16067637|imex:IM-21898-12|dip:DIP-192439E	Q16539-1	Q15256-1	isoform_specific_source_not_folded_to_canonical	isoform_specific_source_not_folded_to_canonical	unresolved_endpoint
IntAct	2026-01-09	positive_evidence	intact:EBI-16067597|imex:IM-21898-10|dip:DIP-192439E	Q16539-1	Q15256-1	isoform_specific_source_not_folded_to_canonical	isoform_specific_source_not_folded_to_canonical	unresolved_endpoint
IntAct	2026-01-09	positive_evidence	intact:EBI-16067697|imex:IM-21899-2|dip:DIP-192441E	Q8IYD8-1	Q9BTP7	isoform_specific_source_not_folded_to_canonical	unmapped_in_pinned_uniprot_release	unresolved_endpoint
IntAct	2026-01-09	positive_evidence	intact:EBI-16067926|imex:IM-21901-4|dip:DIP-192447E	Q9UID3-1	O60499-1	isoform_specific_source_not_folded_to_canonical	isoform_specific_source_not_folded_to_canonical	unresolved_endpoint
IntAct	2026-01-09	positive_evidence	intact:EBI-16067896|imex:IM-21901-3|dip:DIP-192446E	Q9UID3-1	O43752	isoform_specific_source_not_folded_to_canonical	accepted	unresolved_endpoint
IntAct	2026-01-09	positive_evidence	intact:EBI-16068042|imex:IM-21901-8|dip:DIP-192446E	Q9UID3-1	O43752	isoform_specific_source_not_folded_to_canonical	accepted	unresolved_endpoint
IntAct	2026-01-09	positive_evidence	intact:EBI-16068092|imex:IM-21901-10|dip:DIP-192446E	Q9UID3-1	O43752	isoform_specific_source_not_folded_to_canonical	accepted	unresolved_endpoint
IntAct	2026-01-09	positive_evidence	intact:EBI-16068176|imex:IM-21901-13|dip:DIP-192447E	Q9UID3-1	O60499-1	isoform_specific_source_not_folded_to_canonical	isoform_specific_source_not_folded_to_canonical	unresolved_endpoint
IntAct	2026-01-09	positive_evidence	intact:EBI-22092487|wwpdb:4kax|imex:IM-30529-1	P62330	O43739-2	accepted	isoform_specific_source_not_folded_to_canonical	unresolved_endpoint
IntAct	2026-01-09	positive_evidence	intact:EBI-22224835|imex:IM-30529-3	P62330	O43739-2	accepted	isoform_specific_source_not_folded_to_canonical	unresolved_endpoint
IntAct	2026-01-09	positive_evidence	intact:EBI-22227530|imex:IM-30529-5	P62330	O43739-1	accepted	isoform_specific_source_not_folded_to_canonical	unresolved_endpoint
IntAct	2026-01-09	positive_evidence	intact:EBI-22227597|imex:IM-30529-7	P62330	Q15438-2	accepted	isoform_specific_source_not_folded_to_canonical	unresolved_endpoint
IntAct	2026-01-09	positive_evidence	intact:EBI-22227615|imex:IM-30529-9	P62330	Q99418-2	accepted	isoform_specific_source_not_folded_to_canonical	unresolved_endpoint
IntAct	2026-01-09	positive_evidence	intact:EBI-10040801|imex:IM-23557-3	Q9UKV5	P60604	unmapped_in_pinned_uniprot_release	accepted	unresolved_endpoint
IntAct	2026-01-09	positive_evidence	intact:EBI-10040696|imex:IM-23557-1	P60604	Q9UKV5	accepted	unmapped_in_pinned_uniprot_release	unresolved_endpoint
IntAct	2026-01-09	positive_evidence	intact:EBI-10040761|imex:IM-23557-2	P60604	Q9UKV5	accepted	unmapped_in_pinned_uniprot_release	unresolved_endpoint
IntAct	2026-01-09	positive_evidence	intact:EBI-10041174|imex:IM-23557-8	Q9UKV5	P60604	unmapped_in_pinned_uniprot_release	accepted	unresolved_endpoint
IntAct	2026-01-09	positive_evidence	intact:EBI-10041132|imex:IM-23557-5	P60604	Q9UKV5	accepted	unmapped_in_pinned_uniprot_release	unresolved_endpoint
IntAct	2026-01-09	positive_evidence	intact:EBI-10041183|imex:IM-23557-9	Q9UKV5	P60604	unmapped_in_pinned_uniprot_release	accepted	unresolved_endpoint
IntAct	2026-01-09	positive_evidence	intact:EBI-10041164|imex:IM-23557-7	P60604	Q9UKV5	accepted	unmapped_in_pinned_uniprot_release	unresolved_endpoint
IntAct	2026-01-09	positive_evidence	intact:EBI-16071314|imex:IM-21906-12|dip:DIP-65396E	Q13188	Q8WWW0-1	accepted	isoform_specific_source_not_folded_to_canonical	unresolved_endpoint
IntAct	2026-01-09	positive_evidence	intact:EBI-11710329|imex:IM-25293-1	P98066	P19827-PRO_0000016507	accepted	unmapped_in_pinned_uniprot_release	unresolved_endpoint
IntAct	2026-01-09	positive_evidence	intact:EBI-11710342|imex:IM-25293-3	P98066	P19823-PRO_0000016518	accepted	unmapped_in_pinned_uniprot_release	unresolved_endpoint
IntAct	2026-01-09	positive_evidence	intact:EBI-11710355|imex:IM-25293-5	P98066	Q06033-PRO_0000016530	accepted	unmapped_in_pinned_uniprot_release	unresolved_endpoint
IntAct	2026-01-09	positive_evidence	intact:EBI-9037365|imex:IM-21796-11	Q9UKV8	Q9UPQ9	unmapped_in_pinned_uniprot_release	unmapped_in_pinned_uniprot_release	unresolved_endpoint
IntAct	2026-01-09	positive_evidence	intact:EBI-9008077|imex:IM-21796-7	Q9UKV8	Q9UPQ9	unmapped_in_pinned_uniprot_release	unmapped_in_pinned_uniprot_release	unresolved_endpoint
IntAct	2026-01-09	positive_evidence	intact:EBI-9008045|imex:IM-21796-6	Q9UKV8	Q9UPQ9	unmapped_in_pinned_uniprot_release	unmapped_in_pinned_uniprot_release	unresolved_endpoint
IntAct	2026-01-09	positive_evidence	intact:EBI-9684365|imex:IM-23000-3	O60260	P54252-2	accepted	isoform_specific_source_not_folded_to_canonical	unresolved_endpoint
IntAct	2026-01-09	positive_evidence	intact:EBI-9684376|imex:IM-23000-4	P54252-2	O60260	isoform_specific_source_not_folded_to_canonical	accepted	unresolved_endpoint
IntAct	2026-01-09	positive_evidence	intact:EBI-9684316|imex:IM-23000-1	P54252-2	O60260	isoform_specific_source_not_folded_to_canonical	accepted	unresolved_endpoint
IntAct	2026-01-09	positive_evidence	intact:EBI-9684352|imex:IM-23000-2	O60260	P54252-2	accepted	isoform_specific_source_not_folded_to_canonical	unresolved_endpoint
IntAct	2026-01-09	positive_evidence	intact:EBI-9684403|imex:IM-23000-5	O60260	P54252-2	accepted	isoform_specific_source_not_folded_to_canonical	unresolved_endpoint
IntAct	2026-01-09	positive_evidence	intact:EBI-16076737|imex:IM-21914-2|dip:DIP-192483E	Q9HC77	Q15468	unmapped_in_pinned_uniprot_release	accepted	unresolved_endpoint
IntAct	2026-01-09	positive_evidence	intact:EBI-16076849|imex:IM-21914-7|dip:DIP-192483E	Q9HC77	Q15468	unmapped_in_pinned_uniprot_release	accepted	unresolved_endpoint
IntAct	2026-01-09	positive_evidence	intact:EBI-8805431|imex:IM-21657-3	P10636-8	P07237	isoform_specific_source_not_folded_to_canonical	accepted	unresolved_endpoint
IntAct	2026-01-09	positive_evidence	intact:EBI-25300575|imex:IM-27667-3	Q99523	Q8WY21	unmapped_in_pinned_uniprot_release	accepted	unresolved_endpoint
IntAct	2026-01-09	positive_evidence	intact:EBI-25300686|imex:IM-27667-5	Q99523	Q99523-PRO_0000033162	unmapped_in_pinned_uniprot_release	unmapped_in_pinned_uniprot_release	unresolved_endpoint
IntAct	2026-01-09	positive_evidence	intact:EBI-10045280|imex:IM-23591-2	Q9ULT6	Q2MKA7	unmapped_in_pinned_uniprot_release	accepted	unresolved_endpoint
IntAct	2026-01-09	positive_evidence	intact:EBI-10045216|imex:IM-23591-1	Q2MKA7	Q9ULT6	accepted	unmapped_in_pinned_uniprot_release	unresolved_endpoint
IntAct	2026-01-09	positive_evidence	intact:EBI-10045290|imex:IM-23591-3	Q9ULT6	Q2MKA7	unmapped_in_pinned_uniprot_release	accepted	unresolved_endpoint
IntAct	2026-01-09	positive_evidence	intact:EBI-9315213|imex:IM-22237-1|wwpdb:4KMD	Q9UMX1	P08151	unmapped_in_pinned_uniprot_release	accepted	unresolved_endpoint
IntAct	2026-01-09	positive_evidence	intact:EBI-9315323|imex:IM-22237-2	Q9UMX1	P08151	unmapped_in_pinned_uniprot_release	accepted	unresolved_endpoint
IntAct	2026-01-09	positive_evidence	intact:EBI-16082378|imex:IM-22315-1|dip:DIP-195798E	Q96T58	Q9Y618	accepted	unmapped_in_pinned_uniprot_release	unresolved_endpoint
IntAct	2026-01-09	positive_evidence	intact:EBI-16082495|imex:IM-22315-4|dip:DIP-195798E	Q96T58	Q9Y618	accepted	unmapped_in_pinned_uniprot_release	unresolved_endpoint
IntAct	2026-01-09	positive_evidence	intact:EBI-16082402|imex:IM-22315-2|dip:DIP-195798E	Q96T58	Q9Y618	accepted	unmapped_in_pinned_uniprot_release	unresolved_endpoint
IntAct	2026-01-09	positive_evidence	intact:EBI-16082463|imex:IM-22315-3|dip:DIP-195798E	Q96T58	Q9Y618	accepted	unmapped_in_pinned_uniprot_release	unresolved_endpoint
IntAct	2026-01-09	positive_evidence	intact:EBI-16082519|imex:IM-22315-5|dip:DIP-195798E	Q96T58	Q9Y618	accepted	unmapped_in_pinned_uniprot_release	unresolved_endpoint
IntAct	2026-01-09	positive_evidence	intact:EBI-8845269|imex:IM-21761-1	Q8WYA6	Q99459	accepted	unmapped_in_pinned_uniprot_release	unresolved_endpoint
IntAct	2026-01-09	positive_evidence	intact:EBI-16082835|imex:IM-22317-4|dip:DIP-195807E	O75143	Q9GZQ8	accepted	unmapped_in_pinned_uniprot_release	unresolved_endpoint
IntAct	2026-01-09	positive_evidence	intact:EBI-16082968|imex:IM-22317-11|dip:DIP-195806E	O75143	Q9H492-1	accepted	isoform_specific_source_not_folded_to_canonical	unresolved_endpoint
IntAct	2026-01-09	positive_evidence	intact:EBI-16083131|imex:IM-22317-18|dip:DIP-195803E	O75143	Q9BXW4	accepted	unmapped_in_pinned_uniprot_release	unresolved_endpoint
IntAct	2026-01-09	positive_evidence	intact:EBI-16083152|imex:IM-22317-19|dip:DIP-195806E	O75143	Q9H492-1	accepted	isoform_specific_source_not_folded_to_canonical	unresolved_endpoint
IntAct	2026-01-09	positive_evidence	intact:EBI-16084066|imex:IM-21935-3|dip:DIP-72955E	Q9UBS5-2	O75899	isoform_specific_source_not_folded_to_canonical	accepted	unresolved_endpoint
IntAct	2026-01-09	positive_evidence	intact:EBI-10170043|imex:IM-23831-6	P08151	Q9UMX1	accepted	unmapped_in_pinned_uniprot_release	unresolved_endpoint
IntAct	2026-01-09	positive_evidence	intact:EBI-10170041|imex:IM-23831-5	Q9UMX1	P08151	unmapped_in_pinned_uniprot_release	accepted	unresolved_endpoint
IntAct	2026-01-09	positive_evidence	intact:EBI-10169828|wwpdb:4blb|imex:IM-23831-1	P08151	Q9UMX1	accepted	unmapped_in_pinned_uniprot_release	unresolved_endpoint
IntAct	2026-01-09	positive_evidence	intact:EBI-10169921|wwpdb:4bld|imex:IM-23831-2	P10071	Q9UMX1	accepted	unmapped_in_pinned_uniprot_release	unresolved_endpoint
IntAct	2026-01-09	positive_evidence	intact:EBI-16084434|imex:IM-24793-3|dip:DIP-82398E	Q99836-1	Q9NWZ3	isoform_specific_source_not_folded_to_canonical	unmapped_in_pinned_uniprot_release	unresolved_endpoint
IntAct	2026-01-09	positive_evidence	intact:EBI-16085702|imex:IM-22320-7|dip:DIP-195809E	Q6XZF7-1	O00401	isoform_specific_source_not_folded_to_canonical	accepted	unresolved_endpoint
IntAct	2026-01-09	positive_evidence	intact:EBI-16085598|imex:IM-22320-3|dip:DIP-195809E	Q6XZF7-1	O00401	isoform_specific_source_not_folded_to_canonical	accepted	unresolved_endpoint
IntAct	2026-01-09	positive_evidence	intact:EBI-16090766|imex:IM-22396-3|dip:DIP-196033E	P21802-1	P19174	isoform_specific_source_not_folded_to_canonical	accepted	unresolved_endpoint
IntAct	2026-01-09	positive_evidence	intact:EBI-16090855|imex:IM-22396-7|dip:DIP-196033E	P21802-1	P19174	isoform_specific_source_not_folded_to_canonical	accepted	unresolved_endpoint
IntAct	2026-01-09	positive_evidence	intact:EBI-16091029|imex:IM-22419-5|dip:DIP-286E	P01112	Q13671-1	accepted	isoform_specific_source_not_folded_to_canonical	unresolved_endpoint
IntAct	2026-01-09	positive_evidence	intact:EBI-16091050|imex:IM-22419-6|dip:DIP-60962E	P01112	Q9NZL6	accepted	unmapped_in_pinned_uniprot_release	unresolved_endpoint
IntAct	2026-01-09	positive_evidence	intact:EBI-16090985|imex:IM-22419-3|dip:DIP-60962E	P01112	Q9NZL6	accepted	unmapped_in_pinned_uniprot_release	unresolved_endpoint
IntAct	2026-01-09	positive_evidence	intact:EBI-16091134|imex:IM-22419-10|dip:DIP-65350E	P01112	Q8WWW0-1	accepted	isoform_specific_source_not_folded_to_canonical	unresolved_endpoint
IntAct	2026-01-09	positive_evidence	intact:EBI-11314036|imex:IM-24710-2	Q07817-1	Q14457	isoform_specific_source_not_folded_to_canonical	accepted	unresolved_endpoint
IntAct	2026-01-09	positive_evidence	intact:EBI-16093177|imex:IM-22399-4|dip:DIP-82800E	Q13472	Q9H9A7	accepted	unmapped_in_pinned_uniprot_release	unresolved_endpoint
IntAct	2026-01-09	positive_evidence	intact:EBI-9519139|imex:IM-22535-2	P10636-8	P08238	isoform_specific_source_not_folded_to_canonical	accepted	unresolved_endpoint
IntAct	2026-01-09	positive_evidence	intact:EBI-9519150|imex:IM-22535-3	P08238	P10636-8	accepted	isoform_specific_source_not_folded_to_canonical	unresolved_endpoint
IntAct	2026-01-09	positive_evidence	intact:EBI-16094786|imex:IM-22694-1|dip:DIP-196554E	P60953-2	Q9UQB8-4	isoform_specific_source_not_folded_to_canonical	isoform_specific_source_not_folded_to_canonical	unresolved_endpoint
IntAct	2026-01-09	positive_evidence	intact:EBI-16094827|imex:IM-22694-3|dip:DIP-196554E	P60953-2	Q9UQB8-4	isoform_specific_source_not_folded_to_canonical	isoform_specific_source_not_folded_to_canonical	unresolved_endpoint
IntAct	2026-01-09	positive_evidence	intact:EBI-16094866|imex:IM-22694-4|dip:DIP-196554E	P60953-2	Q9UQB8-4	isoform_specific_source_not_folded_to_canonical	isoform_specific_source_not_folded_to_canonical	unresolved_endpoint
IntAct	2026-01-09	positive_evidence	intact:EBI-16094978|imex:IM-22694-9|dip:DIP-196554E	P60953-2	Q9UQB8-4	isoform_specific_source_not_folded_to_canonical	isoform_specific_source_not_folded_to_canonical	unresolved_endpoint
IntAct	2026-01-09	positive_evidence	intact:EBI-16094898|imex:IM-22694-5|dip:DIP-188689E	Q9UQB8-4	Q12929	isoform_specific_source_not_folded_to_canonical	accepted	unresolved_endpoint
IntAct	2026-01-09	positive_evidence	intact:EBI-16094921|imex:IM-22694-6|dip:DIP-196554E	P60953-2	Q9UQB8-4	isoform_specific_source_not_folded_to_canonical	isoform_specific_source_not_folded_to_canonical	unresolved_endpoint
IntAct	2026-01-09	positive_evidence	intact:EBI-9520489|imex:IM-22536-18	Q9ULZ3	P29466	unmapped_in_pinned_uniprot_release	accepted	unresolved_endpoint
IntAct	2026-01-09	positive_evidence	intact:EBI-9519998|imex:IM-22536-26	Q96P20	Q9ULZ3	accepted	unmapped_in_pinned_uniprot_release	unresolved_endpoint
IntAct	2026-01-09	positive_evidence	intact:EBI-9519800|imex:IM-22536-5	Q9ULZ3	O14862	unmapped_in_pinned_uniprot_release	accepted	unresolved_endpoint
IntAct	2026-01-09	positive_evidence	intact:EBI-9519830|imex:IM-22536-6	O14862	Q9ULZ3	accepted	unmapped_in_pinned_uniprot_release	unresolved_endpoint
IntAct	2026-01-09	positive_evidence	intact:EBI-10820402|imex:IM-22536-22	Q96P20	Q9ULZ3	accepted	unmapped_in_pinned_uniprot_release	unresolved_endpoint
IntAct	2026-01-09	positive_evidence	intact:EBI-10820506|imex:IM-22536-24	Q96P20	Q9ULZ3	accepted	unmapped_in_pinned_uniprot_release	unresolved_endpoint
IntAct	2026-01-09	positive_evidence	intact:EBI-21993248|imex:IM-27325-3	O00159-2	P31946	isoform_specific_source_not_folded_to_canonical	accepted	unresolved_endpoint
IntAct	2026-01-09	positive_evidence	intact:EBI-11475752|imex:IM-24985-1	O60880	Q9NQ25	accepted	unmapped_in_pinned_uniprot_release	unresolved_endpoint
IntAct	2026-01-09	positive_evidence	intact:EBI-11475773|imex:IM-24985-2	O14796	Q9NQ25	accepted	unmapped_in_pinned_uniprot_release	unresolved_endpoint
IntAct	2026-01-09	positive_evidence	intact:EBI-11475794|imex:IM-24985-3	O60880	Q9BZW8	accepted	unmapped_in_pinned_uniprot_release	unresolved_endpoint
IntAct	2026-01-09	positive_evidence	intact:EBI-11475815|imex:IM-24985-4	O14796	Q9BZW8	accepted	unmapped_in_pinned_uniprot_release	unresolved_endpoint
IntAct	2026-01-09	positive_evidence	intact:EBI-11475868|imex:IM-24985-6	P19174	Q9BZW8	accepted	unmapped_in_pinned_uniprot_release	unresolved_endpoint
IntAct	2026-01-09	positive_evidence	intact:EBI-11475882|imex:IM-24985-7	P16885	Q9BZW8	accepted	unmapped_in_pinned_uniprot_release	unresolved_endpoint
IntAct	2026-01-09	positive_evidence	intact:EBI-11475981|imex:IM-24985-13	Q92835	Q9BZW8	accepted	unmapped_in_pinned_uniprot_release	unresolved_endpoint
IntAct	2026-01-09	positive_evidence	intact:EBI-11475998|imex:IM-24985-14	Q06124	Q9BZW8	accepted	unmapped_in_pinned_uniprot_release	unresolved_endpoint
IntAct	2026-01-09	positive_evidence	intact:EBI-11476018|imex:IM-24985-15	Q92835	Q9BZW8	accepted	unmapped_in_pinned_uniprot_release	unresolved_endpoint
IntAct	2026-01-09	positive_evidence	intact:EBI-11476037|imex:IM-24985-16	O60880	Q9BZW8	accepted	unmapped_in_pinned_uniprot_release	unresolved_endpoint
IntAct	2026-01-09	positive_evidence	intact:EBI-11476078|imex:IM-24985-17	O14796	Q9BZW8	accepted	unmapped_in_pinned_uniprot_release	unresolved_endpoint
IntAct	2026-01-09	positive_evidence	intact:EBI-11476093|imex:IM-24985-18	Q06124	Q9BZW8	accepted	unmapped_in_pinned_uniprot_release	unresolved_endpoint
IntAct	2026-01-09	positive_evidence	intact:EBI-11476108|imex:IM-24985-19	Q06124	Q9BZW8	accepted	unmapped_in_pinned_uniprot_release	unresolved_endpoint
IntAct	2026-01-09	positive_evidence	intact:EBI-11476146|imex:IM-24985-20	Q06124	Q9BZW8	accepted	unmapped_in_pinned_uniprot_release	unresolved_endpoint
IntAct	2026-01-09	positive_evidence	intact:EBI-11476173|imex:IM-24985-21	Q92835	Q9BZW8	accepted	unmapped_in_pinned_uniprot_release	unresolved_endpoint
IntAct	2026-01-09	positive_evidence	intact:EBI-11476193|imex:IM-24985-22	O60880	Q9BZW8	accepted	unmapped_in_pinned_uniprot_release	unresolved_endpoint
IntAct	2026-01-09	positive_evidence	intact:EBI-11476207|imex:IM-24985-23	O14796	Q9BZW8	accepted	unmapped_in_pinned_uniprot_release	unresolved_endpoint
IntAct	2026-01-09	positive_evidence	intact:EBI-11476221|imex:IM-24985-24	Q92835	Q9BZW8	accepted	unmapped_in_pinned_uniprot_release	unresolved_endpoint
IntAct	2026-01-09	positive_evidence	intact:EBI-11476242|imex:IM-24985-25	O60880	Q9BZW8	accepted	unmapped_in_pinned_uniprot_release	unresolved_endpoint
IntAct	2026-01-09	positive_evidence	intact:EBI-11476256|imex:IM-24985-26	O14796	Q9BZW8	accepted	unmapped_in_pinned_uniprot_release	unresolved_endpoint
IntAct	2026-01-09	positive_evidence	intact:EBI-9822570|imex:IM-23101-9	Q9NWS0	O95905	unmapped_in_pinned_uniprot_release	accepted	unresolved_endpoint
IntAct	2026-01-09	positive_evidence	intact:EBI-9821583|imex:IM-23101-7	Q9NWS0	Q9Y4R8	unmapped_in_pinned_uniprot_release	unmapped_in_pinned_uniprot_release	unresolved_endpoint
IntAct	2026-01-09	positive_evidence	intact:EBI-9822583|imex:IM-23101-10	Q9NWS0	Q9Y4R8	unmapped_in_pinned_uniprot_release	unmapped_in_pinned_uniprot_release	unresolved_endpoint
IntAct	2026-01-09	positive_evidence	intact:EBI-9822492|imex:IM-23101-8	Q9NWS0	Q9Y4R8	unmapped_in_pinned_uniprot_release	unmapped_in_pinned_uniprot_release	unresolved_endpoint
IntAct	2026-01-09	positive_evidence	intact:EBI-9821553|imex:IM-23101-5	Q9NWS0	Q9Y4R8	unmapped_in_pinned_uniprot_release	unmapped_in_pinned_uniprot_release	unresolved_endpoint
IntAct	2026-01-09	positive_evidence	intact:EBI-9821535|imex:IM-23101-4	Q9NWS0	Q9Y4R8	unmapped_in_pinned_uniprot_release	unmapped_in_pinned_uniprot_release	unresolved_endpoint
IntAct	2026-01-09	positive_evidence	intact:EBI-9821567|imex:IM-23101-6	Q9NWS0	Q9Y4R8	unmapped_in_pinned_uniprot_release	unmapped_in_pinned_uniprot_release	unresolved_endpoint
IntAct	2026-01-09	positive_evidence	intact:EBI-9822997|wwpdb:4PSI|imex:IM-23101-12	Q9NWS0	Q9Y4R8	unmapped_in_pinned_uniprot_release	unmapped_in_pinned_uniprot_release	unresolved_endpoint
IntAct	2026-01-09	positive_evidence	intact:EBI-10107055|imex:IM-23810-13	Q9BXW4	Q8IZQ1	unmapped_in_pinned_uniprot_release	accepted	unresolved_endpoint
IntAct	2026-01-09	positive_evidence	intact:EBI-10107062|imex:IM-23810-14	Q8IZQ1	Q9H0R8	accepted	unmapped_in_pinned_uniprot_release	unresolved_endpoint
IntAct	2026-01-09	positive_evidence	intact:EBI-9451482|imex:IM-22269-20	Q9UKW4	P10275	unmapped_in_pinned_uniprot_release	accepted	unresolved_endpoint
IntAct	2026-01-09	positive_evidence	intact:EBI-9452010|imex:IM-22269-42	Q9ULZ2	P10275	unmapped_in_pinned_uniprot_release	accepted	unresolved_endpoint
IntAct	2026-01-09	positive_evidence	intact:EBI-9452369|imex:IM-22269-57	Q9ULZ2	P10275	unmapped_in_pinned_uniprot_release	accepted	unresolved_endpoint
IntAct	2026-01-09	positive_evidence	intact:EBI-9452609|imex:IM-22269-67	Q9NP31	P10275	unmapped_in_pinned_uniprot_release	accepted	unresolved_endpoint
IntAct	2026-01-09	positive_evidence	intact:EBI-9452992|imex:IM-22269-83	Q9HBL0	P10275	unmapped_in_pinned_uniprot_release	accepted	unresolved_endpoint
IntAct	2026-01-09	positive_evidence	intact:EBI-9453136|imex:IM-22269-89	Q9NP31	P10275	unmapped_in_pinned_uniprot_release	accepted	unresolved_endpoint
IntAct	2026-01-09	positive_evidence	intact:EBI-9453472|imex:IM-22269-103	Q9HBL0	P10275	unmapped_in_pinned_uniprot_release	accepted	unresolved_endpoint
IntAct	2026-01-09	positive_evidence	intact:EBI-9454227|imex:IM-22269-134	Q9NP31	P10275	unmapped_in_pinned_uniprot_release	accepted	unresolved_endpoint
IntAct	2026-01-09	positive_evidence	intact:EBI-9454766|imex:IM-22269-156	Q9NP31	P10275	unmapped_in_pinned_uniprot_release	accepted	unresolved_endpoint
IntAct	2026-01-09	positive_evidence	intact:EBI-9454844|imex:IM-22269-159	Q9HBL0	P10275	unmapped_in_pinned_uniprot_release	accepted	unresolved_endpoint
IntAct	2026-01-09	positive_evidence	intact:EBI-9455384|imex:IM-22269-181	Q9NP31	P10275	unmapped_in_pinned_uniprot_release	accepted	unresolved_endpoint
IntAct	2026-01-09	positive_evidence	intact:EBI-9455853|imex:IM-22269-200	Q9NP31	P10275	unmapped_in_pinned_uniprot_release	accepted	unresolved_endpoint
IntAct	2026-01-09	positive_evidence	intact:EBI-9456409|imex:IM-22269-222	Q9BRG2	Q13480	unmapped_in_pinned_uniprot_release	accepted	unresolved_endpoint
IntAct	2026-01-09	positive_evidence	intact:EBI-9456536|imex:IM-22269-227	Q9H6Q3	Q13480	unmapped_in_pinned_uniprot_release	accepted	unresolved_endpoint
IntAct	2026-01-09	positive_evidence	intact:EBI-9456765|imex:IM-22269-236	Q9ULZ2	Q13480	unmapped_in_pinned_uniprot_release	accepted	unresolved_endpoint
IntAct	2026-01-09	positive_evidence	intact:EBI-9457438|imex:IM-22269-262	Q9ULZ2	Q13480	unmapped_in_pinned_uniprot_release	accepted	unresolved_endpoint
IntAct	2026-01-09	positive_evidence	intact:EBI-9457511|imex:IM-22269-265	Q9NP31	Q13480	unmapped_in_pinned_uniprot_release	accepted	unresolved_endpoint
IntAct	2026-01-09	positive_evidence	intact:EBI-9457536|imex:IM-22269-266	Q9H6Q3	Q13480	unmapped_in_pinned_uniprot_release	accepted	unresolved_endpoint
IntAct	2026-01-09	positive_evidence	intact:EBI-9457792|imex:IM-22269-276	Q9UKW4	Q13480	unmapped_in_pinned_uniprot_release	accepted	unresolved_endpoint
IntAct	2026-01-09	positive_evidence	intact:EBI-9458241|imex:IM-22269-294	Q9NP31	Q13480	unmapped_in_pinned_uniprot_release	accepted	unresolved_endpoint
IntAct	2026-01-09	positive_evidence	intact:EBI-9458465|imex:IM-22269-303	Q9NP31	Q13480	unmapped_in_pinned_uniprot_release	accepted	unresolved_endpoint
IntAct	2026-01-09	positive_evidence	intact:EBI-9458747|imex:IM-22269-314	Q9ULZ2	Q13480	unmapped_in_pinned_uniprot_release	accepted	unresolved_endpoint
IntAct	2026-01-09	positive_evidence	intact:EBI-9459054|imex:IM-22269-326	Q9NP31	Q13480	unmapped_in_pinned_uniprot_release	accepted	unresolved_endpoint
IntAct	2026-01-09	positive_evidence	intact:EBI-9459570|imex:IM-22269-346	Q9NP31	Q13480	unmapped_in_pinned_uniprot_release	accepted	unresolved_endpoint
IntAct	2026-01-09	positive_evidence	intact:EBI-9460314|imex:IM-22269-376	Q9HBL0	Q13480	unmapped_in_pinned_uniprot_release	accepted	unresolved_endpoint
IntAct	2026-01-09	positive_evidence	intact:EBI-9460634|imex:IM-22269-389	Q9UKW4	Q13480	unmapped_in_pinned_uniprot_release	accepted	unresolved_endpoint
IntAct	2026-01-09	positive_evidence	intact:EBI-9460826|imex:IM-22269-397	Q9UKW4	Q13480	unmapped_in_pinned_uniprot_release	accepted	unresolved_endpoint
IntAct	2026-01-09	positive_evidence	intact:EBI-9461664|imex:IM-22269-432	Q9H6Q3	Q13480	unmapped_in_pinned_uniprot_release	accepted	unresolved_endpoint
IntAct	2026-01-09	positive_evidence	intact:EBI-9461736|imex:IM-22269-435	Q9NP31	Q13480	unmapped_in_pinned_uniprot_release	accepted	unresolved_endpoint
IntAct	2026-01-09	positive_evidence	intact:EBI-9461808|imex:IM-22269-438	Q9UKW4	Q13480	unmapped_in_pinned_uniprot_release	accepted	unresolved_endpoint
IntAct	2026-01-09	positive_evidence	intact:EBI-9462096|imex:IM-22269-450	Q9UKW4	Q13480	unmapped_in_pinned_uniprot_release	accepted	unresolved_endpoint
IntAct	2026-01-09	positive_evidence	intact:EBI-9462936|imex:IM-22269-485	Q9H6Q3	Q13480	unmapped_in_pinned_uniprot_release	accepted	unresolved_endpoint
IntAct	2026-01-09	positive_evidence	intact:EBI-9462983|imex:IM-22269-487	Q9UKW4	Q13480	unmapped_in_pinned_uniprot_release	accepted	unresolved_endpoint
IntAct	2026-01-09	positive_evidence	intact:EBI-9464679|imex:IM-22269-536	Q9NP31	P10721	unmapped_in_pinned_uniprot_release	accepted	unresolved_endpoint
IntAct	2026-01-09	positive_evidence	intact:EBI-9464750|imex:IM-22269-539	Q9UQQ2	P10721	unmapped_in_pinned_uniprot_release	accepted	unresolved_endpoint
IntAct	2026-01-09	positive_evidence	intact:EBI-9465372|imex:IM-22269-565	Q9NP31	P10721	unmapped_in_pinned_uniprot_release	accepted	unresolved_endpoint
IntAct	2026-01-09	positive_evidence	intact:EBI-9465803|imex:IM-22269-583	Q9NP31	P10721	unmapped_in_pinned_uniprot_release	accepted	unresolved_endpoint
IntAct	2026-01-09	positive_evidence	intact:EBI-9465850|imex:IM-22269-585	Q9ULZ2	P10721	unmapped_in_pinned_uniprot_release	accepted	unresolved_endpoint
IntAct	2026-01-09	positive_evidence	intact:EBI-9466520|imex:IM-22269-613	Q9UQQ2	P10721	unmapped_in_pinned_uniprot_release	accepted	unresolved_endpoint
IntAct	2026-01-09	positive_evidence	intact:EBI-9466663|imex:IM-22269-619	Q9NP31	P10721	unmapped_in_pinned_uniprot_release	accepted	unresolved_endpoint
IntAct	2026-01-09	positive_evidence	intact:EBI-9467142|imex:IM-22269-639	Q9ULZ2	P10721	unmapped_in_pinned_uniprot_release	accepted	unresolved_endpoint
IntAct	2026-01-09	positive_evidence	intact:EBI-9467189|imex:IM-22269-641	Q9H6Q3	P10721	unmapped_in_pinned_uniprot_release	accepted	unresolved_endpoint
IntAct	2026-01-09	positive_evidence	intact:EBI-9467309|imex:IM-22269-646	Q9ULZ2	P10721	unmapped_in_pinned_uniprot_release	accepted	unresolved_endpoint
IntAct	2026-01-09	positive_evidence	intact:EBI-9467548|imex:IM-22269-656	Q9NP31	P10721	unmapped_in_pinned_uniprot_release	accepted	unresolved_endpoint
IntAct	2026-01-09	positive_evidence	intact:EBI-9468003|imex:IM-22269-675	Q9NP31	P10721	unmapped_in_pinned_uniprot_release	accepted	unresolved_endpoint
IntAct	2026-01-09	positive_evidence	intact:EBI-9468411|imex:IM-22269-692	Q9H6Q3	P10721	unmapped_in_pinned_uniprot_release	accepted	unresolved_endpoint
IntAct	2026-01-09	positive_evidence	intact:EBI-9469706|imex:IM-22269-746	Q9NP31	P10721	unmapped_in_pinned_uniprot_release	accepted	unresolved_endpoint
IntAct	2026-01-09	positive_evidence	intact:EBI-9470090|imex:IM-22269-762	Q9NP31	P10721	unmapped_in_pinned_uniprot_release	accepted	unresolved_endpoint
IntAct	2026-01-09	positive_evidence	intact:EBI-9470282|imex:IM-22269-770	Q9HBL0	P10721	unmapped_in_pinned_uniprot_release	accepted	unresolved_endpoint
IntAct	2026-01-09	positive_evidence	intact:EBI-9470400|imex:IM-22269-775	Q9UKW4	P10721	unmapped_in_pinned_uniprot_release	accepted	unresolved_endpoint
IntAct	2026-01-09	positive_evidence	intact:EBI-9470664|imex:IM-22269-786	Q9NP31	P10721	unmapped_in_pinned_uniprot_release	accepted	unresolved_endpoint
IntAct	2026-01-09	positive_evidence	intact:EBI-9471437|imex:IM-22269-818	Q9HBL0	P10721	unmapped_in_pinned_uniprot_release	accepted	unresolved_endpoint
IntAct	2026-01-09	positive_evidence	intact:EBI-9471756|imex:IM-22269-831	Q9NP31	P10721	unmapped_in_pinned_uniprot_release	accepted	unresolved_endpoint
IntAct	2026-01-09	positive_evidence	intact:EBI-9471972|imex:IM-22269-840	Q9ULZ2	P08581	unmapped_in_pinned_uniprot_release	accepted	unresolved_endpoint
IntAct	2026-01-09	positive_evidence	intact:EBI-9472609|imex:IM-22269-866	Q9NP31	P08581	unmapped_in_pinned_uniprot_release	accepted	unresolved_endpoint
IntAct	2026-01-09	positive_evidence	intact:EBI-9472633|imex:IM-22269-867	Q9H6Q3	P08581	unmapped_in_pinned_uniprot_release	accepted	unresolved_endpoint
IntAct	2026-01-09	positive_evidence	intact:EBI-9472729|imex:IM-22269-871	Q9NP31	P08581	unmapped_in_pinned_uniprot_release	accepted	unresolved_endpoint
IntAct	2026-01-09	positive_evidence	intact:EBI-9472849|imex:IM-22269-876	Q9UKW4	P08581	unmapped_in_pinned_uniprot_release	accepted	unresolved_endpoint
IntAct	2026-01-09	positive_evidence	intact:EBI-9472971|imex:IM-22269-881	Q9NP31	P08581	unmapped_in_pinned_uniprot_release	accepted	unresolved_endpoint
IntAct	2026-01-09	positive_evidence	intact:EBI-9473101|imex:IM-22269-886	Q9ULZ2	P08581	unmapped_in_pinned_uniprot_release	accepted	unresolved_endpoint
IntAct	2026-01-09	positive_evidence	intact:EBI-9473342|imex:IM-22269-896	Q9NP31	P08581	unmapped_in_pinned_uniprot_release	accepted	unresolved_endpoint
IntAct	2026-01-09	positive_evidence	intact:EBI-9473466|imex:IM-22269-901	Q9H6Q3	P08581	unmapped_in_pinned_uniprot_release	accepted	unresolved_endpoint
IntAct	2026-01-09	positive_evidence	intact:EBI-9473773|imex:IM-22269-913	Q9NP31	P08581	unmapped_in_pinned_uniprot_release	accepted	unresolved_endpoint
IntAct	2026-01-09	positive_evidence	intact:EBI-9473967|imex:IM-22269-921	Q9HBL0	P08581	unmapped_in_pinned_uniprot_release	accepted	unresolved_endpoint
IntAct	2026-01-09	positive_evidence	intact:EBI-9474395|imex:IM-22269-938	Q9UKW4	P08581	unmapped_in_pinned_uniprot_release	accepted	unresolved_endpoint
IntAct	2026-01-09	positive_evidence	intact:EBI-9474595|imex:IM-22269-945	Q9NRF2	P08581	unmapped_in_pinned_uniprot_release	accepted	unresolved_endpoint
IntAct	2026-01-09	positive_evidence	intact:EBI-9475007|imex:IM-22269-961	Q9ULZ2	P08581	unmapped_in_pinned_uniprot_release	accepted	unresolved_endpoint
IntAct	2026-01-09	positive_evidence	intact:EBI-9475031|imex:IM-22269-962	Q9UQQ2	P08581	unmapped_in_pinned_uniprot_release	accepted	unresolved_endpoint
IntAct	2026-01-09	positive_evidence	intact:EBI-9475153|imex:IM-22269-967	Q9H6Q3	P08581	unmapped_in_pinned_uniprot_release	accepted	unresolved_endpoint
IntAct	2026-01-09	positive_evidence	intact:EBI-9475177|imex:IM-22269-968	Q9NP31	P08581	unmapped_in_pinned_uniprot_release	accepted	unresolved_endpoint
IntAct	2026-01-09	positive_evidence	intact:EBI-9475452|imex:IM-22269-979	Q9UQQ2	P08581	unmapped_in_pinned_uniprot_release	accepted	unresolved_endpoint
IntAct	2026-01-09	positive_evidence	intact:EBI-9475702|imex:IM-22269-989	Q9NP31	P08581	unmapped_in_pinned_uniprot_release	accepted	unresolved_endpoint
IntAct	2026-01-09	positive_evidence	intact:EBI-9475806|imex:IM-22269-993	Q9HBL0	P08581	unmapped_in_pinned_uniprot_release	accepted	unresolved_endpoint
IntAct	2026-01-09	positive_evidence	intact:EBI-9476120|imex:IM-22269-1006	Q9H6Q3	P08581	unmapped_in_pinned_uniprot_release	accepted	unresolved_endpoint
IntAct	2026-01-09	positive_evidence	intact:EBI-9549493|imex:IM-22983-5	P04049-1	Q02750	isoform_specific_source_not_folded_to_canonical	accepted	unresolved_endpoint
IntAct	2026-01-09	positive_evidence	intact:EBI-16104118|imex:IM-22685-5|dip:DIP-196529E	P10275	O60885-1	accepted	isoform_specific_source_not_folded_to_canonical	unresolved_endpoint
IntAct	2026-01-09	positive_evidence	intact:EBI-9630938|imex:IM-22651-6	Q9H9L4	P61964	unmapped_in_pinned_uniprot_release	accepted	unresolved_endpoint
IntAct	2026-01-09	positive_evidence	intact:EBI-9630974|imex:IM-22651-8	Q9UMN6	P61964	unmapped_in_pinned_uniprot_release	accepted	unresolved_endpoint
IntAct	2026-01-09	positive_evidence	intact:EBI-16105478|imex:IM-23107-3|dip:DIP-197132E	Q9H6T3	P07900	unmapped_in_pinned_uniprot_release	accepted	unresolved_endpoint
IntAct	2026-01-09	positive_evidence	intact:EBI-16105592|imex:IM-23107-8|dip:DIP-197132E	Q9H6T3	P07900	unmapped_in_pinned_uniprot_release	accepted	unresolved_endpoint
IntAct	2026-01-09	positive_evidence	intact:EBI-16105778|imex:IM-23107-16|dip:DIP-197132E	Q9H6T3	P07900	unmapped_in_pinned_uniprot_release	accepted	unresolved_endpoint
IntAct	2026-01-09	positive_evidence	intact:EBI-16106468|imex:IM-22687-1|dip:DIP-196542E	Q9H6W3-1	P62917	isoform_specific_source_not_folded_to_canonical	accepted	unresolved_endpoint
IntAct	2026-01-09	positive_evidence	intact:EBI-16106556|imex:IM-22687-4|dip:DIP-196537E	Q8IUF8-1	P46776	isoform_specific_source_not_folded_to_canonical	accepted	unresolved_endpoint
IntAct	2026-01-09	positive_evidence	intact:EBI-16106672|imex:IM-22703-1|dip:DIP-70838E	P04637	Q07817-1	accepted	isoform_specific_source_not_folded_to_canonical	unresolved_endpoint
IntAct	2026-01-09	positive_evidence	intact:EBI-16106716|imex:IM-22703-3|dip:DIP-70838E	P04637	Q07817-1	accepted	isoform_specific_source_not_folded_to_canonical	unresolved_endpoint
IntAct	2026-01-09	positive_evidence	intact:EBI-16106695|imex:IM-22703-2|dip:DIP-70838E	P04637	Q07817-1	accepted	isoform_specific_source_not_folded_to_canonical	unresolved_endpoint
IntAct	2026-01-09	positive_evidence	intact:EBI-16106824|imex:IM-22703-8|dip:DIP-70838E	P04637	Q07817-1	accepted	isoform_specific_source_not_folded_to_canonical	unresolved_endpoint
IntAct	2026-01-09	positive_evidence	intact:EBI-16106802|imex:IM-22703-7|dip:DIP-78755E	Q07817-1	P55957	isoform_specific_source_not_folded_to_canonical	accepted	unresolved_endpoint
IntAct	2026-01-09	positive_evidence	intact:EBI-16106774|imex:IM-22703-6|dip:DIP-70838E	P04637	Q07817-1	accepted	isoform_specific_source_not_folded_to_canonical	unresolved_endpoint
IntAct	2026-01-09	positive_evidence	intact:EBI-16107998|imex:IM-24683-7|dip:DIP-199451E	Q9UBF8-2	P62491	isoform_specific_source_not_folded_to_canonical	accepted	unresolved_endpoint
IntAct	2026-01-09	positive_evidence	intact:EBI-16108022|imex:IM-24683-8|dip:DIP-199451E	Q9UBF8-2	P62491	isoform_specific_source_not_folded_to_canonical	accepted	unresolved_endpoint
IntAct	2026-01-09	positive_evidence	intact:EBI-9827043|imex:IM-23264-3	Q96PQ0	P01138-PRO_0000019599	accepted	unmapped_in_pinned_uniprot_release	unresolved_endpoint
IntAct	2026-01-09	positive_evidence	intact:EBI-9546405|imex:IM-22923-1	P15927	Q9NZC9	accepted	unmapped_in_pinned_uniprot_release	unresolved_endpoint
IntAct	2026-01-09	positive_evidence	intact:EBI-9546671|imex:IM-22923-18	Q9BVW5	P15927	unmapped_in_pinned_uniprot_release	accepted	unresolved_endpoint
IntAct	2026-01-09	positive_evidence	intact:EBI-9546424|imex:IM-22923-2	Q9NZC9	P15927	unmapped_in_pinned_uniprot_release	accepted	unresolved_endpoint
IntAct	2026-01-09	positive_evidence	intact:EBI-9546489|imex:IM-22923-7	Q9NZC9	P15927	unmapped_in_pinned_uniprot_release	accepted	unresolved_endpoint
IntAct	2026-01-09	positive_evidence	intact:EBI-9546608|imex:IM-22923-16	Q9BVW5	P15927	unmapped_in_pinned_uniprot_release	accepted	unresolved_endpoint
IntAct	2026-01-09	positive_evidence	intact:EBI-9546515|imex:IM-22923-9	Q9NZC9	P15927	unmapped_in_pinned_uniprot_release	accepted	unresolved_endpoint
IntAct	2026-01-09	positive_evidence	intact:EBI-9546441|imex:IM-22923-3	Q9NZC9	P15927	unmapped_in_pinned_uniprot_release	accepted	unresolved_endpoint
IntAct	2026-01-09	positive_evidence	intact:EBI-9546476|imex:IM-22923-6	P15927	Q9NZC9	accepted	unmapped_in_pinned_uniprot_release	unresolved_endpoint
IntAct	2026-01-09	positive_evidence	intact:EBI-9546463|imex:IM-22923-5	Q9NZC9	P15927	unmapped_in_pinned_uniprot_release	accepted	unresolved_endpoint
IntAct	2026-01-09	positive_evidence	intact:EBI-9546593|imex:IM-22923-15	P15927	Q9BVW5	accepted	unmapped_in_pinned_uniprot_release	unresolved_endpoint
IntAct	2026-01-09	positive_evidence	intact:EBI-9546452|imex:IM-22923-4	P15927	Q9NZC9	accepted	unmapped_in_pinned_uniprot_release	unresolved_endpoint
IntAct	2026-01-09	positive_evidence	intact:EBI-9546528|imex:IM-22923-10	P15927	Q9NZC9	accepted	unmapped_in_pinned_uniprot_release	unresolved_endpoint
IntAct	2026-01-09	positive_evidence	intact:EBI-9546502|imex:IM-22923-8	Q9NZC9	P15927	unmapped_in_pinned_uniprot_release	accepted	unresolved_endpoint
IntAct	2026-01-09	positive_evidence	intact:EBI-9546541|imex:IM-22923-11	P15927	Q9NZC9	accepted	unmapped_in_pinned_uniprot_release	unresolved_endpoint
IntAct	2026-01-09	positive_evidence	intact:EBI-16109808|imex:IM-23113-1|dip:DIP-197144E	Q5JRX3-1	P05067-PRO_0000000093	isoform_specific_source_not_folded_to_canonical	unmapped_in_pinned_uniprot_release	unresolved_endpoint
IntAct	2026-01-09	positive_evidence	intact:EBI-16110469|imex:IM-23114-2|dip:DIP-190429E	Q08209-1	O95644	isoform_specific_source_not_folded_to_canonical	accepted	unresolved_endpoint
IntAct	2026-01-09	positive_evidence	intact:EBI-16110490|imex:IM-23114-3|dip:DIP-190429E	Q08209-1	O95644	isoform_specific_source_not_folded_to_canonical	accepted	unresolved_endpoint
IntAct	2026-01-09	positive_evidence	intact:EBI-16110511|imex:IM-23114-4|dip:DIP-197145E	Q08209-1	Q13469	isoform_specific_source_not_folded_to_canonical	accepted	unresolved_endpoint
IntAct	2026-01-09	positive_evidence	intact:EBI-16110555|imex:IM-23114-6|dip:DIP-190429E	Q08209-1	O95644	isoform_specific_source_not_folded_to_canonical	accepted	unresolved_endpoint
IntAct	2026-01-09	positive_evidence	intact:EBI-16110534|imex:IM-23114-5|dip:DIP-197145E	Q08209-1	Q13469	isoform_specific_source_not_folded_to_canonical	accepted	unresolved_endpoint
IntAct	2026-01-09	positive_evidence	intact:EBI-16111891|imex:IM-24423-3|dip:DIP-199090E	Q8TEP8-3	O00444	isoform_specific_source_not_folded_to_canonical	accepted	unresolved_endpoint
IntAct	2026-01-09	positive_evidence	intact:EBI-16112144|imex:IM-24423-13|dip:DIP-188232E	O00444	O94986-3	accepted	isoform_specific_source_not_folded_to_canonical	unresolved_endpoint
IntAct	2026-01-09	positive_evidence	intact:EBI-16112341|imex:IM-24423-21|dip:DIP-199090E	Q8TEP8-3	O00444	isoform_specific_source_not_folded_to_canonical	accepted	unresolved_endpoint
IntAct	2026-01-09	positive_evidence	intact:EBI-16112493|imex:IM-24423-27|dip:DIP-188232E	O00444	O94986-3	accepted	isoform_specific_source_not_folded_to_canonical	unresolved_endpoint
IntAct	2026-01-09	positive_evidence	intact:EBI-16112987|imex:IM-24424-18|dip:DIP-199096E	Q96P16-1	Q8IXW5	isoform_specific_source_not_folded_to_canonical	accepted	unresolved_endpoint
IntAct	2026-01-09	positive_evidence	intact:EBI-16113025|imex:IM-24424-20|dip:DIP-199097E	Q8IXW5	Q9NQG5	accepted	unmapped_in_pinned_uniprot_release	unresolved_endpoint
IntAct	2026-01-09	positive_evidence	intact:EBI-9663264|imex:IM-23072-4	Q9H8V3	Q9H0H5	unmapped_in_pinned_uniprot_release	unmapped_in_pinned_uniprot_release	unresolved_endpoint
IntAct	2026-01-09	positive_evidence	intact:EBI-9663232|imex:IM-23072-2	Q9H8V3	Q9H0H5	unmapped_in_pinned_uniprot_release	unmapped_in_pinned_uniprot_release	unresolved_endpoint
IntAct	2026-01-09	positive_evidence	intact:EBI-9663315|imex:IM-23072-7	Q9H8V3	Q9H0H5	unmapped_in_pinned_uniprot_release	unmapped_in_pinned_uniprot_release	unresolved_endpoint
IntAct	2026-01-09	positive_evidence	intact:EBI-9663099|imex:IM-23072-1	Q9H8V3	Q9H0H5	unmapped_in_pinned_uniprot_release	unmapped_in_pinned_uniprot_release	unresolved_endpoint
IntAct	2026-01-09	positive_evidence	intact:EBI-9663279|imex:IM-23072-5	Q9H8V3	Q9H0H5	unmapped_in_pinned_uniprot_release	unmapped_in_pinned_uniprot_release	unresolved_endpoint
IntAct	2026-01-09	positive_evidence	intact:EBI-9663248|imex:IM-23072-3	Q9H8V3	Q9H0H5	unmapped_in_pinned_uniprot_release	unmapped_in_pinned_uniprot_release	unresolved_endpoint
IntAct	2026-01-09	positive_evidence	intact:EBI-9663296|imex:IM-23072-6	Q9H8V3	Q9H0H5	unmapped_in_pinned_uniprot_release	unmapped_in_pinned_uniprot_release	unresolved_endpoint
IntAct	2026-01-09	positive_evidence	intact:EBI-12739796|wwpdb:4gfu|imex:IM-25721-5	Q99952	P04626	unmapped_in_pinned_uniprot_release	accepted	unresolved_endpoint
IntAct	2026-01-09	positive_evidence	intact:EBI-12739884|wwpdb:4gfv|imex:IM-25721-6	Q99952	P04626	unmapped_in_pinned_uniprot_release	accepted	unresolved_endpoint
IntAct	2026-01-09	positive_evidence	intact:EBI-12739975|wwpdb:4NND|imex:IM-25721-7	Q99952	P04626	unmapped_in_pinned_uniprot_release	accepted	unresolved_endpoint
IntAct	2026-01-09	positive_evidence	intact:EBI-16115800|imex:IM-23117-3|dip:DIP-4223E	O43557-1	O95407	isoform_specific_source_not_folded_to_canonical	accepted	unresolved_endpoint
IntAct	2026-01-09	positive_evidence	intact:EBI-26364631|imex:IM-28402-21	Q9H1K0	P51148	unmapped_in_pinned_uniprot_release	accepted	unresolved_endpoint
IntAct	2026-01-09	positive_evidence	intact:EBI-12736988|imex:IM-25610-9	Q9Y6E2	P20042	unmapped_in_pinned_uniprot_release	accepted	unresolved_endpoint
IntAct	2026-01-09	positive_evidence	intact:EBI-12737026|imex:IM-25610-11	Q9Y6E2	P20042	unmapped_in_pinned_uniprot_release	accepted	unresolved_endpoint
IntAct	2026-01-09	positive_evidence	intact:EBI-16247652|imex:IM-23365-4|dip:DIP-63984E	P69905	Q9NZD4	accepted	unmapped_in_pinned_uniprot_release	unresolved_endpoint
IntAct	2026-01-09	positive_evidence	intact:EBI-9822344|imex:IM-23184-1	Q9BW27	P41597-2	unmapped_in_pinned_uniprot_release	isoform_specific_source_not_folded_to_canonical	unresolved_endpoint
IntAct	2026-01-09	positive_evidence	intact:EBI-9822380|imex:IM-23184-2	Q9BW27	P41597-2	unmapped_in_pinned_uniprot_release	isoform_specific_source_not_folded_to_canonical	unresolved_endpoint
IntAct	2026-01-09	positive_evidence	intact:EBI-9822390|imex:IM-23184-3	Q9BW27	P41597-2	unmapped_in_pinned_uniprot_release	isoform_specific_source_not_folded_to_canonical	unresolved_endpoint
IntAct	2026-01-09	positive_evidence	intact:EBI-16030767|imex:IM-26133-5	O14931-2	P17931	isoform_specific_source_not_folded_to_canonical	accepted	unresolved_endpoint
IntAct	2026-01-09	positive_evidence	intact:EBI-30857596|imex:IM-29450-23	Q86U28	Q9BUE6	accepted	unmapped_in_pinned_uniprot_release	unresolved_endpoint
IntAct	2026-01-09	positive_evidence	intact:EBI-30857606|imex:IM-29450-13	Q86U28	Q9BUE6	accepted	unmapped_in_pinned_uniprot_release	unresolved_endpoint
IntAct	2026-01-09	positive_evidence	intact:EBI-16126683|imex:IM-24312-5|dip:DIP-198852E	Q9Y6K1	Q9UJW3-1	unmapped_in_pinned_uniprot_release	isoform_specific_source_not_folded_to_canonical	unresolved_endpoint
IntAct	2026-01-09	positive_evidence	intact:EBI-16127388|imex:IM-24420-1|dip:DIP-199084E	Q13490-1	P61077-1	isoform_specific_source_not_folded_to_canonical	isoform_specific_source_not_folded_to_canonical	unresolved_endpoint
IntAct	2026-01-09	positive_evidence	intact:EBI-25396627|imex:IM-27639-1	Q99523	P05231	unmapped_in_pinned_uniprot_release	accepted	unresolved_endpoint
IntAct	2026-01-09	positive_evidence	intact:EBI-25396654|imex:IM-27639-7	Q99523	Q99523-PRO_0000033162	unmapped_in_pinned_uniprot_release	unmapped_in_pinned_uniprot_release	unresolved_endpoint
IntAct	2026-01-09	positive_evidence	intact:EBI-16127891|imex:IM-24421-8|dip:DIP-199088E	Q9H0F7-1	Q8NFJ9	isoform_specific_source_not_folded_to_canonical	accepted	unresolved_endpoint
IntAct	2026-01-09	positive_evidence	intact:EBI-16129038|imex:IM-24649-1|dip:DIP-199375E	Q96B02-1	P52434	isoform_specific_source_not_folded_to_canonical	accepted	unresolved_endpoint
IntAct	2026-01-09	positive_evidence	intact:EBI-16129945|imex:IM-24079-6|dip:DIP-198462E	P46934-4	Q9HAU4	isoform_specific_source_not_folded_to_canonical	unmapped_in_pinned_uniprot_release	unresolved_endpoint
IntAct	2026-01-09	positive_evidence	intact:EBI-16130342|imex:IM-24082-1|dip:DIP-10393E	P51671	P51677-1	accepted	isoform_specific_source_not_folded_to_canonical	unresolved_endpoint
IntAct	2026-01-09	positive_evidence	intact:EBI-16130575|imex:IM-24086-7|dip:DIP-192674E	Q9C005	Q9UBL3-3	unmapped_in_pinned_uniprot_release	isoform_specific_source_not_folded_to_canonical	unresolved_endpoint
IntAct	2026-01-09	positive_evidence	intact:EBI-16130842|imex:IM-24090-1|dip:DIP-198480E	Q9P126-1	Q86YL7	isoform_specific_source_not_folded_to_canonical	accepted	unresolved_endpoint
IntAct	2026-01-09	positive_evidence	intact:EBI-16130886|imex:IM-24090-3|dip:DIP-198480E	Q9P126-1	Q86YL7	isoform_specific_source_not_folded_to_canonical	accepted	unresolved_endpoint
IntAct	2026-01-09	positive_evidence	intact:EBI-21987508|pdbe:4WJ7|imex:IM-27267-7	O00522	Q9BSQ5	accepted	unmapped_in_pinned_uniprot_release	unresolved_endpoint
IntAct	2026-01-09	positive_evidence	intact:EBI-21988615|imex:IM-27267-11	O00522	Q9BSQ5	accepted	unmapped_in_pinned_uniprot_release	unresolved_endpoint
IntAct	2026-01-09	positive_evidence	intact:EBI-21988641|imex:IM-27267-13	O00522	Q9BSQ5	accepted	unmapped_in_pinned_uniprot_release	unresolved_endpoint
IntAct	2026-01-09	positive_evidence	intact:EBI-15487327|imex:IM-25824-2	P01137-PRO_0000033762	P11464	unmapped_in_pinned_uniprot_release	accepted	unresolved_endpoint
IntAct	2026-01-09	positive_evidence	intact:EBI-15487353|imex:IM-25824-4	P01137-PRO_0000033762	P11464	unmapped_in_pinned_uniprot_release	accepted	unresolved_endpoint
IntAct	2026-01-09	positive_evidence	intact:EBI-16138171|imex:IM-24197-2|dip:DIP-40135E	Q12888-1	P04637	isoform_specific_source_not_folded_to_canonical	accepted	unresolved_endpoint
IntAct	2026-01-09	positive_evidence	intact:EBI-16138218|imex:IM-24197-4|dip:DIP-40135E	Q12888-1	P04637	isoform_specific_source_not_folded_to_canonical	accepted	unresolved_endpoint
IntAct	2026-01-09	positive_evidence	intact:EBI-16138242|imex:IM-24197-5|dip:DIP-40135E	Q12888-1	P04637	isoform_specific_source_not_folded_to_canonical	accepted	unresolved_endpoint
IntAct	2026-01-09	positive_evidence	intact:EBI-16138381|imex:IM-24197-10|dip:DIP-40135E	Q12888-1	P04637	isoform_specific_source_not_folded_to_canonical	accepted	unresolved_endpoint
IntAct	2026-01-09	positive_evidence	intact:EBI-16138514|imex:IM-24197-15|dip:DIP-40135E	Q12888-1	P04637	isoform_specific_source_not_folded_to_canonical	accepted	unresolved_endpoint
IntAct	2026-01-09	positive_evidence	intact:EBI-16140312|imex:IM-24203-1|dip:DIP-198729E	Q86UY6-1	P62805	isoform_specific_source_not_folded_to_canonical	accepted	unresolved_endpoint
IntAct	2026-01-09	positive_evidence	intact:EBI-28964177|wwpdb:4N6O|imex:IM-29408-1	Q99538-PRO_0000026502	Q15828-PRO_0000006648	unmapped_in_pinned_uniprot_release	unmapped_in_pinned_uniprot_release	unresolved_endpoint
IntAct	2026-01-09	positive_evidence	intact:EBI-28964252|wwpdb:4N6N|imex:IM-29408-3	Q99538-PRO_0000026502	Q15828-PRO_0000006648	unmapped_in_pinned_uniprot_release	unmapped_in_pinned_uniprot_release	unresolved_endpoint
IntAct	2026-01-09	positive_evidence	intact:EBI-16141204|imex:IM-24435-1|dip:DIP-199127E	Q92673	P05067-PRO_0000000093	accepted	unmapped_in_pinned_uniprot_release	unresolved_endpoint
IntAct	2026-01-09	positive_evidence	intact:EBI-16141245|imex:IM-24435-3|dip:DIP-199127E	Q92673	P05067-PRO_0000000093	accepted	unmapped_in_pinned_uniprot_release	unresolved_endpoint
IntAct	2026-01-09	positive_evidence	intact:EBI-16141224|imex:IM-24435-2|dip:DIP-199127E	Q92673	P05067-PRO_0000000093	accepted	unmapped_in_pinned_uniprot_release	unresolved_endpoint
IntAct	2026-01-09	positive_evidence	intact:EBI-16141376|imex:IM-24206-1|dip:DIP-40135E	Q12888-1	P04637	isoform_specific_source_not_folded_to_canonical	accepted	unresolved_endpoint
IntAct	2026-01-09	positive_evidence	intact:EBI-16141507|imex:IM-24206-5|dip:DIP-40135E	Q12888-1	P04637	isoform_specific_source_not_folded_to_canonical	accepted	unresolved_endpoint
IntAct	2026-01-09	positive_evidence	intact:EBI-16141532|imex:IM-24206-6|dip:DIP-73007E	Q12888-1	P62805	isoform_specific_source_not_folded_to_canonical	accepted	unresolved_endpoint
IntAct	2026-01-09	positive_evidence	intact:EBI-52222548|imex:IM-29985-51	Q86V97	Q9H492	accepted	unmapped_in_pinned_uniprot_release	unresolved_endpoint
IntAct	2026-01-09	positive_evidence	intact:EBI-52222555|imex:IM-29985-53	Q86V97	Q9GZQ8	accepted	unmapped_in_pinned_uniprot_release	unresolved_endpoint
IntAct	2026-01-09	positive_evidence	intact:EBI-52222562|imex:IM-29985-55	Q86V97	Q9BXW4	accepted	unmapped_in_pinned_uniprot_release	unresolved_endpoint
IntAct	2026-01-09	positive_evidence	intact:EBI-52222576|imex:IM-29985-59	Q86V97	Q9H0R8	accepted	unmapped_in_pinned_uniprot_release	unresolved_endpoint
IntAct	2026-01-09	positive_evidence	intact:EBI-52222590|imex:IM-29985-63	Q8WVZ9	Q9H492	accepted	unmapped_in_pinned_uniprot_release	unresolved_endpoint
IntAct	2026-01-09	positive_evidence	intact:EBI-52222597|imex:IM-29985-65	Q8WVZ9	Q9GZQ8	accepted	unmapped_in_pinned_uniprot_release	unresolved_endpoint
IntAct	2026-01-09	positive_evidence	intact:EBI-52222604|imex:IM-29985-67	Q8WVZ9	Q9BXW4	accepted	unmapped_in_pinned_uniprot_release	unresolved_endpoint
IntAct	2026-01-09	positive_evidence	intact:EBI-52222618|imex:IM-29985-71	Q8WVZ9	Q9H0R8	accepted	unmapped_in_pinned_uniprot_release	unresolved_endpoint
IntAct	2026-01-09	positive_evidence	intact:EBI-52222639|imex:IM-29985-75	Q86V97	Q9GZQ8	accepted	unmapped_in_pinned_uniprot_release	unresolved_endpoint
IntAct	2026-01-09	positive_evidence	intact:EBI-52222648|imex:IM-29985-77	Q86V97	Q9H0R8	accepted	unmapped_in_pinned_uniprot_release	unresolved_endpoint
IntAct	2026-01-09	positive_evidence	intact:EBI-16143585|imex:IM-24214-1|dip:DIP-88989E	P11142-1	Q9UNE7-1	isoform_specific_source_not_folded_to_canonical	isoform_specific_source_not_folded_to_canonical	unresolved_endpoint
IntAct	2026-01-09	positive_evidence	intact:EBI-16143611|imex:IM-24214-2|dip:DIP-88989E	P11142-1	Q9UNE7-1	isoform_specific_source_not_folded_to_canonical	isoform_specific_source_not_folded_to_canonical	unresolved_endpoint
IntAct	2026-01-09	positive_evidence	intact:EBI-16143633|imex:IM-24214-3|dip:DIP-88989E	P11142-1	Q9UNE7-1	isoform_specific_source_not_folded_to_canonical	isoform_specific_source_not_folded_to_canonical	unresolved_endpoint
IntAct	2026-01-09	positive_evidence	intact:EBI-16143817|imex:IM-24437-8|dip:DIP-199137E	P05067-PRO_0000000092	P11686-1	unmapped_in_pinned_uniprot_release	isoform_specific_source_not_folded_to_canonical	unresolved_endpoint
IntAct	2026-01-09	positive_evidence	intact:EBI-16146671|imex:IM-24219-1|dip:DIP-198745E	P42566-1	P26045	isoform_specific_source_not_folded_to_canonical	accepted	unresolved_endpoint
IntAct	2026-01-09	positive_evidence	intact:EBI-16146740|imex:IM-24219-4|dip:DIP-198745E	P26045	P42566-1	accepted	isoform_specific_source_not_folded_to_canonical	unresolved_endpoint
IntAct	2026-01-09	positive_evidence	intact:EBI-16147060|imex:IM-24406-1|dip:DIP-199048E	Q6P988	P51654-1	accepted	isoform_specific_source_not_folded_to_canonical	unresolved_endpoint
IntAct	2026-01-09	positive_evidence	intact:EBI-26656777|imex:IM-28747-7	Q9H0W5	Q9H9E1	unmapped_in_pinned_uniprot_release	unmapped_in_pinned_uniprot_release	unresolved_endpoint
IntAct	2026-01-09	positive_evidence	intact:EBI-26656812|wwpdb:4LG6|imex:IM-28747-9	Q9H0W5	Q9H9E1	unmapped_in_pinned_uniprot_release	unmapped_in_pinned_uniprot_release	unresolved_endpoint
IntAct	2026-01-09	positive_evidence	intact:EBI-17168690|imex:IM-26345-2	Q9UBB5	Q86YP4	unmapped_in_pinned_uniprot_release	accepted	unresolved_endpoint
IntAct	2026-01-09	positive_evidence	intact:EBI-16150943|imex:IM-24223-7|dip:DIP-198758E	Q8IYB4-6	Q9Y3Q4	isoform_specific_source_not_folded_to_canonical	unmapped_in_pinned_uniprot_release	unresolved_endpoint
IntAct	2026-01-09	positive_evidence	intact:EBI-16152426|imex:IM-24595-2|dip:DIP-199279E	P21333	P08514-1	accepted	isoform_specific_source_not_folded_to_canonical	unresolved_endpoint
IntAct	2026-01-09	positive_evidence	intact:EBI-16152524|imex:IM-24595-6|dip:DIP-742E	P05106	P08514-1	accepted	isoform_specific_source_not_folded_to_canonical	unresolved_endpoint
IntAct	2026-01-09	positive_evidence	intact:EBI-16152495|imex:IM-24595-5|dip:DIP-199279E	P21333	P08514-1	accepted	isoform_specific_source_not_folded_to_canonical	unresolved_endpoint
IntAct	2026-01-09	positive_evidence	intact:EBI-21015146|imex:IM-27048-3|wwpdb:4w4o	P01857-1	P12314	isoform_specific_source_not_folded_to_canonical	accepted	unresolved_endpoint
IntAct	2026-01-09	positive_evidence	intact:EBI-21015165|imex:IM-27048-5	P01857-1	P12314	isoform_specific_source_not_folded_to_canonical	accepted	unresolved_endpoint
IntAct	2026-01-09	positive_evidence	intact:EBI-16155401|imex:IM-24599-1|dip:DIP-199290E	Q96B86-1	P12643	isoform_specific_source_not_folded_to_canonical	accepted	unresolved_endpoint
IntAct	2026-01-09	positive_evidence	intact:EBI-16155552|imex:IM-24599-6|dip:DIP-199291E	P12643	Q6ZVN8-1	accepted	isoform_specific_source_not_folded_to_canonical	unresolved_endpoint
IntAct	2026-01-09	positive_evidence	intact:EBI-16155683|imex:IM-24599-12|dip:DIP-10672E	P12643	P27037-1	accepted	isoform_specific_source_not_folded_to_canonical	unresolved_endpoint
IntAct	2026-01-09	positive_evidence	intact:EBI-16155639|imex:IM-24599-10|dip:DIP-199290E	Q96B86-1	P12643	isoform_specific_source_not_folded_to_canonical	accepted	unresolved_endpoint
IntAct	2026-01-09	positive_evidence	intact:EBI-16155816|imex:IM-24599-18|dip:DIP-199291E	P12643	Q6ZVN8-1	accepted	isoform_specific_source_not_folded_to_canonical	unresolved_endpoint
IntAct	2026-01-09	positive_evidence	intact:EBI-16156544|imex:IM-24550-1|dip:DIP-57022E	Q9UBU8-2	Q9NV56	isoform_specific_source_not_folded_to_canonical	unmapped_in_pinned_uniprot_release	unresolved_endpoint
IntAct	2026-01-09	positive_evidence	intact:EBI-16156620|imex:IM-24550-4|dip:DIP-57022E	Q9UBU8-2	Q9NV56	isoform_specific_source_not_folded_to_canonical	unmapped_in_pinned_uniprot_release	unresolved_endpoint
IntAct	2026-01-09	positive_evidence	intact:EBI-16156662|imex:IM-24550-6|dip:DIP-57022E	Q9UBU8-2	Q9NV56	isoform_specific_source_not_folded_to_canonical	unmapped_in_pinned_uniprot_release	unresolved_endpoint
IntAct	2026-01-09	positive_evidence	intact:EBI-16156641|imex:IM-24550-5|dip:DIP-188877E	Q9UBU8-2	Q86YC2	isoform_specific_source_not_folded_to_canonical	accepted	unresolved_endpoint
IntAct	2026-01-09	positive_evidence	intact:EBI-16157858|imex:IM-24552-4|dip:DIP-199174E	Q9BSQ5-1	Q99759	isoform_specific_source_not_folded_to_canonical	unmapped_in_pinned_uniprot_release	unresolved_endpoint
IntAct	2026-01-09	positive_evidence	intact:EBI-16157824|imex:IM-24552-3|dip:DIP-199174E	Q9BSQ5-1	Q99759	isoform_specific_source_not_folded_to_canonical	unmapped_in_pinned_uniprot_release	unresolved_endpoint
IntAct	2026-01-09	positive_evidence	intact:EBI-16157778|imex:IM-24552-1|dip:DIP-199174E	Q9BSQ5-1	Q99759	isoform_specific_source_not_folded_to_canonical	unmapped_in_pinned_uniprot_release	unresolved_endpoint
IntAct	2026-01-09	positive_evidence	intact:EBI-64048902|imex:IM-30320-17	Q7Z2Z2	Q9Y3A5	accepted	unmapped_in_pinned_uniprot_release	unresolved_endpoint
IntAct	2026-01-09	positive_evidence	intact:EBI-10903275|imex:IM-24345-11	Q16611	Q07820-1	accepted	isoform_specific_source_not_folded_to_canonical	unresolved_endpoint
IntAct	2026-01-09	positive_evidence	intact:EBI-67126102|imex:IM-28802-10	P31947	P10636-8	accepted	isoform_specific_source_not_folded_to_canonical	unresolved_endpoint
IntAct	2026-01-09	positive_evidence	intact:EBI-67126112|imex:IM-28802-12	P31947	P10636-8	accepted	isoform_specific_source_not_folded_to_canonical	unresolved_endpoint
IntAct	2026-01-09	positive_evidence	intact:EBI-26874079|imex:IM-28802-1	P31947	P10636-8	accepted	isoform_specific_source_not_folded_to_canonical	unresolved_endpoint
IntAct	2026-01-09	positive_evidence	intact:EBI-26874103|wwpdb:5BTV|imex:IM-28802-3	P31947	P10636-8	accepted	isoform_specific_source_not_folded_to_canonical	unresolved_endpoint
IntAct	2026-01-09	positive_evidence	intact:EBI-11474540|imex:IM-24874-1	Q13133	Q9Y618	accepted	unmapped_in_pinned_uniprot_release	unresolved_endpoint
IntAct	2026-01-09	positive_evidence	intact:EBI-11358478|imex:IM-24865-1	O60880	Q9HBG7	accepted	unmapped_in_pinned_uniprot_release	unresolved_endpoint
IntAct	2026-01-09	positive_evidence	intact:EBI-11358495|imex:IM-24865-2	Q92835	Q9HBG7	accepted	unmapped_in_pinned_uniprot_release	unresolved_endpoint
IntAct	2026-01-09	positive_evidence	intact:EBI-11358517|imex:IM-24865-3	O60880	Q9BZW8	accepted	unmapped_in_pinned_uniprot_release	unresolved_endpoint
IntAct	2026-01-09	positive_evidence	intact:EBI-11358534|imex:IM-24865-4	Q92835	Q9BZW8	accepted	unmapped_in_pinned_uniprot_release	unresolved_endpoint
IntAct	2026-01-09	positive_evidence	intact:EBI-16166785|imex:IM-24948-1|dip:DIP-199970E	Q9NZU0	Q9HAR2	unmapped_in_pinned_uniprot_release	unmapped_in_pinned_uniprot_release	unresolved_endpoint
IntAct	2026-01-09	positive_evidence	intact:EBI-16166850|imex:IM-24948-4|dip:DIP-199970E	Q9NZU0	Q9HAR2	unmapped_in_pinned_uniprot_release	unmapped_in_pinned_uniprot_release	unresolved_endpoint
IntAct	2026-01-09	positive_evidence	intact:EBI-16166807|imex:IM-24948-2|dip:DIP-199970E	Q9NZU0	Q9HAR2	unmapped_in_pinned_uniprot_release	unmapped_in_pinned_uniprot_release	unresolved_endpoint
IntAct	2026-01-09	positive_evidence	intact:EBI-16169490|imex:IM-24765-1|dip:DIP-191693E	P62491	Q96QF0-2	accepted	isoform_specific_source_not_folded_to_canonical	unresolved_endpoint
IntAct	2026-01-09	positive_evidence	intact:EBI-16169785|imex:IM-24765-13|dip:DIP-191693E	P62491	Q96QF0-2	accepted	isoform_specific_source_not_folded_to_canonical	unresolved_endpoint
IntAct	2026-01-09	positive_evidence	intact:EBI-11479333|imex:IM-24965-3	P21802	P09038-2	accepted	isoform_specific_source_not_folded_to_canonical	unresolved_endpoint
IntAct	2026-01-09	positive_evidence	intact:EBI-16170245|imex:IM-24954-1|dip:DIP-71602E	P32780	Q01831-1	accepted	isoform_specific_source_not_folded_to_canonical	unresolved_endpoint
IntAct	2026-01-09	positive_evidence	intact:EBI-16170306|imex:IM-24954-3|dip:DIP-71602E	P32780	Q01831-1	accepted	isoform_specific_source_not_folded_to_canonical	unresolved_endpoint
IntAct	2026-01-09	positive_evidence	intact:EBI-16170285|imex:IM-24954-2|dip:DIP-71602E	P32780	Q01831-1	accepted	isoform_specific_source_not_folded_to_canonical	unresolved_endpoint
IntAct	2026-01-09	positive_evidence	intact:EBI-16171997|imex:IM-24955-2|dip:DIP-195804E	O75143	Q9BSB4	accepted	unmapped_in_pinned_uniprot_release	unresolved_endpoint
IntAct	2026-01-09	positive_evidence	intact:EBI-16172788|imex:IM-24751-3|dip:DIP-199630E	O76003	Q6FI81-1	accepted	isoform_specific_source_not_folded_to_canonical	unresolved_endpoint
IntAct	2026-01-09	positive_evidence	intact:EBI-11360756|imex:IM-24702-1	Q9UBZ9	Q6NZ36	unmapped_in_pinned_uniprot_release	accepted	unresolved_endpoint
IntAct	2026-01-09	positive_evidence	intact:EBI-16173751|imex:IM-24961-4|dip:DIP-60330E	O60784	Q9H0E2-1	accepted	isoform_specific_source_not_folded_to_canonical	unresolved_endpoint
IntAct	2026-01-09	positive_evidence	intact:EBI-16173688|imex:IM-24961-1|dip:DIP-60330E	O60784	Q9H0E2-1	accepted	isoform_specific_source_not_folded_to_canonical	unresolved_endpoint
IntAct	2026-01-09	positive_evidence	intact:EBI-16173796|imex:IM-24961-5|dip:DIP-60330E	O60784	Q9H0E2-1	accepted	isoform_specific_source_not_folded_to_canonical	unresolved_endpoint
IntAct	2026-01-09	positive_evidence	intact:EBI-11360840|imex:IM-24703-1	Q9Y5W5	P41221	unmapped_in_pinned_uniprot_release	accepted	unresolved_endpoint
IntAct	2026-01-09	positive_evidence	intact:EBI-11360851|imex:IM-24703-3	Q9Y5W5	O00755	unmapped_in_pinned_uniprot_release	accepted	unresolved_endpoint
IntAct	2026-01-09	positive_evidence	intact:EBI-11361462|imex:IM-24703-5	Q9Y5W5	O00755	unmapped_in_pinned_uniprot_release	accepted	unresolved_endpoint
IntAct	2026-01-09	positive_evidence	intact:EBI-11361484|imex:IM-24703-7	Q9Y5W5	P41221	unmapped_in_pinned_uniprot_release	accepted	unresolved_endpoint
IntAct	2026-01-09	positive_evidence	intact:EBI-16177537|imex:IM-25122-1|dip:DIP-200082E	O75044	Q9Y6N7	accepted	unmapped_in_pinned_uniprot_release	unresolved_endpoint
IntAct	2026-01-09	positive_evidence	intact:EBI-16177674|imex:IM-25122-8|dip:DIP-200083E	O75044	Q9NQX3	accepted	unmapped_in_pinned_uniprot_release	unresolved_endpoint
IntAct	2026-01-09	positive_evidence	intact:EBI-16177594|imex:IM-25122-4|dip:DIP-200082E	O75044	Q9Y6N7	accepted	unmapped_in_pinned_uniprot_release	unresolved_endpoint
IntAct	2026-01-09	positive_evidence	intact:EBI-16177754|imex:IM-25122-12|dip:DIP-200082E	O75044	Q9Y6N7	accepted	unmapped_in_pinned_uniprot_release	unresolved_endpoint
IntAct	2026-01-09	positive_evidence	intact:EBI-16177775|imex:IM-25122-13|dip:DIP-200085E	Q9Y6N7	P98171-1	unmapped_in_pinned_uniprot_release	isoform_specific_source_not_folded_to_canonical	unresolved_endpoint
IntAct	2026-01-09	positive_evidence	intact:EBI-21457914|imex:IM-27112-3	Q7Z434	Q9Y4K3	accepted	unmapped_in_pinned_uniprot_release	unresolved_endpoint
IntAct	2026-01-09	positive_evidence	intact:EBI-21457948|pdbe:4z8m|imex:IM-27112-5	Q7Z434	Q9Y4K3	accepted	unmapped_in_pinned_uniprot_release	unresolved_endpoint
IntAct	2026-01-09	positive_evidence	intact:EBI-16178094|imex:IM-25123-2|dip:DIP-177743E	Q8TAF3-1	P62068-1	isoform_specific_source_not_folded_to_canonical	isoform_specific_source_not_folded_to_canonical	unresolved_endpoint
IntAct	2026-01-09	positive_evidence	intact:EBI-20765810	P10636-8	O00499-1	isoform_specific_source_not_folded_to_canonical	isoform_specific_source_not_folded_to_canonical	unresolved_endpoint
IntAct	2026-01-09	positive_evidence	intact:EBI-11691656|imex:IM-25244-1	Q6UXT8	Q9UM73	accepted	unmapped_in_pinned_uniprot_release	unresolved_endpoint
IntAct	2026-01-09	positive_evidence	intact:EBI-16179362|imex:IM-25181-7|dip:DIP-200657E	P10636-8	Q92743	isoform_specific_source_not_folded_to_canonical	accepted	unresolved_endpoint
IntAct	2026-01-09	positive_evidence	intact:EBI-16180760|imex:IM-25126-1|dip:DIP-200090E	Q96RU8-1	P49715-1	isoform_specific_source_not_folded_to_canonical	isoform_specific_source_not_folded_to_canonical	unresolved_endpoint
IntAct	2026-01-09	positive_evidence	intact:EBI-11508434|imex:IM-25004-1	P01588-PRO_0000008401	P19235	unmapped_in_pinned_uniprot_release	accepted	unresolved_endpoint
IntAct	2026-01-09	positive_evidence	intact:EBI-11508499|imex:IM-25004-3	P01588-PRO_0000008401	P54760-1	unmapped_in_pinned_uniprot_release	isoform_specific_source_not_folded_to_canonical	unresolved_endpoint
IntAct	2026-01-09	positive_evidence	intact:EBI-11508506|imex:IM-25004-19	P52799	P54760-1	accepted	isoform_specific_source_not_folded_to_canonical	unresolved_endpoint
IntAct	2026-01-09	positive_evidence	intact:EBI-11508916|imex:IM-25004-11	P01588-PRO_0000008401	P19235	unmapped_in_pinned_uniprot_release	accepted	unresolved_endpoint
IntAct	2026-01-09	positive_evidence	intact:EBI-16185226|imex:IM-25190-2|dip:DIP-200672E	Q99435-1	Q96MS0	isoform_specific_source_not_folded_to_canonical	accepted	unresolved_endpoint
IntAct	2026-01-09	positive_evidence	intact:EBI-16185253|imex:IM-25190-3|dip:DIP-200672E	Q99435-1	Q96MS0	isoform_specific_source_not_folded_to_canonical	accepted	unresolved_endpoint
IntAct	2026-01-09	positive_evidence	intact:EBI-16185828|imex:IM-25131-2|dip:DIP-200470E	Q9NZQ7-1	Q15116	isoform_specific_source_not_folded_to_canonical	accepted	unresolved_endpoint
IntAct	2026-01-09	positive_evidence	intact:EBI-16187711|imex:IM-25431-1|dip:DIP-201123E	P62937	P46108-1	accepted	isoform_specific_source_not_folded_to_canonical	unresolved_endpoint
IntAct	2026-01-09	positive_evidence	intact:EBI-16187791|imex:IM-25431-5|dip:DIP-201123E	P62937	P46108-1	accepted	isoform_specific_source_not_folded_to_canonical	unresolved_endpoint
IntAct	2026-01-09	positive_evidence	intact:EBI-16187751|imex:IM-25431-3|dip:DIP-201123E	P62937	P46108-1	accepted	isoform_specific_source_not_folded_to_canonical	unresolved_endpoint
IntAct	2026-01-09	positive_evidence	intact:EBI-16189905|imex:IM-25271-2|dip:DIP-88995E	P55072	Q9UNZ2	accepted	unmapped_in_pinned_uniprot_release	unresolved_endpoint
IntAct	2026-01-09	positive_evidence	intact:EBI-16191525|imex:IM-25388-3|dip:DIP-201037E	O14646	O60341-1	accepted	isoform_specific_source_not_folded_to_canonical	unresolved_endpoint
IntAct	2026-01-09	positive_evidence	intact:EBI-16191756|imex:IM-25388-13|dip:DIP-201037E	O14646	O60341-1	accepted	isoform_specific_source_not_folded_to_canonical	unresolved_endpoint
IntAct	2026-01-09	positive_evidence	intact:EBI-16191732|imex:IM-25388-12|dip:DIP-201037E	O14646	O60341-1	accepted	isoform_specific_source_not_folded_to_canonical	unresolved_endpoint
IntAct	2026-01-09	positive_evidence	intact:EBI-16192133|imex:IM-25265-3|dip:DIP-200859E	Q9H2K2	Q7Z6K5-1	unmapped_in_pinned_uniprot_release	isoform_specific_source_not_folded_to_canonical	unresolved_endpoint
IntAct	2026-01-09	positive_evidence	intact:EBI-16192112|imex:IM-25265-2|dip:DIP-200859E	Q9H2K2	Q7Z6K5-1	unmapped_in_pinned_uniprot_release	isoform_specific_source_not_folded_to_canonical	unresolved_endpoint
IntAct	2026-01-09	positive_evidence	intact:EBI-16192176|imex:IM-25265-5|dip:DIP-200859E	Q9H2K2	Q7Z6K5-1	unmapped_in_pinned_uniprot_release	isoform_specific_source_not_folded_to_canonical	unresolved_endpoint
IntAct	2026-01-09	positive_evidence	intact:EBI-25298775|imex:IM-27619-23	Q9UBD9-PRO_0000015616	P26992	unmapped_in_pinned_uniprot_release	accepted	unresolved_endpoint
IntAct	2026-01-09	positive_evidence	intact:EBI-25298859|imex:IM-27619-5	Q92673	Q92673-PRO_0000033164	accepted	unmapped_in_pinned_uniprot_release	unresolved_endpoint
IntAct	2026-01-09	positive_evidence	intact:EBI-16198221|imex:IM-25359-19|dip:DIP-84094E	Q9UBL3-3	Q15291	isoform_specific_source_not_folded_to_canonical	accepted	unresolved_endpoint
IntAct	2026-01-09	positive_evidence	intact:EBI-11686229|imex:IM-25084-1	Q9H3M7	P52735	unmapped_in_pinned_uniprot_release	accepted	unresolved_endpoint
IntAct	2026-01-09	positive_evidence	intact:EBI-11686246|imex:IM-25084-2	Q9H3M7	P52735	unmapped_in_pinned_uniprot_release	accepted	unresolved_endpoint
IntAct	2026-01-09	positive_evidence	intact:EBI-11686298|imex:IM-25084-3	Q9H3M7	P12931	unmapped_in_pinned_uniprot_release	accepted	unresolved_endpoint
IntAct	2026-01-09	positive_evidence	intact:EBI-11711359|imex:IM-25309-1	P98066	O14625-PRO_0000005106	accepted	unmapped_in_pinned_uniprot_release	unresolved_endpoint
IntAct	2026-01-09	positive_evidence	intact:EBI-11711373|imex:IM-25309-9	P98066	P48061-PRO_0000005109	accepted	unmapped_in_pinned_uniprot_release	unresolved_endpoint
IntAct	2026-01-09	positive_evidence	intact:EBI-11711387|imex:IM-25309-11	P98066	P13500-PRO_0000005146	accepted	unmapped_in_pinned_uniprot_release	unresolved_endpoint
IntAct	2026-01-09	positive_evidence	intact:EBI-11711404|imex:IM-25309-13	P98066	P80098-PRO_0000005183	accepted	unmapped_in_pinned_uniprot_release	unresolved_endpoint
IntAct	2026-01-09	positive_evidence	intact:EBI-11711428|imex:IM-25309-15	P98066	Q99731-PRO_0000005214	accepted	unmapped_in_pinned_uniprot_release	unresolved_endpoint
IntAct	2026-01-09	positive_evidence	intact:EBI-11711524|imex:IM-25309-17	P98066	O00585-PRO_0000005220	accepted	unmapped_in_pinned_uniprot_release	unresolved_endpoint
IntAct	2026-01-09	positive_evidence	intact:EBI-11711543|imex:IM-25309-3	P98066	Q9Y4X3-PRO_0000005239	accepted	unmapped_in_pinned_uniprot_release	unresolved_endpoint
IntAct	2026-01-09	positive_evidence	intact:EBI-11712915|imex:IM-25309-5	P98066	P13501-PRO_0000005175	accepted	unmapped_in_pinned_uniprot_release	unresolved_endpoint
IntAct	2026-01-09	positive_evidence	intact:EBI-16204909|imex:IM-25331-2|dip:DIP-200875E	Q9H7B4-1	Q9Y2U5	isoform_specific_source_not_folded_to_canonical	unmapped_in_pinned_uniprot_release	unresolved_endpoint
IntAct	2026-01-09	positive_evidence	intact:EBI-16205997|imex:IM-25380-1|dip:DIP-72443E	Q9H222-1	Q9H221-1	isoform_specific_source_not_folded_to_canonical	isoform_specific_source_not_folded_to_canonical	unresolved_endpoint
IntAct	2026-01-09	positive_evidence	intact:EBI-16206350|imex:IM-25336-1|dip:DIP-200880E	Q8TCU6	P63000-1	accepted	isoform_specific_source_not_folded_to_canonical	unresolved_endpoint
IntAct	2026-01-09	positive_evidence	intact:EBI-16206389|imex:IM-25336-3|dip:DIP-200881E	Q8TCU6	P60953-2	accepted	isoform_specific_source_not_folded_to_canonical	unresolved_endpoint
IntAct	2026-01-09	positive_evidence	intact:EBI-12508539|imex:IM-25581-1	Q9H4M9	Q8N3F8	unmapped_in_pinned_uniprot_release	accepted	unresolved_endpoint
IntAct	2026-01-09	positive_evidence	intact:EBI-12508550|imex:IM-25581-2	Q9NZN3	Q8N3F8	unmapped_in_pinned_uniprot_release	accepted	unresolved_endpoint
IntAct	2026-01-09	positive_evidence	intact:EBI-16207786|imex:IM-25449-1|dip:DIP-196056E	Q86U44-1	Q9HCE5	isoform_specific_source_not_folded_to_canonical	unmapped_in_pinned_uniprot_release	unresolved_endpoint
IntAct	2026-01-09	positive_evidence	intact:EBI-16208315|imex:IM-25451-1|dip:DIP-201155E	Q8IYV9-1	A6ND01-1	isoform_specific_source_not_folded_to_canonical	isoform_specific_source_not_folded_to_canonical	unresolved_endpoint
IntAct	2026-01-09	positive_evidence	intact:EBI-16208381|imex:IM-25451-4|dip:DIP-201155E	Q8IYV9-1	A6ND01-1	isoform_specific_source_not_folded_to_canonical	isoform_specific_source_not_folded_to_canonical	unresolved_endpoint
IntAct	2026-01-09	positive_evidence	intact:EBI-16208423|imex:IM-25451-6|dip:DIP-201155E	Q8IYV9-1	A6ND01-1	isoform_specific_source_not_folded_to_canonical	isoform_specific_source_not_folded_to_canonical	unresolved_endpoint
IntAct	2026-01-09	positive_evidence	intact:EBI-16208479|imex:IM-25452-1|dip:DIP-201155E	Q8IYV9-1	A6ND01-1	isoform_specific_source_not_folded_to_canonical	isoform_specific_source_not_folded_to_canonical	unresolved_endpoint
IntAct	2026-01-09	positive_evidence	intact:EBI-16208540|imex:IM-25452-3|dip:DIP-201155E	Q8IYV9-1	A6ND01-1	isoform_specific_source_not_folded_to_canonical	isoform_specific_source_not_folded_to_canonical	unresolved_endpoint
IntAct	2026-01-09	positive_evidence	intact:EBI-16208663|imex:IM-25452-8|dip:DIP-201155E	Q8IYV9-1	A6ND01-1	isoform_specific_source_not_folded_to_canonical	isoform_specific_source_not_folded_to_canonical	unresolved_endpoint
IntAct	2026-01-09	positive_evidence	intact:EBI-16208603|imex:IM-25452-6|dip:DIP-201155E	Q8IYV9-1	A6ND01-1	isoform_specific_source_not_folded_to_canonical	isoform_specific_source_not_folded_to_canonical	unresolved_endpoint
IntAct	2026-01-09	positive_evidence	intact:EBI-12599714|imex:IM-25752-1	O60828	Q9Y2W2	accepted	unmapped_in_pinned_uniprot_release	unresolved_endpoint
IntAct	2026-01-09	positive_evidence	intact:EBI-12599728|imex:IM-25752-2	O60828	Q9Y2W2	accepted	unmapped_in_pinned_uniprot_release	unresolved_endpoint
IntAct	2026-01-09	positive_evidence	intact:EBI-12599742|imex:IM-25752-3	O60828	Q9Y2W2	accepted	unmapped_in_pinned_uniprot_release	unresolved_endpoint
IntAct	2026-01-09	positive_evidence	intact:EBI-12599757|imex:IM-25752-4	O60828	Q9Y2W2	accepted	unmapped_in_pinned_uniprot_release	unresolved_endpoint
IntAct	2026-01-09	positive_evidence	intact:EBI-12599772|imex:IM-25752-5	O60828	Q9Y2W2	accepted	unmapped_in_pinned_uniprot_release	unresolved_endpoint
IntAct	2026-01-09	positive_evidence	intact:EBI-12599786|imex:IM-25752-6	O60828	Q9Y2W2	accepted	unmapped_in_pinned_uniprot_release	unresolved_endpoint
IntAct	2026-01-09	positive_evidence	intact:EBI-12599801|imex:IM-25752-7	O60828	Q9Y2W2	accepted	unmapped_in_pinned_uniprot_release	unresolved_endpoint
IntAct	2026-01-09	positive_evidence	intact:EBI-12599816|imex:IM-25752-8	O60828	Q9Y2W2	accepted	unmapped_in_pinned_uniprot_release	unresolved_endpoint
IntAct	2026-01-09	positive_evidence	intact:EBI-16719583|wwpdb:5k7m|imex:IM-26294-3	Q86U44	Q9HCE5	accepted	unmapped_in_pinned_uniprot_release	unresolved_endpoint
IntAct	2026-01-09	positive_evidence	intact:EBI-15487433|imex:IM-26129-3	P01137-PRO_0000033762	Q00887	unmapped_in_pinned_uniprot_release	accepted	unresolved_endpoint
IntAct	2026-01-09	positive_evidence	intact:EBI-34583482|imex:IM-29628-1	P20062	Q9NPF0	accepted	unmapped_in_pinned_uniprot_release	unresolved_endpoint
IntAct	2026-01-09	positive_evidence	intact:EBI-34583584|imex:IM-29628-3	P20062	Q9NPF0	accepted	unmapped_in_pinned_uniprot_release	unresolved_endpoint
IntAct	2026-01-09	positive_evidence	intact:EBI-34583620|imex:IM-29628-7	P20062	Q9NPF0	accepted	unmapped_in_pinned_uniprot_release	unresolved_endpoint
IntAct	2026-01-09	positive_evidence	intact:EBI-34583721|imex:IM-29628-17	P20062	Q9NPF0	accepted	unmapped_in_pinned_uniprot_release	unresolved_endpoint
IntAct	2026-01-09	positive_evidence	intact:EBI-34583640|imex:IM-29628-9	P20062	Q9NPF0	accepted	unmapped_in_pinned_uniprot_release	unresolved_endpoint
IntAct	2026-01-09	positive_evidence	intact:EBI-34583690|wwpdb:4zrq|imex:IM-29628-21	P20062	Q9NPF0	accepted	unmapped_in_pinned_uniprot_release	unresolved_endpoint
IntAct	2026-01-09	positive_evidence	intact:EBI-27036328|imex:IM-29094-1	Q9Y3E2	Q86SX6-PRO_0000141650	unmapped_in_pinned_uniprot_release	unmapped_in_pinned_uniprot_release	unresolved_endpoint
IntAct	2026-01-09	positive_evidence	intact:EBI-27036349|imex:IM-29094-21	Q53S33	Q86SX6-PRO_0000141650	accepted	unmapped_in_pinned_uniprot_release	unresolved_endpoint
IntAct	2026-01-09	positive_evidence	intact:EBI-27036370|imex:IM-29094-5	Q9Y3E2	Q86SX6-PRO_0000141650	unmapped_in_pinned_uniprot_release	unmapped_in_pinned_uniprot_release	unresolved_endpoint
IntAct	2026-01-09	positive_evidence	intact:EBI-27036395|imex:IM-29094-27	Q53S33	Q86SX6-PRO_0000141650	accepted	unmapped_in_pinned_uniprot_release	unresolved_endpoint
IntAct	2026-01-09	positive_evidence	intact:EBI-27037487|imex:IM-29094-17	Q53S33	Q9UMS0	accepted	unmapped_in_pinned_uniprot_release	unresolved_endpoint
IntAct	2026-01-09	positive_evidence	intact:EBI-27037498|imex:IM-29094-19	Q9Y3E2	Q9UMS0	unmapped_in_pinned_uniprot_release	unmapped_in_pinned_uniprot_release	unresolved_endpoint
IntAct	2026-01-09	positive_evidence	intact:EBI-30859828|wwpdb:5lxr|wwpdb:5lxy|imex:IM-29474-5	Q6NZY4	Q9Y580	accepted	unmapped_in_pinned_uniprot_release	unresolved_endpoint
IntAct	2026-01-09	positive_evidence	intact:EBI-30860012|imex:IM-29474-17	Q6NZY4	Q9Y580	accepted	unmapped_in_pinned_uniprot_release	unresolved_endpoint
IntAct	2026-01-09	positive_evidence	intact:EBI-27047193|imex:IM-29109-5	Q99732	P46934	unmapped_in_pinned_uniprot_release	accepted	unresolved_endpoint
IntAct	2026-01-09	positive_evidence	intact:EBI-16412905|imex:IM-26176-7	Q495A1	P15151-1	accepted	isoform_specific_source_not_folded_to_canonical	unresolved_endpoint
IntAct	2026-01-09	positive_evidence	intact:EBI-16745993|wwpdb:5gve|imex:IM-26467-1	O95985	Q9H7E2-3	accepted	isoform_specific_source_not_folded_to_canonical	unresolved_endpoint
IntAct	2026-01-09	positive_evidence	intact:EBI-21988323|imex:IM-27272-1	Q96P20	Q9ULZ3	accepted	unmapped_in_pinned_uniprot_release	unresolved_endpoint
IntAct	2026-01-09	positive_evidence	intact:EBI-25299724|imex:IM-27618-3	Q92673-PRO_0000033164	Q92673	unmapped_in_pinned_uniprot_release	accepted	unresolved_endpoint
IntAct	2026-01-09	positive_evidence	intact:EBI-16640143|imex:IM-26339-1	P13501-PRO_0000005175	Q92583	unmapped_in_pinned_uniprot_release	accepted	unresolved_endpoint
IntAct	2026-01-09	positive_evidence	intact:EBI-16640391|imex:IM-26339-747	P13501-PRO_0000005175	Q92583	unmapped_in_pinned_uniprot_release	accepted	unresolved_endpoint
IntAct	2026-01-09	positive_evidence	intact:EBI-16640432|imex:IM-26339-5	Q92583	P13501-PRO_0000005175	accepted	unmapped_in_pinned_uniprot_release	unresolved_endpoint
IntAct	2026-01-09	positive_evidence	intact:EBI-16640445|imex:IM-26339-7	P13501-PRO_0000005175	Q92583	unmapped_in_pinned_uniprot_release	accepted	unresolved_endpoint
IntAct	2026-01-09	positive_evidence	intact:EBI-16640456|imex:IM-26339-727	P13501	P02776-PRO_0000351217	accepted	unmapped_in_pinned_uniprot_release	unresolved_endpoint
IntAct	2026-01-09	positive_evidence	intact:EBI-16640478|imex:IM-26339-749	P02776-PRO_0000351217	P48061	unmapped_in_pinned_uniprot_release	accepted	unresolved_endpoint
IntAct	2026-01-09	positive_evidence	intact:EBI-16640491|imex:IM-26339-13	P13501-PRO_0000005175	P02776	unmapped_in_pinned_uniprot_release	accepted	unresolved_endpoint
IntAct	2026-01-09	positive_evidence	intact:EBI-16671811|imex:IM-26339-15	P02776	P13501-PRO_0000005175	accepted	unmapped_in_pinned_uniprot_release	unresolved_endpoint
IntAct	2026-01-09	positive_evidence	intact:EBI-16671826|imex:IM-26339-17	P02776	P13501-PRO_0000005175	accepted	unmapped_in_pinned_uniprot_release	unresolved_endpoint
IntAct	2026-01-09	positive_evidence	intact:EBI-16803905|imex:IM-26339-440	Q99616	P13501	unmapped_in_pinned_uniprot_release	accepted	unresolved_endpoint
IntAct	2026-01-09	positive_evidence	intact:EBI-16804074|imex:IM-26339-102	Q9UBD3	P13501	unmapped_in_pinned_uniprot_release	accepted	unresolved_endpoint
IntAct	2026-01-09	positive_evidence	intact:EBI-16804050|imex:IM-26339-100	Q9NRJ3	P13501	unmapped_in_pinned_uniprot_release	accepted	unresolved_endpoint
IntAct	2026-01-09	positive_evidence	intact:EBI-16804038|imex:IM-26339-444	Q9Y258	P13501	unmapped_in_pinned_uniprot_release	accepted	unresolved_endpoint
IntAct	2026-01-09	positive_evidence	intact:EBI-16804269|imex:IM-26339-520	Q99616	P02776	unmapped_in_pinned_uniprot_release	accepted	unresolved_endpoint
IntAct	2026-01-09	positive_evidence	intact:EBI-16804341|imex:IM-26339-268	Q9NRJ3	P02776	unmapped_in_pinned_uniprot_release	accepted	unresolved_endpoint
IntAct	2026-01-09	positive_evidence	intact:EBI-16804524|imex:IM-26339-198	Q99616	P48061	unmapped_in_pinned_uniprot_release	accepted	unresolved_endpoint
IntAct	2026-01-09	positive_evidence	intact:EBI-16804329|imex:IM-26339-184	Q9Y258	P02776	unmapped_in_pinned_uniprot_release	accepted	unresolved_endpoint
IntAct	2026-01-09	positive_evidence	intact:EBI-16804615|imex:IM-26339-272	Q9Y258	P48061	unmapped_in_pinned_uniprot_release	accepted	unresolved_endpoint
IntAct	2026-01-09	positive_evidence	intact:EBI-16804821|imex:IM-26339-202	Q9Y258	Q92583	unmapped_in_pinned_uniprot_release	accepted	unresolved_endpoint
IntAct	2026-01-09	positive_evidence	intact:EBI-16804833|imex:IM-26339-604	Q9NRJ3	Q92583	unmapped_in_pinned_uniprot_release	accepted	unresolved_endpoint
IntAct	2026-01-09	positive_evidence	intact:EBI-16804627|imex:IM-26339-384	Q9NRJ3	P48061	unmapped_in_pinned_uniprot_release	accepted	unresolved_endpoint
IntAct	2026-01-09	positive_evidence	intact:EBI-16804651|imex:IM-26339-386	Q9UBD3	P48061	unmapped_in_pinned_uniprot_release	accepted	unresolved_endpoint
IntAct	2026-01-09	positive_evidence	intact:EBI-16815497|imex:IM-26339-769	P02776-PRO_0000351217	P13501-PRO_0000005175	unmapped_in_pinned_uniprot_release	unmapped_in_pinned_uniprot_release	unresolved_endpoint
IntAct	2026-01-09	positive_evidence	intact:EBI-16815522|imex:IM-26339-771	P48061	P13501-PRO_0000005175	accepted	unmapped_in_pinned_uniprot_release	unresolved_endpoint
IntAct	2026-01-09	positive_evidence	intact:EBI-16815583|imex:IM-26339-709	P13501-PRO_0000005175	Q92583	unmapped_in_pinned_uniprot_release	accepted	unresolved_endpoint
IntAct	2026-01-09	positive_evidence	intact:EBI-20218498|imex:IM-26339-737	P48061	P13501-PRO_0000005175	accepted	unmapped_in_pinned_uniprot_release	unresolved_endpoint
IntAct	2026-01-09	positive_evidence	intact:EBI-20561708|imex:IM-26339-741	P13501-PRO_0000005175	P02776-PRO_0000351217	unmapped_in_pinned_uniprot_release	unmapped_in_pinned_uniprot_release	unresolved_endpoint
IntAct	2026-01-09	positive_evidence	intact:EBI-20621604|imex:IM-26532-1|wwpdb:5v8w	Q5TA45	Q9NV88	accepted	unmapped_in_pinned_uniprot_release	unresolved_endpoint
IntAct	2026-01-09	positive_evidence	intact:EBI-15183940|imex:IM-25085-3	P27918-PRO_0000035863	O76036	unmapped_in_pinned_uniprot_release	accepted	unresolved_endpoint
IntAct	2026-01-09	positive_evidence	intact:EBI-16365018|imex:IM-26180-5	P26718	Q9BZM6	accepted	unmapped_in_pinned_uniprot_release	unresolved_endpoint
IntAct	2026-01-09	positive_evidence	intact:EBI-16365147|imex:IM-26180-7	P26718	Q9BZM6	accepted	unmapped_in_pinned_uniprot_release	unresolved_endpoint
IntAct	2026-01-09	positive_evidence	intact:EBI-16365437|imex:IM-26180-9	P26718	Q9BZM5	accepted	unmapped_in_pinned_uniprot_release	unresolved_endpoint
IntAct	2026-01-09	positive_evidence	intact:EBI-16365519|imex:IM-26180-11	P26718	Q9BZM4	accepted	unmapped_in_pinned_uniprot_release	unresolved_endpoint
IntAct	2026-01-09	positive_evidence	intact:EBI-16368137|imex:IM-26180-17	P26718	Q9BZM5	accepted	unmapped_in_pinned_uniprot_release	unresolved_endpoint
IntAct	2026-01-09	positive_evidence	intact:EBI-16227352|imex:IM-26144-21|pdbe:5hzw	Q9UK05-PRO_0000033903	P17813	unmapped_in_pinned_uniprot_release	accepted	unresolved_endpoint
IntAct	2026-01-09	positive_evidence	intact:EBI-16357740|imex:IM-26144-23	Q9UK05-PRO_0000033903	P17813	unmapped_in_pinned_uniprot_release	accepted	unresolved_endpoint
IntAct	2026-01-09	positive_evidence	intact:EBI-16357747|imex:IM-26144-25	Q9UK05-PRO_0000033903	P17813	unmapped_in_pinned_uniprot_release	accepted	unresolved_endpoint
IntAct	2026-01-09	positive_evidence	intact:EBI-16357763|imex:IM-26144-19	Q9UK05-PRO_0000033903	P17813	unmapped_in_pinned_uniprot_release	accepted	unresolved_endpoint
IntAct	2026-01-09	positive_evidence	intact:EBI-32715591|imex:IM-29489-5|wwpdb:5nvl	O60573-1	Q6Y7W6-1	isoform_specific_source_not_folded_to_canonical	isoform_specific_source_not_folded_to_canonical	unresolved_endpoint
IntAct	2026-01-09	positive_evidence	intact:EBI-32715604|wwpdb:5nvm|imex:IM-29489-43	O60573-1	Q6Y7W6-1	isoform_specific_source_not_folded_to_canonical	isoform_specific_source_not_folded_to_canonical	unresolved_endpoint
IntAct	2026-01-09	positive_evidence	intact:EBI-32715613|wwpdb:5nvk|imex:IM-29489-27	O60573-1	O75420	isoform_specific_source_not_folded_to_canonical	accepted	unresolved_endpoint
IntAct	2026-01-09	positive_evidence	intact:EBI-32715622|wwpdb:5nvn|imex:IM-29489-63	O60573-1	Q13541	isoform_specific_source_not_folded_to_canonical	accepted	unresolved_endpoint
IntAct	2026-01-09	positive_evidence	intact:EBI-32715638|imex:IM-29489-29	O75420	O60573-1	accepted	isoform_specific_source_not_folded_to_canonical	unresolved_endpoint
IntAct	2026-01-09	positive_evidence	intact:EBI-32715645|imex:IM-29489-65	O75420	O60573-1	accepted	isoform_specific_source_not_folded_to_canonical	unresolved_endpoint
IntAct	2026-01-09	positive_evidence	intact:EBI-32715659|imex:IM-29489-31	Q6Y7W6	O60573-1	accepted	isoform_specific_source_not_folded_to_canonical	unresolved_endpoint
IntAct	2026-01-09	positive_evidence	intact:EBI-32715675|imex:IM-29489-67	Q6Y7W6	O60573-1	accepted	isoform_specific_source_not_folded_to_canonical	unresolved_endpoint
IntAct	2026-01-09	positive_evidence	intact:EBI-32715685|imex:IM-29489-33	Q13541	P06730-1	accepted	isoform_specific_source_not_folded_to_canonical	unresolved_endpoint
IntAct	2026-01-09	positive_evidence	intact:EBI-32715692|imex:IM-29489-69	Q13541	O60573-1	accepted	isoform_specific_source_not_folded_to_canonical	unresolved_endpoint
IntAct	2026-01-09	positive_evidence	intact:EBI-20899133|imex:IM-26815-1	O00499-9	P10636-8	isoform_specific_source_not_folded_to_canonical	isoform_specific_source_not_folded_to_canonical	unresolved_endpoint
IntAct	2026-01-09	positive_evidence	intact:EBI-20899145|imex:IM-26815-3	O00499-1	P10636-8	isoform_specific_source_not_folded_to_canonical	isoform_specific_source_not_folded_to_canonical	unresolved_endpoint
IntAct	2026-01-09	positive_evidence	intact:EBI-20899164|imex:IM-26815-5	O00499-1	P10636-8	isoform_specific_source_not_folded_to_canonical	isoform_specific_source_not_folded_to_canonical	unresolved_endpoint
IntAct	2026-01-09	positive_evidence	intact:EBI-17156429|imex:IM-26387-43	O75554	P14678-2	accepted	isoform_specific_source_not_folded_to_canonical	unresolved_endpoint
IntAct	2026-01-09	positive_evidence	intact:EBI-27112750|imex:IM-29316-1	Q99988	Q6UXV0	unmapped_in_pinned_uniprot_release	accepted	unresolved_endpoint
IntAct	2026-01-09	positive_evidence	intact:EBI-27112767|imex:IM-29316-3|wwpdb:5vz4	Q99988	Q6UXV0	unmapped_in_pinned_uniprot_release	accepted	unresolved_endpoint
IntAct	2026-01-09	positive_evidence	intact:EBI-20764187|imex:IM-26534-1|wwpdb:5y1z	Q16643	Q9ULU4	accepted	unmapped_in_pinned_uniprot_release	unresolved_endpoint
IntAct	2026-01-09	positive_evidence	intact:EBI-20764255|imex:IM-26534-5	Q16643	Q9ULU4	accepted	unmapped_in_pinned_uniprot_release	unresolved_endpoint
IntAct	2026-01-09	positive_evidence	intact:EBI-25435414|imex:IM-27745-53	Q02297-6	P21860	isoform_specific_source_not_folded_to_canonical	accepted	unresolved_endpoint
IntAct	2026-01-09	positive_evidence	intact:EBI-25435907|imex:IM-27745-33	Q15303	Q02297-6	accepted	isoform_specific_source_not_folded_to_canonical	unresolved_endpoint
IntAct	2026-01-09	positive_evidence	intact:EBI-40263899|imex:IM-29702-11	P08700	P26951-1	accepted	isoform_specific_source_not_folded_to_canonical	unresolved_endpoint
IntAct	2026-01-09	positive_evidence	intact:EBI-40263924|imex:IM-29702-13	P08700	P26951-1	accepted	isoform_specific_source_not_folded_to_canonical	unresolved_endpoint
IntAct	2026-01-09	positive_evidence	intact:EBI-26663022|pdbe:6F08|imex:IM-28757-1	P63104	Q07889-1	accepted	isoform_specific_source_not_folded_to_canonical	unresolved_endpoint
IntAct	2026-01-09	positive_evidence	intact:EBI-67126556|imex:IM-28757-2	P63104	Q07889-1	accepted	isoform_specific_source_not_folded_to_canonical	unresolved_endpoint
IntAct	2026-01-09	positive_evidence	intact:EBI-67126576|imex:IM-28757-4	P63104	Q07889-1	accepted	isoform_specific_source_not_folded_to_canonical	unresolved_endpoint
IntAct	2026-01-09	positive_evidence	intact:EBI-67126593|imex:IM-28757-6	Q07889-1	P62258	isoform_specific_source_not_folded_to_canonical	accepted	unresolved_endpoint
IntAct	2026-01-09	positive_evidence	intact:EBI-67126606|imex:IM-28757-8	Q07889-1	P27348	isoform_specific_source_not_folded_to_canonical	accepted	unresolved_endpoint
IntAct	2026-01-09	positive_evidence	intact:EBI-67126626|imex:IM-28757-10	Q07889-1	Q04917	isoform_specific_source_not_folded_to_canonical	accepted	unresolved_endpoint
IntAct	2026-01-09	positive_evidence	intact:EBI-67126639|imex:IM-28757-12	Q07889-1	P61981	isoform_specific_source_not_folded_to_canonical	accepted	unresolved_endpoint
IntAct	2026-01-09	positive_evidence	intact:EBI-67126652|imex:IM-28757-14	Q07889-1	P31947	isoform_specific_source_not_folded_to_canonical	accepted	unresolved_endpoint
IntAct	2026-01-09	positive_evidence	intact:EBI-67126665|imex:IM-28757-16	Q07889-1	P31946	isoform_specific_source_not_folded_to_canonical	accepted	unresolved_endpoint
IntAct	2026-01-09	positive_evidence	intact:EBI-25471959|imex:IM-27804-7	P17987	P83110-2	accepted	isoform_specific_source_not_folded_to_canonical	unresolved_endpoint
IntAct	2026-01-09	positive_evidence	intact:EBI-25471968|imex:IM-27804-9	P17987	P83110-1	accepted	isoform_specific_source_not_folded_to_canonical	unresolved_endpoint
IntAct	2026-01-09	positive_evidence	intact:EBI-25824071|imex:IM-27702-2	P06213-2	P01308	isoform_specific_source_not_folded_to_canonical	accepted	unresolved_endpoint
IntAct	2026-01-09	positive_evidence	intact:EBI-20797421|imex:IM-26850-1	Q99767	P05067	unmapped_in_pinned_uniprot_release	accepted	unresolved_endpoint
IntAct	2026-01-09	positive_evidence	intact:EBI-20797505|imex:IM-26850-3	Q99767	O94985	unmapped_in_pinned_uniprot_release	accepted	unresolved_endpoint
IntAct	2026-01-09	positive_evidence	intact:EBI-20797544|imex:IM-26850-7	Q99767	P49768	unmapped_in_pinned_uniprot_release	accepted	unresolved_endpoint
IntAct	2026-01-09	positive_evidence	intact:EBI-20797559|imex:IM-26850-9	Q99767	O14618	unmapped_in_pinned_uniprot_release	accepted	unresolved_endpoint
IntAct	2026-01-09	positive_evidence	intact:EBI-20797574|imex:IM-26850-11	Q99767	Q00975	unmapped_in_pinned_uniprot_release	accepted	unresolved_endpoint
IntAct	2026-01-09	positive_evidence	intact:EBI-20223048|imex:IM-26416-9	Q6ZNX1	Q9UI95	accepted	unmapped_in_pinned_uniprot_release	unresolved_endpoint
IntAct	2026-01-09	positive_evidence	intact:EBI-20765156|imex:IM-26550-3	P11142	P10636-6	accepted	isoform_specific_source_not_folded_to_canonical	unresolved_endpoint
IntAct	2026-01-09	positive_evidence	intact:EBI-20765180|imex:IM-26550-5	P11142	P10636-6	accepted	isoform_specific_source_not_folded_to_canonical	unresolved_endpoint
IntAct	2026-01-09	positive_evidence	intact:EBI-20765404|imex:IM-26550-19	P11142	P01308-PRO_0000015820	accepted	unmapped_in_pinned_uniprot_release	unresolved_endpoint
IntAct	2026-01-09	positive_evidence	intact:EBI-20765197|imex:IM-26550-7	P11142	P10636-6	accepted	isoform_specific_source_not_folded_to_canonical	unresolved_endpoint
IntAct	2026-01-09	positive_evidence	intact:EBI-20765232|imex:IM-26550-11	P01308-PRO_0000015820	P11142	unmapped_in_pinned_uniprot_release	accepted	unresolved_endpoint
IntAct	2026-01-09	positive_evidence	intact:EBI-20765358|imex:IM-26550-13	P01308-PRO_0000015820	P0DMV8	unmapped_in_pinned_uniprot_release	accepted	unresolved_endpoint
IntAct	2026-01-09	positive_evidence	intact:EBI-20765374|imex:IM-26550-15	P0DMV8	P10636-6	accepted	isoform_specific_source_not_folded_to_canonical	unresolved_endpoint
IntAct	2026-01-09	positive_evidence	intact:EBI-25617037|imex:IM-28178-5	Q9BXW6	Q9P0L0	unmapped_in_pinned_uniprot_release	unmapped_in_pinned_uniprot_release	unresolved_endpoint
IntAct	2026-01-09	positive_evidence	intact:EBI-25617065|imex:IM-28178-7	Q9BXW6	O95292	unmapped_in_pinned_uniprot_release	accepted	unresolved_endpoint
IntAct	2026-01-09	positive_evidence	intact:EBI-25617051|imex:IM-28178-27	Q9BXW6	Q8NHP6	unmapped_in_pinned_uniprot_release	accepted	unresolved_endpoint
IntAct	2026-01-09	positive_evidence	intact:EBI-20829426|imex:IM-26877-1	Q99836	O60603	unmapped_in_pinned_uniprot_release	accepted	unresolved_endpoint
IntAct	2026-01-09	positive_evidence	intact:EBI-20939182|imex:IM-26875-3	Q01668	Q9BYB0-1	accepted	isoform_specific_source_not_folded_to_canonical	unresolved_endpoint
IntAct	2026-01-09	positive_evidence	intact:EBI-20939217|imex:IM-26875-7	Q9Y566-1	Q01668	isoform_specific_source_not_folded_to_canonical	accepted	unresolved_endpoint
IntAct	2026-01-09	positive_evidence	intact:EBI-20939245|imex:IM-26875-9	Q01668	Q9BYB0-1	accepted	isoform_specific_source_not_folded_to_canonical	unresolved_endpoint
IntAct	2026-01-09	positive_evidence	intact:EBI-20650416|imex:IM-26482-41	Q9Y566	P23508	unmapped_in_pinned_uniprot_release	accepted	unresolved_endpoint
IntAct	2026-01-09	positive_evidence	intact:EBI-20650681|imex:IM-26482-263	Q9Y566	Q15349	unmapped_in_pinned_uniprot_release	accepted	unresolved_endpoint
IntAct	2026-01-09	positive_evidence	intact:EBI-20650717|imex:IM-26482-265	Q14160	Q9C0D5	accepted	unmapped_in_pinned_uniprot_release	unresolved_endpoint
IntAct	2026-01-09	positive_evidence	intact:EBI-20650738|imex:IM-26482-203	Q12959	Q9C0D5	accepted	unmapped_in_pinned_uniprot_release	unresolved_endpoint
IntAct	2026-01-09	positive_evidence	intact:EBI-59044276|imex:IM-30182-7	Q9NUD5	Q8N884	unmapped_in_pinned_uniprot_release	accepted	unresolved_endpoint
IntAct	2026-01-09	positive_evidence	intact:EBI-20769320|imex:IM-26846-1	P05067-PRO_0000000092	P02766	unmapped_in_pinned_uniprot_release	accepted	unresolved_endpoint
IntAct	2026-01-09	positive_evidence	intact:EBI-59039115|wwpdb:5z8y|imex:IM-30137-1	P58400-1	O43300	isoform_specific_source_not_folded_to_canonical	accepted	unresolved_endpoint
IntAct	2026-01-09	positive_evidence	intact:EBI-59039135|imex:IM-30137-3	P58400-1	O43300	isoform_specific_source_not_folded_to_canonical	accepted	unresolved_endpoint
IntAct	2026-01-09	positive_evidence	intact:EBI-59039264|imex:IM-30137-5	O43300	P58400-2	accepted	isoform_specific_source_not_folded_to_canonical	unresolved_endpoint
IntAct	2026-01-09	positive_evidence	intact:EBI-59039366|imex:IM-30137-13	O43300	P58400-1	accepted	isoform_specific_source_not_folded_to_canonical	unresolved_endpoint
IntAct	2026-01-09	positive_evidence	intact:EBI-21300502|imex:IM-27332-47	P08238	P10636-8	accepted	isoform_specific_source_not_folded_to_canonical	unresolved_endpoint
IntAct	2026-01-09	positive_evidence	intact:EBI-21300512|imex:IM-27332-37	Q13451	P10636-8	accepted	isoform_specific_source_not_folded_to_canonical	unresolved_endpoint
IntAct	2026-01-09	positive_evidence	intact:EBI-21004784|imex:IM-26659-8	Q9HAZ2	Q09028	unmapped_in_pinned_uniprot_release	accepted	unresolved_endpoint
IntAct	2026-01-09	positive_evidence	intact:EBI-21005642|imex:IM-26659-11	Q09028	Q9HAZ2	accepted	unmapped_in_pinned_uniprot_release	unresolved_endpoint
IntAct	2026-01-09	positive_evidence	intact:EBI-25591944|imex:IM-28139-1|wwpdb:6gje	Q9BXJ7	O60494	unmapped_in_pinned_uniprot_release	accepted	unresolved_endpoint
IntAct	2026-01-09	positive_evidence	intact:EBI-21463457|imex:IM-27139-1	Q9Y3A5	Q7Z2Z2	unmapped_in_pinned_uniprot_release	accepted	unresolved_endpoint
IntAct	2026-01-09	positive_evidence	intact:EBI-30861528|imex:IM-29459-3	Q9BW61	Q16531	unmapped_in_pinned_uniprot_release	accepted	unresolved_endpoint
IntAct	2026-01-09	positive_evidence	intact:EBI-30861555|wwpdb:6DSZ|imex:IM-29459-5	Q9BW61	Q16531	unmapped_in_pinned_uniprot_release	accepted	unresolved_endpoint
IntAct	2026-01-09	positive_evidence	intact:EBI-27120074|imex:IM-29327-5	O43719	O75533-1	accepted	isoform_specific_source_not_folded_to_canonical	unresolved_endpoint
IntAct	2026-01-09	positive_evidence	intact:EBI-27120165|wwpdb:6n3f|imex:IM-29327-9	O43719	O75533-1	accepted	isoform_specific_source_not_folded_to_canonical	unresolved_endpoint
IntAct	2026-01-09	positive_evidence	intact:EBI-27120189|imex:IM-29327-11|wwpdb:6n3e	O43719	O75533-1	accepted	isoform_specific_source_not_folded_to_canonical	unresolved_endpoint
IntAct	2026-01-09	positive_evidence	intact:EBI-21914102|wwpdb:6iyb|imex:IM-27689-7	Q9BXW6	P51149	unmapped_in_pinned_uniprot_release	accepted	unresolved_endpoint
IntAct	2026-01-09	positive_evidence	intact:EBI-21914140|imex:IM-27689-11	Q9BXW6	P51149	unmapped_in_pinned_uniprot_release	accepted	unresolved_endpoint
IntAct	2026-01-09	positive_evidence	intact:EBI-21927185|imex:IM-27691-1	Q99460	Q16186	unmapped_in_pinned_uniprot_release	accepted	unresolved_endpoint
IntAct	2026-01-09	positive_evidence	intact:EBI-21927234|imex:IM-27691-5	Q16186	Q99460	accepted	unmapped_in_pinned_uniprot_release	unresolved_endpoint
IntAct	2026-01-09	positive_evidence	intact:EBI-21927274|imex:IM-27691-7	Q16186	Q99460	accepted	unmapped_in_pinned_uniprot_release	unresolved_endpoint
IntAct	2026-01-09	positive_evidence	intact:EBI-21977443|imex:IM-27236-7	Q14145	O14525-2	accepted	isoform_specific_source_not_folded_to_canonical	unresolved_endpoint
IntAct	2026-01-09	positive_evidence	intact:EBI-21978438|imex:IM-27236-9	Q14145	O14525-2	accepted	isoform_specific_source_not_folded_to_canonical	unresolved_endpoint
IntAct	2026-01-09	positive_evidence	intact:EBI-21458062|imex:IM-27194-1	Q8TDX7-1	Q96P20-1	isoform_specific_source_not_folded_to_canonical	isoform_specific_source_not_folded_to_canonical	unresolved_endpoint
IntAct	2026-01-09	positive_evidence	intact:EBI-21498294|imex:IM-27183-1|wwpdb:6OCG|wwpdb:6OCH|wwpdb:6OCF	Q7L8A9-1	Q8N300	isoform_specific_source_not_folded_to_canonical	accepted	unresolved_endpoint
IntAct	2026-01-09	positive_evidence	intact:EBI-21497607|wwpdb:6NVQ|imex:IM-28327-1	Q8N300	Q7L8A9-1	accepted	isoform_specific_source_not_folded_to_canonical	unresolved_endpoint
IntAct	2026-01-09	positive_evidence	intact:EBI-25506411|imex:IM-27903-3	P20155	Q9Y5K2	accepted	unmapped_in_pinned_uniprot_release	unresolved_endpoint
IntAct	2026-01-09	positive_evidence	intact:EBI-25567611|imex:IM-27903-6	P20155	Q9Y5K2	accepted	unmapped_in_pinned_uniprot_release	unresolved_endpoint
IntAct	2026-01-09	positive_evidence	intact:EBI-25567696|imex:IM-27903-8	P20155	Q9Y5K2	accepted	unmapped_in_pinned_uniprot_release	unresolved_endpoint
IntAct	2026-01-09	positive_evidence	intact:EBI-25506624|imex:IM-27903-5|pdbe:6KBR	Q9Y5K2	P20155	unmapped_in_pinned_uniprot_release	accepted	unresolved_endpoint
IntAct	2026-01-09	positive_evidence	intact:EBI-25431679|imex:IM-27727-12	Q9BXV9	Q14657	unmapped_in_pinned_uniprot_release	accepted	unresolved_endpoint
IntAct	2026-01-09	positive_evidence	intact:EBI-25692055|wwpdb:6KDF|imex:IM-28302-1	P50213-PRO_0000014436	O43837-2	unmapped_in_pinned_uniprot_release	isoform_specific_source_not_folded_to_canonical	unresolved_endpoint
IntAct	2026-01-09	positive_evidence	intact:EBI-26498192|wwpdb:6ABO|imex:IM-28547-29	Q13426	Q0D2I5-5	accepted	isoform_specific_source_not_folded_to_canonical	unresolved_endpoint
IntAct	2026-01-09	positive_evidence	intact:EBI-25399227|imex:IM-27924-105	Q99584	P04637	unmapped_in_pinned_uniprot_release	accepted	unresolved_endpoint
IntAct	2026-01-09	positive_evidence	intact:EBI-25400675|imex:IM-27924-5	Q9HCY8	P35579	unmapped_in_pinned_uniprot_release	accepted	unresolved_endpoint
IntAct	2026-01-09	positive_evidence	intact:EBI-25403436|imex:IM-27924-291	Q99584	P32418	unmapped_in_pinned_uniprot_release	accepted	unresolved_endpoint
IntAct	2026-01-09	positive_evidence	intact:EBI-25403445|imex:IM-27924-165	Q9HCY8	P32418	unmapped_in_pinned_uniprot_release	accepted	unresolved_endpoint
IntAct	2026-01-09	positive_evidence	intact:EBI-25403503|imex:IM-27924-131	P29034	Q9HB71	accepted	unmapped_in_pinned_uniprot_release	unresolved_endpoint
IntAct	2026-01-09	positive_evidence	intact:EBI-25403545|imex:IM-27924-211	P26447	Q9HB71	accepted	unmapped_in_pinned_uniprot_release	unresolved_endpoint
IntAct	2026-01-09	positive_evidence	intact:EBI-25403573|imex:IM-27924-21	P33763	Q9HB71	accepted	unmapped_in_pinned_uniprot_release	unresolved_endpoint
IntAct	2026-01-09	positive_evidence	intact:EBI-25403594|imex:IM-27924-23	P06703	Q9HB71	accepted	unmapped_in_pinned_uniprot_release	unresolved_endpoint
IntAct	2026-01-09	positive_evidence	intact:EBI-25403619|imex:IM-27924-169	P25815	Q9HB71	accepted	unmapped_in_pinned_uniprot_release	unresolved_endpoint
IntAct	2026-01-09	positive_evidence	intact:EBI-25404318|imex:IM-27924-253	Q8TD43	Q9HCY8	accepted	unmapped_in_pinned_uniprot_release	unresolved_endpoint
IntAct	2026-01-09	positive_evidence	intact:EBI-25405798|imex:IM-27924-77	P33763	Q9HB71	accepted	unmapped_in_pinned_uniprot_release	unresolved_endpoint
IntAct	2026-01-09	positive_evidence	intact:EBI-26657177|wwpdb:4qqi|imex:IM-28748-3	Q9H9E1	Q2KHR2	unmapped_in_pinned_uniprot_release	accepted	unresolved_endpoint
IntAct	2026-01-09	positive_evidence	intact:EBI-25684564|imex:IM-28248-9	Q99653	P19634	unmapped_in_pinned_uniprot_release	accepted	unresolved_endpoint
IntAct	2026-01-09	positive_evidence	intact:EBI-25684595|imex:IM-28248-13	Q99653	P19634	unmapped_in_pinned_uniprot_release	accepted	unresolved_endpoint
IntAct	2026-01-09	positive_evidence	intact:EBI-26474150|imex:IM-28572-1	P15692-1	P35968	isoform_specific_source_not_folded_to_canonical	accepted	unresolved_endpoint
IntAct	2026-01-09	positive_evidence	intact:EBI-26565745|imex:IM-28578-5	Q92496-3	P01024-PRO_0000005911	isoform_specific_source_not_folded_to_canonical	unmapped_in_pinned_uniprot_release	unresolved_endpoint
IntAct	2026-01-09	positive_evidence	intact:EBI-26568169|imex:IM-28589-21	Q9BWP8-PRO_0000315044	P07911	unmapped_in_pinned_uniprot_release	accepted	unresolved_endpoint
IntAct	2026-01-09	positive_evidence	intact:EBI-25508221|imex:IM-27902-3	Q9Y5L0	Q14011	unmapped_in_pinned_uniprot_release	accepted	unresolved_endpoint
IntAct	2026-01-09	positive_evidence	intact:EBI-25508480|imex:IM-27902-9	Q9Y5L0	Q14011	unmapped_in_pinned_uniprot_release	accepted	unresolved_endpoint
IntAct	2026-01-09	positive_evidence	intact:EBI-25634587|imex:IM-28032-1	Q9BYF1	Q01523-PRO_0000417390	unmapped_in_pinned_uniprot_release	unmapped_in_pinned_uniprot_release	unresolved_endpoint
IntAct	2026-01-09	positive_evidence	intact:EBI-26968803|imex:IM-28924-5	P14416	Q9NRI5	accepted	unmapped_in_pinned_uniprot_release	unresolved_endpoint
IntAct	2026-01-09	positive_evidence	intact:EBI-26618080|wwpdb:6sn1|imex:IM-28725-25	Q9NVM9	Q96SY0	unmapped_in_pinned_uniprot_release	accepted	unresolved_endpoint
IntAct	2026-01-09	positive_evidence	intact:EBI-64057049|imex:IM-30326-727	Q9NPH3	P10586	unmapped_in_pinned_uniprot_release	accepted	unresolved_endpoint
IntAct	2026-01-09	positive_evidence	intact:EBI-64060618|imex:IM-30326-999	Q9P244	P23468	unmapped_in_pinned_uniprot_release	accepted	unresolved_endpoint
IntAct	2026-01-09	positive_evidence	intact:EBI-64060641|imex:IM-30326-1001	Q9P244	P10586	unmapped_in_pinned_uniprot_release	accepted	unresolved_endpoint
IntAct	2026-01-09	positive_evidence	intact:EBI-64060663|imex:IM-30326-1003	Q9P244	Q13332	unmapped_in_pinned_uniprot_release	accepted	unresolved_endpoint
IntAct	2026-01-09	positive_evidence	intact:EBI-64060709|imex:IM-30326-1005	Q9ULH4	P23468	unmapped_in_pinned_uniprot_release	accepted	unresolved_endpoint
IntAct	2026-01-09	positive_evidence	intact:EBI-64060734|imex:IM-30326-1007	Q9ULH4	P10586	unmapped_in_pinned_uniprot_release	accepted	unresolved_endpoint
IntAct	2026-01-09	positive_evidence	intact:EBI-64060756|imex:IM-30326-1009	Q13332	Q9ULH4	accepted	unmapped_in_pinned_uniprot_release	unresolved_endpoint
IntAct	2026-01-09	positive_evidence	intact:EBI-64060781|imex:IM-30326-1011	P23468	Q9BTN0	accepted	unmapped_in_pinned_uniprot_release	unresolved_endpoint
IntAct	2026-01-09	positive_evidence	intact:EBI-64060829|imex:IM-30326-1015	Q13332	Q9BTN0	accepted	unmapped_in_pinned_uniprot_release	unresolved_endpoint
IntAct	2026-01-09	positive_evidence	intact:EBI-64061094|imex:IM-30326-1027	Q9NZN1	Q13332	unmapped_in_pinned_uniprot_release	accepted	unresolved_endpoint
IntAct	2026-01-09	positive_evidence	intact:EBI-64061116|imex:IM-30326-1029	P22607	Q9NP60	accepted	unmapped_in_pinned_uniprot_release	unresolved_endpoint
IntAct	2026-01-09	positive_evidence	intact:EBI-64061139|imex:IM-30326-1031	Q9NP60	Q13332	unmapped_in_pinned_uniprot_release	accepted	unresolved_endpoint
IntAct	2026-01-09	positive_evidence	intact:EBI-64061163|imex:IM-30326-1033	Q13332	Q9NPH3	accepted	unmapped_in_pinned_uniprot_release	unresolved_endpoint
IntAct	2026-01-09	positive_evidence	intact:EBI-64061484|imex:IM-30326-1057	Q9UMF0	P08887	unmapped_in_pinned_uniprot_release	accepted	unresolved_endpoint
IntAct	2026-01-09	positive_evidence	intact:EBI-64061506|imex:IM-30326-1059	Q9UMF0	Q6UXK2	unmapped_in_pinned_uniprot_release	accepted	unresolved_endpoint
IntAct	2026-01-09	positive_evidence	intact:EBI-64061528|imex:IM-30326-1061	Q9UMF0	Q92859	unmapped_in_pinned_uniprot_release	accepted	unresolved_endpoint
IntAct	2026-01-09	positive_evidence	intact:EBI-64061550|imex:IM-30326-1063	Q9UMF0	Q2VWP7	unmapped_in_pinned_uniprot_release	accepted	unresolved_endpoint
IntAct	2026-01-09	positive_evidence	intact:EBI-64061572|imex:IM-30326-1065	Q9UMF0	Q8IVU1	unmapped_in_pinned_uniprot_release	accepted	unresolved_endpoint
IntAct	2026-01-09	positive_evidence	intact:EBI-64061594|imex:IM-30326-1067	Q9UMF0	Q8TDY8	unmapped_in_pinned_uniprot_release	accepted	unresolved_endpoint
IntAct	2026-01-09	positive_evidence	intact:EBI-64061770|imex:IM-30326-1081	Q9BQ51	Q9NZQ7	unmapped_in_pinned_uniprot_release	unmapped_in_pinned_uniprot_release	unresolved_endpoint
IntAct	2026-01-09	positive_evidence	intact:EBI-64061805|imex:IM-30326-1083	P43146	Q9UMF0	accepted	unmapped_in_pinned_uniprot_release	unresolved_endpoint
IntAct	2026-01-09	positive_evidence	intact:EBI-25642351|imex:IM-28055-1	P30405	P05067-PRO_0000000092	accepted	unmapped_in_pinned_uniprot_release	unresolved_endpoint
IntAct	2026-01-09	positive_evidence	intact:EBI-25642356|imex:IM-28055-3	P30405	P05067-PRO_0000000093	accepted	unmapped_in_pinned_uniprot_release	unresolved_endpoint
IntAct	2026-01-09	positive_evidence	intact:EBI-25642361|imex:IM-28055-5	Q99714	P05067-PRO_0000000093	unmapped_in_pinned_uniprot_release	unmapped_in_pinned_uniprot_release	unresolved_endpoint
IntAct	2026-01-09	positive_evidence	intact:EBI-25642366|imex:IM-28055-7	Q99714	P05067-PRO_0000000092	unmapped_in_pinned_uniprot_release	unmapped_in_pinned_uniprot_release	unresolved_endpoint
IntAct	2026-01-09	positive_evidence	intact:EBI-26453443|imex:IM-28518-7	P05067-PRO_0000000092	P61278-PRO_0000033088	unmapped_in_pinned_uniprot_release	unmapped_in_pinned_uniprot_release	unresolved_endpoint
IntAct	2026-01-09	positive_evidence	intact:EBI-26453608|imex:IM-28518-13	P05067-PRO_0000000092	P61278-PRO_0000033088	unmapped_in_pinned_uniprot_release	unmapped_in_pinned_uniprot_release	unresolved_endpoint
IntAct	2026-01-09	positive_evidence	intact:EBI-42472443|wwpdb:6wmf|imex:IM-29776-1	Q9UH99	Q8N6L0	unmapped_in_pinned_uniprot_release	accepted	unresolved_endpoint
IntAct	2026-01-09	positive_evidence	intact:EBI-42472452|wwpdb:6wmd|imex:IM-29776-21	Q9UH99	Q8N205	unmapped_in_pinned_uniprot_release	accepted	unresolved_endpoint
IntAct	2026-01-09	positive_evidence	intact:EBI-42472461|wwpdb:6wme|imex:IM-29776-3	Q9UH99	Q6ZMZ3	unmapped_in_pinned_uniprot_release	accepted	unresolved_endpoint
IntAct	2026-01-09	positive_evidence	intact:EBI-28952087|imex:IM-29390-1	Q9BYF1	Q5T2W1	unmapped_in_pinned_uniprot_release	accepted	unresolved_endpoint
IntAct	2026-01-09	positive_evidence	intact:EBI-28952101|imex:IM-29390-3	Q9BYF1	Q9Y566	unmapped_in_pinned_uniprot_release	unmapped_in_pinned_uniprot_release	unresolved_endpoint
IntAct	2026-01-09	positive_evidence	intact:EBI-28952117|imex:IM-29390-5	Q9BYF1	Q96L92	unmapped_in_pinned_uniprot_release	accepted	unresolved_endpoint
IntAct	2026-01-09	positive_evidence	intact:EBI-28952899|imex:IM-29390-13	Q13501	Q9H492	accepted	unmapped_in_pinned_uniprot_release	unresolved_endpoint
IntAct	2026-01-09	positive_evidence	intact:EBI-28952911|imex:IM-29390-23	Q13501	Q9GZQ8	accepted	unmapped_in_pinned_uniprot_release	unresolved_endpoint
IntAct	2026-01-09	positive_evidence	intact:EBI-28952923|imex:IM-29390-15	Q13501	Q9BXW4	accepted	unmapped_in_pinned_uniprot_release	unresolved_endpoint
IntAct	2026-01-09	positive_evidence	intact:EBI-28953015|imex:IM-29390-29	Q96CW1	Q9BYF1	accepted	unmapped_in_pinned_uniprot_release	unresolved_endpoint
IntAct	2026-01-09	positive_evidence	intact:EBI-28953044|imex:IM-29390-31	P06241	Q9BYF1	accepted	unmapped_in_pinned_uniprot_release	unresolved_endpoint
IntAct	2026-01-09	positive_evidence	intact:EBI-28953063|imex:IM-29390-33	P07948	Q9BYF1	accepted	unmapped_in_pinned_uniprot_release	unresolved_endpoint
IntAct	2026-01-09	positive_evidence	intact:EBI-26971245|imex:IM-28937-21	P11940	Q9H074	accepted	unmapped_in_pinned_uniprot_release	unresolved_endpoint
IntAct	2026-01-09	positive_evidence	intact:EBI-30810692|imex:IM-29430-13	Q13501	Q9BXW4	accepted	unmapped_in_pinned_uniprot_release	unresolved_endpoint
IntAct	2026-01-09	positive_evidence	intact:EBI-34598908|imex:IM-29361-9891	Q9Y490	O60331	unmapped_in_pinned_uniprot_release	accepted	unresolved_endpoint
IntAct	2026-01-09	positive_evidence	intact:EBI-34598941|imex:IM-29361-9929	Q9Y490	O60331	unmapped_in_pinned_uniprot_release	accepted	unresolved_endpoint
IntAct	2026-01-09	positive_evidence	intact:EBI-34598972|imex:IM-29361-9893	Q9Y490	O60331	unmapped_in_pinned_uniprot_release	accepted	unresolved_endpoint
IntAct	2026-01-09	positive_evidence	intact:EBI-34599003|imex:IM-29361-9857	Q9Y490	O60331	unmapped_in_pinned_uniprot_release	accepted	unresolved_endpoint
IntAct	2026-01-09	positive_evidence	intact:EBI-34599034|imex:IM-29361-9831	Q9Y490	O60331	unmapped_in_pinned_uniprot_release	accepted	unresolved_endpoint
IntAct	2026-01-09	positive_evidence	intact:EBI-34599324|imex:IM-29361-9841	O00629	Q9Y618	accepted	unmapped_in_pinned_uniprot_release	unresolved_endpoint
IntAct	2026-01-09	positive_evidence	intact:EBI-34599352|imex:IM-29361-9817	O00629	Q9Y618	accepted	unmapped_in_pinned_uniprot_release	unresolved_endpoint
IntAct	2026-01-09	positive_evidence	intact:EBI-34599383|imex:IM-29361-9915	O00629	Q9Y618	accepted	unmapped_in_pinned_uniprot_release	unresolved_endpoint
IntAct	2026-01-09	positive_evidence	intact:EBI-34599414|imex:IM-29361-9843	O00629	Q9Y618	accepted	unmapped_in_pinned_uniprot_release	unresolved_endpoint
IntAct	2026-01-09	positive_evidence	intact:EBI-34599445|imex:IM-29361-9823	O00629	Q9Y618	accepted	unmapped_in_pinned_uniprot_release	unresolved_endpoint
IntAct	2026-01-09	positive_evidence	intact:EBI-34599508|imex:IM-29361-9845	O00629	Q9Y618	accepted	unmapped_in_pinned_uniprot_release	unresolved_endpoint
IntAct	2026-01-09	positive_evidence	intact:EBI-34599539|imex:IM-29361-9903	O00629	Q9Y618	accepted	unmapped_in_pinned_uniprot_release	unresolved_endpoint
IntAct	2026-01-09	positive_evidence	intact:EBI-34599568|imex:IM-29361-9883	O00629	Q9Y618	accepted	unmapped_in_pinned_uniprot_release	unresolved_endpoint
IntAct	2026-01-09	positive_evidence	intact:EBI-34602942|imex:IM-29361-9919	O00629	Q9Y618	accepted	unmapped_in_pinned_uniprot_release	unresolved_endpoint
IntAct	2026-01-09	positive_evidence	intact:EBI-34602974|imex:IM-29361-9887	O00629	Q9Y618	accepted	unmapped_in_pinned_uniprot_release	unresolved_endpoint
IntAct	2026-01-09	positive_evidence	intact:EBI-34603005|imex:IM-29361-9937	O00629	Q9Y618	accepted	unmapped_in_pinned_uniprot_release	unresolved_endpoint
IntAct	2026-01-09	positive_evidence	intact:EBI-34603036|imex:IM-29361-9921	O00629	Q9Y618	accepted	unmapped_in_pinned_uniprot_release	unresolved_endpoint
IntAct	2026-01-09	positive_evidence	intact:EBI-34603069|imex:IM-29361-9923	O00629	Q9Y618	accepted	unmapped_in_pinned_uniprot_release	unresolved_endpoint
IntAct	2026-01-09	positive_evidence	intact:EBI-34603104|imex:IM-29361-9865	O00629	Q9Y618	accepted	unmapped_in_pinned_uniprot_release	unresolved_endpoint
IntAct	2026-01-09	positive_evidence	intact:EBI-34603180|imex:IM-29361-9827	O00629	Q9Y618	accepted	unmapped_in_pinned_uniprot_release	unresolved_endpoint
IntAct	2026-01-09	positive_evidence	intact:EBI-34603451|imex:IM-29361-9867	O00629	Q9Y618	accepted	unmapped_in_pinned_uniprot_release	unresolved_endpoint
IntAct	2026-01-09	positive_evidence	intact:EBI-30871989|imex:IM-29462-7	O43586	Q9Y2R2-1	accepted	isoform_specific_source_not_folded_to_canonical	unresolved_endpoint
IntAct	2026-01-09	positive_evidence	intact:EBI-30872081|imex:IM-29462-9	O43586	Q9Y2R2-1	accepted	isoform_specific_source_not_folded_to_canonical	unresolved_endpoint
IntAct	2026-01-09	positive_evidence	intact:EBI-31597970|imex:IM-29462-26|pdbe:7AAM	O43586	Q9Y2R2-1	accepted	isoform_specific_source_not_folded_to_canonical	unresolved_endpoint
IntAct	2026-01-09	positive_evidence	intact:EBI-55022259|imex:IM-30057-7	Q15746-1	Q14318-2	isoform_specific_source_not_folded_to_canonical	isoform_specific_source_not_folded_to_canonical	unresolved_endpoint
IntAct	2026-01-09	positive_evidence	intact:EBI-63981740|imex:IM-30296-19	Q96F46	Q9NRM6	accepted	unmapped_in_pinned_uniprot_release	unresolved_endpoint
IntAct	2026-01-09	positive_evidence	intact:EBI-36480748|imex:IM-29587-1	Q9UH03	Q9GZQ8	unmapped_in_pinned_uniprot_release	unmapped_in_pinned_uniprot_release	unresolved_endpoint
IntAct	2026-01-09	positive_evidence	intact:EBI-36480766|imex:IM-29587-3	Q9UH03	P60520	unmapped_in_pinned_uniprot_release	accepted	unresolved_endpoint
IntAct	2026-01-09	positive_evidence	intact:EBI-36480804|imex:IM-29587-5	Q9UH03	P60520	unmapped_in_pinned_uniprot_release	accepted	unresolved_endpoint
IntAct	2026-01-09	positive_evidence	intact:EBI-36480817|imex:IM-29587-7	Q9UH03	Q9GZQ8	unmapped_in_pinned_uniprot_release	unmapped_in_pinned_uniprot_release	unresolved_endpoint
IntAct	2026-01-09	positive_evidence	intact:EBI-66901405|imex:IM-30294-1110	Q9NY99	P60484	unmapped_in_pinned_uniprot_release	accepted	unresolved_endpoint
IntAct	2026-01-09	positive_evidence	intact:EBI-66901848|imex:IM-30294-1134	Q9HD26	P60484	unmapped_in_pinned_uniprot_release	accepted	unresolved_endpoint
IntAct	2026-01-09	positive_evidence	intact:EBI-66901936|imex:IM-30294-1142	Q9NZN5-2	P60484	isoform_specific_source_not_folded_to_canonical	accepted	unresolved_endpoint
IntAct	2026-01-09	positive_evidence	intact:EBI-66902300|imex:IM-30294-1168	Q9H5P4	P60484	unmapped_in_pinned_uniprot_release	accepted	unresolved_endpoint
IntAct	2026-01-09	positive_evidence	intact:EBI-66902382|imex:IM-30294-1174	Q9Y2H9	P60484	unmapped_in_pinned_uniprot_release	accepted	unresolved_endpoint
IntAct	2026-01-09	positive_evidence	intact:EBI-67090006|imex:IM-30294-21658	Q15418	Q9H5P4	accepted	unmapped_in_pinned_uniprot_release	unresolved_endpoint
IntAct	2026-01-09	positive_evidence	intact:EBI-67090109|imex:IM-30294-21666	Q15418	Q9HD26	accepted	unmapped_in_pinned_uniprot_release	unresolved_endpoint
IntAct	2026-01-09	positive_evidence	intact:EBI-67090180|imex:IM-30294-21672	Q15418	Q9NY99	accepted	unmapped_in_pinned_uniprot_release	unresolved_endpoint
IntAct	2026-01-09	positive_evidence	intact:EBI-67090285|imex:IM-30294-21680	Q15418	Q9NZN5-2	accepted	isoform_specific_source_not_folded_to_canonical	unresolved_endpoint
IntAct	2026-01-09	positive_evidence	intact:EBI-67090386|imex:IM-30294-21688	Q15418	Q9UPQ7	accepted	unmapped_in_pinned_uniprot_release	unresolved_endpoint
IntAct	2026-01-09	positive_evidence	intact:EBI-67090460|imex:IM-30294-21694	Q9Y2H9	Q15418	unmapped_in_pinned_uniprot_release	accepted	unresolved_endpoint
IntAct	2026-01-09	positive_evidence	intact:EBI-67091562|imex:IM-30294-21806	Q9H5P4	Q7Z628	unmapped_in_pinned_uniprot_release	accepted	unresolved_endpoint
IntAct	2026-01-09	positive_evidence	intact:EBI-67091600|imex:IM-30294-21810	Q9NY99	Q7Z628	unmapped_in_pinned_uniprot_release	accepted	unresolved_endpoint
IntAct	2026-01-09	positive_evidence	intact:EBI-67091638|imex:IM-30294-21814	Q7Z628	Q9UPQ7	accepted	unmapped_in_pinned_uniprot_release	unresolved_endpoint
IntAct	2026-01-09	positive_evidence	intact:EBI-67092187|imex:IM-30294-21870	P78352	Q9NS75	accepted	unmapped_in_pinned_uniprot_release	unresolved_endpoint
IntAct	2026-01-09	positive_evidence	intact:EBI-67092225|imex:IM-30294-21874	Q9NS75	Q14160	unmapped_in_pinned_uniprot_release	accepted	unresolved_endpoint
IntAct	2026-01-09	positive_evidence	intact:EBI-67092263|imex:IM-30294-21878	Q9NS75	Q6ZMN7	unmapped_in_pinned_uniprot_release	accepted	unresolved_endpoint
IntAct	2026-01-09	positive_evidence	intact:EBI-67092301|imex:IM-30294-21882	Q9NS75	Q6P0Q8	unmapped_in_pinned_uniprot_release	accepted	unresolved_endpoint
IntAct	2026-01-09	positive_evidence	intact:EBI-67092339|imex:IM-30294-21886	Q9NS75	Q86UL8	unmapped_in_pinned_uniprot_release	accepted	unresolved_endpoint
IntAct	2026-01-09	positive_evidence	intact:EBI-67092377|imex:IM-30294-21890	P78352	Q9NYB5	accepted	unmapped_in_pinned_uniprot_release	unresolved_endpoint
IntAct	2026-01-09	positive_evidence	intact:EBI-67092415|imex:IM-30294-21894	Q9NYB5	Q86UL8	unmapped_in_pinned_uniprot_release	accepted	unresolved_endpoint
IntAct	2026-01-09	positive_evidence	intact:EBI-67092453|imex:IM-30294-21898	Q14160	Q9NYB5	accepted	unmapped_in_pinned_uniprot_release	unresolved_endpoint
IntAct	2026-01-09	positive_evidence	intact:EBI-67092491|imex:IM-30294-21902	Q6ZMN7	Q9NYB5	accepted	unmapped_in_pinned_uniprot_release	unresolved_endpoint
IntAct	2026-01-09	positive_evidence	intact:EBI-67092529|imex:IM-30294-21906	Q9NYB5	Q6P0Q8	unmapped_in_pinned_uniprot_release	accepted	unresolved_endpoint
IntAct	2026-01-09	positive_evidence	intact:EBI-67092567|imex:IM-30294-21910	P78352	Q9UHC3	accepted	unmapped_in_pinned_uniprot_release	unresolved_endpoint
IntAct	2026-01-09	positive_evidence	intact:EBI-67092605|imex:IM-30294-21914	Q9UHC3	Q96L92	unmapped_in_pinned_uniprot_release	accepted	unresolved_endpoint
IntAct	2026-01-09	positive_evidence	intact:EBI-67092643|imex:IM-30294-21918	Q9UHC3	Q14160	unmapped_in_pinned_uniprot_release	accepted	unresolved_endpoint
IntAct	2026-01-09	positive_evidence	intact:EBI-67092681|imex:IM-30294-21922	Q9UHC3	Q6P0Q8	unmapped_in_pinned_uniprot_release	accepted	unresolved_endpoint
IntAct	2026-01-09	positive_evidence	intact:EBI-44440231|imex:IM-30472-7	Q9NZL4	P67870	unmapped_in_pinned_uniprot_release	accepted	unresolved_endpoint
IntAct	2026-01-09	positive_evidence	intact:EBI-38259411|imex:IM-29580-3	P11940	Q9BPZ3	accepted	unmapped_in_pinned_uniprot_release	unresolved_endpoint
IntAct	2026-01-09	positive_evidence	intact:EBI-40205474|imex:IM-29580-78	Q9NZ52	P11717	unmapped_in_pinned_uniprot_release	accepted	unresolved_endpoint
IntAct	2026-01-09	positive_evidence	intact:EBI-40205566|imex:IM-29580-126	Q9NZ52	Q15276	unmapped_in_pinned_uniprot_release	accepted	unresolved_endpoint
IntAct	2026-01-09	positive_evidence	intact:EBI-44437970|wwpdb:8ESE|imex:IM-29774-57	Q9UBQ0	Q7Z3J2	unmapped_in_pinned_uniprot_release	accepted	unresolved_endpoint
IntAct	2026-01-09	positive_evidence	intact:EBI-42492082|imex:IM-29716-76	Q9UJY5	P11717	unmapped_in_pinned_uniprot_release	accepted	unresolved_endpoint
IntAct	2026-01-09	positive_evidence	intact:EBI-42492305|imex:IM-29716-34	O00629	Q9Y618	accepted	unmapped_in_pinned_uniprot_release	unresolved_endpoint
IntAct	2026-01-09	positive_evidence	intact:EBI-42492407|imex:IM-29716-60	Q9H492	Q13501	unmapped_in_pinned_uniprot_release	accepted	unresolved_endpoint
IntAct	2026-01-09	positive_evidence	intact:EBI-42492500|imex:IM-29716-90	Q9GZQ8	Q13501	unmapped_in_pinned_uniprot_release	accepted	unresolved_endpoint
IntAct	2026-01-09	positive_evidence	intact:EBI-42492655|imex:IM-29716-62	P49792	Q9BPX7	accepted	unmapped_in_pinned_uniprot_release	unresolved_endpoint
IntAct	2026-01-09	positive_evidence	intact:EBI-42494486|imex:IM-29716-183	Q9UJY5	Q9Y3C5	unmapped_in_pinned_uniprot_release	unmapped_in_pinned_uniprot_release	unresolved_endpoint
IntAct	2026-01-09	positive_evidence	intact:EBI-42494504|imex:IM-29716-241	Q9H492	Q9UHD2	unmapped_in_pinned_uniprot_release	unmapped_in_pinned_uniprot_release	unresolved_endpoint
IntAct	2026-01-09	positive_evidence	intact:EBI-42494530|imex:IM-29716-203	Q9GZQ8	Q9UHD2	unmapped_in_pinned_uniprot_release	unmapped_in_pinned_uniprot_release	unresolved_endpoint
IntAct	2026-01-09	positive_evidence	intact:EBI-46449620|imex:IM-29856-35	O94874	Q9Y3C8	accepted	unmapped_in_pinned_uniprot_release	unresolved_endpoint
IntAct	2026-01-09	positive_evidence	intact:EBI-54804312|imex:IM-30020-159	Q00610	Q9H165	accepted	unmapped_in_pinned_uniprot_release	unresolved_endpoint
IntAct	2026-01-09	positive_evidence	intact:EBI-54804415|imex:IM-30020-169	Q9UN86	Q9H165	unmapped_in_pinned_uniprot_release	unmapped_in_pinned_uniprot_release	unresolved_endpoint
IntAct	2026-01-09	positive_evidence	intact:EBI-54804434|imex:IM-30020-171	Q9UJY5	P35579	unmapped_in_pinned_uniprot_release	accepted	unresolved_endpoint
IntAct	2026-01-09	positive_evidence	intact:EBI-54804585|imex:IM-30020-183	Q9H492	P04264	unmapped_in_pinned_uniprot_release	accepted	unresolved_endpoint
IntAct	2026-01-09	positive_evidence	intact:EBI-54804605|imex:IM-30020-185	Q9GZQ8	O43683	unmapped_in_pinned_uniprot_release	accepted	unresolved_endpoint
IntAct	2026-01-09	positive_evidence	intact:EBI-54804621|imex:IM-30020-187	Q9GZQ8	Q13501	unmapped_in_pinned_uniprot_release	accepted	unresolved_endpoint
IntAct	2026-01-09	positive_evidence	intact:EBI-54804640|imex:IM-30020-189	Q9GZQ8	P51587	unmapped_in_pinned_uniprot_release	accepted	unresolved_endpoint
IntAct	2026-01-09	positive_evidence	intact:EBI-54809607|imex:IM-30020-205	Q9H0R8	O43683	unmapped_in_pinned_uniprot_release	accepted	unresolved_endpoint
IntAct	2026-01-09	positive_evidence	intact:EBI-55021270|imex:IM-30020-219	Q9H0R8	Q13501	unmapped_in_pinned_uniprot_release	accepted	unresolved_endpoint
IntAct	2026-01-09	positive_evidence	intact:EBI-55021304|imex:IM-30020-223	Q9UJY5	Q15831	unmapped_in_pinned_uniprot_release	accepted	unresolved_endpoint
IntAct	2026-01-09	positive_evidence	intact:EBI-55021328|imex:IM-30020-225	Q9NRA0	P62937	unmapped_in_pinned_uniprot_release	accepted	unresolved_endpoint
IntAct	2026-01-09	positive_evidence	intact:EBI-54804851|imex:IM-30020-203	Q9GZQ8	P51587	unmapped_in_pinned_uniprot_release	accepted	unresolved_endpoint
IntAct	2026-01-09	positive_evidence	intact:EBI-25407775|imex:IM-27720-1|wwpdb:1BP3	P01241-1	P16471-1	isoform_specific_source_not_folded_to_canonical	isoform_specific_source_not_folded_to_canonical	unresolved_endpoint
IntAct	2026-01-09	positive_evidence	intact:EBI-16211478|imex:IM-24895-2|dip:DIP-199890E	Q99558	Q12933	unmapped_in_pinned_uniprot_release	accepted	unresolved_endpoint
IntAct	2026-01-09	positive_evidence	intact:EBI-16211552|imex:IM-24895-6|dip:DIP-199890E	Q99558	Q12933	unmapped_in_pinned_uniprot_release	accepted	unresolved_endpoint
IntAct	2026-01-09	positive_evidence	intact:EBI-16211499|imex:IM-24895-3|dip:DIP-199890E	Q99558	Q12933	unmapped_in_pinned_uniprot_release	accepted	unresolved_endpoint
IntAct	2026-01-09	positive_evidence	intact:EBI-16211516|imex:IM-24895-4|dip:DIP-199890E	Q99558	Q12933	unmapped_in_pinned_uniprot_release	accepted	unresolved_endpoint
IntAct	2026-01-09	positive_evidence	intact:EBI-16213170|imex:IM-24902-1|dip:DIP-62811E	Q07960	P60953-2	accepted	isoform_specific_source_not_folded_to_canonical	unresolved_endpoint
IntAct	2026-01-09	positive_evidence	intact:EBI-22228517|imex:IM-27515-3	P21802-1	P09038	isoform_specific_source_not_folded_to_canonical	accepted	unresolved_endpoint
IntAct	2026-01-09	positive_evidence	intact:EBI-22228539|imex:IM-27515-5	P21802-1	P05230	isoform_specific_source_not_folded_to_canonical	accepted	unresolved_endpoint
IntAct	2026-01-09	positive_evidence	intact:EBI-22228554|imex:IM-27515-7	P21802-1	P08620	isoform_specific_source_not_folded_to_canonical	accepted	unresolved_endpoint
IntAct	2026-01-09	positive_evidence	intact:EBI-8684169|mint:MINT-51119	P06729	Q9Y5K6	accepted	unmapped_in_pinned_uniprot_release	unresolved_endpoint
IntAct	2026-01-09	positive_evidence	intact:EBI-603565|rcsb pdb:1grn|imex:IM-23606-2	P60953-2	Q07960	isoform_specific_source_not_folded_to_canonical	accepted	unresolved_endpoint
IntAct	2026-01-09	positive_evidence	intact:EBI-603580|wwpdb:2ngr|imex:IM-23606-1|dip:DIP-62811E	Q07960	P60953-2	accepted	isoform_specific_source_not_folded_to_canonical	unresolved_endpoint
IntAct	2026-01-09	positive_evidence	intact:EBI-70805726|imex:IM-30531-110	Q99767	Q9Y2K6	unmapped_in_pinned_uniprot_release	unmapped_in_pinned_uniprot_release	unresolved_endpoint
IntAct	2026-01-09	positive_evidence	intact:EBI-70806090|imex:IM-30531-122	Q9Y2K6	O60478	unmapped_in_pinned_uniprot_release	accepted	unresolved_endpoint
IntAct	2026-01-09	positive_evidence	intact:EBI-70806384|imex:IM-30531-130	Q9ULK2	Q9UPT9	unmapped_in_pinned_uniprot_release	unmapped_in_pinned_uniprot_release	unresolved_endpoint
IntAct	2026-01-09	positive_evidence	intact:EBI-70806497|imex:IM-30531-138	Q99767	Q8TEY7	unmapped_in_pinned_uniprot_release	accepted	unresolved_endpoint
IntAct	2026-01-09	negative_evidence	intact:EBI-1397610	P35240-1	P0DPB3-1	isoform_specific_source_not_folded_to_canonical	isoform_specific_source_not_folded_to_canonical	unresolved_endpoint
IntAct	2026-01-09	negative_evidence	intact:EBI-8567753|mint:MINT-51035	Q9NYB9	Q9P0K1	unmapped_in_pinned_uniprot_release	unmapped_in_pinned_uniprot_release	unresolved_endpoint
IntAct	2026-01-09	negative_evidence	intact:EBI-8567774|mint:MINT-51036	Q9UKF5	Q9NYB9	unmapped_in_pinned_uniprot_release	unmapped_in_pinned_uniprot_release	unresolved_endpoint
IntAct	2026-01-09	negative_evidence	intact:EBI-8609949|mint:MINT-45904	Q9Y3P9	P05107	unmapped_in_pinned_uniprot_release	accepted	unresolved_endpoint
IntAct	2026-01-09	negative_evidence	intact:EBI-8610904|mint:MINT-45911	Q9UBP9	P05556	unmapped_in_pinned_uniprot_release	accepted	unresolved_endpoint
IntAct	2026-01-09	negative_evidence	intact:EBI-8610927|mint:MINT-45912	Q9UBP9	P05107	unmapped_in_pinned_uniprot_release	accepted	unresolved_endpoint
IntAct	2026-01-09	negative_evidence	intact:EBI-8612270|mint:MINT-45956	P05107	Q9UQF2	accepted	unmapped_in_pinned_uniprot_release	unresolved_endpoint
IntAct	2026-01-09	negative_evidence	intact:EBI-8612319|mint:MINT-45958	P26010	Q9UQF2	accepted	unmapped_in_pinned_uniprot_release	unresolved_endpoint
IntAct	2026-01-09	negative_evidence	intact:EBI-604045	Q13153	P21127-12	accepted	isoform_specific_source_not_folded_to_canonical	unresolved_endpoint
IntAct	2026-01-09	negative_evidence	intact:EBI-13642861	Q13886	P06401-2	accepted	isoform_specific_source_not_folded_to_canonical	unresolved_endpoint
IntAct	2026-01-09	negative_evidence	intact:EBI-1107790	O60506	Q14103-1	accepted	isoform_specific_source_not_folded_to_canonical	unresolved_endpoint
IntAct	2026-01-09	negative_evidence	intact:EBI-1107801	O60506	Q14103-2	accepted	isoform_specific_source_not_folded_to_canonical	unresolved_endpoint
IntAct	2026-01-09	negative_evidence	intact:EBI-1107812	P67809	Q14103-1	accepted	isoform_specific_source_not_folded_to_canonical	unresolved_endpoint
IntAct	2026-01-09	negative_evidence	intact:EBI-1107823	Q14103-2	P67809	isoform_specific_source_not_folded_to_canonical	accepted	unresolved_endpoint
IntAct	2026-01-09	negative_evidence	intact:EBI-1107834	Q9Y6M1	Q14103-1	unmapped_in_pinned_uniprot_release	isoform_specific_source_not_folded_to_canonical	unresolved_endpoint
IntAct	2026-01-09	negative_evidence	intact:EBI-1107845	Q9Y6M1	Q14103-2	unmapped_in_pinned_uniprot_release	isoform_specific_source_not_folded_to_canonical	unresolved_endpoint
IntAct	2026-01-09	negative_evidence	intact:EBI-1107857	Q14103-1	Q14103-4	isoform_specific_source_not_folded_to_canonical	isoform_specific_source_not_folded_to_canonical	unresolved_endpoint
IntAct	2026-01-09	negative_evidence	intact:EBI-1107880	Q14103-2	Q14103-4	isoform_specific_source_not_folded_to_canonical	isoform_specific_source_not_folded_to_canonical	unresolved_endpoint
IntAct	2026-01-09	negative_evidence	intact:EBI-353709	Q9Y561	P35609	unmapped_in_pinned_uniprot_release	accepted	unresolved_endpoint
IntAct	2026-01-09	negative_evidence	intact:EBI-353714	Q9UBF9	Q9Y561	unmapped_in_pinned_uniprot_release	unmapped_in_pinned_uniprot_release	unresolved_endpoint
IntAct	2026-01-09	negative_evidence	intact:EBI-353721	Q9Y561	O95295	unmapped_in_pinned_uniprot_release	accepted	unresolved_endpoint
IntAct	2026-01-09	negative_evidence	intact:EBI-969296	P51617-2	Q8N2H9-1	isoform_specific_source_not_folded_to_canonical	isoform_specific_source_not_folded_to_canonical	unresolved_endpoint
IntAct	2026-01-09	negative_evidence	intact:EBI-619211	P38919	Q9Y5S9	not_evaluated	not_evaluated	participant_expansion_requires_review
IntAct	2026-01-09	negative_evidence	intact:EBI-619211	P38919	P61326	not_evaluated	not_evaluated	participant_expansion_requires_review
IntAct	2026-01-09	negative_evidence	intact:EBI-42491516	O15350-3	Q9NZC7	isoform_specific_source_not_folded_to_canonical	unmapped_in_pinned_uniprot_release	unresolved_endpoint
IntAct	2026-01-09	negative_evidence	intact:EBI-7164900|mint:MINT-60101	Q9NZC7	O15350-3	unmapped_in_pinned_uniprot_release	isoform_specific_source_not_folded_to_canonical	unresolved_endpoint
IntAct	2026-01-09	negative_evidence	intact:EBI-7164993|mint:MINT-60130	O15350-3	Q9NZC7	isoform_specific_source_not_folded_to_canonical	unmapped_in_pinned_uniprot_release	unresolved_endpoint
IntAct	2026-01-09	negative_evidence	intact:EBI-9080432	Q16881-5	P03372	isoform_specific_source_not_folded_to_canonical	accepted	unresolved_endpoint
IntAct	2026-01-09	negative_evidence	intact:EBI-9080448	Q16881-5	Q92731	isoform_specific_source_not_folded_to_canonical	accepted	unresolved_endpoint
IntAct	2026-01-09	negative_evidence	intact:EBI-9080560	P10827	Q16881-5	accepted	isoform_specific_source_not_folded_to_canonical	unresolved_endpoint
IntAct	2026-01-09	negative_evidence	intact:EBI-9080610	Q16881-5	P03372	isoform_specific_source_not_folded_to_canonical	accepted	unresolved_endpoint
IntAct	2026-01-09	negative_evidence	intact:EBI-7465439|mint:MINT-56505|imex:IM-14128-12	Q99873	Q9Y5B0	unmapped_in_pinned_uniprot_release	unmapped_in_pinned_uniprot_release	unresolved_endpoint
IntAct	2026-01-09	negative_evidence	intact:EBI-10900933	P49841	O75952-1	accepted	isoform_specific_source_not_folded_to_canonical	unresolved_endpoint
IntAct	2026-01-09	negative_evidence	intact:EBI-10901155	P49841	O75952-1	accepted	isoform_specific_source_not_folded_to_canonical	unresolved_endpoint
IntAct	2026-01-09	negative_evidence	intact:EBI-783609	P11309-1	P51813	isoform_specific_source_not_folded_to_canonical	accepted	unresolved_endpoint
IntAct	2026-01-09	negative_evidence	intact:EBI-783639	P51813	P11309-1	accepted	isoform_specific_source_not_folded_to_canonical	unresolved_endpoint
IntAct	2026-01-09	negative_evidence	intact:EBI-783652	P51813	P11309-1	accepted	isoform_specific_source_not_folded_to_canonical	unresolved_endpoint
IntAct	2026-01-09	negative_evidence	intact:EBI-4480162	P17706-2	P49755	isoform_specific_source_not_folded_to_canonical	accepted	unresolved_endpoint
IntAct	2026-01-09	negative_evidence	intact:EBI-4480160	Q9BVK6	P17706-2	unmapped_in_pinned_uniprot_release	isoform_specific_source_not_folded_to_canonical	unresolved_endpoint
IntAct	2026-01-09	negative_evidence	intact:EBI-945714	Q9NRR5	Q86UW9	unmapped_in_pinned_uniprot_release	accepted	unresolved_endpoint
IntAct	2026-01-09	negative_evidence	intact:EBI-945783	P04156	Q9Y3Q8	accepted	unmapped_in_pinned_uniprot_release	unresolved_endpoint
IntAct	2026-01-09	negative_evidence	intact:EBI-945849	Q7Z3S9	Q9NRR5	accepted	unmapped_in_pinned_uniprot_release	unresolved_endpoint
IntAct	2026-01-09	negative_evidence	intact:EBI-945875	Q9BYW2	Q96RK0	unmapped_in_pinned_uniprot_release	accepted	unresolved_endpoint
IntAct	2026-01-09	negative_evidence	intact:EBI-1107667	P63104	Q14103-4	accepted	isoform_specific_source_not_folded_to_canonical	unresolved_endpoint
IntAct	2026-01-09	negative_evidence	intact:EBI-1107699	Q14103-4	P61981	isoform_specific_source_not_folded_to_canonical	accepted	unresolved_endpoint
IntAct	2026-01-09	negative_evidence	intact:EBI-1107711	P31947	Q14103-2	accepted	isoform_specific_source_not_folded_to_canonical	unresolved_endpoint
IntAct	2026-01-09	negative_evidence	intact:EBI-1107724	Q14103-1	P31947	isoform_specific_source_not_folded_to_canonical	accepted	unresolved_endpoint
IntAct	2026-01-09	negative_evidence	intact:EBI-1107748	Q14103-4	P63104	isoform_specific_source_not_folded_to_canonical	accepted	unresolved_endpoint
IntAct	2026-01-09	negative_evidence	intact:EBI-4567600|imex:IM-17275-2	Q14790	O15519-1	not_evaluated	not_evaluated	participant_expansion_requires_review
IntAct	2026-01-09	negative_evidence	intact:EBI-4567600|imex:IM-17275-2	Q14790	Q13546	not_evaluated	not_evaluated	participant_expansion_requires_review
IntAct	2026-01-09	negative_evidence	intact:EBI-4567600|imex:IM-17275-2	Q14790	Q13158	not_evaluated	not_evaluated	participant_expansion_requires_review
IntAct	2026-01-09	negative_evidence	intact:EBI-1539719|imex:IM-11938-4	O14512-2	Q14141	isoform_specific_source_not_folded_to_canonical	accepted	unresolved_endpoint
IntAct	2026-01-09	negative_evidence	intact:EBI-1578416	P11309-1	Q9UNQ0	isoform_specific_source_not_folded_to_canonical	unmapped_in_pinned_uniprot_release	unresolved_endpoint
IntAct	2026-01-09	negative_evidence	intact:EBI-1578446	P11309-1	Q9UNQ0	isoform_specific_source_not_folded_to_canonical	unmapped_in_pinned_uniprot_release	unresolved_endpoint
IntAct	2026-01-09	negative_evidence	intact:EBI-9350862	O95292-2	O95292-1	isoform_specific_source_not_folded_to_canonical	isoform_specific_source_not_folded_to_canonical	unresolved_endpoint
IntAct	2026-01-09	negative_evidence	intact:EBI-9350887	O95292-2	Q9P0L0	isoform_specific_source_not_folded_to_canonical	unmapped_in_pinned_uniprot_release	unresolved_endpoint
IntAct	2026-01-09	negative_evidence	intact:EBI-8761630	O14746	P29590-4	accepted	isoform_specific_source_not_folded_to_canonical	unresolved_endpoint
IntAct	2026-01-09	negative_evidence	intact:EBI-8761622	O14746	P29590-2	accepted	isoform_specific_source_not_folded_to_canonical	unresolved_endpoint
IntAct	2026-01-09	negative_evidence	intact:EBI-8761614	O14746	P29590-8	accepted	isoform_specific_source_not_folded_to_canonical	unresolved_endpoint
IntAct	2026-01-09	negative_evidence	intact:EBI-8761618	O14746	P29590-1	accepted	isoform_specific_source_not_folded_to_canonical	unresolved_endpoint
IntAct	2026-01-09	negative_evidence	intact:EBI-8761626	O14746	P29590-9	accepted	isoform_specific_source_not_folded_to_canonical	unresolved_endpoint
IntAct	2026-01-09	negative_evidence	intact:EBI-8761476	P29590-2	O14746	isoform_specific_source_not_folded_to_canonical	accepted	unresolved_endpoint
IntAct	2026-01-09	negative_evidence	intact:EBI-8761574	O14746	P29590-8	accepted	isoform_specific_source_not_folded_to_canonical	unresolved_endpoint
IntAct	2026-01-09	negative_evidence	intact:EBI-8761261	O14746	P29590-1	accepted	isoform_specific_source_not_folded_to_canonical	unresolved_endpoint
IntAct	2026-01-09	negative_evidence	intact:EBI-8761436	O14746	P29590-9	accepted	isoform_specific_source_not_folded_to_canonical	unresolved_endpoint
IntAct	2026-01-09	negative_evidence	intact:EBI-8761456	O14746	P29590-4	accepted	isoform_specific_source_not_folded_to_canonical	unresolved_endpoint
IntAct	2026-01-09	negative_evidence	intact:EBI-20586209	P03372	O95718-3	accepted	isoform_specific_source_not_folded_to_canonical	unresolved_endpoint
IntAct	2026-01-09	negative_evidence	intact:EBI-3989406|imex:IM-16943-5	Q9UKT9-14	Q9BZS1	isoform_specific_source_not_folded_to_canonical	unmapped_in_pinned_uniprot_release	unresolved_endpoint
IntAct	2026-01-09	negative_evidence	intact:EBI-3895924|imex:IM-15776-9	P04637-2	P17844	isoform_specific_source_not_folded_to_canonical	accepted	unresolved_endpoint
IntAct	2026-01-09	negative_evidence	intact:EBI-3895933|imex:IM-15776-8	P17844	P04637-3	accepted	isoform_specific_source_not_folded_to_canonical	unresolved_endpoint
IntAct	2026-01-09	negative_evidence	intact:EBI-3954828|imex:IM-15776-6	P17844	P04637-8	accepted	isoform_specific_source_not_folded_to_canonical	unresolved_endpoint
IntAct	2026-01-09	negative_evidence	intact:EBI-3954837|imex:IM-15776-7	P04637-9	P17844	isoform_specific_source_not_folded_to_canonical	accepted	unresolved_endpoint
IntAct	2026-01-09	negative_evidence	intact:EBI-6901881	Q02487-2	P17302	isoform_specific_source_not_folded_to_canonical	accepted	unresolved_endpoint
IntAct	2026-01-09	negative_evidence	intact:EBI-6901218	P17302	Q02487-2	accepted	isoform_specific_source_not_folded_to_canonical	unresolved_endpoint
IntAct	2026-01-09	negative_evidence	intact:EBI-5242225|imex:IM-17274-2	Q14565	Q96B01-3	accepted	isoform_specific_source_not_folded_to_canonical	unresolved_endpoint
IntAct	2026-01-09	negative_evidence	intact:EBI-16766012	P67775-2	P30153	not_evaluated	not_evaluated	participant_expansion_requires_review
IntAct	2026-01-09	negative_evidence	intact:EBI-16766012	P67775-2	Q9Y570	not_evaluated	not_evaluated	participant_expansion_requires_review
IntAct	2026-01-09	negative_evidence	intact:EBI-11615543	Q00536	Q8ND76-3	accepted	isoform_specific_source_not_folded_to_canonical	unresolved_endpoint
IntAct	2026-01-09	negative_evidence	intact:EBI-11620018	Q00536	Q8ND76-3	accepted	isoform_specific_source_not_folded_to_canonical	unresolved_endpoint
IntAct	2026-01-09	negative_evidence	intact:EBI-5394458|imex:IM-16613-2	O00429	Q96HS1-1	accepted	isoform_specific_source_not_folded_to_canonical	unresolved_endpoint
IntAct	2026-01-09	negative_evidence	intact:EBI-27052243	Q8NAG6-1	O75531	isoform_specific_source_not_folded_to_canonical	accepted	unresolved_endpoint
IntAct	2026-01-09	negative_evidence	intact:EBI-6249591	P04626	O75367-2	accepted	isoform_specific_source_not_folded_to_canonical	unresolved_endpoint
IntAct	2026-01-09	negative_evidence	intact:EBI-16586477	P17693-3	P17693-3	isoform_specific_source_not_folded_to_canonical	isoform_specific_source_not_folded_to_canonical	unresolved_endpoint
IntAct	2026-01-09	negative_evidence	intact:EBI-6554686	Q07817-1	Q86Y07-2	isoform_specific_source_not_folded_to_canonical	isoform_specific_source_not_folded_to_canonical	unresolved_endpoint
IntAct	2026-01-09	negative_evidence	intact:EBI-8840307	Q02410-1	Q9NRW1	isoform_specific_source_not_folded_to_canonical	unmapped_in_pinned_uniprot_release	unresolved_endpoint
IntAct	2026-01-09	negative_evidence	intact:EBI-8840304	P20340-1	Q02410-1	isoform_specific_source_not_folded_to_canonical	isoform_specific_source_not_folded_to_canonical	unresolved_endpoint
IntAct	2026-01-09	negative_evidence	intact:EBI-8840423	Q02410-1	P20340	isoform_specific_source_not_folded_to_canonical	accepted	unresolved_endpoint
IntAct	2026-01-09	negative_evidence	intact:EBI-8840419	Q02410-1	Q9NRW1	isoform_specific_source_not_folded_to_canonical	unmapped_in_pinned_uniprot_release	unresolved_endpoint
IntAct	2026-01-09	negative_evidence	intact:EBI-8840574	P20340-1	Q02410-1	isoform_specific_source_not_folded_to_canonical	isoform_specific_source_not_folded_to_canonical	unresolved_endpoint
IntAct	2026-01-09	negative_evidence	intact:EBI-8840571	Q9NRW1	Q02410-1	unmapped_in_pinned_uniprot_release	isoform_specific_source_not_folded_to_canonical	unresolved_endpoint
IntAct	2026-01-09	negative_evidence	intact:EBI-9102985	Q9Y3I1-2	O60260	isoform_specific_source_not_folded_to_canonical	accepted	unresolved_endpoint
IntAct	2026-01-09	negative_evidence	intact:EBI-61250307	Q702N8-2	P20929	isoform_specific_source_not_folded_to_canonical	accepted	unresolved_endpoint
IntAct	2026-01-09	negative_evidence	intact:EBI-61250681	O76041	Q702N8-2	accepted	isoform_specific_source_not_folded_to_canonical	unresolved_endpoint
IntAct	2026-01-09	negative_evidence	intact:EBI-16595054	Q16650	O15409-6	accepted	isoform_specific_source_not_folded_to_canonical	unresolved_endpoint
IntAct	2026-01-09	negative_evidence	intact:EBI-16595150	Q16650	O15409-6	accepted	isoform_specific_source_not_folded_to_canonical	unresolved_endpoint
IntAct	2026-01-09	negative_evidence	intact:EBI-16628348	Q16650	O15409-6	accepted	isoform_specific_source_not_folded_to_canonical	unresolved_endpoint
IntAct	2026-01-09	negative_evidence	intact:EBI-32713750	P59047	Q9H808-2	accepted	isoform_specific_source_not_folded_to_canonical	unresolved_endpoint
IntAct	2026-01-09	negative_evidence	intact:EBI-32713767	Q9H808-2	P59047	isoform_specific_source_not_folded_to_canonical	accepted	unresolved_endpoint
IntAct	2026-01-09	negative_evidence	intact:EBI-32713993	Q9H808-2	A6NGQ2	isoform_specific_source_not_folded_to_canonical	accepted	unresolved_endpoint
IntAct	2026-01-09	negative_evidence	intact:EBI-32714004	Q9H808-2	Q587J8	isoform_specific_source_not_folded_to_canonical	accepted	unresolved_endpoint
IntAct	2026-01-09	negative_evidence	intact:EBI-16464120	Q8NC06	Q04864-2	accepted	isoform_specific_source_not_folded_to_canonical	unresolved_endpoint
IntAct	2026-01-09	negative_evidence	intact:EBI-16464104	A0A0S2Z5W7	Q04864-2	accepted	isoform_specific_source_not_folded_to_canonical	unresolved_endpoint
IntAct	2026-01-09	negative_evidence	intact:EBI-16464024	Q8NC06	Q9HAQ2	accepted	unmapped_in_pinned_uniprot_release	unresolved_endpoint
IntAct	2026-01-09	negative_evidence	intact:EBI-16464136	Q8NC06-3	Q6FHY5	isoform_specific_source_not_folded_to_canonical	accepted	unresolved_endpoint
IntAct	2026-01-09	negative_evidence	intact:EBI-16463877	Q9NUQ8	Q9NVV9	unmapped_in_pinned_uniprot_release	unmapped_in_pinned_uniprot_release	unresolved_endpoint
IntAct	2026-01-09	negative_evidence	intact:EBI-16463909	Q9NUQ8	P61289	unmapped_in_pinned_uniprot_release	accepted	unresolved_endpoint
IntAct	2026-01-09	negative_evidence	intact:EBI-16464008	A0A0S2Z5W7	Q9HAQ2	accepted	unmapped_in_pinned_uniprot_release	unresolved_endpoint
IntAct	2026-01-09	negative_evidence	intact:EBI-16464040	Q8NC06-3	O43186	isoform_specific_source_not_folded_to_canonical	accepted	unresolved_endpoint
IntAct	2026-01-09	negative_evidence	intact:EBI-16463925	Q9NUQ8	Q99750	unmapped_in_pinned_uniprot_release	unmapped_in_pinned_uniprot_release	unresolved_endpoint
IntAct	2026-01-09	negative_evidence	intact:EBI-16463992	Q8NC06-3	Q9HAQ2	isoform_specific_source_not_folded_to_canonical	unmapped_in_pinned_uniprot_release	unresolved_endpoint
IntAct	2026-01-09	negative_evidence	intact:EBI-16463941	Q8NC06-3	P50221	isoform_specific_source_not_folded_to_canonical	accepted	unresolved_endpoint
IntAct	2026-01-09	negative_evidence	intact:EBI-16463893	Q9NUQ8	Q93062-3	unmapped_in_pinned_uniprot_release	isoform_specific_source_not_folded_to_canonical	unresolved_endpoint
IntAct	2026-01-09	negative_evidence	intact:EBI-16464088	Q8NC06-3	Q04864-2	isoform_specific_source_not_folded_to_canonical	isoform_specific_source_not_folded_to_canonical	unresolved_endpoint
IntAct	2026-01-09	negative_evidence	intact:EBI-16464605	E9PJI6	Q96JM7-2	accepted	isoform_specific_source_not_folded_to_canonical	unresolved_endpoint
IntAct	2026-01-09	negative_evidence	intact:EBI-16464481	A0A0S2Z4M1	Q96K21-3	accepted	isoform_specific_source_not_folded_to_canonical	unresolved_endpoint
IntAct	2026-01-09	negative_evidence	intact:EBI-16464462	O15169	Q96C92-2	accepted	isoform_specific_source_not_folded_to_canonical	unresolved_endpoint
IntAct	2026-01-09	negative_evidence	intact:EBI-16464252	P31749	EBI-10177480	accepted	non_uniprot_primary_identifier	unresolved_endpoint
IntAct	2026-01-09	negative_evidence	intact:EBI-16464284	Q9Y4X0-3	P14373	isoform_specific_source_not_folded_to_canonical	accepted	unresolved_endpoint
IntAct	2026-01-09	negative_evidence	intact:EBI-16464373	EBI-16464370	O14613	non_uniprot_primary_identifier	accepted	unresolved_endpoint
IntAct	2026-01-09	negative_evidence	intact:EBI-16464316	Q9Y4X0	Q6FHY5	unmapped_in_pinned_uniprot_release	accepted	unresolved_endpoint
IntAct	2026-01-09	negative_evidence	intact:EBI-16464219	A0A0S2Z551	Q9UKT9	accepted	unmapped_in_pinned_uniprot_release	unresolved_endpoint
IntAct	2026-01-09	negative_evidence	intact:EBI-16464671	EBI-16431359	Q7Z3K3	non_uniprot_primary_identifier	accepted	unresolved_endpoint
IntAct	2026-01-09	negative_evidence	intact:EBI-16464332	Q9ULJ7-2	P50542-3	isoform_specific_source_not_folded_to_canonical	isoform_specific_source_not_folded_to_canonical	unresolved_endpoint
IntAct	2026-01-09	negative_evidence	intact:EBI-16464446	O15169	Q14596-2	accepted	isoform_specific_source_not_folded_to_canonical	unresolved_endpoint
IntAct	2026-01-09	negative_evidence	intact:EBI-16464268	P31749	Q5JR59-3	accepted	isoform_specific_source_not_folded_to_canonical	unresolved_endpoint
IntAct	2026-01-09	negative_evidence	intact:EBI-16464621	EBI-16431359	Q96JM7-2	non_uniprot_primary_identifier	isoform_specific_source_not_folded_to_canonical	unresolved_endpoint
IntAct	2026-01-09	negative_evidence	intact:EBI-16464689	E9PJI6	Q96QF0-7	accepted	isoform_specific_source_not_folded_to_canonical	unresolved_endpoint
IntAct	2026-01-09	negative_evidence	intact:EBI-16464300	Q9Y4X0-3	O95967	isoform_specific_source_not_folded_to_canonical	accepted	unresolved_endpoint
IntAct	2026-01-09	negative_evidence	intact:EBI-16464184	A0A0S2Z3G1	Q9NPC6	accepted	unmapped_in_pinned_uniprot_release	unresolved_endpoint
IntAct	2026-01-09	negative_evidence	intact:EBI-16464430	A0A0S2Z4M1	Q9H257-2	accepted	isoform_specific_source_not_folded_to_canonical	unresolved_endpoint
IntAct	2026-01-09	negative_evidence	intact:EBI-16464637	Q8N9N5-7	Q96JM7-2	isoform_specific_source_not_folded_to_canonical	isoform_specific_source_not_folded_to_canonical	unresolved_endpoint
IntAct	2026-01-09	negative_evidence	intact:EBI-16464571	EBI-16431359	Q96LI6	non_uniprot_primary_identifier	accepted	unresolved_endpoint
IntAct	2026-01-09	negative_evidence	intact:EBI-16464203	A0A0S2Z5A1	Q9UKT9	accepted	unmapped_in_pinned_uniprot_release	unresolved_endpoint
IntAct	2026-01-09	negative_evidence	intact:EBI-16465311	EBI-16431359	Q08050	non_uniprot_primary_identifier	accepted	unresolved_endpoint
IntAct	2026-01-09	negative_evidence	intact:EBI-16465519	EBI-16431359	Q6P1W5	non_uniprot_primary_identifier	accepted	unresolved_endpoint
IntAct	2026-01-09	negative_evidence	intact:EBI-16464831	A0A0S2Z5G4	Q9H2G9	accepted	unmapped_in_pinned_uniprot_release	unresolved_endpoint
IntAct	2026-01-09	negative_evidence	intact:EBI-16464815	EBI-16431359	Q9H2G9	non_uniprot_primary_identifier	unmapped_in_pinned_uniprot_release	unresolved_endpoint
IntAct	2026-01-09	negative_evidence	intact:EBI-16464799	E9PJI6	Q9H2G9	accepted	unmapped_in_pinned_uniprot_release	unresolved_endpoint
IntAct	2026-01-09	negative_evidence	intact:EBI-16464746	EBI-16431359	Q96QF0-7	non_uniprot_primary_identifier	isoform_specific_source_not_folded_to_canonical	unresolved_endpoint
IntAct	2026-01-09	negative_evidence	intact:EBI-16465237	EBI-16431359	Q14192	non_uniprot_primary_identifier	accepted	unresolved_endpoint
IntAct	2026-01-09	negative_evidence	intact:EBI-16465380	EBI-16431359	O60479	non_uniprot_primary_identifier	accepted	unresolved_endpoint
IntAct	2026-01-09	negative_evidence	intact:EBI-16465416	EBI-16431359	Q9HAN9	non_uniprot_primary_identifier	unmapped_in_pinned_uniprot_release	unresolved_endpoint
IntAct	2026-01-09	negative_evidence	intact:EBI-16465275	EBI-16431359	O94842	non_uniprot_primary_identifier	accepted	unresolved_endpoint
IntAct	2026-01-09	negative_evidence	intact:EBI-16465184	EBI-16431359	P86478	non_uniprot_primary_identifier	accepted	unresolved_endpoint
IntAct	2026-01-09	negative_evidence	intact:EBI-16464950	EBI-16431359	O43186	non_uniprot_primary_identifier	accepted	unresolved_endpoint
IntAct	2026-01-09	negative_evidence	intact:EBI-16464781	EBI-16431359	Q8TAP6	non_uniprot_primary_identifier	accepted	unresolved_endpoint
IntAct	2026-01-09	negative_evidence	intact:EBI-16464883	EBI-16431359	Q5TD97	non_uniprot_primary_identifier	accepted	unresolved_endpoint
IntAct	2026-01-09	negative_evidence	intact:EBI-16465398	E9PJI6	Q9HAN9	accepted	unmapped_in_pinned_uniprot_release	unresolved_endpoint
IntAct	2026-01-09	negative_evidence	intact:EBI-16464988	EBI-16431359	Q9BUZ4	non_uniprot_primary_identifier	unmapped_in_pinned_uniprot_release	unresolved_endpoint
IntAct	2026-01-09	negative_evidence	intact:EBI-16465099	E9PJI6	Q04864-2	accepted	isoform_specific_source_not_folded_to_canonical	unresolved_endpoint
IntAct	2026-01-09	negative_evidence	intact:EBI-16464969	E9PJI6	Q9BUZ4	accepted	unmapped_in_pinned_uniprot_release	unresolved_endpoint
IntAct	2026-01-09	negative_evidence	intact:EBI-16465043	A0A0S2Z5G4	Q08050-2	accepted	isoform_specific_source_not_folded_to_canonical	unresolved_endpoint
IntAct	2026-01-09	negative_evidence	intact:EBI-16465025	EBI-16431359	Q08050-2	non_uniprot_primary_identifier	isoform_specific_source_not_folded_to_canonical	unresolved_endpoint
IntAct	2026-01-09	negative_evidence	intact:EBI-16465007	E9PJI6	Q08050-2	accepted	isoform_specific_source_not_folded_to_canonical	unresolved_endpoint
IntAct	2026-01-09	negative_evidence	intact:EBI-16465456	EBI-16431359	Q8NF64	non_uniprot_primary_identifier	accepted	unresolved_endpoint
IntAct	2026-01-09	negative_evidence	intact:EBI-16465135	EBI-16431359	O14627	non_uniprot_primary_identifier	accepted	unresolved_endpoint
IntAct	2026-01-09	negative_evidence	intact:EBI-16465080	EBI-16431359	Q02446	non_uniprot_primary_identifier	accepted	unresolved_endpoint
IntAct	2026-01-09	negative_evidence	intact:EBI-16465540	EBI-16431359	EBI-16440472	non_uniprot_primary_identifier	non_uniprot_primary_identifier	unresolved_endpoint
IntAct	2026-01-09	negative_evidence	intact:EBI-16465577	EBI-16431359	Q12933	non_uniprot_primary_identifier	accepted	unresolved_endpoint
IntAct	2026-01-09	negative_evidence	intact:EBI-16465594	Q07817-2	Q96LC9	isoform_specific_source_not_folded_to_canonical	accepted	unresolved_endpoint
IntAct	2026-01-09	negative_evidence	intact:EBI-16465611	Q07817-2	Q92934	isoform_specific_source_not_folded_to_canonical	accepted	unresolved_endpoint
IntAct	2026-01-09	negative_evidence	intact:EBI-16465734	A0A0S2Z4Q5	O75410-7	accepted	isoform_specific_source_not_folded_to_canonical	unresolved_endpoint
IntAct	2026-01-09	negative_evidence	intact:EBI-16465752	A0A0S2Z4Q5	Q8WWW0-2	accepted	isoform_specific_source_not_folded_to_canonical	unresolved_endpoint
IntAct	2026-01-09	negative_evidence	intact:EBI-16465786	A0A0S2Z4Q5	Q9C026	accepted	unmapped_in_pinned_uniprot_release	unresolved_endpoint
IntAct	2026-01-09	negative_evidence	intact:EBI-16465867	A0A0S2Z4Q5	Q9C026-5	accepted	isoform_specific_source_not_folded_to_canonical	unresolved_endpoint
IntAct	2026-01-09	negative_evidence	intact:EBI-16465938	P20807-4	Q8TAP6	isoform_specific_source_not_folded_to_canonical	accepted	unresolved_endpoint
IntAct	2026-01-09	negative_evidence	intact:EBI-16465692	Q07817-2	Q08AM6	isoform_specific_source_not_folded_to_canonical	accepted	unresolved_endpoint
IntAct	2026-01-09	negative_evidence	intact:EBI-16465769	B7Z3H4	Q8WWW0-2	accepted	isoform_specific_source_not_folded_to_canonical	unresolved_endpoint
IntAct	2026-01-09	negative_evidence	intact:EBI-16465659	Q07817-2	Q13323	isoform_specific_source_not_folded_to_canonical	accepted	unresolved_endpoint
IntAct	2026-01-09	negative_evidence	intact:EBI-16465903	A0A0S2Z5Z3	Q04864-2	accepted	isoform_specific_source_not_folded_to_canonical	unresolved_endpoint
IntAct	2026-01-09	negative_evidence	intact:EBI-16466243	A0A0S2Z368	Q9UMX0-2	accepted	isoform_specific_source_not_folded_to_canonical	unresolved_endpoint
IntAct	2026-01-09	negative_evidence	intact:EBI-16466323	P83436	Q9UP83-3	accepted	isoform_specific_source_not_folded_to_canonical	unresolved_endpoint
IntAct	2026-01-09	negative_evidence	intact:EBI-16466339	P83436	Q9Y6C2-2	accepted	isoform_specific_source_not_folded_to_canonical	unresolved_endpoint
IntAct	2026-01-09	negative_evidence	intact:EBI-16465954	P20807-2	Q8TAP6	isoform_specific_source_not_folded_to_canonical	accepted	unresolved_endpoint
IntAct	2026-01-09	negative_evidence	intact:EBI-16466454	EBI-16466451	Q8N205-2	non_uniprot_primary_identifier	isoform_specific_source_not_folded_to_canonical	unresolved_endpoint
IntAct	2026-01-09	negative_evidence	intact:EBI-16466040	Q8TCZ2	Q9BRI3	accepted	unmapped_in_pinned_uniprot_release	unresolved_endpoint
IntAct	2026-01-09	negative_evidence	intact:EBI-16466486	Q9UJW0	Q9NP66	unmapped_in_pinned_uniprot_release	unmapped_in_pinned_uniprot_release	unresolved_endpoint
IntAct	2026-01-09	negative_evidence	intact:EBI-16466387	EBI-16432800	P08727	non_uniprot_primary_identifier	accepted	unresolved_endpoint
IntAct	2026-01-09	negative_evidence	intact:EBI-16466509	A0A0S2Z5B8	Q9NP66	accepted	unmapped_in_pinned_uniprot_release	unresolved_endpoint
IntAct	2026-01-09	negative_evidence	intact:EBI-16466403	EBI-16432800	Q8N6Y0	non_uniprot_primary_identifier	accepted	unresolved_endpoint
IntAct	2026-01-09	negative_evidence	intact:EBI-16466371	Q9BT78	Q9UMX0	unmapped_in_pinned_uniprot_release	unmapped_in_pinned_uniprot_release	unresolved_endpoint
IntAct	2026-01-09	negative_evidence	intact:EBI-16466008	A0A0S2Z5R8	Q9UMX0	accepted	unmapped_in_pinned_uniprot_release	unresolved_endpoint
IntAct	2026-01-09	negative_evidence	intact:EBI-16466158	Q00535-2	P30279	isoform_specific_source_not_folded_to_canonical	accepted	unresolved_endpoint
IntAct	2026-01-09	negative_evidence	intact:EBI-16466080	Q8IZL9-3	Q9C040	isoform_specific_source_not_folded_to_canonical	unmapped_in_pinned_uniprot_release	unresolved_endpoint
IntAct	2026-01-09	negative_evidence	intact:EBI-16466104	Q8IZL9-5	Q9C040	isoform_specific_source_not_folded_to_canonical	unmapped_in_pinned_uniprot_release	unresolved_endpoint
IntAct	2026-01-09	negative_evidence	intact:EBI-16466224	A0A0S2Z3G7	Q9UMX0-2	accepted	isoform_specific_source_not_folded_to_canonical	unresolved_endpoint
IntAct	2026-01-09	negative_evidence	intact:EBI-16466134	A0A0S2Z535	Q9C040	accepted	unmapped_in_pinned_uniprot_release	unresolved_endpoint
IntAct	2026-01-09	negative_evidence	intact:EBI-16465992	A0A0S2Z5R8	Q9UMX0-2	accepted	isoform_specific_source_not_folded_to_canonical	unresolved_endpoint
IntAct	2026-01-09	negative_evidence	intact:EBI-16466199	A0A0S2Z3J3	Q9UMX0-2	accepted	isoform_specific_source_not_folded_to_canonical	unresolved_endpoint
IntAct	2026-01-09	negative_evidence	intact:EBI-16466662	Q9UPQ8	Q9UMX0-2	unmapped_in_pinned_uniprot_release	isoform_specific_source_not_folded_to_canonical	unresolved_endpoint
IntAct	2026-01-09	negative_evidence	intact:EBI-16466713	Q8WXU2-2	O00471	isoform_specific_source_not_folded_to_canonical	accepted	unresolved_endpoint
IntAct	2026-01-09	negative_evidence	intact:EBI-16466678	Q9UPQ8	Q9UMX0	unmapped_in_pinned_uniprot_release	unmapped_in_pinned_uniprot_release	unresolved_endpoint
IntAct	2026-01-09	negative_evidence	intact:EBI-16466630	Q9NR28-3	Q15041	isoform_specific_source_not_folded_to_canonical	accepted	unresolved_endpoint
IntAct	2026-01-09	negative_evidence	intact:EBI-16466646	Q9NR28-3	Q6RW13-2	isoform_specific_source_not_folded_to_canonical	isoform_specific_source_not_folded_to_canonical	unresolved_endpoint
IntAct	2026-01-09	negative_evidence	intact:EBI-16467286	Q9BSJ6	Q96DZ9-2	unmapped_in_pinned_uniprot_release	isoform_specific_source_not_folded_to_canonical	unresolved_endpoint
IntAct	2026-01-09	negative_evidence	intact:EBI-16467120	Q9BSJ6	Q08379	unmapped_in_pinned_uniprot_release	accepted	unresolved_endpoint
IntAct	2026-01-09	negative_evidence	intact:EBI-16466849	Q8WXU2-2	P13646	isoform_specific_source_not_folded_to_canonical	accepted	unresolved_endpoint
IntAct	2026-01-09	negative_evidence	intact:EBI-16466817	A0A0S2Z5X9	Q9UNE7	accepted	unmapped_in_pinned_uniprot_release	unresolved_endpoint
IntAct	2026-01-09	negative_evidence	intact:EBI-16467270	Q9BSJ6	Q6RW13-2	unmapped_in_pinned_uniprot_release	isoform_specific_source_not_folded_to_canonical	unresolved_endpoint
IntAct	2026-01-09	negative_evidence	intact:EBI-16466753	Q8WXU2-2	P36406	isoform_specific_source_not_folded_to_canonical	accepted	unresolved_endpoint
IntAct	2026-01-09	negative_evidence	intact:EBI-16467219	Q9BSJ6	Q96ED9-2	unmapped_in_pinned_uniprot_release	isoform_specific_source_not_folded_to_canonical	unresolved_endpoint
IntAct	2026-01-09	negative_evidence	intact:EBI-16467187	Q9BSJ6	Q7L4P6	unmapped_in_pinned_uniprot_release	accepted	unresolved_endpoint
IntAct	2026-01-09	negative_evidence	intact:EBI-16467139	Q9BSJ6	P14373	unmapped_in_pinned_uniprot_release	accepted	unresolved_endpoint
IntAct	2026-01-09	negative_evidence	intact:EBI-16467072	Q9BSJ6	P14373	unmapped_in_pinned_uniprot_release	accepted	unresolved_endpoint
IntAct	2026-01-09	negative_evidence	intact:EBI-16466833	EBI-16430217	Q9UNE7	non_uniprot_primary_identifier	unmapped_in_pinned_uniprot_release	unresolved_endpoint
IntAct	2026-01-09	negative_evidence	intact:EBI-16467088	Q9BSJ6	Q8N1B4	unmapped_in_pinned_uniprot_release	accepted	unresolved_endpoint
IntAct	2026-01-09	negative_evidence	intact:EBI-16466801	A0A0S2Z5X9	Q8N4Y2-3	accepted	isoform_specific_source_not_folded_to_canonical	unresolved_endpoint
IntAct	2026-01-09	negative_evidence	intact:EBI-16467251	Q9BSJ6	Q8NF50	unmapped_in_pinned_uniprot_release	accepted	unresolved_endpoint
IntAct	2026-01-09	negative_evidence	intact:EBI-16466989	Q9BYI3	Q6FHY5	unmapped_in_pinned_uniprot_release	accepted	unresolved_endpoint
IntAct	2026-01-09	negative_evidence	intact:EBI-16467104	Q9BSJ6	Q6NUQ1	unmapped_in_pinned_uniprot_release	accepted	unresolved_endpoint
IntAct	2026-01-09	negative_evidence	intact:EBI-16466957	Q13216-2	Q13557-8	isoform_specific_source_not_folded_to_canonical	isoform_specific_source_not_folded_to_canonical	unresolved_endpoint
IntAct	2026-01-09	negative_evidence	intact:EBI-16467040	EBI-16467021	P43365	non_uniprot_primary_identifier	accepted	unresolved_endpoint
IntAct	2026-01-09	negative_evidence	intact:EBI-16467155	Q9BSJ6	Q8NHQ1	unmapped_in_pinned_uniprot_release	accepted	unresolved_endpoint
IntAct	2026-01-09	negative_evidence	intact:EBI-16467203	Q9BSJ6	Q6A162	unmapped_in_pinned_uniprot_release	accepted	unresolved_endpoint
IntAct	2026-01-09	negative_evidence	intact:EBI-16466785	Q8WXU2-2	Q8N4Y2-3	isoform_specific_source_not_folded_to_canonical	isoform_specific_source_not_folded_to_canonical	unresolved_endpoint
IntAct	2026-01-09	negative_evidence	intact:EBI-16467024	EBI-16467021	Q9NVT9	non_uniprot_primary_identifier	unmapped_in_pinned_uniprot_release	unresolved_endpoint
IntAct	2026-01-09	negative_evidence	intact:EBI-16467171	Q9BSJ6	Q96R06	unmapped_in_pinned_uniprot_release	accepted	unresolved_endpoint
IntAct	2026-01-09	negative_evidence	intact:EBI-16467235	Q9BSJ6	Q969L2	unmapped_in_pinned_uniprot_release	accepted	unresolved_endpoint
IntAct	2026-01-09	negative_evidence	intact:EBI-16466917	Q2Z196	Q14188-5	accepted	isoform_specific_source_not_folded_to_canonical	unresolved_endpoint
IntAct	2026-01-09	negative_evidence	intact:EBI-16467056	Q9BSJ6	O95273	unmapped_in_pinned_uniprot_release	accepted	unresolved_endpoint
IntAct	2026-01-09	negative_evidence	intact:EBI-16467302	Q9BSJ6	Q8IUQ4-2	unmapped_in_pinned_uniprot_release	isoform_specific_source_not_folded_to_canonical	unresolved_endpoint
IntAct	2026-01-09	negative_evidence	intact:EBI-16467422	Q9NRD0	Q15645	unmapped_in_pinned_uniprot_release	accepted	unresolved_endpoint
IntAct	2026-01-09	negative_evidence	intact:EBI-16467766	Q9BRX5	Q6FHY5	unmapped_in_pinned_uniprot_release	accepted	unresolved_endpoint
IntAct	2026-01-09	negative_evidence	intact:EBI-16467470	Q8WW76	Q6RW13-2	accepted	isoform_specific_source_not_folded_to_canonical	unresolved_endpoint
IntAct	2026-01-09	negative_evidence	intact:EBI-16467487	A0A0S2Z3E8	Q6RW13-2	accepted	isoform_specific_source_not_folded_to_canonical	unresolved_endpoint
IntAct	2026-01-09	negative_evidence	intact:EBI-16467700	EBI-16467584	Q6RW13-2	non_uniprot_primary_identifier	isoform_specific_source_not_folded_to_canonical	unresolved_endpoint
IntAct	2026-01-09	negative_evidence	intact:EBI-16467587	EBI-16467584	P36406	non_uniprot_primary_identifier	accepted	unresolved_endpoint
IntAct	2026-01-09	negative_evidence	intact:EBI-16467619	EBI-16467584	Q15654	non_uniprot_primary_identifier	accepted	unresolved_endpoint
IntAct	2026-01-09	negative_evidence	intact:EBI-16467717	EBI-16467584	Q96DZ9-2	non_uniprot_primary_identifier	isoform_specific_source_not_folded_to_canonical	unresolved_endpoint
IntAct	2026-01-09	negative_evidence	intact:EBI-16467667	EBI-16467584	Q15323	non_uniprot_primary_identifier	accepted	unresolved_endpoint
IntAct	2026-01-09	negative_evidence	intact:EBI-16467683	EBI-16467584	Q969L2	non_uniprot_primary_identifier	accepted	unresolved_endpoint
IntAct	2026-01-09	negative_evidence	intact:EBI-16467869	O14964	Q9BYM8	accepted	unmapped_in_pinned_uniprot_release	unresolved_endpoint
IntAct	2026-01-09	negative_evidence	intact:EBI-16467734	Q99259	Q9BYR7	accepted	unmapped_in_pinned_uniprot_release	unresolved_endpoint
IntAct	2026-01-09	negative_evidence	intact:EBI-16467635	EBI-16467584	Q6A162	non_uniprot_primary_identifier	accepted	unresolved_endpoint
IntAct	2026-01-09	negative_evidence	intact:EBI-16467750	EBI-16467584	Q9BYR7	non_uniprot_primary_identifier	unmapped_in_pinned_uniprot_release	unresolved_endpoint
IntAct	2026-01-09	negative_evidence	intact:EBI-16467952	A0A0S2Z4Q4	Q96MT8-3	accepted	isoform_specific_source_not_folded_to_canonical	unresolved_endpoint
IntAct	2026-01-09	negative_evidence	intact:EBI-16467936	A0A0S2Z4Q4	Q96HW7-2	accepted	isoform_specific_source_not_folded_to_canonical	unresolved_endpoint
IntAct	2026-01-09	negative_evidence	intact:EBI-16468015	A0A0S2Z5U3	Q9UKT9	accepted	unmapped_in_pinned_uniprot_release	unresolved_endpoint
IntAct	2026-01-09	negative_evidence	intact:EBI-16468181	A0A0S2Z5U3	Q05519-2	accepted	isoform_specific_source_not_folded_to_canonical	unresolved_endpoint
IntAct	2026-01-09	negative_evidence	intact:EBI-16468165	Q8WVV9	Q05519-2	accepted	isoform_specific_source_not_folded_to_canonical	unresolved_endpoint
IntAct	2026-01-09	negative_evidence	intact:EBI-16468309	A0A0S2Z5U3	EBI-16430628	accepted	non_uniprot_primary_identifier	unresolved_endpoint
IntAct	2026-01-09	negative_evidence	intact:EBI-16468245	A0A0S2Z5U3	EBI-10177480	accepted	non_uniprot_primary_identifier	unresolved_endpoint
IntAct	2026-01-09	negative_evidence	intact:EBI-16468082	A0A0S2Z5U3	Q9UJV3-2	accepted	isoform_specific_source_not_folded_to_canonical	unresolved_endpoint
IntAct	2026-01-09	negative_evidence	intact:EBI-16468293	Q8WVV9	EBI-16430628	accepted	non_uniprot_primary_identifier	unresolved_endpoint
IntAct	2026-01-09	negative_evidence	intact:EBI-16468229	Q8WVV9	EBI-10177480	accepted	non_uniprot_primary_identifier	unresolved_endpoint
IntAct	2026-01-09	negative_evidence	intact:EBI-16468277	A0A0S2Z5U3	Q9HD26-2	accepted	isoform_specific_source_not_folded_to_canonical	unresolved_endpoint
IntAct	2026-01-09	negative_evidence	intact:EBI-16468261	Q8WVV9	Q9HD26-2	accepted	isoform_specific_source_not_folded_to_canonical	unresolved_endpoint
IntAct	2026-01-09	negative_evidence	intact:EBI-16467984	A0A0S2Z4Q4	Q9Y577	accepted	unmapped_in_pinned_uniprot_release	unresolved_endpoint
IntAct	2026-01-09	negative_evidence	intact:EBI-16467888	A0A0S2Z4Q4	O75478-2	accepted	isoform_specific_source_not_folded_to_canonical	unresolved_endpoint
IntAct	2026-01-09	negative_evidence	intact:EBI-16468063	Q8WVV9	Q9UJV3-2	accepted	isoform_specific_source_not_folded_to_canonical	unresolved_endpoint
IntAct	2026-01-09	negative_evidence	intact:EBI-16468632	A0A0S2Z5U3	P61978-2	accepted	isoform_specific_source_not_folded_to_canonical	unresolved_endpoint
IntAct	2026-01-09	negative_evidence	intact:EBI-16469039	Q8WVV9	Q9Y5V3	accepted	unmapped_in_pinned_uniprot_release	unresolved_endpoint
IntAct	2026-01-09	negative_evidence	intact:EBI-16469001	Q8WVV9	Q6UY14-3	accepted	isoform_specific_source_not_folded_to_canonical	unresolved_endpoint
IntAct	2026-01-09	negative_evidence	intact:EBI-16468873	A0A0S2Z5U3	EBI-16437007	accepted	non_uniprot_primary_identifier	unresolved_endpoint
IntAct	2026-01-09	negative_evidence	intact:EBI-16469020	A0A0S2Z5U3	Q6UY14-3	accepted	isoform_specific_source_not_folded_to_canonical	unresolved_endpoint
IntAct	2026-01-09	negative_evidence	intact:EBI-16469144	F8VVZ1	Q99836	accepted	unmapped_in_pinned_uniprot_release	unresolved_endpoint
IntAct	2026-01-09	negative_evidence	intact:EBI-16469074	EBI-16469071	Q8NHQ1	non_uniprot_primary_identifier	accepted	unresolved_endpoint
IntAct	2026-01-09	negative_evidence	intact:EBI-16468905	A0A0S2Z5U3	Q8N9N5-2	accepted	isoform_specific_source_not_folded_to_canonical	unresolved_endpoint
IntAct	2026-01-09	negative_evidence	intact:EBI-16468665	A0A0S2Z5U3	Q99750	accepted	unmapped_in_pinned_uniprot_release	unresolved_endpoint
IntAct	2026-01-09	negative_evidence	intact:EBI-16468584	A0A0S2Z5U3	P98175-4	accepted	isoform_specific_source_not_folded_to_canonical	unresolved_endpoint
IntAct	2026-01-09	negative_evidence	intact:EBI-16468697	A0A0S2Z5U3	Q08117-2	accepted	isoform_specific_source_not_folded_to_canonical	unresolved_endpoint
IntAct	2026-01-09	negative_evidence	intact:EBI-16469055	A0A0S2Z5U3	Q9Y5V3	accepted	unmapped_in_pinned_uniprot_release	unresolved_endpoint
IntAct	2026-01-09	negative_evidence	intact:EBI-16468713	A0A0S2Z5U3	Q04864-2	accepted	isoform_specific_source_not_folded_to_canonical	unresolved_endpoint
IntAct	2026-01-09	negative_evidence	intact:EBI-16468568	A0A0S2Z5U3	Q93062-3	accepted	isoform_specific_source_not_folded_to_canonical	unresolved_endpoint
IntAct	2026-01-09	negative_evidence	intact:EBI-16468889	Q8WVV9	Q8N9N5-2	accepted	isoform_specific_source_not_folded_to_canonical	unresolved_endpoint
IntAct	2026-01-09	negative_evidence	intact:EBI-16468857	Q8WVV9	EBI-16437007	accepted	non_uniprot_primary_identifier	unresolved_endpoint
IntAct	2026-01-09	negative_evidence	intact:EBI-16469093	EBI-16469090	Q8NHQ1	non_uniprot_primary_identifier	accepted	unresolved_endpoint
IntAct	2026-01-09	negative_evidence	intact:EBI-16468681	Q8WVV9	Q08117-2	accepted	isoform_specific_source_not_folded_to_canonical	unresolved_endpoint
IntAct	2026-01-09	negative_evidence	intact:EBI-16468649	Q8WVV9	Q99750	accepted	unmapped_in_pinned_uniprot_release	unresolved_endpoint
IntAct	2026-01-09	negative_evidence	intact:EBI-16468552	Q8WVV9	Q93062-3	accepted	isoform_specific_source_not_folded_to_canonical	unresolved_endpoint
IntAct	2026-01-09	negative_evidence	intact:EBI-16468440	Q8WVV9	Q9NVV9	accepted	unmapped_in_pinned_uniprot_release	unresolved_endpoint
IntAct	2026-01-09	negative_evidence	intact:EBI-16468456	A0A0S2Z5U3	Q9NVV9	accepted	unmapped_in_pinned_uniprot_release	unresolved_endpoint
IntAct	2026-01-09	negative_evidence	intact:EBI-16469301	A0A0S2Z5A4	Q9UHX1-2	accepted	isoform_specific_source_not_folded_to_canonical	unresolved_endpoint
IntAct	2026-01-09	negative_evidence	intact:EBI-16469472	O75112-5	Q12800	isoform_specific_source_not_folded_to_canonical	accepted	unresolved_endpoint
IntAct	2026-01-09	negative_evidence	intact:EBI-16469368	P02538	Q5JR59-3	accepted	isoform_specific_source_not_folded_to_canonical	unresolved_endpoint
IntAct	2026-01-09	negative_evidence	intact:EBI-16469432	P06239-3	P23771	isoform_specific_source_not_folded_to_canonical	accepted	unresolved_endpoint
IntAct	2026-01-09	negative_evidence	intact:EBI-16469196	P26440-2	Q8ND90	isoform_specific_source_not_folded_to_canonical	accepted	unresolved_endpoint
IntAct	2026-01-09	negative_evidence	intact:EBI-16469352	EBI-16431876	O14964	non_uniprot_primary_identifier	accepted	unresolved_endpoint
IntAct	2026-01-09	negative_evidence	intact:EBI-16469560	EBI-16469557	P43364	non_uniprot_primary_identifier	accepted	unresolved_endpoint
IntAct	2026-01-09	negative_evidence	intact:EBI-16469317	A0A0S2Z5A4	Q9UHX1-5	accepted	isoform_specific_source_not_folded_to_canonical	unresolved_endpoint
IntAct	2026-01-09	negative_evidence	intact:EBI-16469263	A0A0S2Z5A4	Q9UHX1-6	accepted	isoform_specific_source_not_folded_to_canonical	unresolved_endpoint
IntAct	2026-01-09	negative_evidence	intact:EBI-16469538	Q6UX01-3	P43364	isoform_specific_source_not_folded_to_canonical	accepted	unresolved_endpoint
IntAct	2026-01-09	negative_evidence	intact:EBI-16469384	Q13751	Q99750	accepted	unmapped_in_pinned_uniprot_release	unresolved_endpoint
IntAct	2026-01-09	negative_evidence	intact:EBI-16469282	A0A0S2Z5A4	Q14498-3	accepted	isoform_specific_source_not_folded_to_canonical	unresolved_endpoint
IntAct	2026-01-09	negative_evidence	intact:EBI-16469643	EBI-16431221	Q9BTE3-2	non_uniprot_primary_identifier	isoform_specific_source_not_folded_to_canonical	unresolved_endpoint
IntAct	2026-01-09	negative_evidence	intact:EBI-16469833	Q9H7H0	Q8NA61-2	unmapped_in_pinned_uniprot_release	isoform_specific_source_not_folded_to_canonical	unresolved_endpoint
IntAct	2026-01-09	negative_evidence	intact:EBI-16469817	EBI-16469745	Q8NA61-2	non_uniprot_primary_identifier	isoform_specific_source_not_folded_to_canonical	unresolved_endpoint
IntAct	2026-01-09	negative_evidence	intact:EBI-16469915	Q9H7H0	Q6FHY5	unmapped_in_pinned_uniprot_release	accepted	unresolved_endpoint
IntAct	2026-01-09	negative_evidence	intact:EBI-16469800	EBI-16469745	Q8NHQ1	non_uniprot_primary_identifier	accepted	unresolved_endpoint
IntAct	2026-01-09	negative_evidence	intact:EBI-16469659	P33993	Q9NYB9-2	accepted	isoform_specific_source_not_folded_to_canonical	unresolved_endpoint
IntAct	2026-01-09	negative_evidence	intact:EBI-16469959	A0A0S2Z674	Q9H892-2	accepted	isoform_specific_source_not_folded_to_canonical	unresolved_endpoint
IntAct	2026-01-09	negative_evidence	intact:EBI-16469627	P33993	Q9NQM4	accepted	unmapped_in_pinned_uniprot_release	unresolved_endpoint
IntAct	2026-01-09	negative_evidence	intact:EBI-16469849	EBI-16469745	Q13137	non_uniprot_primary_identifier	accepted	unresolved_endpoint
IntAct	2026-01-09	negative_evidence	intact:EBI-16469937	A0A0S2Z5W4	Q9H892-2	accepted	isoform_specific_source_not_folded_to_canonical	unresolved_endpoint
IntAct	2026-01-09	negative_evidence	intact:EBI-16469595	EBI-16434023	P62310	non_uniprot_primary_identifier	accepted	unresolved_endpoint
IntAct	2026-01-09	negative_evidence	intact:EBI-16469729	EBI-16469726	Q13164	non_uniprot_primary_identifier	accepted	unresolved_endpoint
IntAct	2026-01-09	negative_evidence	intact:EBI-16469694	EBI-16469675	Q9NRG1	non_uniprot_primary_identifier	unmapped_in_pinned_uniprot_release	unresolved_endpoint
IntAct	2026-01-09	negative_evidence	intact:EBI-16469975	EBI-16439609	P43364	non_uniprot_primary_identifier	accepted	unresolved_endpoint
IntAct	2026-01-09	negative_evidence	intact:EBI-16469899	EBI-16469745	Q6FHY5	non_uniprot_primary_identifier	accepted	unresolved_endpoint
IntAct	2026-01-09	negative_evidence	intact:EBI-16470032	Q13875-3	EBI-16434391	isoform_specific_source_not_folded_to_canonical	non_uniprot_primary_identifier	unresolved_endpoint
IntAct	2026-01-09	negative_evidence	intact:EBI-16469765	EBI-16469745	Q9UJV3-2	non_uniprot_primary_identifier	isoform_specific_source_not_folded_to_canonical	unresolved_endpoint
IntAct	2026-01-09	negative_evidence	intact:EBI-16469866	EBI-16469745	Q99750	non_uniprot_primary_identifier	unmapped_in_pinned_uniprot_release	unresolved_endpoint
IntAct	2026-01-09	negative_evidence	intact:EBI-16469784	EBI-16469745	Q13077	non_uniprot_primary_identifier	accepted	unresolved_endpoint
IntAct	2026-01-09	negative_evidence	intact:EBI-16469748	EBI-16469745	Q8ND90	non_uniprot_primary_identifier	accepted	unresolved_endpoint
IntAct	2026-01-09	negative_evidence	intact:EBI-16469883	EBI-16469745	Q6A162	non_uniprot_primary_identifier	accepted	unresolved_endpoint
IntAct	2026-01-09	negative_evidence	intact:EBI-16469710	Q02078-6	P50221	isoform_specific_source_not_folded_to_canonical	accepted	unresolved_endpoint
IntAct	2026-01-09	negative_evidence	intact:EBI-16469678	EBI-16469675	P04424	non_uniprot_primary_identifier	accepted	unresolved_endpoint
IntAct	2026-01-09	negative_evidence	intact:EBI-16470196	Q9UBF9	P12814	unmapped_in_pinned_uniprot_release	accepted	unresolved_endpoint
IntAct	2026-01-09	negative_evidence	intact:EBI-16470379	A0A0S2Z4E4	EBI-16436244	accepted	non_uniprot_primary_identifier	unresolved_endpoint
IntAct	2026-01-09	negative_evidence	intact:EBI-16470699	A0A0S2Z442	Q9HB07	accepted	unmapped_in_pinned_uniprot_release	unresolved_endpoint
IntAct	2026-01-09	negative_evidence	intact:EBI-16470680	A0A0S2Z3Y6	Q9HB07	accepted	unmapped_in_pinned_uniprot_release	unresolved_endpoint
IntAct	2026-01-09	negative_evidence	intact:EBI-16470559	E7ERP6	Q9NYB9-2	accepted	isoform_specific_source_not_folded_to_canonical	unresolved_endpoint
IntAct	2026-01-09	negative_evidence	intact:EBI-16470508	E7ERP6	Q9BRK4	accepted	unmapped_in_pinned_uniprot_release	unresolved_endpoint
IntAct	2026-01-09	negative_evidence	intact:EBI-16470282	P16333	O43281-2	accepted	isoform_specific_source_not_folded_to_canonical	unresolved_endpoint
IntAct	2026-01-09	negative_evidence	intact:EBI-16470363	P16333	EBI-16436244	accepted	non_uniprot_primary_identifier	unresolved_endpoint
IntAct	2026-01-09	negative_evidence	intact:EBI-16470215	EBI-16470212	Q08379	non_uniprot_primary_identifier	accepted	unresolved_endpoint
IntAct	2026-01-09	negative_evidence	intact:EBI-16470443	P16333	Q9NYB9-2	accepted	isoform_specific_source_not_folded_to_canonical	unresolved_endpoint
IntAct	2026-01-09	negative_evidence	intact:EBI-16470234	EBI-16470212	Q92845	non_uniprot_primary_identifier	accepted	unresolved_endpoint
IntAct	2026-01-09	negative_evidence	intact:EBI-16470616	A0A0S2Z3Z2	Q9Y2D8	accepted	unmapped_in_pinned_uniprot_release	unresolved_endpoint
IntAct	2026-01-09	negative_evidence	intact:EBI-16470591	A0A0S2Z442	Q9Y2D8	accepted	unmapped_in_pinned_uniprot_release	unresolved_endpoint
IntAct	2026-01-09	negative_evidence	intact:EBI-16470575	A0A0S2Z3Y6	Q9Y2D8	accepted	unmapped_in_pinned_uniprot_release	unresolved_endpoint
IntAct	2026-01-09	negative_evidence	intact:EBI-16470992	A0A0S2Z3Z2	Q8IWV1-3	accepted	isoform_specific_source_not_folded_to_canonical	unresolved_endpoint
IntAct	2026-01-09	negative_evidence	intact:EBI-16470801	A0A0S2Z3Y6	Q9Y2K1	accepted	unmapped_in_pinned_uniprot_release	unresolved_endpoint
IntAct	2026-01-09	negative_evidence	intact:EBI-16470817	A0A0S2Z442	Q9Y2K1	accepted	unmapped_in_pinned_uniprot_release	unresolved_endpoint
IntAct	2026-01-09	negative_evidence	intact:EBI-16470833	A0A0S2Z3Z2	Q9Y2K1	accepted	unmapped_in_pinned_uniprot_release	unresolved_endpoint
IntAct	2026-01-09	negative_evidence	intact:EBI-16470849	A0A0S2Z3Y6	EBI-16430628	accepted	non_uniprot_primary_identifier	unresolved_endpoint
IntAct	2026-01-09	negative_evidence	intact:EBI-16470865	A0A0S2Z442	EBI-16430628	accepted	non_uniprot_primary_identifier	unresolved_endpoint
IntAct	2026-01-09	negative_evidence	intact:EBI-16470881	A0A0S2Z3Z2	EBI-16430628	accepted	non_uniprot_primary_identifier	unresolved_endpoint
IntAct	2026-01-09	negative_evidence	intact:EBI-16470897	A0A0S2Z3Y6	Q01081-2	accepted	isoform_specific_source_not_folded_to_canonical	unresolved_endpoint
IntAct	2026-01-09	negative_evidence	intact:EBI-16470916	A0A0S2Z442	Q01081-2	accepted	isoform_specific_source_not_folded_to_canonical	unresolved_endpoint
IntAct	2026-01-09	negative_evidence	intact:EBI-16470935	A0A0S2Z3Z2	Q01081-2	accepted	isoform_specific_source_not_folded_to_canonical	unresolved_endpoint
IntAct	2026-01-09	negative_evidence	intact:EBI-16470718	A0A0S2Z3Z2	Q9HB07	accepted	unmapped_in_pinned_uniprot_release	unresolved_endpoint
IntAct	2026-01-09	negative_evidence	intact:EBI-16470737	Q99608	Q8WVE0	unmapped_in_pinned_uniprot_release	accepted	unresolved_endpoint
IntAct	2026-01-09	negative_evidence	intact:EBI-16470954	A0A0S2Z3Y6	Q8IWV1-3	accepted	isoform_specific_source_not_folded_to_canonical	unresolved_endpoint
IntAct	2026-01-09	negative_evidence	intact:EBI-16470973	A0A0S2Z442	Q8IWV1-3	accepted	isoform_specific_source_not_folded_to_canonical	unresolved_endpoint
IntAct	2026-01-09	negative_evidence	intact:EBI-16471386	A0A0S2Z442	Q9UJW9	accepted	unmapped_in_pinned_uniprot_release	unresolved_endpoint
IntAct	2026-01-09	negative_evidence	intact:EBI-16471176	A0A0S2Z3Y6	EBI-16435328	accepted	non_uniprot_primary_identifier	unresolved_endpoint
IntAct	2026-01-09	negative_evidence	intact:EBI-16471064	A0A0S2Z3Z2	Q9H000	accepted	unmapped_in_pinned_uniprot_release	unresolved_endpoint
IntAct	2026-01-09	negative_evidence	intact:EBI-16471048	A0A0S2Z442	Q9H000	accepted	unmapped_in_pinned_uniprot_release	unresolved_endpoint
IntAct	2026-01-09	negative_evidence	intact:EBI-16471032	A0A0S2Z3Y6	Q9H000	accepted	unmapped_in_pinned_uniprot_release	unresolved_endpoint
IntAct	2026-01-09	negative_evidence	intact:EBI-16471290	A0A0S2Z3Z2	Q9UBB9	accepted	unmapped_in_pinned_uniprot_release	unresolved_endpoint
IntAct	2026-01-09	negative_evidence	intact:EBI-16471274	A0A0S2Z442	Q9UBB9	accepted	unmapped_in_pinned_uniprot_release	unresolved_endpoint
IntAct	2026-01-09	negative_evidence	intact:EBI-16471258	A0A0S2Z3Y6	Q9UBB9	accepted	unmapped_in_pinned_uniprot_release	unresolved_endpoint
IntAct	2026-01-09	negative_evidence	intact:EBI-16471402	A0A0S2Z3Y6	O15156-2	accepted	isoform_specific_source_not_folded_to_canonical	unresolved_endpoint
IntAct	2026-01-09	negative_evidence	intact:EBI-16471421	A0A0S2Z442	O15156-2	accepted	isoform_specific_source_not_folded_to_canonical	unresolved_endpoint
IntAct	2026-01-09	negative_evidence	intact:EBI-16471440	A0A0S2Z3Z2	O15156-2	accepted	isoform_specific_source_not_folded_to_canonical	unresolved_endpoint
IntAct	2026-01-09	negative_evidence	intact:EBI-16471160	A0A0S2Z3Z2	Q9Y6B2	accepted	unmapped_in_pinned_uniprot_release	unresolved_endpoint
IntAct	2026-01-09	negative_evidence	intact:EBI-16471144	A0A0S2Z442	Q9Y6B2	accepted	unmapped_in_pinned_uniprot_release	unresolved_endpoint
IntAct	2026-01-09	negative_evidence	intact:EBI-16471128	A0A0S2Z3Y6	Q9Y6B2	accepted	unmapped_in_pinned_uniprot_release	unresolved_endpoint
IntAct	2026-01-09	negative_evidence	intact:EBI-16471370	A0A0S2Z3Y6	Q9UJW9	accepted	unmapped_in_pinned_uniprot_release	unresolved_endpoint
IntAct	2026-01-09	negative_evidence	intact:EBI-16471208	A0A0S2Z3Z2	EBI-16435328	accepted	non_uniprot_primary_identifier	unresolved_endpoint
IntAct	2026-01-09	negative_evidence	intact:EBI-16471192	A0A0S2Z442	EBI-16435328	accepted	non_uniprot_primary_identifier	unresolved_endpoint
IntAct	2026-01-09	negative_evidence	intact:EBI-16471224	EBI-16429055	Q7Z4N8	non_uniprot_primary_identifier	accepted	unresolved_endpoint
IntAct	2026-01-09	negative_evidence	intact:EBI-16471354	Q99608	Q9UJW9	unmapped_in_pinned_uniprot_release	unmapped_in_pinned_uniprot_release	unresolved_endpoint
IntAct	2026-01-09	negative_evidence	intact:EBI-16471765	Q9ULP0	Q96HR9-2	unmapped_in_pinned_uniprot_release	isoform_specific_source_not_folded_to_canonical	unresolved_endpoint
IntAct	2026-01-09	negative_evidence	intact:EBI-16471749	A0A0S2Z3Z2	Q7Z5R6-2	accepted	isoform_specific_source_not_folded_to_canonical	unresolved_endpoint
IntAct	2026-01-09	negative_evidence	intact:EBI-16471781	Q9ULP0	O95197-3	unmapped_in_pinned_uniprot_release	isoform_specific_source_not_folded_to_canonical	unresolved_endpoint
IntAct	2026-01-09	negative_evidence	intact:EBI-16471845	I6L9F6	Q9BQQ3	accepted	unmapped_in_pinned_uniprot_release	unresolved_endpoint
IntAct	2026-01-09	negative_evidence	intact:EBI-16471717	A0A0S2Z3Y6	Q7Z5R6-2	accepted	isoform_specific_source_not_folded_to_canonical	unresolved_endpoint
IntAct	2026-01-09	negative_evidence	intact:EBI-16471733	A0A0S2Z442	Q7Z5R6-2	accepted	isoform_specific_source_not_folded_to_canonical	unresolved_endpoint
IntAct	2026-01-09	negative_evidence	intact:EBI-16471797	Q9ULP0	Q96DZ9-2	unmapped_in_pinned_uniprot_release	isoform_specific_source_not_folded_to_canonical	unresolved_endpoint
IntAct	2026-01-09	negative_evidence	intact:EBI-16472220	P60201	Q16849-3	accepted	isoform_specific_source_not_folded_to_canonical	unresolved_endpoint
IntAct	2026-01-09	negative_evidence	intact:EBI-16472258	EBI-16472255	Q96HD9	non_uniprot_primary_identifier	accepted	unresolved_endpoint
IntAct	2026-01-09	negative_evidence	intact:EBI-16471874	I6L9F6	Q6P597-2	accepted	isoform_specific_source_not_folded_to_canonical	unresolved_endpoint
IntAct	2026-01-09	negative_evidence	intact:EBI-16472103	Q9NWT1	Q04864-2	unmapped_in_pinned_uniprot_release	isoform_specific_source_not_folded_to_canonical	unresolved_endpoint
IntAct	2026-01-09	negative_evidence	intact:EBI-16472274	O60237-2	P62140	isoform_specific_source_not_folded_to_canonical	accepted	unresolved_endpoint
IntAct	2026-01-09	negative_evidence	intact:EBI-16472087	Q9NWT1	P31323	unmapped_in_pinned_uniprot_release	accepted	unresolved_endpoint
IntAct	2026-01-09	negative_evidence	intact:EBI-16471972	I6L9F6	EBI-16439879	accepted	non_uniprot_primary_identifier	unresolved_endpoint
IntAct	2026-01-09	negative_evidence	intact:EBI-16472071	P06748	Q86SE8-2	accepted	isoform_specific_source_not_folded_to_canonical	unresolved_endpoint
IntAct	2026-01-09	negative_evidence	intact:EBI-16472203	Q96EK2	Q9P2K3-2	accepted	isoform_specific_source_not_folded_to_canonical	unresolved_endpoint
IntAct	2026-01-09	negative_evidence	intact:EBI-16472186	Q96EK2	Q8N9N5-2	accepted	isoform_specific_source_not_folded_to_canonical	unresolved_endpoint
IntAct	2026-01-09	negative_evidence	intact:EBI-16471909	P07196	Q8IYF3-3	accepted	isoform_specific_source_not_folded_to_canonical	unresolved_endpoint
IntAct	2026-01-09	negative_evidence	intact:EBI-16472004	P07196	Q5JR59-3	accepted	isoform_specific_source_not_folded_to_canonical	unresolved_endpoint
IntAct	2026-01-09	negative_evidence	intact:EBI-16472170	Q96EK2-3	Q12800	isoform_specific_source_not_folded_to_canonical	accepted	unresolved_endpoint
IntAct	2026-01-09	negative_evidence	intact:EBI-16472023	Q9NZ94-2	Q9UMX0-2	isoform_specific_source_not_folded_to_canonical	isoform_specific_source_not_folded_to_canonical	unresolved_endpoint
IntAct	2026-01-09	negative_evidence	intact:EBI-16472372	EBI-16429374	Q13191	non_uniprot_primary_identifier	accepted	unresolved_endpoint
IntAct	2026-01-09	negative_evidence	intact:EBI-16472637	EBI-16472634	Q6FHY5	non_uniprot_primary_identifier	accepted	unresolved_endpoint
IntAct	2026-01-09	negative_evidence	intact:EBI-16472736	Q9Y252	Q63HR2	unmapped_in_pinned_uniprot_release	accepted	unresolved_endpoint
IntAct	2026-01-09	negative_evidence	intact:EBI-16472602	Q13671	EBI-16435576	accepted	non_uniprot_primary_identifier	unresolved_endpoint
IntAct	2026-01-09	negative_evidence	intact:EBI-16472570	Q13671-2	Q9BRK4	isoform_specific_source_not_folded_to_canonical	unmapped_in_pinned_uniprot_release	unresolved_endpoint
IntAct	2026-01-09	negative_evidence	intact:EBI-16472618	Q13671-2	EBI-16435576	isoform_specific_source_not_folded_to_canonical	non_uniprot_primary_identifier	unresolved_endpoint
IntAct	2026-01-09	negative_evidence	intact:EBI-16472519	Q96PK6	P61978-2	accepted	isoform_specific_source_not_folded_to_canonical	unresolved_endpoint
IntAct	2026-01-09	negative_evidence	intact:EBI-16472452	Q9H939-2	P05783	isoform_specific_source_not_folded_to_canonical	accepted	unresolved_endpoint
IntAct	2026-01-09	negative_evidence	intact:EBI-16472503	Q96PK6	P61978-2	accepted	isoform_specific_source_not_folded_to_canonical	unresolved_endpoint
IntAct	2026-01-09	negative_evidence	intact:EBI-16472309	EBI-16472306	Q9NSC5	non_uniprot_primary_identifier	unmapped_in_pinned_uniprot_release	unresolved_endpoint
IntAct	2026-01-09	negative_evidence	intact:EBI-16472688	Q9Y252	Q6NUQ1	unmapped_in_pinned_uniprot_release	accepted	unresolved_endpoint
IntAct	2026-01-09	negative_evidence	intact:EBI-16472704	Q9Y252	Q8NHQ1	unmapped_in_pinned_uniprot_release	accepted	unresolved_endpoint
IntAct	2026-01-09	negative_evidence	intact:EBI-16472720	Q9Y252	O43865	unmapped_in_pinned_uniprot_release	accepted	unresolved_endpoint
IntAct	2026-01-09	negative_evidence	intact:EBI-16472353	P55345-4	Q13191	isoform_specific_source_not_folded_to_canonical	accepted	unresolved_endpoint
IntAct	2026-01-09	negative_evidence	intact:EBI-16472334	P55345-4	O00401	isoform_specific_source_not_folded_to_canonical	accepted	unresolved_endpoint
IntAct	2026-01-09	negative_evidence	intact:EBI-16472388	P55345-4	Q9BYN7-2	isoform_specific_source_not_folded_to_canonical	isoform_specific_source_not_folded_to_canonical	unresolved_endpoint
IntAct	2026-01-09	negative_evidence	intact:EBI-16472407	P55345-4	Q9BYN7	isoform_specific_source_not_folded_to_canonical	unmapped_in_pinned_uniprot_release	unresolved_endpoint
IntAct	2026-01-09	negative_evidence	intact:EBI-16472755	Q9Y252	P15884-3	unmapped_in_pinned_uniprot_release	isoform_specific_source_not_folded_to_canonical	unresolved_endpoint
IntAct	2026-01-09	negative_evidence	intact:EBI-16472586	EBI-16435574	Q9BRK4	non_uniprot_primary_identifier	unmapped_in_pinned_uniprot_release	unresolved_endpoint
IntAct	2026-01-09	negative_evidence	intact:EBI-16472426	P55345-4	Q9NTZ6	isoform_specific_source_not_folded_to_canonical	unmapped_in_pinned_uniprot_release	unresolved_endpoint
IntAct	2026-01-09	negative_evidence	intact:EBI-16472653	Q9Y252	Q8TD10	unmapped_in_pinned_uniprot_release	accepted	unresolved_endpoint
IntAct	2026-01-09	negative_evidence	intact:EBI-16472672	Q9Y252	Q9UL42	unmapped_in_pinned_uniprot_release	unmapped_in_pinned_uniprot_release	unresolved_endpoint
IntAct	2026-01-09	negative_evidence	intact:EBI-16472771	Q9Y252	Q9UBB9	unmapped_in_pinned_uniprot_release	unmapped_in_pinned_uniprot_release	unresolved_endpoint
IntAct	2026-01-09	negative_evidence	intact:EBI-16472834	Q9Y252	O75478	unmapped_in_pinned_uniprot_release	accepted	unresolved_endpoint
IntAct	2026-01-09	negative_evidence	intact:EBI-16473108	EBI-16429002	Q08379	non_uniprot_primary_identifier	accepted	unresolved_endpoint
IntAct	2026-01-09	negative_evidence	intact:EBI-16472972	EBI-16429002	P10826-2	non_uniprot_primary_identifier	isoform_specific_source_not_folded_to_canonical	unresolved_endpoint
IntAct	2026-01-09	negative_evidence	intact:EBI-16473054	EBI-16429002	P10276-2	non_uniprot_primary_identifier	isoform_specific_source_not_folded_to_canonical	unresolved_endpoint
IntAct	2026-01-09	negative_evidence	intact:EBI-16473306	EBI-16429002	P10276	non_uniprot_primary_identifier	accepted	unresolved_endpoint
IntAct	2026-01-09	negative_evidence	intact:EBI-16473176	EBI-16429002	O94972	non_uniprot_primary_identifier	accepted	unresolved_endpoint
IntAct	2026-01-09	negative_evidence	intact:EBI-16472936	EBI-16429002	Q9UJV3-2	non_uniprot_primary_identifier	isoform_specific_source_not_folded_to_canonical	unresolved_endpoint
IntAct	2026-01-09	negative_evidence	intact:EBI-16473617	A0A0S2Z4M5	Q8IUQ4-2	accepted	isoform_specific_source_not_folded_to_canonical	unresolved_endpoint
IntAct	2026-01-09	negative_evidence	intact:EBI-16473598	P28702	Q8IUQ4-2	accepted	isoform_specific_source_not_folded_to_canonical	unresolved_endpoint
IntAct	2026-01-09	negative_evidence	intact:EBI-16473472	EBI-16429002	Q9UBB9	non_uniprot_primary_identifier	unmapped_in_pinned_uniprot_release	unresolved_endpoint
IntAct	2026-01-09	negative_evidence	intact:EBI-16473456	A0A0S2Z4M5	Q9UBB9	accepted	unmapped_in_pinned_uniprot_release	unresolved_endpoint
IntAct	2026-01-09	negative_evidence	intact:EBI-16473038	EBI-16429002	Q96B26	non_uniprot_primary_identifier	accepted	unresolved_endpoint
IntAct	2026-01-09	negative_evidence	intact:EBI-16473406	EBI-16429002	Q96RI1-1	non_uniprot_primary_identifier	isoform_specific_source_not_folded_to_canonical	unresolved_endpoint
IntAct	2026-01-09	negative_evidence	intact:EBI-16473526	EBI-16429002	O75528	non_uniprot_primary_identifier	accepted	unresolved_endpoint
IntAct	2026-01-09	negative_evidence	intact:EBI-16473290	EBI-16429002	Q12800	non_uniprot_primary_identifier	accepted	unresolved_endpoint
IntAct	2026-01-09	negative_evidence	intact:EBI-16473652	P04271	Q8WW34-2	accepted	isoform_specific_source_not_folded_to_canonical	unresolved_endpoint
IntAct	2026-01-09	negative_evidence	intact:EBI-16473636	P23297	Q04864-2	accepted	isoform_specific_source_not_folded_to_canonical	unresolved_endpoint
IntAct	2026-01-09	negative_evidence	intact:EBI-16473389	A0A0S2Z4M5	Q96RI1-1	accepted	isoform_specific_source_not_folded_to_canonical	unresolved_endpoint
IntAct	2026-01-09	negative_evidence	intact:EBI-16473582	A0A0S2Z4M5	Q2TAC2-2	accepted	isoform_specific_source_not_folded_to_canonical	unresolved_endpoint
IntAct	2026-01-09	negative_evidence	intact:EBI-16472850	Q9Y252	Q6FHY5	unmapped_in_pinned_uniprot_release	accepted	unresolved_endpoint
IntAct	2026-01-09	negative_evidence	intact:EBI-16473566	P28702	Q2TAC2-2	accepted	isoform_specific_source_not_folded_to_canonical	unresolved_endpoint
IntAct	2026-01-09	negative_evidence	intact:EBI-16473440	P28702	Q9UBB9	accepted	unmapped_in_pinned_uniprot_release	unresolved_endpoint
IntAct	2026-01-09	negative_evidence	intact:EBI-16472898	P28702	Q9UJV3-2	accepted	isoform_specific_source_not_folded_to_canonical	unresolved_endpoint
IntAct	2026-01-09	negative_evidence	intact:EBI-16472917	A0A0S2Z4M5	Q9UJV3-2	accepted	isoform_specific_source_not_folded_to_canonical	unresolved_endpoint
IntAct	2026-01-09	negative_evidence	intact:EBI-16473355	EBI-16429002	Q96S82	non_uniprot_primary_identifier	accepted	unresolved_endpoint
IntAct	2026-01-09	negative_evidence	intact:EBI-16472955	A0A0S2Z4M5	P10826-2	accepted	isoform_specific_source_not_folded_to_canonical	unresolved_endpoint
IntAct	2026-01-09	negative_evidence	intact:EBI-16472989	EBI-16429002	Q13133-3	non_uniprot_primary_identifier	isoform_specific_source_not_folded_to_canonical	unresolved_endpoint
IntAct	2026-01-09	negative_evidence	intact:EBI-16474102	Q53HV7-2	Q9UJX2	isoform_specific_source_not_folded_to_canonical	unmapped_in_pinned_uniprot_release	unresolved_endpoint
IntAct	2026-01-09	negative_evidence	intact:EBI-16473797	EBI-16473794	Q8WZ60	non_uniprot_primary_identifier	accepted	unresolved_endpoint
IntAct	2026-01-09	negative_evidence	intact:EBI-16473730	P04271	Q9UI14	accepted	unmapped_in_pinned_uniprot_release	unresolved_endpoint
IntAct	2026-01-09	negative_evidence	intact:EBI-16473981	EBI-16473978	Q15041	non_uniprot_primary_identifier	accepted	unresolved_endpoint
IntAct	2026-01-09	negative_evidence	intact:EBI-16474070	Q9UBX3	Q99750	unmapped_in_pinned_uniprot_release	unmapped_in_pinned_uniprot_release	unresolved_endpoint
IntAct	2026-01-09	negative_evidence	intact:EBI-16474086	A0A0S2Z3I3	Q99750	accepted	unmapped_in_pinned_uniprot_release	unresolved_endpoint
IntAct	2026-01-09	negative_evidence	intact:EBI-16473863	A0A9K3Y886	Q9BYR5	accepted	unmapped_in_pinned_uniprot_release	unresolved_endpoint
IntAct	2026-01-09	negative_evidence	intact:EBI-16473847	A0A9K3Y886	Q9BYR9	accepted	unmapped_in_pinned_uniprot_release	unresolved_endpoint
IntAct	2026-01-09	negative_evidence	intact:EBI-16473879	A0A9K3Y886	EBI-16437007	accepted	non_uniprot_primary_identifier	unresolved_endpoint
IntAct	2026-01-09	negative_evidence	intact:EBI-16474477	A0A0S2Z4E5	Q59EK9-3	accepted	isoform_specific_source_not_folded_to_canonical	unresolved_endpoint
IntAct	2026-01-09	negative_evidence	intact:EBI-16474029	Q9UBX3	P26371	unmapped_in_pinned_uniprot_release	accepted	unresolved_endpoint
IntAct	2026-01-09	negative_evidence	intact:EBI-16474458	A0A0S2Z4E5	Q8IX15-3	accepted	isoform_specific_source_not_folded_to_canonical	unresolved_endpoint
IntAct	2026-01-09	negative_evidence	intact:EBI-16474439	A0A0S2Z4F2	Q8IX15-3	accepted	isoform_specific_source_not_folded_to_canonical	unresolved_endpoint
IntAct	2026-01-09	negative_evidence	intact:EBI-16474262	A0A0S2Z511	Q6RW13-2	accepted	isoform_specific_source_not_folded_to_canonical	unresolved_endpoint
IntAct	2026-01-09	negative_evidence	intact:EBI-16473778	P04271	Q6RW13-2	accepted	isoform_specific_source_not_folded_to_canonical	unresolved_endpoint
IntAct	2026-01-09	negative_evidence	intact:EBI-16474278	A0A0S2Z511	Q96DZ9-2	accepted	isoform_specific_source_not_folded_to_canonical	unresolved_endpoint
IntAct	2026-01-09	negative_evidence	intact:EBI-16474013	EBI-16473978	Q96DZ9-2	non_uniprot_primary_identifier	isoform_specific_source_not_folded_to_canonical	unresolved_endpoint
IntAct	2026-01-09	negative_evidence	intact:EBI-16474121	Q53HV7-2	P12757	isoform_specific_source_not_folded_to_canonical	accepted	unresolved_endpoint
IntAct	2026-01-09	negative_evidence	intact:EBI-16473933	P05155	Q9BRI3	accepted	unmapped_in_pinned_uniprot_release	unresolved_endpoint
IntAct	2026-01-09	negative_evidence	intact:EBI-16473962	A0A0S2Z333	Q9BRI3	accepted	unmapped_in_pinned_uniprot_release	unresolved_endpoint
IntAct	2026-01-09	negative_evidence	intact:EBI-16474343	A0A0S2Z4F2	EBI-16430628	accepted	non_uniprot_primary_identifier	unresolved_endpoint
IntAct	2026-01-09	negative_evidence	intact:EBI-16473997	EBI-16473978	Q969L2	non_uniprot_primary_identifier	accepted	unresolved_endpoint
IntAct	2026-01-09	negative_evidence	intact:EBI-16474215	O00506-2	Q08379	isoform_specific_source_not_folded_to_canonical	accepted	unresolved_endpoint
IntAct	2026-01-09	negative_evidence	intact:EBI-16474180	O00506-2	P14373	isoform_specific_source_not_folded_to_canonical	accepted	unresolved_endpoint
IntAct	2026-01-09	negative_evidence	intact:EBI-16474514	Q15561	EBI-16437007	accepted	non_uniprot_primary_identifier	unresolved_endpoint
IntAct	2026-01-09	negative_evidence	intact:EBI-16474494	Q15561	Q99750	accepted	unmapped_in_pinned_uniprot_release	unresolved_endpoint
IntAct	2026-01-09	negative_evidence	intact:EBI-16474359	A0A0S2Z4E5	EBI-16430628	accepted	non_uniprot_primary_identifier	unresolved_endpoint
IntAct	2026-01-09	negative_evidence	intact:EBI-16475063	A0A0S2Z555	Q9H9C1	accepted	unmapped_in_pinned_uniprot_release	unresolved_endpoint
IntAct	2026-01-09	negative_evidence	intact:EBI-16475044	A0A0S2Z589	Q9H9C1	accepted	unmapped_in_pinned_uniprot_release	unresolved_endpoint
IntAct	2026-01-09	negative_evidence	intact:EBI-16474629	A0A0S2Z4E5	Q5JR59-3	accepted	isoform_specific_source_not_folded_to_canonical	unresolved_endpoint
IntAct	2026-01-09	negative_evidence	intact:EBI-16474688	EBI-16474685	Q96HH9	non_uniprot_primary_identifier	accepted	unresolved_endpoint
IntAct	2026-01-09	negative_evidence	intact:EBI-16474745	EBI-16474742	Q9UKT9	non_uniprot_primary_identifier	unmapped_in_pinned_uniprot_release	unresolved_endpoint
IntAct	2026-01-09	negative_evidence	intact:EBI-16474923	A0A0S2Z639	O95045-2	accepted	isoform_specific_source_not_folded_to_canonical	unresolved_endpoint
IntAct	2026-01-09	negative_evidence	intact:EBI-16474825	Q9HA47	Q9HA47-2	unmapped_in_pinned_uniprot_release	isoform_specific_source_not_folded_to_canonical	unresolved_endpoint
IntAct	2026-01-09	negative_evidence	intact:EBI-16474903	A0A0S2Z698	O95045-2	accepted	isoform_specific_source_not_folded_to_canonical	unresolved_endpoint
IntAct	2026-01-09	negative_evidence	intact:EBI-16474704	Q5HYA8	Q9UMX0-2	accepted	isoform_specific_source_not_folded_to_canonical	unresolved_endpoint
IntAct	2026-01-09	negative_evidence	intact:EBI-16475111	P54577	Q04864-2	accepted	isoform_specific_source_not_folded_to_canonical	unresolved_endpoint
IntAct	2026-01-09	negative_evidence	intact:EBI-16474991	A0A0S2Z698	Q8IUQ4-2	accepted	isoform_specific_source_not_folded_to_canonical	unresolved_endpoint
IntAct	2026-01-09	negative_evidence	intact:EBI-16474887	A0A0S2Z639	Q8IUQ4-2	accepted	isoform_specific_source_not_folded_to_canonical	unresolved_endpoint
IntAct	2026-01-09	negative_evidence	intact:EBI-16474871	A0A0S2Z698	Q8IUQ4-2	accepted	isoform_specific_source_not_folded_to_canonical	unresolved_endpoint
IntAct	2026-01-09	negative_evidence	intact:EBI-16474844	A0A0S2Z6U5	Q8IUQ4-2	accepted	isoform_specific_source_not_folded_to_canonical	unresolved_endpoint
IntAct	2026-01-09	negative_evidence	intact:EBI-16474809	Q9HA47-2	Q9HA47-2	isoform_specific_source_not_folded_to_canonical	isoform_specific_source_not_folded_to_canonical	unresolved_endpoint
IntAct	2026-01-09	negative_evidence	intact:EBI-16474761	EBI-16474742	Q9Y2D8	non_uniprot_primary_identifier	unmapped_in_pinned_uniprot_release	unresolved_endpoint
IntAct	2026-01-09	negative_evidence	intact:EBI-16474726	A0A0S2Z611	Q9UMX0-2	accepted	isoform_specific_source_not_folded_to_canonical	unresolved_endpoint
IntAct	2026-01-09	negative_evidence	intact:EBI-16474793	EBI-16474742	EBI-16430628	non_uniprot_primary_identifier	non_uniprot_primary_identifier	unresolved_endpoint
IntAct	2026-01-09	negative_evidence	intact:EBI-16474777	EBI-16474742	Q96JM7-2	non_uniprot_primary_identifier	isoform_specific_source_not_folded_to_canonical	unresolved_endpoint
IntAct	2026-01-09	negative_evidence	intact:EBI-16475453	A0A0S2Z6P0	Q9Y2D8	accepted	unmapped_in_pinned_uniprot_release	unresolved_endpoint
IntAct	2026-01-09	negative_evidence	intact:EBI-16475501	P0C7X2	Q9UJV3-2	accepted	isoform_specific_source_not_folded_to_canonical	unresolved_endpoint
IntAct	2026-01-09	negative_evidence	intact:EBI-16475357	Q969J2	P17040-4	accepted	isoform_specific_source_not_folded_to_canonical	unresolved_endpoint
IntAct	2026-01-09	negative_evidence	intact:EBI-16475203	Q9H0M4-4	Q08AM6	isoform_specific_source_not_folded_to_canonical	accepted	unresolved_endpoint
IntAct	2026-01-09	negative_evidence	intact:EBI-16475259	EBI-16475183	Q08AM6	non_uniprot_primary_identifier	accepted	unresolved_endpoint
IntAct	2026-01-09	negative_evidence	intact:EBI-16475166	A0A0S2Z5E1	Q96JM7-2	accepted	isoform_specific_source_not_folded_to_canonical	unresolved_endpoint
IntAct	2026-01-09	negative_evidence	intact:EBI-16475186	EBI-16475183	Q96JM7-2	non_uniprot_primary_identifier	isoform_specific_source_not_folded_to_canonical	unresolved_endpoint
IntAct	2026-01-09	negative_evidence	intact:EBI-16475150	A0A0S2Z564	Q93062-3	accepted	isoform_specific_source_not_folded_to_canonical	unresolved_endpoint
IntAct	2026-01-09	negative_evidence	intact:EBI-16475293	Q8N5A5-2	Q7L4P6	isoform_specific_source_not_folded_to_canonical	accepted	unresolved_endpoint
IntAct	2026-01-09	negative_evidence	intact:EBI-16475134	A0A0S2Z564	Q9BQY4	accepted	unmapped_in_pinned_uniprot_release	unresolved_endpoint
IntAct	2026-01-09	negative_evidence	intact:EBI-16475275	EBI-16475183	Q6FHY5	non_uniprot_primary_identifier	accepted	unresolved_endpoint
IntAct	2026-01-09	negative_evidence	intact:EBI-16475437	P0C7X2	Q9Y2D8	accepted	unmapped_in_pinned_uniprot_release	unresolved_endpoint
IntAct	2026-01-09	negative_evidence	intact:EBI-16475937	A0A0S2Z6P0	Q9H257-3	accepted	isoform_specific_source_not_folded_to_canonical	unresolved_endpoint
IntAct	2026-01-09	negative_evidence	intact:EBI-16475727	A0A0S2Z6P0	EBI-10177480	accepted	non_uniprot_primary_identifier	unresolved_endpoint
IntAct	2026-01-09	negative_evidence	intact:EBI-16475808	P0C7X2	Q9H2G9	accepted	unmapped_in_pinned_uniprot_release	unresolved_endpoint
IntAct	2026-01-09	negative_evidence	intact:EBI-16475759	A0A0S2Z6P0	EBI-16430628	accepted	non_uniprot_primary_identifier	unresolved_endpoint
IntAct	2026-01-09	negative_evidence	intact:EBI-16475743	P0C7X2	EBI-16430628	accepted	non_uniprot_primary_identifier	unresolved_endpoint
IntAct	2026-01-09	negative_evidence	intact:EBI-16476070	A0A0S2Z6P0	Q8NA61-2	accepted	isoform_specific_source_not_folded_to_canonical	unresolved_endpoint
IntAct	2026-01-09	negative_evidence	intact:EBI-16475615	P0C7X2	Q9BVG8-5	accepted	isoform_specific_source_not_folded_to_canonical	unresolved_endpoint
IntAct	2026-01-09	negative_evidence	intact:EBI-16476054	P0C7X2	Q8NA61-2	accepted	isoform_specific_source_not_folded_to_canonical	unresolved_endpoint
IntAct	2026-01-09	negative_evidence	intact:EBI-16475631	A0A0S2Z6P0	Q9BVG8-5	accepted	isoform_specific_source_not_folded_to_canonical	unresolved_endpoint
IntAct	2026-01-09	negative_evidence	intact:EBI-16475921	P0C7X2	Q9H257-3	accepted	isoform_specific_source_not_folded_to_canonical	unresolved_endpoint
IntAct	2026-01-09	negative_evidence	intact:EBI-16475711	P0C7X2	EBI-10177480	accepted	non_uniprot_primary_identifier	unresolved_endpoint
IntAct	2026-01-09	negative_evidence	intact:EBI-16475541	A0A0S2Z6P0	Q9UJV3-2	accepted	isoform_specific_source_not_folded_to_canonical	unresolved_endpoint
IntAct	2026-01-09	negative_evidence	intact:EBI-16475872	P0C7X2	Q9UL42	accepted	unmapped_in_pinned_uniprot_release	unresolved_endpoint
IntAct	2026-01-09	negative_evidence	intact:EBI-16475888	A0A0S2Z6P0	Q9UL42	accepted	unmapped_in_pinned_uniprot_release	unresolved_endpoint
IntAct	2026-01-09	negative_evidence	intact:EBI-16475695	A0A0S2Z5X4	Q99081-3	accepted	isoform_specific_source_not_folded_to_canonical	unresolved_endpoint
IntAct	2026-01-09	negative_evidence	intact:EBI-16475679	P0C7X2	Q99081-3	accepted	isoform_specific_source_not_folded_to_canonical	unresolved_endpoint
IntAct	2026-01-09	negative_evidence	intact:EBI-16476355	P0C7X2	Q9BUZ4	accepted	unmapped_in_pinned_uniprot_release	unresolved_endpoint
IntAct	2026-01-09	negative_evidence	intact:EBI-16476086	P0C7X2	Q9C0F1	accepted	unmapped_in_pinned_uniprot_release	unresolved_endpoint
IntAct	2026-01-09	negative_evidence	intact:EBI-16476102	A0A0S2Z6P0	Q9C0F1	accepted	unmapped_in_pinned_uniprot_release	unresolved_endpoint
IntAct	2026-01-09	negative_evidence	intact:EBI-16476640	P0C7X2	P61978-2	accepted	isoform_specific_source_not_folded_to_canonical	unresolved_endpoint
IntAct	2026-01-09	negative_evidence	intact:EBI-16476496	P0C7X2	Q9P209	accepted	unmapped_in_pinned_uniprot_release	unresolved_endpoint
IntAct	2026-01-09	negative_evidence	intact:EBI-16477063	P0C7X2	P15884-3	accepted	isoform_specific_source_not_folded_to_canonical	unresolved_endpoint
IntAct	2026-01-09	negative_evidence	intact:EBI-16476912	P0C7X2	Q9BYR5	accepted	unmapped_in_pinned_uniprot_release	unresolved_endpoint
IntAct	2026-01-09	negative_evidence	intact:EBI-16476752	A0A0S2Z6P0	EBI-16435328	accepted	non_uniprot_primary_identifier	unresolved_endpoint
IntAct	2026-01-09	negative_evidence	intact:EBI-16476784	P0C7X2	Q9H257-2	accepted	isoform_specific_source_not_folded_to_canonical	unresolved_endpoint
IntAct	2026-01-09	negative_evidence	intact:EBI-16476384	A0A0S2Z6P0	Q9BUZ4	accepted	unmapped_in_pinned_uniprot_release	unresolved_endpoint
IntAct	2026-01-09	negative_evidence	intact:EBI-16476704	A0A0S2Z6P0	Q99750	accepted	unmapped_in_pinned_uniprot_release	unresolved_endpoint
IntAct	2026-01-09	negative_evidence	intact:EBI-16476688	P0C7X2	Q99750	accepted	unmapped_in_pinned_uniprot_release	unresolved_endpoint
IntAct	2026-01-09	negative_evidence	intact:EBI-16476832	P0C7X2	EBI-16436244	accepted	non_uniprot_primary_identifier	unresolved_endpoint
IntAct	2026-01-09	negative_evidence	intact:EBI-16476736	P0C7X2	EBI-16435328	accepted	non_uniprot_primary_identifier	unresolved_endpoint
IntAct	2026-01-09	negative_evidence	intact:EBI-16476928	A0A0S2Z6P0	Q9BYR5	accepted	unmapped_in_pinned_uniprot_release	unresolved_endpoint
IntAct	2026-01-09	negative_evidence	intact:EBI-16477080	P0C7X2	EBI-16437007	accepted	non_uniprot_primary_identifier	unresolved_endpoint
IntAct	2026-01-09	negative_evidence	intact:EBI-16476512	A0A0S2Z6P0	Q9P209	accepted	unmapped_in_pinned_uniprot_release	unresolved_endpoint
IntAct	2026-01-09	negative_evidence	intact:EBI-16476592	P0C7X2	Q9NQZ6	accepted	unmapped_in_pinned_uniprot_release	unresolved_endpoint
IntAct	2026-01-09	negative_evidence	intact:EBI-16477096	A0A0S2Z6P0	EBI-16437007	accepted	non_uniprot_primary_identifier	unresolved_endpoint
IntAct	2026-01-09	negative_evidence	intact:EBI-16476800	A0A0S2Z6P0	Q9H257-2	accepted	isoform_specific_source_not_folded_to_canonical	unresolved_endpoint
IntAct	2026-01-09	negative_evidence	intact:EBI-16477180	P0C7X2	Q9NYB9-2	accepted	isoform_specific_source_not_folded_to_canonical	unresolved_endpoint
IntAct	2026-01-09	negative_evidence	intact:EBI-16477274	P0C7X2	EBI-16439879	accepted	non_uniprot_primary_identifier	unresolved_endpoint
IntAct	2026-01-09	negative_evidence	intact:EBI-16477209	A0A0S2Z6P0	Q9NYB9-2	accepted	isoform_specific_source_not_folded_to_canonical	unresolved_endpoint
IntAct	2026-01-09	negative_evidence	intact:EBI-16477355	A0A0S2Z6P0	Q96KN7-4	accepted	isoform_specific_source_not_folded_to_canonical	unresolved_endpoint
IntAct	2026-01-09	negative_evidence	intact:EBI-16477371	P0C7X2	Q9Y5V3	accepted	unmapped_in_pinned_uniprot_release	unresolved_endpoint
IntAct	2026-01-09	negative_evidence	intact:EBI-16477339	P0C7X2	Q96KN7-4	accepted	isoform_specific_source_not_folded_to_canonical	unresolved_endpoint
IntAct	2026-01-09	negative_evidence	intact:EBI-16477323	P0C7X2	Q2TAC2-2	accepted	isoform_specific_source_not_folded_to_canonical	unresolved_endpoint
IntAct	2026-01-09	negative_evidence	intact:EBI-16477387	A0A0S2Z6P0	Q9Y5V3	accepted	unmapped_in_pinned_uniprot_release	unresolved_endpoint
IntAct	2026-01-09	negative_evidence	intact:EBI-22118916	Q5T9L3-2	P35372	isoform_specific_source_not_folded_to_canonical	accepted	unresolved_endpoint
IntAct	2026-01-09	negative_evidence	intact:EBI-22118943	Q5T9L3-2	Q5T9L3-1	isoform_specific_source_not_folded_to_canonical	isoform_specific_source_not_folded_to_canonical	unresolved_endpoint
IntAct	2026-01-09	negative_evidence	intact:EBI-21995482	Q969Q1	Q13501-2	accepted	isoform_specific_source_not_folded_to_canonical	unresolved_endpoint
IntAct	2026-01-09	negative_evidence	intact:EBI-64096977	O00628	Q9UM73	accepted	unmapped_in_pinned_uniprot_release	unresolved_endpoint
IntAct	2026-01-09	negative_evidence	intact:EBI-55022172	Q15746-2	Q14318-2	isoform_specific_source_not_folded_to_canonical	isoform_specific_source_not_folded_to_canonical	unresolved_endpoint
IntAct	2026-01-09	negative_evidence	intact:EBI-55022199	Q15746-2	Q14318-2	isoform_specific_source_not_folded_to_canonical	isoform_specific_source_not_folded_to_canonical	unresolved_endpoint
IntAct	2026-01-09	negative_evidence	intact:EBI-70804275	P01116-1	Q8TBX8	isoform_specific_source_not_folded_to_canonical	accepted	unresolved_endpoint
IntAct	2026-01-09	negative_evidence	intact:EBI-1102972	P01112	Q13671-2	accepted	isoform_specific_source_not_folded_to_canonical	unresolved_endpoint
Negatome 2.0	manual_stringent_site_file_2021-09-15	negative_evidence	Negatome2-manual-stringent-line:1	Q6ZNK6	Q9Y4K3	accepted	unmapped_in_pinned_uniprot_release	unresolved_endpoint
Negatome 2.0	manual_stringent_site_file_2021-09-15	negative_evidence	Negatome2-manual-stringent-line:2	Q9NR31	Q15797	unmapped_in_pinned_uniprot_release	accepted	unresolved_endpoint
Negatome 2.0	manual_stringent_site_file_2021-09-15	negative_evidence	Negatome2-manual-stringent-line:3	P11627	P53986	no_human_target_in_pinned_release	no_human_target_in_pinned_release	unresolved_endpoint
Negatome 2.0	manual_stringent_site_file_2021-09-15	negative_evidence	Negatome2-manual-stringent-line:5	Q9NPY3	P02745	unmapped_in_pinned_uniprot_release	accepted	unresolved_endpoint
Negatome 2.0	manual_stringent_site_file_2021-09-15	negative_evidence	Negatome2-manual-stringent-line:6	P03211	Q15796	no_human_target_in_pinned_release	accepted	unresolved_endpoint
Negatome 2.0	manual_stringent_site_file_2021-09-15	negative_evidence	Negatome2-manual-stringent-line:7	Q9SYQ8	O80809	unmapped_in_pinned_uniprot_release	no_human_target_in_pinned_release	unresolved_endpoint
Negatome 2.0	manual_stringent_site_file_2021-09-15	negative_evidence	Negatome2-manual-stringent-line:8	Q99576	O43524	unmapped_in_pinned_uniprot_release	accepted	unresolved_endpoint
Negatome 2.0	manual_stringent_site_file_2021-09-15	negative_evidence	Negatome2-manual-stringent-line:9	P55196	Q9NYB0	accepted	unmapped_in_pinned_uniprot_release	unresolved_endpoint
Negatome 2.0	manual_stringent_site_file_2021-09-15	negative_evidence	Negatome2-manual-stringent-line:11	Q9BZM4	P16757	unmapped_in_pinned_uniprot_release	no_human_target_in_pinned_release	unresolved_endpoint
Negatome 2.0	manual_stringent_site_file_2021-09-15	negative_evidence	Negatome2-manual-stringent-line:12	Q29983	P16757	accepted	no_human_target_in_pinned_release	unresolved_endpoint
Negatome 2.0	manual_stringent_site_file_2021-09-15	negative_evidence	Negatome2-manual-stringent-line:13	Q8TD07	P16757	accepted	no_human_target_in_pinned_release	unresolved_endpoint
Negatome 2.0	manual_stringent_site_file_2021-09-15	negative_evidence	Negatome2-manual-stringent-line:14	Q61508	P36888	no_human_target_in_pinned_release	accepted	unresolved_endpoint
Negatome 2.0	manual_stringent_site_file_2021-09-15	negative_evidence	Negatome2-manual-stringent-line:15	Q9SYQ8	O80809	unmapped_in_pinned_uniprot_release	no_human_target_in_pinned_release	unresolved_endpoint
Negatome 2.0	manual_stringent_site_file_2021-09-15	negative_evidence	Negatome2-manual-stringent-line:16	O80809	Q9SYQ8	no_human_target_in_pinned_release	unmapped_in_pinned_uniprot_release	unresolved_endpoint
Negatome 2.0	manual_stringent_site_file_2021-09-15	negative_evidence	Negatome2-manual-stringent-line:17	P11799-3	P62149	isoform_specific_source_not_folded_to_canonical	no_human_target_in_pinned_release	unresolved_endpoint
Negatome 2.0	manual_stringent_site_file_2021-09-15	negative_evidence	Negatome2-manual-stringent-line:19	P54130	P16092	no_human_target_in_pinned_release	no_human_target_in_pinned_release	unresolved_endpoint
Negatome 2.0	manual_stringent_site_file_2021-09-15	negative_evidence	Negatome2-manual-stringent-line:20	P54130	Q03142	no_human_target_in_pinned_release	no_human_target_in_pinned_release	unresolved_endpoint
Negatome 2.0	manual_stringent_site_file_2021-09-15	negative_evidence	Negatome2-manual-stringent-line:21	O12161	P08047	no_human_target_in_pinned_release	accepted	unresolved_endpoint
Negatome 2.0	manual_stringent_site_file_2021-09-15	negative_evidence	Negatome2-manual-stringent-line:22	P02769	P04840	no_human_target_in_pinned_release	no_human_target_in_pinned_release	unresolved_endpoint
Negatome 2.0	manual_stringent_site_file_2021-09-15	negative_evidence	Negatome2-manual-stringent-line:23	P41593	Q9WTJ5	no_human_target_in_pinned_release	unmapped_in_pinned_uniprot_release	unresolved_endpoint
Negatome 2.0	manual_stringent_site_file_2021-09-15	negative_evidence	Negatome2-manual-stringent-line:24	Q6ZP65	Q6QLM7	accepted	no_human_target_in_pinned_release	unresolved_endpoint
Negatome 2.0	manual_stringent_site_file_2021-09-15	negative_evidence	Negatome2-manual-stringent-line:25	P11655	P48415	no_human_target_in_pinned_release	no_human_target_in_pinned_release	unresolved_endpoint
Negatome 2.0	manual_stringent_site_file_2021-09-15	negative_evidence	Negatome2-manual-stringent-line:27	B3VK31	Q95JH1	no_human_target_in_pinned_release	no_human_target_in_pinned_release	unresolved_endpoint
Negatome 2.0	manual_stringent_site_file_2021-09-15	negative_evidence	Negatome2-manual-stringent-line:29	Q8IUD6	Q9BYX4	accepted	unmapped_in_pinned_uniprot_release	unresolved_endpoint
Negatome 2.0	manual_stringent_site_file_2021-09-15	negative_evidence	Negatome2-manual-stringent-line:33	Q9Y2Q0	Q3MIR4	unmapped_in_pinned_uniprot_release	accepted	unresolved_endpoint
Negatome 2.0	manual_stringent_site_file_2021-09-15	negative_evidence	Negatome2-manual-stringent-line:34	Q9NTI2	Q3MIR4	unmapped_in_pinned_uniprot_release	accepted	unresolved_endpoint
Negatome 2.0	manual_stringent_site_file_2021-09-15	negative_evidence	Negatome2-manual-stringent-line:39	P38431	P32481	no_human_target_in_pinned_release	no_human_target_in_pinned_release	unresolved_endpoint
Negatome 2.0	manual_stringent_site_file_2021-09-15	negative_evidence	Negatome2-manual-stringent-line:40	Q99575	Q96P20	unmapped_in_pinned_uniprot_release	accepted	unresolved_endpoint
Negatome 2.0	manual_stringent_site_file_2021-09-15	negative_evidence	Negatome2-manual-stringent-line:41	Q7JWH5	Q8IP45	no_human_target_in_pinned_release	no_human_target_in_pinned_release	unresolved_endpoint
Negatome 2.0	manual_stringent_site_file_2021-09-15	negative_evidence	Negatome2-manual-stringent-line:42	Q7JWH5	Q24311	no_human_target_in_pinned_release	no_human_target_in_pinned_release	unresolved_endpoint
Negatome 2.0	manual_stringent_site_file_2021-09-15	negative_evidence	Negatome2-manual-stringent-line:44	P52603	P08956	no_human_target_in_pinned_release	no_human_target_in_pinned_release	unresolved_endpoint
Negatome 2.0	manual_stringent_site_file_2021-09-15	negative_evidence	Negatome2-manual-stringent-line:45	F6IB71	P08956	no_human_target_in_pinned_release	no_human_target_in_pinned_release	unresolved_endpoint
Negatome 2.0	manual_stringent_site_file_2021-09-15	negative_evidence	Negatome2-manual-stringent-line:46	P52603	P08957	no_human_target_in_pinned_release	no_human_target_in_pinned_release	unresolved_endpoint
Negatome 2.0	manual_stringent_site_file_2021-09-15	negative_evidence	Negatome2-manual-stringent-line:47	F6IB71	P08957	no_human_target_in_pinned_release	no_human_target_in_pinned_release	unresolved_endpoint
Negatome 2.0	manual_stringent_site_file_2021-09-15	negative_evidence	Negatome2-manual-stringent-line:48	Q8QHK8	Q7ZX24	no_human_target_in_pinned_release	no_human_target_in_pinned_release	unresolved_endpoint
Negatome 2.0	manual_stringent_site_file_2021-09-15	negative_evidence	Negatome2-manual-stringent-line:50	P35872	Q5SJE9	no_human_target_in_pinned_release	no_human_target_in_pinned_release	unresolved_endpoint
Negatome 2.0	manual_stringent_site_file_2021-09-15	negative_evidence	Negatome2-manual-stringent-line:51	P10999	Q91783	no_human_target_in_pinned_release	no_human_target_in_pinned_release	unresolved_endpoint
Negatome 2.0	manual_stringent_site_file_2021-09-15	negative_evidence	Negatome2-manual-stringent-line:53	Q5M9N9	P60484	no_human_target_in_pinned_release	accepted	unresolved_endpoint
Negatome 2.0	manual_stringent_site_file_2021-09-15	negative_evidence	Negatome2-manual-stringent-line:54	Q920R0	P00441	no_human_target_in_pinned_release	accepted	unresolved_endpoint
Negatome 2.0	manual_stringent_site_file_2021-09-15	negative_evidence	Negatome2-manual-stringent-line:55	P42212	P08238	no_human_target_in_pinned_release	accepted	unresolved_endpoint
Negatome 2.0	manual_stringent_site_file_2021-09-15	negative_evidence	Negatome2-manual-stringent-line:56	Q91XD2	Q15404	no_human_target_in_pinned_release	accepted	unresolved_endpoint
Negatome 2.0	manual_stringent_site_file_2021-09-15	negative_evidence	Negatome2-manual-stringent-line:57	Q9GZX6	Q13651	unmapped_in_pinned_uniprot_release	accepted	unresolved_endpoint
Negatome 2.0	manual_stringent_site_file_2021-09-15	negative_evidence	Negatome2-manual-stringent-line:59	O15151-4	P04637	isoform_specific_source_not_folded_to_canonical	accepted	unresolved_endpoint
Negatome 2.0	manual_stringent_site_file_2021-09-15	negative_evidence	Negatome2-manual-stringent-line:60	Q04863	P15307	no_human_target_in_pinned_release	no_human_target_in_pinned_release	unresolved_endpoint
Negatome 2.0	manual_stringent_site_file_2021-09-15	negative_evidence	Negatome2-manual-stringent-line:61	Q04863	Q04207	no_human_target_in_pinned_release	no_human_target_in_pinned_release	unresolved_endpoint
Negatome 2.0	manual_stringent_site_file_2021-09-15	negative_evidence	Negatome2-manual-stringent-line:63	Q13586	Q9Y210	accepted	unmapped_in_pinned_uniprot_release	unresolved_endpoint
Negatome 2.0	manual_stringent_site_file_2021-09-15	negative_evidence	Negatome2-manual-stringent-line:66	Q86Y07-2	P49116	isoform_specific_source_not_folded_to_canonical	accepted	unresolved_endpoint
Negatome 2.0	manual_stringent_site_file_2021-09-15	negative_evidence	Negatome2-manual-stringent-line:67	Q86Y07-2	O14733	isoform_specific_source_not_folded_to_canonical	accepted	unresolved_endpoint
Negatome 2.0	manual_stringent_site_file_2021-09-15	negative_evidence	Negatome2-manual-stringent-line:69	Q9QXX8	Q61584	unmapped_in_pinned_uniprot_release	no_human_target_in_pinned_release	unresolved_endpoint
Negatome 2.0	manual_stringent_site_file_2021-09-15	negative_evidence	Negatome2-manual-stringent-line:70	Q9QXX8	Q9WVR4	unmapped_in_pinned_uniprot_release	unmapped_in_pinned_uniprot_release	unresolved_endpoint
Negatome 2.0	manual_stringent_site_file_2021-09-15	negative_evidence	Negatome2-manual-stringent-line:71	Q61206	Q924X6	no_human_target_in_pinned_release	no_human_target_in_pinned_release	unresolved_endpoint
Negatome 2.0	manual_stringent_site_file_2021-09-15	negative_evidence	Negatome2-manual-stringent-line:72	Q61205	Q924X6	no_human_target_in_pinned_release	no_human_target_in_pinned_release	unresolved_endpoint
Negatome 2.0	manual_stringent_site_file_2021-09-15	negative_evidence	Negatome2-manual-stringent-line:74	Q96UP3	Q96TL7	no_human_target_in_pinned_release	no_human_target_in_pinned_release	unresolved_endpoint
Negatome 2.0	manual_stringent_site_file_2021-09-15	negative_evidence	Negatome2-manual-stringent-line:75	Q8CBD1	Q9JIF0	no_human_target_in_pinned_release	unmapped_in_pinned_uniprot_release	unresolved_endpoint
Negatome 2.0	manual_stringent_site_file_2021-09-15	negative_evidence	Negatome2-manual-stringent-line:76	Q8CBD1	P68254	no_human_target_in_pinned_release	no_human_target_in_pinned_release	unresolved_endpoint
Negatome 2.0	manual_stringent_site_file_2021-09-15	negative_evidence	Negatome2-manual-stringent-line:78	Q61559	P27512	no_human_target_in_pinned_release	no_human_target_in_pinned_release	unresolved_endpoint
Negatome 2.0	manual_stringent_site_file_2021-09-15	negative_evidence	Negatome2-manual-stringent-line:79	Q8AVZ3	Q91783	no_human_target_in_pinned_release	no_human_target_in_pinned_release	unresolved_endpoint
Negatome 2.0	manual_stringent_site_file_2021-09-15	negative_evidence	Negatome2-manual-stringent-line:80	P03073	P02340	no_human_target_in_pinned_release	no_human_target_in_pinned_release	unresolved_endpoint
Negatome 2.0	manual_stringent_site_file_2021-09-15	negative_evidence	Negatome2-manual-stringent-line:81	Q15750-2	P49116	isoform_specific_source_not_folded_to_canonical	accepted	unresolved_endpoint
Negatome 2.0	manual_stringent_site_file_2021-09-15	negative_evidence	Negatome2-manual-stringent-line:82	P35917	P35918	no_human_target_in_pinned_release	no_human_target_in_pinned_release	unresolved_endpoint
Negatome 2.0	manual_stringent_site_file_2021-09-15	negative_evidence	Negatome2-manual-stringent-line:83	P35917	Q00731	no_human_target_in_pinned_release	no_human_target_in_pinned_release	unresolved_endpoint
Negatome 2.0	manual_stringent_site_file_2021-09-15	negative_evidence	Negatome2-manual-stringent-line:84	O12161	Q9QWV9	no_human_target_in_pinned_release	unmapped_in_pinned_uniprot_release	unresolved_endpoint
Negatome 2.0	manual_stringent_site_file_2021-09-15	negative_evidence	Negatome2-manual-stringent-line:85	Q9ULX6	P13861	unmapped_in_pinned_uniprot_release	accepted	unresolved_endpoint
Negatome 2.0	manual_stringent_site_file_2021-09-15	negative_evidence	Negatome2-manual-stringent-line:86	Q9ULX6	O43823	unmapped_in_pinned_uniprot_release	accepted	unresolved_endpoint
Negatome 2.0	manual_stringent_site_file_2021-09-15	negative_evidence	Negatome2-manual-stringent-line:89	Q8IRY7	Q9W2K2	no_human_target_in_pinned_release	unmapped_in_pinned_uniprot_release	unresolved_endpoint
Negatome 2.0	manual_stringent_site_file_2021-09-15	negative_evidence	Negatome2-manual-stringent-line:90	Q9VEN9	Q9VVI2	unmapped_in_pinned_uniprot_release	unmapped_in_pinned_uniprot_release	unresolved_endpoint
Negatome 2.0	manual_stringent_site_file_2021-09-15	negative_evidence	Negatome2-manual-stringent-line:91	Q9VEN9	Q9VTZ0	unmapped_in_pinned_uniprot_release	unmapped_in_pinned_uniprot_release	unresolved_endpoint
Negatome 2.0	manual_stringent_site_file_2021-09-15	negative_evidence	Negatome2-manual-stringent-line:92	Q15797	Q9UM13	accepted	unmapped_in_pinned_uniprot_release	unresolved_endpoint
Negatome 2.0	manual_stringent_site_file_2021-09-15	negative_evidence	Negatome2-manual-stringent-line:93	Q13485	Q9UM13	accepted	unmapped_in_pinned_uniprot_release	unresolved_endpoint
Negatome 2.0	manual_stringent_site_file_2021-09-15	negative_evidence	Negatome2-manual-stringent-line:94	Q9WTW2	P23299	unmapped_in_pinned_uniprot_release	no_human_target_in_pinned_release	unresolved_endpoint
Negatome 2.0	manual_stringent_site_file_2021-09-15	negative_evidence	Negatome2-manual-stringent-line:95	P08047	P04608	accepted	no_human_target_in_pinned_release	unresolved_endpoint
Negatome 2.0	manual_stringent_site_file_2021-09-15	negative_evidence	Negatome2-manual-stringent-line:96	P08047	P04608	accepted	no_human_target_in_pinned_release	unresolved_endpoint
Negatome 2.0	manual_stringent_site_file_2021-09-15	negative_evidence	Negatome2-manual-stringent-line:98	Q9JM90	O60674	unmapped_in_pinned_uniprot_release	accepted	unresolved_endpoint
Negatome 2.0	manual_stringent_site_file_2021-09-15	negative_evidence	Negatome2-manual-stringent-line:99	Q9JM90	Q9QVP9	unmapped_in_pinned_uniprot_release	unmapped_in_pinned_uniprot_release	unresolved_endpoint
Negatome 2.0	manual_stringent_site_file_2021-09-15	negative_evidence	Negatome2-manual-stringent-line:100	Q62417-3	P18206	isoform_specific_source_not_folded_to_canonical	accepted	unresolved_endpoint
Negatome 2.0	manual_stringent_site_file_2021-09-15	negative_evidence	Negatome2-manual-stringent-line:101	Q9FEG2	P18064	unmapped_in_pinned_uniprot_release	no_human_target_in_pinned_release	unresolved_endpoint
Negatome 2.0	manual_stringent_site_file_2021-09-15	negative_evidence	Negatome2-manual-stringent-line:102	Q9FEG2	P18064	unmapped_in_pinned_uniprot_release	no_human_target_in_pinned_release	unresolved_endpoint
Negatome 2.0	manual_stringent_site_file_2021-09-15	negative_evidence	Negatome2-manual-stringent-line:103	Q39128	P18064	no_human_target_in_pinned_release	no_human_target_in_pinned_release	unresolved_endpoint
Negatome 2.0	manual_stringent_site_file_2021-09-15	negative_evidence	Negatome2-manual-stringent-line:104	O89100	Q9Z1S8	no_human_target_in_pinned_release	unmapped_in_pinned_uniprot_release	unresolved_endpoint
Negatome 2.0	manual_stringent_site_file_2021-09-15	negative_evidence	Negatome2-manual-stringent-line:106	P35570	P62994	no_human_target_in_pinned_release	no_human_target_in_pinned_release	unresolved_endpoint
Negatome 2.0	manual_stringent_site_file_2021-09-15	negative_evidence	Negatome2-manual-stringent-line:107	Q1JU68	P07522	no_human_target_in_pinned_release	no_human_target_in_pinned_release	unresolved_endpoint
Negatome 2.0	manual_stringent_site_file_2021-09-15	negative_evidence	Negatome2-manual-stringent-line:108	P29150	O04663	no_human_target_in_pinned_release	no_human_target_in_pinned_release	unresolved_endpoint
Negatome 2.0	manual_stringent_site_file_2021-09-15	negative_evidence	Negatome2-manual-stringent-line:109	Q66HA7	P62960	no_human_target_in_pinned_release	no_human_target_in_pinned_release	unresolved_endpoint
Negatome 2.0	manual_stringent_site_file_2021-09-15	negative_evidence	Negatome2-manual-stringent-line:110	Q66HA7	Q62725	no_human_target_in_pinned_release	no_human_target_in_pinned_release	unresolved_endpoint
Negatome 2.0	manual_stringent_site_file_2021-09-15	negative_evidence	Negatome2-manual-stringent-line:111	Q13905	Q9UHJ6	accepted	unmapped_in_pinned_uniprot_release	unresolved_endpoint
Negatome 2.0	manual_stringent_site_file_2021-09-15	negative_evidence	Negatome2-manual-stringent-line:113	P15499	Q9JJZ9	no_human_target_in_pinned_release	unmapped_in_pinned_uniprot_release	unresolved_endpoint
Negatome 2.0	manual_stringent_site_file_2021-09-15	negative_evidence	Negatome2-manual-stringent-line:115	P63165	Q9Y2Q3	accepted	unmapped_in_pinned_uniprot_release	unresolved_endpoint
Negatome 2.0	manual_stringent_site_file_2021-09-15	negative_evidence	Negatome2-manual-stringent-line:119	Q99626	P20226	unmapped_in_pinned_uniprot_release	accepted	unresolved_endpoint
Negatome 2.0	manual_stringent_site_file_2021-09-15	negative_evidence	Negatome2-manual-stringent-line:120	Q99626	P20226	unmapped_in_pinned_uniprot_release	accepted	unresolved_endpoint
Negatome 2.0	manual_stringent_site_file_2021-09-15	negative_evidence	Negatome2-manual-stringent-line:121	Q5JTD0	Q9Y624	accepted	unmapped_in_pinned_uniprot_release	unresolved_endpoint
Negatome 2.0	manual_stringent_site_file_2021-09-15	negative_evidence	Negatome2-manual-stringent-line:124	Q99K43	P38532	unmapped_in_pinned_uniprot_release	no_human_target_in_pinned_release	unresolved_endpoint
Negatome 2.0	manual_stringent_site_file_2021-09-15	negative_evidence	Negatome2-manual-stringent-line:125	Q9P055	Q6PJ80	unmapped_in_pinned_uniprot_release	accepted	unresolved_endpoint
Negatome 2.0	manual_stringent_site_file_2021-09-15	negative_evidence	Negatome2-manual-stringent-line:126	Q9UBP5	Q92575	unmapped_in_pinned_uniprot_release	accepted	unresolved_endpoint
Negatome 2.0	manual_stringent_site_file_2021-09-15	negative_evidence	Negatome2-manual-stringent-line:128	Q9NZQ7	P10747	unmapped_in_pinned_uniprot_release	accepted	unresolved_endpoint
Negatome 2.0	manual_stringent_site_file_2021-09-15	negative_evidence	Negatome2-manual-stringent-line:129	Q9NZQ7	P16410	unmapped_in_pinned_uniprot_release	accepted	unresolved_endpoint
Negatome 2.0	manual_stringent_site_file_2021-09-15	negative_evidence	Negatome2-manual-stringent-line:130	O88565	P47224	no_human_target_in_pinned_release	accepted	unresolved_endpoint
Negatome 2.0	manual_stringent_site_file_2021-09-15	negative_evidence	Negatome2-manual-stringent-line:131	Q965M2	P12643	no_human_target_in_pinned_release	accepted	unresolved_endpoint
Negatome 2.0	manual_stringent_site_file_2021-09-15	negative_evidence	Negatome2-manual-stringent-line:132	Q66T02	P63001	no_human_target_in_pinned_release	no_human_target_in_pinned_release	unresolved_endpoint
Negatome 2.0	manual_stringent_site_file_2021-09-15	negative_evidence	Negatome2-manual-stringent-line:133	Q66T02	P60766	no_human_target_in_pinned_release	no_human_target_in_pinned_release	unresolved_endpoint
Negatome 2.0	manual_stringent_site_file_2021-09-15	negative_evidence	Negatome2-manual-stringent-line:134	Q9QUL0	P01237	unmapped_in_pinned_uniprot_release	no_human_target_in_pinned_release	unresolved_endpoint
Negatome 2.0	manual_stringent_site_file_2021-09-15	negative_evidence	Negatome2-manual-stringent-line:135	O15379	Q99814	accepted	unmapped_in_pinned_uniprot_release	unresolved_endpoint
Negatome 2.0	manual_stringent_site_file_2021-09-15	negative_evidence	Negatome2-manual-stringent-line:136	P02870	Q8C129	no_human_target_in_pinned_release	no_human_target_in_pinned_release	unresolved_endpoint
Negatome 2.0	manual_stringent_site_file_2021-09-15	negative_evidence	Negatome2-manual-stringent-line:137	Q9AVB0	Q8C129	unmapped_in_pinned_uniprot_release	no_human_target_in_pinned_release	unresolved_endpoint
Negatome 2.0	manual_stringent_site_file_2021-09-15	negative_evidence	Negatome2-manual-stringent-line:138	Q43373	Q8C129	no_human_target_in_pinned_release	no_human_target_in_pinned_release	unresolved_endpoint
Negatome 2.0	manual_stringent_site_file_2021-09-15	negative_evidence	Negatome2-manual-stringent-line:139	P43407	P21981	no_human_target_in_pinned_release	no_human_target_in_pinned_release	unresolved_endpoint
Negatome 2.0	manual_stringent_site_file_2021-09-15	negative_evidence	Negatome2-manual-stringent-line:140	Q9UKG1	P20338	unmapped_in_pinned_uniprot_release	accepted	unresolved_endpoint
Negatome 2.0	manual_stringent_site_file_2021-09-15	negative_evidence	Negatome2-manual-stringent-line:141	Q9UKG1	P51149	unmapped_in_pinned_uniprot_release	accepted	unresolved_endpoint
Negatome 2.0	manual_stringent_site_file_2021-09-15	negative_evidence	Negatome2-manual-stringent-line:142	Q9UKG1	P62491	unmapped_in_pinned_uniprot_release	accepted	unresolved_endpoint
Negatome 2.0	manual_stringent_site_file_2021-09-15	negative_evidence	Negatome2-manual-stringent-line:146	P02753	P52205	accepted	no_human_target_in_pinned_release	unresolved_endpoint
Negatome 2.0	manual_stringent_site_file_2021-09-15	negative_evidence	Negatome2-manual-stringent-line:148	Q96AD5	Q8CGN5	accepted	no_human_target_in_pinned_release	unresolved_endpoint
Negatome 2.0	manual_stringent_site_file_2021-09-15	negative_evidence	Negatome2-manual-stringent-line:149	P25822	P31007-7	no_human_target_in_pinned_release	isoform_specific_source_not_folded_to_canonical	unresolved_endpoint
Negatome 2.0	manual_stringent_site_file_2021-09-15	negative_evidence	Negatome2-manual-stringent-line:150	Q9NV70	P61586	unmapped_in_pinned_uniprot_release	accepted	unresolved_endpoint
Negatome 2.0	manual_stringent_site_file_2021-09-15	negative_evidence	Negatome2-manual-stringent-line:152	E5LBX1	Q8IUC6	no_human_target_in_pinned_release	accepted	unresolved_endpoint
Negatome 2.0	manual_stringent_site_file_2021-09-15	negative_evidence	Negatome2-manual-stringent-line:156	Q80824	P24864	no_human_target_in_pinned_release	accepted	unresolved_endpoint
Negatome 2.0	manual_stringent_site_file_2021-09-15	negative_evidence	Negatome2-manual-stringent-line:157	Q80824	P24864	no_human_target_in_pinned_release	accepted	unresolved_endpoint
Negatome 2.0	manual_stringent_site_file_2021-09-15	negative_evidence	Negatome2-manual-stringent-line:158	P46414	Q03147	no_human_target_in_pinned_release	no_human_target_in_pinned_release	unresolved_endpoint
Negatome 2.0	manual_stringent_site_file_2021-09-15	negative_evidence	Negatome2-manual-stringent-line:159	Q9WTW1	P31016	unmapped_in_pinned_uniprot_release	no_human_target_in_pinned_release	unresolved_endpoint
Negatome 2.0	manual_stringent_site_file_2021-09-15	negative_evidence	Negatome2-manual-stringent-line:160	Q9UM73	P21246	unmapped_in_pinned_uniprot_release	accepted	unresolved_endpoint
Negatome 2.0	manual_stringent_site_file_2021-09-15	negative_evidence	Negatome2-manual-stringent-line:167	P04792	Q9BUB5	accepted	unmapped_in_pinned_uniprot_release	unresolved_endpoint
Negatome 2.0	manual_stringent_site_file_2021-09-15	negative_evidence	Negatome2-manual-stringent-line:168	P04792	P19940	accepted	no_human_target_in_pinned_release	unresolved_endpoint
Negatome 2.0	manual_stringent_site_file_2021-09-15	negative_evidence	Negatome2-manual-stringent-line:170	Q16512	Q9Y2U5	accepted	unmapped_in_pinned_uniprot_release	unresolved_endpoint
Negatome 2.0	manual_stringent_site_file_2021-09-15	negative_evidence	Negatome2-manual-stringent-line:171	Q16513	Q99759	accepted	unmapped_in_pinned_uniprot_release	unresolved_endpoint
Negatome 2.0	manual_stringent_site_file_2021-09-15	negative_evidence	Negatome2-manual-stringent-line:172	P26955	P04401	no_human_target_in_pinned_release	no_human_target_in_pinned_release	unresolved_endpoint
Negatome 2.0	manual_stringent_site_file_2021-09-15	negative_evidence	Negatome2-manual-stringent-line:176	Q8R4G0	O08747	no_human_target_in_pinned_release	no_human_target_in_pinned_release	unresolved_endpoint
Negatome 2.0	manual_stringent_site_file_2021-09-15	negative_evidence	Negatome2-manual-stringent-line:177	Q8R4G0	Q8K1S4	no_human_target_in_pinned_release	no_human_target_in_pinned_release	unresolved_endpoint
Negatome 2.0	manual_stringent_site_file_2021-09-15	negative_evidence	Negatome2-manual-stringent-line:178	Q8R4G0	Q8K1S3	no_human_target_in_pinned_release	no_human_target_in_pinned_release	unresolved_endpoint
Negatome 2.0	manual_stringent_site_file_2021-09-15	negative_evidence	Negatome2-manual-stringent-line:179	Q99J85	Q8BP92	unmapped_in_pinned_uniprot_release	no_human_target_in_pinned_release	unresolved_endpoint
Negatome 2.0	manual_stringent_site_file_2021-09-15	negative_evidence	Negatome2-manual-stringent-line:185	P30658	A2AM29	no_human_target_in_pinned_release	no_human_target_in_pinned_release	unresolved_endpoint
Negatome 2.0	manual_stringent_site_file_2021-09-15	negative_evidence	Negatome2-manual-stringent-line:186	Q8BH43	P63001	no_human_target_in_pinned_release	no_human_target_in_pinned_release	unresolved_endpoint
Negatome 2.0	manual_stringent_site_file_2021-09-15	negative_evidence	Negatome2-manual-stringent-line:187	Q5UEC5	Q9VR21	no_human_target_in_pinned_release	unmapped_in_pinned_uniprot_release	unresolved_endpoint
Negatome 2.0	manual_stringent_site_file_2021-09-15	negative_evidence	Negatome2-manual-stringent-line:188	Q5UEC5	P47825	no_human_target_in_pinned_release	no_human_target_in_pinned_release	unresolved_endpoint
Negatome 2.0	manual_stringent_site_file_2021-09-15	negative_evidence	Negatome2-manual-stringent-line:189	Q8VHZ5	Q9EP53	no_human_target_in_pinned_release	unmapped_in_pinned_uniprot_release	unresolved_endpoint
Negatome 2.0	manual_stringent_site_file_2021-09-15	negative_evidence	Negatome2-manual-stringent-line:190	Q8VHZ5	Q61037	no_human_target_in_pinned_release	no_human_target_in_pinned_release	unresolved_endpoint
Negatome 2.0	manual_stringent_site_file_2021-09-15	negative_evidence	Negatome2-manual-stringent-line:192	P10993	P58772	no_human_target_in_pinned_release	no_human_target_in_pinned_release	unresolved_endpoint
Negatome 2.0	manual_stringent_site_file_2021-09-15	negative_evidence	Negatome2-manual-stringent-line:193	P10993	P58772	no_human_target_in_pinned_release	no_human_target_in_pinned_release	unresolved_endpoint
Negatome 2.0	manual_stringent_site_file_2021-09-15	negative_evidence	Negatome2-manual-stringent-line:196	P21836	P02866	no_human_target_in_pinned_release	no_human_target_in_pinned_release	unresolved_endpoint
Negatome 2.0	manual_stringent_site_file_2021-09-15	negative_evidence	Negatome2-manual-stringent-line:197	Q8BGS1	P62331	no_human_target_in_pinned_release	no_human_target_in_pinned_release	unresolved_endpoint
Negatome 2.0	manual_stringent_site_file_2021-09-15	negative_evidence	Negatome2-manual-stringent-line:198	Q09163	Q01705	no_human_target_in_pinned_release	no_human_target_in_pinned_release	unresolved_endpoint
Negatome 2.0	manual_stringent_site_file_2021-09-15	negative_evidence	Negatome2-manual-stringent-line:199	Q7KT06	P48540	no_human_target_in_pinned_release	no_human_target_in_pinned_release	unresolved_endpoint
Negatome 2.0	manual_stringent_site_file_2021-09-15	negative_evidence	Negatome2-manual-stringent-line:200	Q9WTL8	P45481	unmapped_in_pinned_uniprot_release	no_human_target_in_pinned_release	unresolved_endpoint
Negatome 2.0	manual_stringent_site_file_2021-09-15	negative_evidence	Negatome2-manual-stringent-line:201	O08785	P45481	no_human_target_in_pinned_release	no_human_target_in_pinned_release	unresolved_endpoint
Negatome 2.0	manual_stringent_site_file_2021-09-15	negative_evidence	Negatome2-manual-stringent-line:202	Q9Y613	P61586	unmapped_in_pinned_uniprot_release	accepted	unresolved_endpoint
Negatome 2.0	manual_stringent_site_file_2021-09-15	negative_evidence	Negatome2-manual-stringent-line:203	Q9Y613	P60953	unmapped_in_pinned_uniprot_release	accepted	unresolved_endpoint
Negatome 2.0	manual_stringent_site_file_2021-09-15	negative_evidence	Negatome2-manual-stringent-line:204	Q9Y613	P15153	unmapped_in_pinned_uniprot_release	accepted	unresolved_endpoint
Negatome 2.0	manual_stringent_site_file_2021-09-15	negative_evidence	Negatome2-manual-stringent-line:205	Q9Y613	P60763	unmapped_in_pinned_uniprot_release	accepted	unresolved_endpoint
Negatome 2.0	manual_stringent_site_file_2021-09-15	negative_evidence	Negatome2-manual-stringent-line:206	P13405	Q61501	no_human_target_in_pinned_release	no_human_target_in_pinned_release	unresolved_endpoint
Negatome 2.0	manual_stringent_site_file_2021-09-15	negative_evidence	Negatome2-manual-stringent-line:207	Q8IQW0	P08646	no_human_target_in_pinned_release	no_human_target_in_pinned_release	unresolved_endpoint
Negatome 2.0	manual_stringent_site_file_2021-09-15	negative_evidence	Negatome2-manual-stringent-line:208	Q08877	Q62600	no_human_target_in_pinned_release	no_human_target_in_pinned_release	unresolved_endpoint
Negatome 2.0	manual_stringent_site_file_2021-09-15	negative_evidence	Negatome2-manual-stringent-line:209	P39052	Q62600	no_human_target_in_pinned_release	no_human_target_in_pinned_release	unresolved_endpoint
Negatome 2.0	manual_stringent_site_file_2021-09-15	negative_evidence	Negatome2-manual-stringent-line:211	P03244	Q13158	no_human_target_in_pinned_release	accepted	unresolved_endpoint
Negatome 2.0	manual_stringent_site_file_2021-09-15	negative_evidence	Negatome2-manual-stringent-line:212	P03244	Q14790	no_human_target_in_pinned_release	accepted	unresolved_endpoint
Negatome 2.0	manual_stringent_site_file_2021-09-15	negative_evidence	Negatome2-manual-stringent-line:213	P23804-2	P02340	isoform_specific_source_not_folded_to_canonical	no_human_target_in_pinned_release	unresolved_endpoint
Negatome 2.0	manual_stringent_site_file_2021-09-15	negative_evidence	Negatome2-manual-stringent-line:214	P0C746	P01100	no_human_target_in_pinned_release	accepted	unresolved_endpoint
Negatome 2.0	manual_stringent_site_file_2021-09-15	negative_evidence	Negatome2-manual-stringent-line:215	P0AG74	P24230	no_human_target_in_pinned_release	no_human_target_in_pinned_release	unresolved_endpoint
Negatome 2.0	manual_stringent_site_file_2021-09-15	negative_evidence	Negatome2-manual-stringent-line:218	Q90681	P01344	no_human_target_in_pinned_release	accepted	unresolved_endpoint
Negatome 2.0	manual_stringent_site_file_2021-09-15	negative_evidence	Negatome2-manual-stringent-line:219	Q32NU6	P01344	no_human_target_in_pinned_release	accepted	unresolved_endpoint
Negatome 2.0	manual_stringent_site_file_2021-09-15	negative_evidence	Negatome2-manual-stringent-line:221	Q9Y6X2	P42224	unmapped_in_pinned_uniprot_release	accepted	unresolved_endpoint
Negatome 2.0	manual_stringent_site_file_2021-09-15	negative_evidence	Negatome2-manual-stringent-line:224	Q05193	P04601	accepted	no_human_target_in_pinned_release	unresolved_endpoint
Negatome 2.0	manual_stringent_site_file_2021-09-15	negative_evidence	Negatome2-manual-stringent-line:225	P07249	P13574	no_human_target_in_pinned_release	no_human_target_in_pinned_release	unresolved_endpoint
Negatome 2.0	manual_stringent_site_file_2021-09-15	negative_evidence	Negatome2-manual-stringent-line:226	P07249	P19419	no_human_target_in_pinned_release	accepted	unresolved_endpoint
Negatome 2.0	manual_stringent_site_file_2021-09-15	negative_evidence	Negatome2-manual-stringent-line:227	P17839	P13574	no_human_target_in_pinned_release	no_human_target_in_pinned_release	unresolved_endpoint
Negatome 2.0	manual_stringent_site_file_2021-09-15	negative_evidence	Negatome2-manual-stringent-line:228	P17839	P19419	no_human_target_in_pinned_release	accepted	unresolved_endpoint
Negatome 2.0	manual_stringent_site_file_2021-09-15	negative_evidence	Negatome2-manual-stringent-line:229	Q9UBF6	P68400	unmapped_in_pinned_uniprot_release	accepted	unresolved_endpoint
Negatome 2.0	manual_stringent_site_file_2021-09-15	negative_evidence	Negatome2-manual-stringent-line:239	P04156	Q9UM11	accepted	unmapped_in_pinned_uniprot_release	unresolved_endpoint
Negatome 2.0	manual_stringent_site_file_2021-09-15	negative_evidence	Negatome2-manual-stringent-line:240	G3V608	Q08125	no_human_target_in_pinned_release	no_human_target_in_pinned_release	unresolved_endpoint
Negatome 2.0	manual_stringent_site_file_2021-09-15	negative_evidence	Negatome2-manual-stringent-line:241	P02771	P02870	accepted	no_human_target_in_pinned_release	unresolved_endpoint
Negatome 2.0	manual_stringent_site_file_2021-09-15	negative_evidence	Negatome2-manual-stringent-line:242	Q9J5U5	P32927	unmapped_in_pinned_uniprot_release	accepted	unresolved_endpoint
Negatome 2.0	manual_stringent_site_file_2021-09-15	negative_evidence	Negatome2-manual-stringent-line:243	Q9J5U5	P60568	unmapped_in_pinned_uniprot_release	accepted	unresolved_endpoint
Negatome 2.0	manual_stringent_site_file_2021-09-15	negative_evidence	Negatome2-manual-stringent-line:244	Q9ERI2	Q99104	unmapped_in_pinned_uniprot_release	no_human_target_in_pinned_release	unresolved_endpoint
Negatome 2.0	manual_stringent_site_file_2021-09-15	negative_evidence	Negatome2-manual-stringent-line:245	Q99N11	Q03137	unmapped_in_pinned_uniprot_release	no_human_target_in_pinned_release	unresolved_endpoint
Negatome 2.0	manual_stringent_site_file_2021-09-15	negative_evidence	Negatome2-manual-stringent-line:247	Q9U377	Q20758	unmapped_in_pinned_uniprot_release	no_human_target_in_pinned_release	unresolved_endpoint
Negatome 2.0	manual_stringent_site_file_2021-09-15	negative_evidence	Negatome2-manual-stringent-line:248	Q9U377	O45379	unmapped_in_pinned_uniprot_release	no_human_target_in_pinned_release	unresolved_endpoint
Negatome 2.0	manual_stringent_site_file_2021-09-15	negative_evidence	Negatome2-manual-stringent-line:249	Q9U377	Q9N3C8	unmapped_in_pinned_uniprot_release	unmapped_in_pinned_uniprot_release	unresolved_endpoint
Negatome 2.0	manual_stringent_site_file_2021-09-15	negative_evidence	Negatome2-manual-stringent-line:250	Q9UIL1	Q20758	unmapped_in_pinned_uniprot_release	no_human_target_in_pinned_release	unresolved_endpoint
Negatome 2.0	manual_stringent_site_file_2021-09-15	negative_evidence	Negatome2-manual-stringent-line:251	Q9UIL1	O45379	unmapped_in_pinned_uniprot_release	no_human_target_in_pinned_release	unresolved_endpoint
Negatome 2.0	manual_stringent_site_file_2021-09-15	negative_evidence	Negatome2-manual-stringent-line:252	Q9UIL1	Q9N3C8	unmapped_in_pinned_uniprot_release	unmapped_in_pinned_uniprot_release	unresolved_endpoint
Negatome 2.0	manual_stringent_site_file_2021-09-15	negative_evidence	Negatome2-manual-stringent-line:253	P46934	Q9Y5X1	accepted	unmapped_in_pinned_uniprot_release	unresolved_endpoint
Negatome 2.0	manual_stringent_site_file_2021-09-15	negative_evidence	Negatome2-manual-stringent-line:254	P27882	P36046	no_human_target_in_pinned_release	no_human_target_in_pinned_release	unresolved_endpoint
Negatome 2.0	manual_stringent_site_file_2021-09-15	negative_evidence	Negatome2-manual-stringent-line:255	O08715	P31324	no_human_target_in_pinned_release	no_human_target_in_pinned_release	unresolved_endpoint
Negatome 2.0	manual_stringent_site_file_2021-09-15	negative_evidence	Negatome2-manual-stringent-line:256	Q64092	Q03141	no_human_target_in_pinned_release	no_human_target_in_pinned_release	unresolved_endpoint
Negatome 2.0	manual_stringent_site_file_2021-09-15	negative_evidence	Negatome2-manual-stringent-line:258	P06730	Q9HB40	accepted	unmapped_in_pinned_uniprot_release	unresolved_endpoint
Negatome 2.0	manual_stringent_site_file_2021-09-15	negative_evidence	Negatome2-manual-stringent-line:259	P06730	Q9UKV8	accepted	unmapped_in_pinned_uniprot_release	unresolved_endpoint
Negatome 2.0	manual_stringent_site_file_2021-09-15	negative_evidence	Negatome2-manual-stringent-line:260	P70371	Q6PFX9	no_human_target_in_pinned_release	no_human_target_in_pinned_release	unresolved_endpoint
Negatome 2.0	manual_stringent_site_file_2021-09-15	negative_evidence	Negatome2-manual-stringent-line:261	P70371	Q3UES3	no_human_target_in_pinned_release	no_human_target_in_pinned_release	unresolved_endpoint
Negatome 2.0	manual_stringent_site_file_2021-09-15	negative_evidence	Negatome2-manual-stringent-line:262	Q6NXK8	Q62108	no_human_target_in_pinned_release	no_human_target_in_pinned_release	unresolved_endpoint
Negatome 2.0	manual_stringent_site_file_2021-09-15	negative_evidence	Negatome2-manual-stringent-line:263	Q9UJW0	Q04656	unmapped_in_pinned_uniprot_release	accepted	unresolved_endpoint
Negatome 2.0	manual_stringent_site_file_2021-09-15	negative_evidence	Negatome2-manual-stringent-line:266	P69908	P62199	no_human_target_in_pinned_release	no_human_target_in_pinned_release	unresolved_endpoint
Negatome 2.0	manual_stringent_site_file_2021-09-15	negative_evidence	Negatome2-manual-stringent-line:269	P17560	P00797	no_human_target_in_pinned_release	accepted	unresolved_endpoint
Negatome 2.0	manual_stringent_site_file_2021-09-15	negative_evidence	Negatome2-manual-stringent-line:270	P09712	P11021	no_human_target_in_pinned_release	accepted	unresolved_endpoint
Negatome 2.0	manual_stringent_site_file_2021-09-15	negative_evidence	Negatome2-manual-stringent-line:271	P09731	P11021	no_human_target_in_pinned_release	accepted	unresolved_endpoint
Negatome 2.0	manual_stringent_site_file_2021-09-15	negative_evidence	Negatome2-manual-stringent-line:272	P09729	P11021	no_human_target_in_pinned_release	accepted	unresolved_endpoint
Negatome 2.0	manual_stringent_site_file_2021-09-15	negative_evidence	Negatome2-manual-stringent-line:273	P09728	P11021	no_human_target_in_pinned_release	accepted	unresolved_endpoint
Negatome 2.0	manual_stringent_site_file_2021-09-15	negative_evidence	Negatome2-manual-stringent-line:274	O55055	Q9UJW3	no_human_target_in_pinned_release	unmapped_in_pinned_uniprot_release	unresolved_endpoint
Negatome 2.0	manual_stringent_site_file_2021-09-15	negative_evidence	Negatome2-manual-stringent-line:275	Q9UBB5	Q9UJW3	unmapped_in_pinned_uniprot_release	unmapped_in_pinned_uniprot_release	unresolved_endpoint
Negatome 2.0	manual_stringent_site_file_2021-09-15	negative_evidence	Negatome2-manual-stringent-line:276	O95983	Q9UJW3	accepted	unmapped_in_pinned_uniprot_release	unresolved_endpoint
Negatome 2.0	manual_stringent_site_file_2021-09-15	negative_evidence	Negatome2-manual-stringent-line:277	Q8UVW8	P51167	no_human_target_in_pinned_release	no_human_target_in_pinned_release	unresolved_endpoint
Negatome 2.0	manual_stringent_site_file_2021-09-15	negative_evidence	Negatome2-manual-stringent-line:278	P09866	Q4GWZ2	no_human_target_in_pinned_release	no_human_target_in_pinned_release	unresolved_endpoint
Negatome 2.0	manual_stringent_site_file_2021-09-15	negative_evidence	Negatome2-manual-stringent-line:280	P01186	P30560	no_human_target_in_pinned_release	no_human_target_in_pinned_release	unresolved_endpoint
Negatome 2.0	manual_stringent_site_file_2021-09-15	negative_evidence	Negatome2-manual-stringent-line:281	P17141	P25976	no_human_target_in_pinned_release	no_human_target_in_pinned_release	unresolved_endpoint
Negatome 2.0	manual_stringent_site_file_2021-09-15	negative_evidence	Negatome2-manual-stringent-line:283	P15208	P05017	no_human_target_in_pinned_release	no_human_target_in_pinned_release	unresolved_endpoint
Negatome 2.0	manual_stringent_site_file_2021-09-15	negative_evidence	Negatome2-manual-stringent-line:287	P03682	C6EGH1	no_human_target_in_pinned_release	target_record_missing_from_pinned_snapshot	unresolved_endpoint
Negatome 2.0	manual_stringent_site_file_2021-09-15	negative_evidence	Negatome2-manual-stringent-line:288	P97471	P70323	no_human_target_in_pinned_release	no_human_target_in_pinned_release	unresolved_endpoint
Negatome 2.0	manual_stringent_site_file_2021-09-15	negative_evidence	Negatome2-manual-stringent-line:289	P97454	P70323	no_human_target_in_pinned_release	no_human_target_in_pinned_release	unresolved_endpoint
Negatome 2.0	manual_stringent_site_file_2021-09-15	negative_evidence	Negatome2-manual-stringent-line:290	O35182	P70323	no_human_target_in_pinned_release	no_human_target_in_pinned_release	unresolved_endpoint
Negatome 2.0	manual_stringent_site_file_2021-09-15	negative_evidence	Negatome2-manual-stringent-line:291	P46630	Q9DVL1	no_human_target_in_pinned_release	unmapped_in_pinned_uniprot_release	unresolved_endpoint
Negatome 2.0	manual_stringent_site_file_2021-09-15	negative_evidence	Negatome2-manual-stringent-line:292	P63170	P29476-3	no_human_target_in_pinned_release	isoform_specific_source_not_folded_to_canonical	unresolved_endpoint
Negatome 2.0	manual_stringent_site_file_2021-09-15	negative_evidence	Negatome2-manual-stringent-line:295	Q99497	Q9UBK2	unmapped_in_pinned_uniprot_release	unmapped_in_pinned_uniprot_release	unresolved_endpoint
Negatome 2.0	manual_stringent_site_file_2021-09-15	negative_evidence	Negatome2-manual-stringent-line:297	Q8CGY6	P02609	no_human_target_in_pinned_release	no_human_target_in_pinned_release	unresolved_endpoint
Negatome 2.0	manual_stringent_site_file_2021-09-15	negative_evidence	Negatome2-manual-stringent-line:299	Q96QF0	Q99909	accepted	unmapped_in_pinned_uniprot_release	unresolved_endpoint
Negatome 2.0	manual_stringent_site_file_2021-09-15	negative_evidence	Negatome2-manual-stringent-line:301	Q9Y2D8	Q16384	unmapped_in_pinned_uniprot_release	accepted	unresolved_endpoint
Negatome 2.0	manual_stringent_site_file_2021-09-15	negative_evidence	Negatome2-manual-stringent-line:302	Q9Y2D8	O60224	unmapped_in_pinned_uniprot_release	accepted	unresolved_endpoint
Negatome 2.0	manual_stringent_site_file_2021-09-15	negative_evidence	Negatome2-manual-stringent-line:303	Q60972	Q01147	no_human_target_in_pinned_release	no_human_target_in_pinned_release	unresolved_endpoint
Negatome 2.0	manual_stringent_site_file_2021-09-15	negative_evidence	Negatome2-manual-stringent-line:306	Q92769	Q9BQ52	accepted	unmapped_in_pinned_uniprot_release	unresolved_endpoint
Negatome 2.0	manual_stringent_site_file_2021-09-15	negative_evidence	Negatome2-manual-stringent-line:308	Q92769	P25916	accepted	no_human_target_in_pinned_release	unresolved_endpoint
Negatome 2.0	manual_stringent_site_file_2021-09-15	negative_evidence	Negatome2-manual-stringent-line:312	Q60954	Q789F3	no_human_target_in_pinned_release	no_human_target_in_pinned_release	unresolved_endpoint
Negatome 2.0	manual_stringent_site_file_2021-09-15	negative_evidence	Negatome2-manual-stringent-line:316	O34580	P37455	no_human_target_in_pinned_release	no_human_target_in_pinned_release	unresolved_endpoint
Negatome 2.0	manual_stringent_site_file_2021-09-15	negative_evidence	Negatome2-manual-stringent-line:317	P54394	P37455	no_human_target_in_pinned_release	no_human_target_in_pinned_release	unresolved_endpoint
Negatome 2.0	manual_stringent_site_file_2021-09-15	negative_evidence	Negatome2-manual-stringent-line:318	P22303	P02866	accepted	no_human_target_in_pinned_release	unresolved_endpoint
Negatome 2.0	manual_stringent_site_file_2021-09-15	negative_evidence	Negatome2-manual-stringent-line:320	P21803	P15655	no_human_target_in_pinned_release	no_human_target_in_pinned_release	unresolved_endpoint
Negatome 2.0	manual_stringent_site_file_2021-09-15	negative_evidence	Negatome2-manual-stringent-line:321	B7SGZ7	P05412	no_human_target_in_pinned_release	accepted	unresolved_endpoint
Negatome 2.0	manual_stringent_site_file_2021-09-15	negative_evidence	Negatome2-manual-stringent-line:322	B7SGZ7	P05549	no_human_target_in_pinned_release	accepted	unresolved_endpoint
Negatome 2.0	manual_stringent_site_file_2021-09-15	negative_evidence	Negatome2-manual-stringent-line:325	P04406	B1P6E5	accepted	no_human_target_in_pinned_release	unresolved_endpoint
Negatome 2.0	manual_stringent_site_file_2021-09-15	negative_evidence	Negatome2-manual-stringent-line:326	P0AG86	P02925	no_human_target_in_pinned_release	no_human_target_in_pinned_release	unresolved_endpoint
Negatome 2.0	manual_stringent_site_file_2021-09-15	negative_evidence	Negatome2-manual-stringent-line:327	P70188	Q03059	no_human_target_in_pinned_release	no_human_target_in_pinned_release	unresolved_endpoint
Negatome 2.0	manual_stringent_site_file_2021-09-15	negative_evidence	Negatome2-manual-stringent-line:329	Q8TCT9	Q9Y6X1	accepted	unmapped_in_pinned_uniprot_release	unresolved_endpoint
Negatome 2.0	manual_stringent_site_file_2021-09-15	negative_evidence	Negatome2-manual-stringent-line:330	P31786	O89090	no_human_target_in_pinned_release	no_human_target_in_pinned_release	unresolved_endpoint
Negatome 2.0	manual_stringent_site_file_2021-09-15	negative_evidence	Negatome2-manual-stringent-line:331	P31786	P06537	no_human_target_in_pinned_release	no_human_target_in_pinned_release	unresolved_endpoint
Negatome 2.0	manual_stringent_site_file_2021-09-15	negative_evidence	Negatome2-manual-stringent-line:334	Q8CF89	Q64729	no_human_target_in_pinned_release	no_human_target_in_pinned_release	unresolved_endpoint
Negatome 2.0	manual_stringent_site_file_2021-09-15	negative_evidence	Negatome2-manual-stringent-line:335	Q8CF89	Q62312	no_human_target_in_pinned_release	no_human_target_in_pinned_release	unresolved_endpoint
Negatome 2.0	manual_stringent_site_file_2021-09-15	negative_evidence	Negatome2-manual-stringent-line:337	P54921	Q63666	no_human_target_in_pinned_release	no_human_target_in_pinned_release	unresolved_endpoint
Negatome 2.0	manual_stringent_site_file_2021-09-15	negative_evidence	Negatome2-manual-stringent-line:338	P61588	P70336	no_human_target_in_pinned_release	no_human_target_in_pinned_release	unresolved_endpoint
Negatome 2.0	manual_stringent_site_file_2021-09-15	negative_evidence	Negatome2-manual-stringent-line:340	Q6DQH2	P25963	no_human_target_in_pinned_release	accepted	unresolved_endpoint
Negatome 2.0	manual_stringent_site_file_2021-09-15	negative_evidence	Negatome2-manual-stringent-line:341	Q6DQH2	Q13158	no_human_target_in_pinned_release	accepted	unresolved_endpoint
Negatome 2.0	manual_stringent_site_file_2021-09-15	negative_evidence	Negatome2-manual-stringent-line:342	Q6DQH2	Q13546	no_human_target_in_pinned_release	accepted	unresolved_endpoint
Negatome 2.0	manual_stringent_site_file_2021-09-15	negative_evidence	Negatome2-manual-stringent-line:343	Q6DQH2	P25446	no_human_target_in_pinned_release	no_human_target_in_pinned_release	unresolved_endpoint
Negatome 2.0	manual_stringent_site_file_2021-09-15	negative_evidence	Negatome2-manual-stringent-line:345	O35657	P01132	no_human_target_in_pinned_release	no_human_target_in_pinned_release	unresolved_endpoint
Negatome 2.0	manual_stringent_site_file_2021-09-15	negative_evidence	Negatome2-manual-stringent-line:346	Q01831	P0A9H1	accepted	no_human_target_in_pinned_release	unresolved_endpoint
Negatome 2.0	manual_stringent_site_file_2021-09-15	negative_evidence	Negatome2-manual-stringent-line:348	Q0VC48	Q28177	no_human_target_in_pinned_release	no_human_target_in_pinned_release	unresolved_endpoint
Negatome 2.0	manual_stringent_site_file_2021-09-15	negative_evidence	Negatome2-manual-stringent-line:349	Q0VC48	P48616	no_human_target_in_pinned_release	no_human_target_in_pinned_release	unresolved_endpoint
Negatome 2.0	manual_stringent_site_file_2021-09-15	negative_evidence	Negatome2-manual-stringent-line:350	P20942	Q32L40	no_human_target_in_pinned_release	no_human_target_in_pinned_release	unresolved_endpoint
Negatome 2.0	manual_stringent_site_file_2021-09-15	negative_evidence	Negatome2-manual-stringent-line:351	Q8AZK7	P12978	no_human_target_in_pinned_release	no_human_target_in_pinned_release	unresolved_endpoint
Negatome 2.0	manual_stringent_site_file_2021-09-15	negative_evidence	Negatome2-manual-stringent-line:355	P08047	Q9Y294	accepted	unmapped_in_pinned_uniprot_release	unresolved_endpoint
Negatome 2.0	manual_stringent_site_file_2021-09-15	negative_evidence	Negatome2-manual-stringent-line:359	Q68396	P50591	no_human_target_in_pinned_release	accepted	unresolved_endpoint
Negatome 2.0	manual_stringent_site_file_2021-09-15	negative_evidence	Negatome2-manual-stringent-line:360	Q68396	O43557	no_human_target_in_pinned_release	accepted	unresolved_endpoint
Negatome 2.0	manual_stringent_site_file_2021-09-15	negative_evidence	Negatome2-manual-stringent-line:361	Q68396	P01374	no_human_target_in_pinned_release	accepted	unresolved_endpoint
Negatome 2.0	manual_stringent_site_file_2021-09-15	negative_evidence	Negatome2-manual-stringent-line:362	Q68396	P01375	no_human_target_in_pinned_release	accepted	unresolved_endpoint
Negatome 2.0	manual_stringent_site_file_2021-09-15	negative_evidence	Negatome2-manual-stringent-line:363	Q68396	P48023	no_human_target_in_pinned_release	accepted	unresolved_endpoint
Negatome 2.0	manual_stringent_site_file_2021-09-15	negative_evidence	Negatome2-manual-stringent-line:364	Q68396	P29965	no_human_target_in_pinned_release	accepted	unresolved_endpoint
Negatome 2.0	manual_stringent_site_file_2021-09-15	negative_evidence	Negatome2-manual-stringent-line:365	Q68396	P32971	no_human_target_in_pinned_release	accepted	unresolved_endpoint
Negatome 2.0	manual_stringent_site_file_2021-09-15	negative_evidence	Negatome2-manual-stringent-line:366	Q68396	O43508	no_human_target_in_pinned_release	accepted	unresolved_endpoint
Negatome 2.0	manual_stringent_site_file_2021-09-15	negative_evidence	Negatome2-manual-stringent-line:367	Q68396	P41273	no_human_target_in_pinned_release	accepted	unresolved_endpoint
Negatome 2.0	manual_stringent_site_file_2021-09-15	negative_evidence	Negatome2-manual-stringent-line:368	Q68396	P43489	no_human_target_in_pinned_release	accepted	unresolved_endpoint
Negatome 2.0	manual_stringent_site_file_2021-09-15	negative_evidence	Negatome2-manual-stringent-line:369	Q68396	O75888	no_human_target_in_pinned_release	accepted	unresolved_endpoint
Negatome 2.0	manual_stringent_site_file_2021-09-15	negative_evidence	Negatome2-manual-stringent-line:370	Q68396	O14788	no_human_target_in_pinned_release	accepted	unresolved_endpoint
Negatome 2.0	manual_stringent_site_file_2021-09-15	negative_evidence	Negatome2-manual-stringent-line:371	Q68396	O95150	no_human_target_in_pinned_release	accepted	unresolved_endpoint
Negatome 2.0	manual_stringent_site_file_2021-09-15	negative_evidence	Negatome2-manual-stringent-line:377	P0A6A8	P0AG20	no_human_target_in_pinned_release	no_human_target_in_pinned_release	unresolved_endpoint
Negatome 2.0	manual_stringent_site_file_2021-09-15	negative_evidence	Negatome2-manual-stringent-line:378	P11084	P30154	no_human_target_in_pinned_release	accepted	unresolved_endpoint
Negatome 2.0	manual_stringent_site_file_2021-09-15	negative_evidence	Negatome2-manual-stringent-line:379	Q922H7	Q62432	no_human_target_in_pinned_release	no_human_target_in_pinned_release	unresolved_endpoint
Negatome 2.0	manual_stringent_site_file_2021-09-15	negative_evidence	Negatome2-manual-stringent-line:380	Q922H7	Q8BUN5	no_human_target_in_pinned_release	no_human_target_in_pinned_release	unresolved_endpoint
Negatome 2.0	manual_stringent_site_file_2021-09-15	negative_evidence	Negatome2-manual-stringent-line:381	Q922H7	P97471	no_human_target_in_pinned_release	no_human_target_in_pinned_release	unresolved_endpoint
Negatome 2.0	manual_stringent_site_file_2021-09-15	negative_evidence	Negatome2-manual-stringent-line:382	Q922H7	O35182	no_human_target_in_pinned_release	no_human_target_in_pinned_release	unresolved_endpoint
Negatome 2.0	manual_stringent_site_file_2021-09-15	negative_evidence	Negatome2-manual-stringent-line:383	Q922H7	O35253	no_human_target_in_pinned_release	no_human_target_in_pinned_release	unresolved_endpoint
Negatome 2.0	manual_stringent_site_file_2021-09-15	negative_evidence	Negatome2-manual-stringent-line:388	P49597	Q38898	no_human_target_in_pinned_release	no_human_target_in_pinned_release	unresolved_endpoint
Negatome 2.0	manual_stringent_site_file_2021-09-15	negative_evidence	Negatome2-manual-stringent-line:390	P18627	P04578	accepted	no_human_target_in_pinned_release	unresolved_endpoint
Negatome 2.0	manual_stringent_site_file_2021-09-15	negative_evidence	Negatome2-manual-stringent-line:391	Q9Y4K3	Q14653	unmapped_in_pinned_uniprot_release	accepted	unresolved_endpoint
Negatome 2.0	manual_stringent_site_file_2021-09-15	negative_evidence	Negatome2-manual-stringent-line:392	Q8W420	Q9LVG4	no_human_target_in_pinned_release	unmapped_in_pinned_uniprot_release	unresolved_endpoint
Negatome 2.0	manual_stringent_site_file_2021-09-15	negative_evidence	Negatome2-manual-stringent-line:393	Q8W420	Q93WK5	no_human_target_in_pinned_release	no_human_target_in_pinned_release	unresolved_endpoint
Negatome 2.0	manual_stringent_site_file_2021-09-15	negative_evidence	Negatome2-manual-stringent-line:394	Q8W420	Q8L500	no_human_target_in_pinned_release	no_human_target_in_pinned_release	unresolved_endpoint
Negatome 2.0	manual_stringent_site_file_2021-09-15	negative_evidence	Negatome2-manual-stringent-line:395	Q8W420	P92973	no_human_target_in_pinned_release	no_human_target_in_pinned_release	unresolved_endpoint
Negatome 2.0	manual_stringent_site_file_2021-09-15	negative_evidence	Negatome2-manual-stringent-line:396	Q8W420	Q6R0H1	no_human_target_in_pinned_release	no_human_target_in_pinned_release	unresolved_endpoint
Negatome 2.0	manual_stringent_site_file_2021-09-15	negative_evidence	Negatome2-manual-stringent-line:397	P21183	P04401	no_human_target_in_pinned_release	no_human_target_in_pinned_release	unresolved_endpoint
Negatome 2.0	manual_stringent_site_file_2021-09-15	negative_evidence	Negatome2-manual-stringent-line:398	P27699	Q8R4I4	no_human_target_in_pinned_release	no_human_target_in_pinned_release	unresolved_endpoint
Negatome 2.0	manual_stringent_site_file_2021-09-15	negative_evidence	Negatome2-manual-stringent-line:399	P03255	O00499	no_human_target_in_pinned_release	accepted	unresolved_endpoint
Negatome 2.0	manual_stringent_site_file_2021-09-15	negative_evidence	Negatome2-manual-stringent-line:400	B7Z018	Q02870	no_human_target_in_pinned_release	no_human_target_in_pinned_release	unresolved_endpoint
Negatome 2.0	manual_stringent_site_file_2021-09-15	negative_evidence	Negatome2-manual-stringent-line:401	B9EKI3	P42224	no_human_target_in_pinned_release	accepted	unresolved_endpoint
Negatome 2.0	manual_stringent_site_file_2021-09-15	negative_evidence	Negatome2-manual-stringent-line:403	I0LJR4	I0LL25	target_record_missing_from_pinned_snapshot	target_record_missing_from_pinned_snapshot	unresolved_endpoint
Negatome 2.0	manual_stringent_site_file_2021-09-15	negative_evidence	Negatome2-manual-stringent-line:404	Q8K094	Q9QZQ1	no_human_target_in_pinned_release	unmapped_in_pinned_uniprot_release	unresolved_endpoint
Negatome 2.0	manual_stringent_site_file_2021-09-15	negative_evidence	Negatome2-manual-stringent-line:405	P98078-3	D3ZUY8	isoform_specific_source_not_folded_to_canonical	no_human_target_in_pinned_release	unresolved_endpoint
Negatome 2.0	manual_stringent_site_file_2021-09-15	negative_evidence	Negatome2-manual-stringent-line:406	P98078-3	P08081	isoform_specific_source_not_folded_to_canonical	no_human_target_in_pinned_release	unresolved_endpoint
Negatome 2.0	manual_stringent_site_file_2021-09-15	negative_evidence	Negatome2-manual-stringent-line:409	P10745	P62157	accepted	no_human_target_in_pinned_release	unresolved_endpoint
Negatome 2.0	manual_stringent_site_file_2021-09-15	negative_evidence	Negatome2-manual-stringent-line:418	Q07832	Q61037	no_human_target_in_pinned_release	no_human_target_in_pinned_release	unresolved_endpoint
Negatome 2.0	manual_stringent_site_file_2021-09-15	negative_evidence	Negatome2-manual-stringent-line:419	Q9P0N9	P49815	unmapped_in_pinned_uniprot_release	accepted	unresolved_endpoint
Negatome 2.0	manual_stringent_site_file_2021-09-15	negative_evidence	Negatome2-manual-stringent-line:429	P63330	Q9EP53	no_human_target_in_pinned_release	unmapped_in_pinned_uniprot_release	unresolved_endpoint
Negatome 2.0	manual_stringent_site_file_2021-09-15	negative_evidence	Negatome2-manual-stringent-line:430	O94907	Q9BQB4	accepted	unmapped_in_pinned_uniprot_release	unresolved_endpoint
Negatome 2.0	manual_stringent_site_file_2021-09-15	negative_evidence	Negatome2-manual-stringent-line:434	O26901	P0AGE0	no_human_target_in_pinned_release	no_human_target_in_pinned_release	unresolved_endpoint
Negatome 2.0	manual_stringent_site_file_2021-09-15	negative_evidence	Negatome2-manual-stringent-line:436	P00973	Q9UIS9	accepted	unmapped_in_pinned_uniprot_release	unresolved_endpoint
Negatome 2.0	manual_stringent_site_file_2021-09-15	negative_evidence	Negatome2-manual-stringent-line:438	O24456	P49177	no_human_target_in_pinned_release	no_human_target_in_pinned_release	unresolved_endpoint
Negatome 2.0	manual_stringent_site_file_2021-09-15	negative_evidence	Negatome2-manual-stringent-line:439	P02769	P00747	no_human_target_in_pinned_release	accepted	unresolved_endpoint
Negatome 2.0	manual_stringent_site_file_2021-09-15	negative_evidence	Negatome2-manual-stringent-line:440	Q9H2X6	Q00987	unmapped_in_pinned_uniprot_release	accepted	unresolved_endpoint
Negatome 2.0	manual_stringent_site_file_2021-09-15	negative_evidence	Negatome2-manual-stringent-line:441	P15692-8	O14786	isoform_specific_source_not_folded_to_canonical	accepted	unresolved_endpoint
Negatome 2.0	manual_stringent_site_file_2021-09-15	negative_evidence	Negatome2-manual-stringent-line:442	P51680	P10855	no_human_target_in_pinned_release	no_human_target_in_pinned_release	unresolved_endpoint
Negatome 2.0	manual_stringent_site_file_2021-09-15	negative_evidence	Negatome2-manual-stringent-line:443	P51680	P30882	no_human_target_in_pinned_release	no_human_target_in_pinned_release	unresolved_endpoint
Negatome 2.0	manual_stringent_site_file_2021-09-15	negative_evidence	Negatome2-manual-stringent-line:444	P51680	P14097	no_human_target_in_pinned_release	no_human_target_in_pinned_release	unresolved_endpoint
Negatome 2.0	manual_stringent_site_file_2021-09-15	negative_evidence	Negatome2-manual-stringent-line:445	P35240-1	P15311	isoform_specific_source_not_folded_to_canonical	accepted	unresolved_endpoint
Negatome 2.0	manual_stringent_site_file_2021-09-15	negative_evidence	Negatome2-manual-stringent-line:446	Q9H204	P26038	unmapped_in_pinned_uniprot_release	accepted	unresolved_endpoint
Negatome 2.0	manual_stringent_site_file_2021-09-15	negative_evidence	Negatome2-manual-stringent-line:448	Q8R0L9	P03372	no_human_target_in_pinned_release	accepted	unresolved_endpoint
Negatome 2.0	manual_stringent_site_file_2021-09-15	negative_evidence	Negatome2-manual-stringent-line:449	P32494	P10276	no_human_target_in_pinned_release	accepted	unresolved_endpoint
Negatome 2.0	manual_stringent_site_file_2021-09-15	negative_evidence	Negatome2-manual-stringent-line:452	Q9CZA6	P15331	unmapped_in_pinned_uniprot_release	no_human_target_in_pinned_release	unresolved_endpoint
Negatome 2.0	manual_stringent_site_file_2021-09-15	negative_evidence	Negatome2-manual-stringent-line:453	Q9YP87	P09225	unmapped_in_pinned_uniprot_release	no_human_target_in_pinned_release	unresolved_endpoint
Negatome 2.0	manual_stringent_site_file_2021-09-15	negative_evidence	Negatome2-manual-stringent-line:454	Q9YP87	Q06643	unmapped_in_pinned_uniprot_release	accepted	unresolved_endpoint
Negatome 2.0	manual_stringent_site_file_2021-09-15	negative_evidence	Negatome2-manual-stringent-line:455	Q9YP87	P32970	unmapped_in_pinned_uniprot_release	accepted	unresolved_endpoint
Negatome 2.0	manual_stringent_site_file_2021-09-15	negative_evidence	Negatome2-manual-stringent-line:456	Q9YP87	P32971	unmapped_in_pinned_uniprot_release	accepted	unresolved_endpoint
Negatome 2.0	manual_stringent_site_file_2021-09-15	negative_evidence	Negatome2-manual-stringent-line:457	Q9YP87	P32972	unmapped_in_pinned_uniprot_release	no_human_target_in_pinned_release	unresolved_endpoint
Negatome 2.0	manual_stringent_site_file_2021-09-15	negative_evidence	Negatome2-manual-stringent-line:458	Q9YP87	P29965	unmapped_in_pinned_uniprot_release	accepted	unresolved_endpoint
Negatome 2.0	manual_stringent_site_file_2021-09-15	negative_evidence	Negatome2-manual-stringent-line:459	Q9YP87	P27548	unmapped_in_pinned_uniprot_release	no_human_target_in_pinned_release	unresolved_endpoint
Negatome 2.0	manual_stringent_site_file_2021-09-15	negative_evidence	Negatome2-manual-stringent-line:460	Q9YP87	P41273	unmapped_in_pinned_uniprot_release	accepted	unresolved_endpoint
Negatome 2.0	manual_stringent_site_file_2021-09-15	negative_evidence	Negatome2-manual-stringent-line:461	Q9YP87	P41274	unmapped_in_pinned_uniprot_release	no_human_target_in_pinned_release	unresolved_endpoint
Negatome 2.0	manual_stringent_site_file_2021-09-15	negative_evidence	Negatome2-manual-stringent-line:462	Q9YP87	P48023	unmapped_in_pinned_uniprot_release	accepted	unresolved_endpoint
Negatome 2.0	manual_stringent_site_file_2021-09-15	negative_evidence	Negatome2-manual-stringent-line:463	Q9YP87	P41047	unmapped_in_pinned_uniprot_release	no_human_target_in_pinned_release	unresolved_endpoint
Negatome 2.0	manual_stringent_site_file_2021-09-15	negative_evidence	Negatome2-manual-stringent-line:464	Q9YP87	P41155	unmapped_in_pinned_uniprot_release	no_human_target_in_pinned_release	unresolved_endpoint
Negatome 2.0	manual_stringent_site_file_2021-09-15	negative_evidence	Negatome2-manual-stringent-line:465	Q9YP87	P50591	unmapped_in_pinned_uniprot_release	accepted	unresolved_endpoint
Negatome 2.0	manual_stringent_site_file_2021-09-15	negative_evidence	Negatome2-manual-stringent-line:466	Q9YP87	P50592	unmapped_in_pinned_uniprot_release	no_human_target_in_pinned_release	unresolved_endpoint
Negatome 2.0	manual_stringent_site_file_2021-09-15	negative_evidence	Negatome2-manual-stringent-line:467	Q9YP87	P23510	unmapped_in_pinned_uniprot_release	accepted	unresolved_endpoint
Negatome 2.0	manual_stringent_site_file_2021-09-15	negative_evidence	Negatome2-manual-stringent-line:468	Q9YP87	P43488	unmapped_in_pinned_uniprot_release	no_human_target_in_pinned_release	unresolved_endpoint
Negatome 2.0	manual_stringent_site_file_2021-09-15	negative_evidence	Negatome2-manual-stringent-line:469	P06750	P97797	no_human_target_in_pinned_release	no_human_target_in_pinned_release	unresolved_endpoint
Negatome 2.0	manual_stringent_site_file_2021-09-15	negative_evidence	Negatome2-manual-stringent-line:470	Q8CJ26	P01139	no_human_target_in_pinned_release	no_human_target_in_pinned_release	unresolved_endpoint
Negatome 2.0	manual_stringent_site_file_2021-09-15	negative_evidence	Negatome2-manual-stringent-line:472	P59190	Q9UJ41	accepted	unmapped_in_pinned_uniprot_release	unresolved_endpoint
Negatome 2.0	manual_stringent_site_file_2021-09-15	negative_evidence	Negatome2-manual-stringent-line:473	Q10282	P27584	no_human_target_in_pinned_release	no_human_target_in_pinned_release	unresolved_endpoint
Negatome 2.0	manual_stringent_site_file_2021-09-15	negative_evidence	Negatome2-manual-stringent-line:478	P09951	P19491	no_human_target_in_pinned_release	no_human_target_in_pinned_release	unresolved_endpoint
Negatome 2.0	manual_stringent_site_file_2021-09-15	negative_evidence	Negatome2-manual-stringent-line:481	G5DGD4	O24017	no_human_target_in_pinned_release	no_human_target_in_pinned_release	unresolved_endpoint
Negatome 2.0	manual_stringent_site_file_2021-09-15	negative_evidence	Negatome2-manual-stringent-line:482	Q9SYV0	O24017	unmapped_in_pinned_uniprot_release	no_human_target_in_pinned_release	unresolved_endpoint
Negatome 2.0	manual_stringent_site_file_2021-09-15	negative_evidence	Negatome2-manual-stringent-line:483	K4CRX6	O24017	target_record_missing_from_pinned_snapshot	no_human_target_in_pinned_release	unresolved_endpoint
Negatome 2.0	manual_stringent_site_file_2021-09-15	negative_evidence	Negatome2-manual-stringent-line:485	O35718	P52332	no_human_target_in_pinned_release	no_human_target_in_pinned_release	unresolved_endpoint
Negatome 2.0	manual_stringent_site_file_2021-09-15	negative_evidence	Negatome2-manual-stringent-line:486	O35718	Q62120	no_human_target_in_pinned_release	no_human_target_in_pinned_release	unresolved_endpoint
Negatome 2.0	manual_stringent_site_file_2021-09-15	negative_evidence	Negatome2-manual-stringent-line:488	P15207	Q96RL1	no_human_target_in_pinned_release	accepted	unresolved_endpoint
Negatome 2.0	manual_stringent_site_file_2021-09-15	negative_evidence	Negatome2-manual-stringent-line:494	Q9NV88	Q9UKF6	unmapped_in_pinned_uniprot_release	unmapped_in_pinned_uniprot_release	unresolved_endpoint
Negatome 2.0	manual_stringent_site_file_2021-09-15	negative_evidence	Negatome2-manual-stringent-line:496	Q9NV88	Q10570	unmapped_in_pinned_uniprot_release	accepted	unresolved_endpoint
Negatome 2.0	manual_stringent_site_file_2021-09-15	negative_evidence	Negatome2-manual-stringent-line:497	P22607-3	P09038	isoform_specific_source_not_folded_to_canonical	accepted	unresolved_endpoint
Negatome 2.0	manual_stringent_site_file_2021-09-15	negative_evidence	Negatome2-manual-stringent-line:498	P22607-3	P21781	isoform_specific_source_not_folded_to_canonical	accepted	unresolved_endpoint
Negatome 2.0	manual_stringent_site_file_2021-09-15	negative_evidence	Negatome2-manual-stringent-line:500	P97946	P35918	no_human_target_in_pinned_release	no_human_target_in_pinned_release	unresolved_endpoint
Negatome 2.0	manual_stringent_site_file_2021-09-15	negative_evidence	Negatome2-manual-stringent-line:501	Q8K4N8	P70196	no_human_target_in_pinned_release	no_human_target_in_pinned_release	unresolved_endpoint
Negatome 2.0	manual_stringent_site_file_2021-09-15	negative_evidence	Negatome2-manual-stringent-line:502	P22897	P02769	accepted	no_human_target_in_pinned_release	unresolved_endpoint
Negatome 2.0	manual_stringent_site_file_2021-09-15	negative_evidence	Negatome2-manual-stringent-line:503	Q9NNX6	P02769	unmapped_in_pinned_uniprot_release	no_human_target_in_pinned_release	unresolved_endpoint
Negatome 2.0	manual_stringent_site_file_2021-09-15	negative_evidence	Negatome2-manual-stringent-line:504	Q9UI95	Q9Y6D9	unmapped_in_pinned_uniprot_release	unmapped_in_pinned_uniprot_release	unresolved_endpoint
Negatome 2.0	manual_stringent_site_file_2021-09-15	negative_evidence	Negatome2-manual-stringent-line:505	Q99650	P15018	unmapped_in_pinned_uniprot_release	accepted	unresolved_endpoint
Negatome 2.0	manual_stringent_site_file_2021-09-15	negative_evidence	Negatome2-manual-stringent-line:507	O08674	Q01705	no_human_target_in_pinned_release	no_human_target_in_pinned_release	unresolved_endpoint
Negatome 2.0	manual_stringent_site_file_2021-09-15	negative_evidence	Negatome2-manual-stringent-line:508	O08674	O35516	no_human_target_in_pinned_release	no_human_target_in_pinned_release	unresolved_endpoint
Negatome 2.0	manual_stringent_site_file_2021-09-15	negative_evidence	Negatome2-manual-stringent-line:509	O08674	Q61982	no_human_target_in_pinned_release	no_human_target_in_pinned_release	unresolved_endpoint
Negatome 2.0	manual_stringent_site_file_2021-09-15	negative_evidence	Negatome2-manual-stringent-line:510	O08674	P31695	no_human_target_in_pinned_release	no_human_target_in_pinned_release	unresolved_endpoint
Negatome 2.0	manual_stringent_site_file_2021-09-15	negative_evidence	Negatome2-manual-stringent-line:511	O08674	P12978	no_human_target_in_pinned_release	no_human_target_in_pinned_release	unresolved_endpoint
Negatome 2.0	manual_stringent_site_file_2021-09-15	negative_evidence	Negatome2-manual-stringent-line:512	P01857	P98086	accepted	no_human_target_in_pinned_release	unresolved_endpoint
Negatome 2.0	manual_stringent_site_file_2021-09-15	negative_evidence	Negatome2-manual-stringent-line:513	P01857	P26151	accepted	no_human_target_in_pinned_release	unresolved_endpoint
Negatome 2.0	manual_stringent_site_file_2021-09-15	negative_evidence	Negatome2-manual-stringent-line:514	C9WF17	Q26807	no_human_target_in_pinned_release	no_human_target_in_pinned_release	unresolved_endpoint
Negatome 2.0	manual_stringent_site_file_2021-09-15	negative_evidence	Negatome2-manual-stringent-line:515	P46662	Q61391	no_human_target_in_pinned_release	no_human_target_in_pinned_release	unresolved_endpoint
Negatome 2.0	manual_stringent_site_file_2021-09-15	negative_evidence	Negatome2-manual-stringent-line:516	P35917	Q00731	no_human_target_in_pinned_release	no_human_target_in_pinned_release	unresolved_endpoint
Negatome 2.0	manual_stringent_site_file_2021-09-15	negative_evidence	Negatome2-manual-stringent-line:524	Q6H3X3	P16757	accepted	no_human_target_in_pinned_release	unresolved_endpoint
Negatome 2.0	manual_stringent_site_file_2021-09-15	negative_evidence	Negatome2-manual-stringent-line:525	P03495	P05161	no_human_target_in_pinned_release	accepted	unresolved_endpoint
Negatome 2.0	manual_stringent_site_file_2021-09-15	negative_evidence	Negatome2-manual-stringent-line:526	Q80X44	O08734	no_human_target_in_pinned_release	no_human_target_in_pinned_release	unresolved_endpoint
Negatome 2.0	manual_stringent_site_file_2021-09-15	negative_evidence	Negatome2-manual-stringent-line:527	P63244	P27815-1	accepted	isoform_specific_source_not_folded_to_canonical	unresolved_endpoint
Negatome 2.0	manual_stringent_site_file_2021-09-15	negative_evidence	Negatome2-manual-stringent-line:528	P63244	Q07343-1	accepted	isoform_specific_source_not_folded_to_canonical	unresolved_endpoint
Negatome 2.0	manual_stringent_site_file_2021-09-15	negative_evidence	Negatome2-manual-stringent-line:529	P63244	Q07343-2	accepted	isoform_specific_source_not_folded_to_canonical	unresolved_endpoint
Negatome 2.0	manual_stringent_site_file_2021-09-15	negative_evidence	Negatome2-manual-stringent-line:530	P63244	Q07343-3	accepted	isoform_specific_source_not_folded_to_canonical	unresolved_endpoint
Negatome 2.0	manual_stringent_site_file_2021-09-15	negative_evidence	Negatome2-manual-stringent-line:531	P63244	Q08493-2	accepted	isoform_specific_source_not_folded_to_canonical	unresolved_endpoint
Negatome 2.0	manual_stringent_site_file_2021-09-15	negative_evidence	Negatome2-manual-stringent-line:532	P63244	Q08499-4	accepted	isoform_specific_source_not_folded_to_canonical	unresolved_endpoint
Negatome 2.0	manual_stringent_site_file_2021-09-15	negative_evidence	Negatome2-manual-stringent-line:533	P63244	Q08499-5	accepted	isoform_specific_source_not_folded_to_canonical	unresolved_endpoint
Negatome 2.0	manual_stringent_site_file_2021-09-15	negative_evidence	Negatome2-manual-stringent-line:534	P63244	Q08499-7	accepted	isoform_specific_source_not_folded_to_canonical	unresolved_endpoint
Negatome 2.0	manual_stringent_site_file_2021-09-15	negative_evidence	Negatome2-manual-stringent-line:535	P63244	Q08499-1	accepted	isoform_specific_source_not_folded_to_canonical	unresolved_endpoint
Negatome 2.0	manual_stringent_site_file_2021-09-15	negative_evidence	Negatome2-manual-stringent-line:536	Q08499-6	P35606	isoform_specific_source_not_folded_to_canonical	accepted	unresolved_endpoint
Negatome 2.0	manual_stringent_site_file_2021-09-15	negative_evidence	Negatome2-manual-stringent-line:537	Q08499-6	P62873	isoform_specific_source_not_folded_to_canonical	accepted	unresolved_endpoint
Negatome 2.0	manual_stringent_site_file_2021-09-15	negative_evidence	Negatome2-manual-stringent-line:538	P30658	P30658	no_human_target_in_pinned_release	no_human_target_in_pinned_release	unresolved_endpoint
Negatome 2.0	manual_stringent_site_file_2021-09-15	negative_evidence	Negatome2-manual-stringent-line:539	P56546	P30658	no_human_target_in_pinned_release	no_human_target_in_pinned_release	unresolved_endpoint
Negatome 2.0	manual_stringent_site_file_2021-09-15	negative_evidence	Negatome2-manual-stringent-line:543	Q9BQY9	P48729	unmapped_in_pinned_uniprot_release	accepted	unresolved_endpoint
Negatome 2.0	manual_stringent_site_file_2021-09-15	negative_evidence	Negatome2-manual-stringent-line:546	P06876	P02340	no_human_target_in_pinned_release	no_human_target_in_pinned_release	unresolved_endpoint
Negatome 2.0	manual_stringent_site_file_2021-09-15	negative_evidence	Negatome2-manual-stringent-line:550	P0A9H1	Q01831	no_human_target_in_pinned_release	accepted	unresolved_endpoint
Negatome 2.0	manual_stringent_site_file_2021-09-15	negative_evidence	Negatome2-manual-stringent-line:551	Q15910	Q9BQ52	accepted	unmapped_in_pinned_uniprot_release	unresolved_endpoint
Negatome 2.0	manual_stringent_site_file_2021-09-15	negative_evidence	Negatome2-manual-stringent-line:552	P25697	P25856	no_human_target_in_pinned_release	no_human_target_in_pinned_release	unresolved_endpoint
Negatome 2.0	manual_stringent_site_file_2021-09-15	negative_evidence	Negatome2-manual-stringent-line:553	P24786	P01139	no_human_target_in_pinned_release	no_human_target_in_pinned_release	unresolved_endpoint
Negatome 2.0	manual_stringent_site_file_2021-09-15	negative_evidence	Negatome2-manual-stringent-line:554	P24786	P21237	no_human_target_in_pinned_release	no_human_target_in_pinned_release	unresolved_endpoint
Negatome 2.0	manual_stringent_site_file_2021-09-15	negative_evidence	Negatome2-manual-stringent-line:556	P11632	Q02821	no_human_target_in_pinned_release	no_human_target_in_pinned_release	unresolved_endpoint
Negatome 2.0	manual_stringent_site_file_2021-09-15	negative_evidence	Negatome2-manual-stringent-line:557	G0TQZ9	Q9U6W1	target_record_missing_from_pinned_snapshot	unmapped_in_pinned_uniprot_release	unresolved_endpoint
Negatome 2.0	manual_stringent_site_file_2021-09-15	negative_evidence	Negatome2-manual-stringent-line:558	Q5FWY5	P54748-1	no_human_target_in_pinned_release	isoform_specific_source_not_folded_to_canonical	unresolved_endpoint
Negatome 2.0	manual_stringent_site_file_2021-09-15	negative_evidence	Negatome2-manual-stringent-line:559	Q5FWY5	P54748-2	no_human_target_in_pinned_release	isoform_specific_source_not_folded_to_canonical	unresolved_endpoint
Negatome 2.0	manual_stringent_site_file_2021-09-15	negative_evidence	Negatome2-manual-stringent-line:560	Q5FWY5	P14646-2	no_human_target_in_pinned_release	isoform_specific_source_not_folded_to_canonical	unresolved_endpoint
Negatome 2.0	manual_stringent_site_file_2021-09-15	negative_evidence	Negatome2-manual-stringent-line:561	Q5FWY5	P14646-1	no_human_target_in_pinned_release	isoform_specific_source_not_folded_to_canonical	unresolved_endpoint
Negatome 2.0	manual_stringent_site_file_2021-09-15	negative_evidence	Negatome2-manual-stringent-line:562	Q5FWY5	A1E347	no_human_target_in_pinned_release	no_human_target_in_pinned_release	unresolved_endpoint
Negatome 2.0	manual_stringent_site_file_2021-09-15	negative_evidence	Negatome2-manual-stringent-line:563	Q5FWY5	P14270-1	no_human_target_in_pinned_release	isoform_specific_source_not_folded_to_canonical	unresolved_endpoint
Negatome 2.0	manual_stringent_site_file_2021-09-15	negative_evidence	Negatome2-manual-stringent-line:564	Q5FWY5	P14270-5	no_human_target_in_pinned_release	isoform_specific_source_not_folded_to_canonical	unresolved_endpoint
Negatome 2.0	manual_stringent_site_file_2021-09-15	negative_evidence	Negatome2-manual-stringent-line:565	P54748-1	Q9JLG9	isoform_specific_source_not_folded_to_canonical	unmapped_in_pinned_uniprot_release	unresolved_endpoint
Negatome 2.0	manual_stringent_site_file_2021-09-15	negative_evidence	Negatome2-manual-stringent-line:566	P54748-1	Q9QVC8	isoform_specific_source_not_folded_to_canonical	unmapped_in_pinned_uniprot_release	unresolved_endpoint
Negatome 2.0	manual_stringent_site_file_2021-09-15	negative_evidence	Negatome2-manual-stringent-line:567	P54748-1	Q5U2T9	isoform_specific_source_not_folded_to_canonical	no_human_target_in_pinned_release	unresolved_endpoint
Negatome 2.0	manual_stringent_site_file_2021-09-15	negative_evidence	Negatome2-manual-stringent-line:568	P07620	P0A9A6	no_human_target_in_pinned_release	no_human_target_in_pinned_release	unresolved_endpoint
Negatome 2.0	manual_stringent_site_file_2021-09-15	negative_evidence	Negatome2-manual-stringent-line:569	P07621	P0A9A6	no_human_target_in_pinned_release	no_human_target_in_pinned_release	unresolved_endpoint
Negatome 2.0	manual_stringent_site_file_2021-09-15	negative_evidence	Negatome2-manual-stringent-line:570	P07620	P0A9X4	no_human_target_in_pinned_release	no_human_target_in_pinned_release	unresolved_endpoint
Negatome 2.0	manual_stringent_site_file_2021-09-15	negative_evidence	Negatome2-manual-stringent-line:571	P07621	P0A9X4	no_human_target_in_pinned_release	no_human_target_in_pinned_release	unresolved_endpoint
Negatome 2.0	manual_stringent_site_file_2021-09-15	negative_evidence	Negatome2-manual-stringent-line:572	P07620	P0ABH0	no_human_target_in_pinned_release	no_human_target_in_pinned_release	unresolved_endpoint
Negatome 2.0	manual_stringent_site_file_2021-09-15	negative_evidence	Negatome2-manual-stringent-line:573	P07621	P0ABH0	no_human_target_in_pinned_release	no_human_target_in_pinned_release	unresolved_endpoint
Negatome 2.0	manual_stringent_site_file_2021-09-15	negative_evidence	Negatome2-manual-stringent-line:574	P07620	P0A6S5	no_human_target_in_pinned_release	no_human_target_in_pinned_release	unresolved_endpoint
Negatome 2.0	manual_stringent_site_file_2021-09-15	negative_evidence	Negatome2-manual-stringent-line:575	P07621	P0A6S5	no_human_target_in_pinned_release	no_human_target_in_pinned_release	unresolved_endpoint
Negatome 2.0	manual_stringent_site_file_2021-09-15	negative_evidence	Negatome2-manual-stringent-line:576	P07620	P0AD68	no_human_target_in_pinned_release	no_human_target_in_pinned_release	unresolved_endpoint
Negatome 2.0	manual_stringent_site_file_2021-09-15	negative_evidence	Negatome2-manual-stringent-line:577	P07621	P0AD68	no_human_target_in_pinned_release	no_human_target_in_pinned_release	unresolved_endpoint
Negatome 2.0	manual_stringent_site_file_2021-09-15	negative_evidence	Negatome2-manual-stringent-line:578	P07620	P0AEN4	no_human_target_in_pinned_release	no_human_target_in_pinned_release	unresolved_endpoint
Negatome 2.0	manual_stringent_site_file_2021-09-15	negative_evidence	Negatome2-manual-stringent-line:579	P07621	P0AEN4	no_human_target_in_pinned_release	no_human_target_in_pinned_release	unresolved_endpoint
Negatome 2.0	manual_stringent_site_file_2021-09-15	negative_evidence	Negatome2-manual-stringent-line:580	P07620	P29131	no_human_target_in_pinned_release	no_human_target_in_pinned_release	unresolved_endpoint
Negatome 2.0	manual_stringent_site_file_2021-09-15	negative_evidence	Negatome2-manual-stringent-line:581	P07621	P29131	no_human_target_in_pinned_release	no_human_target_in_pinned_release	unresolved_endpoint
Negatome 2.0	manual_stringent_site_file_2021-09-15	negative_evidence	Negatome2-manual-stringent-line:582	P07620	P06136	no_human_target_in_pinned_release	no_human_target_in_pinned_release	unresolved_endpoint
Negatome 2.0	manual_stringent_site_file_2021-09-15	negative_evidence	Negatome2-manual-stringent-line:583	P07621	P06136	no_human_target_in_pinned_release	no_human_target_in_pinned_release	unresolved_endpoint
Negatome 2.0	manual_stringent_site_file_2021-09-15	negative_evidence	Negatome2-manual-stringent-line:584	P07620	P0ABG4	no_human_target_in_pinned_release	no_human_target_in_pinned_release	unresolved_endpoint
Negatome 2.0	manual_stringent_site_file_2021-09-15	negative_evidence	Negatome2-manual-stringent-line:585	P07621	P0ABG4	no_human_target_in_pinned_release	no_human_target_in_pinned_release	unresolved_endpoint
Negatome 2.0	manual_stringent_site_file_2021-09-15	negative_evidence	Negatome2-manual-stringent-line:586	P07620	P0AC30	no_human_target_in_pinned_release	no_human_target_in_pinned_release	unresolved_endpoint
Negatome 2.0	manual_stringent_site_file_2021-09-15	negative_evidence	Negatome2-manual-stringent-line:587	P07621	P0AC30	no_human_target_in_pinned_release	no_human_target_in_pinned_release	unresolved_endpoint
Negatome 2.0	manual_stringent_site_file_2021-09-15	negative_evidence	Negatome2-manual-stringent-line:589	Q15303-3	P27986	isoform_specific_source_not_folded_to_canonical	accepted	unresolved_endpoint
Negatome 2.0	manual_stringent_site_file_2021-09-15	negative_evidence	Negatome2-manual-stringent-line:590	P70434	B2RWS6	no_human_target_in_pinned_release	no_human_target_in_pinned_release	unresolved_endpoint
Negatome 2.0	manual_stringent_site_file_2021-09-15	negative_evidence	Negatome2-manual-stringent-line:591	P70671	B2RWS6	no_human_target_in_pinned_release	no_human_target_in_pinned_release	unresolved_endpoint
Negatome 2.0	manual_stringent_site_file_2021-09-15	negative_evidence	Negatome2-manual-stringent-line:593	Q96QF0	Q99909	accepted	unmapped_in_pinned_uniprot_release	unresolved_endpoint
Negatome 2.0	manual_stringent_site_file_2021-09-15	negative_evidence	Negatome2-manual-stringent-line:595	Q9Y2D8	Q16384	unmapped_in_pinned_uniprot_release	accepted	unresolved_endpoint
Negatome 2.0	manual_stringent_site_file_2021-09-15	negative_evidence	Negatome2-manual-stringent-line:596	Q9Y2D8	O60224	unmapped_in_pinned_uniprot_release	accepted	unresolved_endpoint
Negatome 2.0	manual_stringent_site_file_2021-09-15	negative_evidence	Negatome2-manual-stringent-line:597	P26955	P04351	no_human_target_in_pinned_release	no_human_target_in_pinned_release	unresolved_endpoint
Negatome 2.0	manual_stringent_site_file_2021-09-15	negative_evidence	Negatome2-manual-stringent-line:598	P26955	P08700	no_human_target_in_pinned_release	accepted	unresolved_endpoint
Negatome 2.0	manual_stringent_site_file_2021-09-15	negative_evidence	Negatome2-manual-stringent-line:599	P26955	P05112	no_human_target_in_pinned_release	accepted	unresolved_endpoint
Negatome 2.0	manual_stringent_site_file_2021-09-15	negative_evidence	Negatome2-manual-stringent-line:600	P26955	P01587	no_human_target_in_pinned_release	no_human_target_in_pinned_release	unresolved_endpoint
Negatome 2.0	manual_stringent_site_file_2021-09-15	negative_evidence	Negatome2-manual-stringent-line:601	P26955	P15247	no_human_target_in_pinned_release	no_human_target_in_pinned_release	unresolved_endpoint
Negatome 2.0	manual_stringent_site_file_2021-09-15	negative_evidence	Negatome2-manual-stringent-line:602	P26955	P07321	no_human_target_in_pinned_release	no_human_target_in_pinned_release	unresolved_endpoint
Negatome 2.0	manual_stringent_site_file_2021-09-15	negative_evidence	Negatome2-manual-stringent-line:603	B2ZZS9	H2LD76	no_human_target_in_pinned_release	no_human_target_in_pinned_release	unresolved_endpoint
Negatome 2.0	manual_stringent_site_file_2021-09-15	negative_evidence	Negatome2-manual-stringent-line:604	B2ZZS9	H2L8A6	no_human_target_in_pinned_release	no_human_target_in_pinned_release	unresolved_endpoint
Negatome 2.0	manual_stringent_site_file_2021-09-15	negative_evidence	Negatome2-manual-stringent-line:605	B2ZZS9	H2LUV9	no_human_target_in_pinned_release	no_human_target_in_pinned_release	unresolved_endpoint
Negatome 2.0	manual_stringent_site_file_2021-09-15	negative_evidence	Negatome2-manual-stringent-line:607	P02769	O27798	no_human_target_in_pinned_release	no_human_target_in_pinned_release	unresolved_endpoint
Negatome 2.0	manual_stringent_site_file_2021-09-15	negative_evidence	Negatome2-manual-stringent-line:609	Q9BUZ4	P25942	unmapped_in_pinned_uniprot_release	accepted	unresolved_endpoint
Negatome 2.0	manual_stringent_site_file_2021-09-15	negative_evidence	Negatome2-manual-stringent-line:610	Q9NRA1	P17948	unmapped_in_pinned_uniprot_release	accepted	unresolved_endpoint
Negatome 2.0	manual_stringent_site_file_2021-09-15	negative_evidence	Negatome2-manual-stringent-line:611	P21109	Q99733	no_human_target_in_pinned_release	unmapped_in_pinned_uniprot_release	unresolved_endpoint
Negatome 2.0	manual_stringent_site_file_2021-09-15	negative_evidence	Negatome2-manual-stringent-line:612	P21109	P09341	no_human_target_in_pinned_release	accepted	unresolved_endpoint
Negatome 2.0	manual_stringent_site_file_2021-09-15	negative_evidence	Negatome2-manual-stringent-line:613	P21109	P02776	no_human_target_in_pinned_release	accepted	unresolved_endpoint
Negatome 2.0	manual_stringent_site_file_2021-09-15	negative_evidence	Negatome2-manual-stringent-line:615	P19934	C4ZQ83	no_human_target_in_pinned_release	target_record_missing_from_pinned_snapshot	unresolved_endpoint
Negatome 2.0	manual_stringent_site_file_2021-09-15	negative_evidence	Negatome2-manual-stringent-line:616	P05943	P35213	no_human_target_in_pinned_release	no_human_target_in_pinned_release	unresolved_endpoint
Negatome 2.0	manual_stringent_site_file_2021-09-15	negative_evidence	Negatome2-manual-stringent-line:617	Q9EQW6	Q99MA9	unmapped_in_pinned_uniprot_release	unmapped_in_pinned_uniprot_release	unresolved_endpoint
Negatome 2.0	manual_stringent_site_file_2021-09-15	negative_evidence	Negatome2-manual-stringent-line:618	P42586	Q62414	no_human_target_in_pinned_release	no_human_target_in_pinned_release	unresolved_endpoint
Negatome 2.0	manual_stringent_site_file_2021-09-15	negative_evidence	Negatome2-manual-stringent-line:624	O00238	P12465	accepted	no_human_target_in_pinned_release	unresolved_endpoint
Negatome 2.0	manual_stringent_site_file_2021-09-15	negative_evidence	Negatome2-manual-stringent-line:632	P63329	P62161	no_human_target_in_pinned_release	no_human_target_in_pinned_release	unresolved_endpoint
Negatome 2.0	manual_stringent_site_file_2021-09-15	negative_evidence	Negatome2-manual-stringent-line:633	P02788	Q9NNX6	accepted	unmapped_in_pinned_uniprot_release	unresolved_endpoint
Negatome 2.0	manual_stringent_site_file_2021-09-15	negative_evidence	Negatome2-manual-stringent-line:634	P00709	Q9NNX6	accepted	unmapped_in_pinned_uniprot_release	unresolved_endpoint
Negatome 2.0	manual_stringent_site_file_2021-09-15	negative_evidence	Negatome2-manual-stringent-line:635	P61626	Q9NNX6	accepted	unmapped_in_pinned_uniprot_release	unresolved_endpoint
Negatome 2.0	manual_stringent_site_file_2021-09-15	negative_evidence	Negatome2-manual-stringent-line:636	P05814	Q9NNX6	accepted	unmapped_in_pinned_uniprot_release	unresolved_endpoint
Negatome 2.0	manual_stringent_site_file_2021-09-15	negative_evidence	Negatome2-manual-stringent-line:637	P03973	Q9NNX6	accepted	unmapped_in_pinned_uniprot_release	unresolved_endpoint
Negatome 2.0	manual_stringent_site_file_2021-09-15	negative_evidence	Negatome2-manual-stringent-line:638	P20917	P20917	no_human_target_in_pinned_release	no_human_target_in_pinned_release	unresolved_endpoint
Negatome 2.0	manual_stringent_site_file_2021-09-15	negative_evidence	Negatome2-manual-stringent-line:639	P20917	P11276	no_human_target_in_pinned_release	no_human_target_in_pinned_release	unresolved_endpoint
Negatome 2.0	manual_stringent_site_file_2021-09-15	negative_evidence	Negatome2-manual-stringent-line:640	P20917	P13595	no_human_target_in_pinned_release	no_human_target_in_pinned_release	unresolved_endpoint
Negatome 2.0	manual_stringent_site_file_2021-09-15	negative_evidence	Negatome2-manual-stringent-line:643	P04163	P02540	no_human_target_in_pinned_release	no_human_target_in_pinned_release	unresolved_endpoint
Negatome 2.0	manual_stringent_site_file_2021-09-15	negative_evidence	Negatome2-manual-stringent-line:644	Q68CL8	P04049	no_human_target_in_pinned_release	accepted	unresolved_endpoint
Negatome 2.0	manual_stringent_site_file_2021-09-15	negative_evidence	Negatome2-manual-stringent-line:645	Q9JMB0	P05132	unmapped_in_pinned_uniprot_release	no_human_target_in_pinned_release	unresolved_endpoint
Negatome 2.0	manual_stringent_site_file_2021-09-15	negative_evidence	Negatome2-manual-stringent-line:646	Q9JMB0	P0C605	unmapped_in_pinned_uniprot_release	no_human_target_in_pinned_release	unresolved_endpoint
Negatome 2.0	manual_stringent_site_file_2021-09-15	negative_evidence	Negatome2-manual-stringent-line:647	Q9JMB0	Q61410	unmapped_in_pinned_uniprot_release	no_human_target_in_pinned_release	unresolved_endpoint
Negatome 2.0	manual_stringent_site_file_2021-09-15	negative_evidence	Negatome2-manual-stringent-line:648	O88346	Q61410	no_human_target_in_pinned_release	no_human_target_in_pinned_release	unresolved_endpoint
Negatome 2.0	manual_stringent_site_file_2021-09-15	negative_evidence	Negatome2-manual-stringent-line:649	O88346	P0C605	no_human_target_in_pinned_release	no_human_target_in_pinned_release	unresolved_endpoint
Negatome 2.0	manual_stringent_site_file_2021-09-15	negative_evidence	Negatome2-manual-stringent-line:651	Q15406	Q9Y618	accepted	unmapped_in_pinned_uniprot_release	unresolved_endpoint
Negatome 2.0	manual_stringent_site_file_2021-09-15	negative_evidence	Negatome2-manual-stringent-line:653	O04291	Q61501	no_human_target_in_pinned_release	no_human_target_in_pinned_release	unresolved_endpoint
Negatome 2.0	manual_stringent_site_file_2021-09-15	negative_evidence	Negatome2-manual-stringent-line:654	O04291	Q64701	no_human_target_in_pinned_release	no_human_target_in_pinned_release	unresolved_endpoint
Negatome 2.0	manual_stringent_site_file_2021-09-15	negative_evidence	Negatome2-manual-stringent-line:655	Q9JHR9	P19793	unmapped_in_pinned_uniprot_release	accepted	unresolved_endpoint
Negatome 2.0	manual_stringent_site_file_2021-09-15	negative_evidence	Negatome2-manual-stringent-line:656	Q9JHR9	P03372	unmapped_in_pinned_uniprot_release	accepted	unresolved_endpoint
Negatome 2.0	manual_stringent_site_file_2021-09-15	negative_evidence	Negatome2-manual-stringent-line:659	P12962	O00268	no_human_target_in_pinned_release	accepted	unresolved_endpoint
Negatome 2.0	manual_stringent_site_file_2021-09-15	negative_evidence	Negatome2-manual-stringent-line:663	Q62009	Q08024	no_human_target_in_pinned_release	no_human_target_in_pinned_release	unresolved_endpoint
Negatome 2.0	manual_stringent_site_file_2021-09-15	negative_evidence	Negatome2-manual-stringent-line:665	P13213	P03969	no_human_target_in_pinned_release	no_human_target_in_pinned_release	unresolved_endpoint
Negatome 2.0	manual_stringent_site_file_2021-09-15	negative_evidence	Negatome2-manual-stringent-line:667	P50570	Q9QPN3	accepted	unmapped_in_pinned_uniprot_release	unresolved_endpoint
Negatome 2.0	manual_stringent_site_file_2021-09-15	negative_evidence	Negatome2-manual-stringent-line:668	Q62424	P97471	no_human_target_in_pinned_release	no_human_target_in_pinned_release	unresolved_endpoint
Negatome 2.0	manual_stringent_site_file_2021-09-15	negative_evidence	Negatome2-manual-stringent-line:669	P70217	P97471	no_human_target_in_pinned_release	no_human_target_in_pinned_release	unresolved_endpoint
Negatome 2.0	manual_stringent_site_file_2021-09-15	negative_evidence	Negatome2-manual-stringent-line:671	P03393	P14753	no_human_target_in_pinned_release	no_human_target_in_pinned_release	unresolved_endpoint
Negatome 2.0	manual_stringent_site_file_2021-09-15	negative_evidence	Negatome2-manual-stringent-line:675	P62160	P02710	no_human_target_in_pinned_release	no_human_target_in_pinned_release	unresolved_endpoint
Negatome 2.0	manual_stringent_site_file_2021-09-15	negative_evidence	Negatome2-manual-stringent-line:679	P14151	Q05793	accepted	no_human_target_in_pinned_release	unresolved_endpoint
Negatome 2.0	manual_stringent_site_file_2021-09-15	negative_evidence	Negatome2-manual-stringent-line:680	P14151	A2ASQ1	accepted	no_human_target_in_pinned_release	unresolved_endpoint
Negatome 2.0	manual_stringent_site_file_2021-09-15	negative_evidence	Negatome2-manual-stringent-line:681	P14151	O35988	accepted	no_human_target_in_pinned_release	unresolved_endpoint
Negatome 2.0	manual_stringent_site_file_2021-09-15	negative_evidence	Negatome2-manual-stringent-line:683	P49459	Q9NW38	accepted	unmapped_in_pinned_uniprot_release	unresolved_endpoint
Negatome 2.0	manual_stringent_site_file_2021-09-15	negative_evidence	Negatome2-manual-stringent-line:684	C7GKY3	C7GP96	target_record_missing_from_pinned_snapshot	target_record_missing_from_pinned_snapshot	unresolved_endpoint
Negatome 2.0	manual_stringent_site_file_2021-09-15	negative_evidence	Negatome2-manual-stringent-line:685	C7GX20	C7GP96	target_record_missing_from_pinned_snapshot	target_record_missing_from_pinned_snapshot	unresolved_endpoint
Negatome 2.0	manual_stringent_site_file_2021-09-15	negative_evidence	Negatome2-manual-stringent-line:686	Q24468	P04202	no_human_target_in_pinned_release	no_human_target_in_pinned_release	unresolved_endpoint
Negatome 2.0	manual_stringent_site_file_2021-09-15	negative_evidence	Negatome2-manual-stringent-line:687	Q24468	P21274	no_human_target_in_pinned_release	no_human_target_in_pinned_release	unresolved_endpoint
Negatome 2.0	manual_stringent_site_file_2021-09-15	negative_evidence	Negatome2-manual-stringent-line:688	P0AFS3	P0A6F5	no_human_target_in_pinned_release	no_human_target_in_pinned_release	unresolved_endpoint
Negatome 2.0	manual_stringent_site_file_2021-09-15	negative_evidence	Negatome2-manual-stringent-line:690	P03169	P63279	no_human_target_in_pinned_release	accepted	unresolved_endpoint
Negatome 2.0	manual_stringent_site_file_2021-09-15	negative_evidence	Negatome2-manual-stringent-line:691	P03169	P63165	no_human_target_in_pinned_release	accepted	unresolved_endpoint
Negatome 2.0	manual_stringent_site_file_2021-09-15	negative_evidence	Negatome2-manual-stringent-line:692	Q9NZQ7	P10747	unmapped_in_pinned_uniprot_release	accepted	unresolved_endpoint
Negatome 2.0	manual_stringent_site_file_2021-09-15	negative_evidence	Negatome2-manual-stringent-line:693	Q9NZQ7	P16410	unmapped_in_pinned_uniprot_release	accepted	unresolved_endpoint
Negatome 2.0	manual_stringent_site_file_2021-09-15	negative_evidence	Negatome2-manual-stringent-line:694	Q9NZQ7	Q9Y6W8	unmapped_in_pinned_uniprot_release	unmapped_in_pinned_uniprot_release	unresolved_endpoint
Negatome 2.0	manual_stringent_site_file_2021-09-15	negative_evidence	Negatome2-manual-stringent-line:703	A4IFA9	Q07731	no_human_target_in_pinned_release	no_human_target_in_pinned_release	unresolved_endpoint
Negatome 2.0	manual_stringent_site_file_2021-09-15	negative_evidence	Negatome2-manual-stringent-line:704	P07949	Q07731	accepted	no_human_target_in_pinned_release	unresolved_endpoint
Negatome 2.0	manual_stringent_site_file_2021-09-15	negative_evidence	Negatome2-manual-stringent-line:705	Q9VZ23	P34021	unmapped_in_pinned_uniprot_release	no_human_target_in_pinned_release	unresolved_endpoint
Negatome 2.0	manual_stringent_site_file_2021-09-15	negative_evidence	Negatome2-manual-stringent-line:706	Q9VZ23	P20153	unmapped_in_pinned_uniprot_release	no_human_target_in_pinned_release	unresolved_endpoint
Negatome 2.0	manual_stringent_site_file_2021-09-15	negative_evidence	Negatome2-manual-stringent-line:707	P20153	Q9TVM2	no_human_target_in_pinned_release	unmapped_in_pinned_uniprot_release	unresolved_endpoint
Negatome 2.0	manual_stringent_site_file_2021-09-15	negative_evidence	Negatome2-manual-stringent-line:708	P00772	P22298	no_human_target_in_pinned_release	no_human_target_in_pinned_release	unresolved_endpoint
Negatome 2.0	manual_stringent_site_file_2021-09-15	negative_evidence	Negatome2-manual-stringent-line:709	Q61635	Q9QZ85	no_human_target_in_pinned_release	unmapped_in_pinned_uniprot_release	unresolved_endpoint
Negatome 2.0	manual_stringent_site_file_2021-09-15	negative_evidence	Negatome2-manual-stringent-line:710	Q9FK13	Q9FIG9	unmapped_in_pinned_uniprot_release	unmapped_in_pinned_uniprot_release	unresolved_endpoint
Negatome 2.0	manual_stringent_site_file_2021-09-15	negative_evidence	Negatome2-manual-stringent-line:711	Q8VY16	Q42545	no_human_target_in_pinned_release	no_human_target_in_pinned_release	unresolved_endpoint
Negatome 2.0	manual_stringent_site_file_2021-09-15	negative_evidence	Negatome2-manual-stringent-line:712	Q8VY16	O82533	no_human_target_in_pinned_release	no_human_target_in_pinned_release	unresolved_endpoint
Negatome 2.0	manual_stringent_site_file_2021-09-15	negative_evidence	Negatome2-manual-stringent-line:713	Q07820-2	P10415	isoform_specific_source_not_folded_to_canonical	accepted	unresolved_endpoint
Negatome 2.0	manual_stringent_site_file_2021-09-15	negative_evidence	Negatome2-manual-stringent-line:714	Q07820-1	P10415	isoform_specific_source_not_folded_to_canonical	accepted	unresolved_endpoint
Negatome 2.0	manual_stringent_site_file_2021-09-15	negative_evidence	Negatome2-manual-stringent-line:715	Q07820-1	Q07817	isoform_specific_source_not_folded_to_canonical	accepted	unresolved_endpoint
Negatome 2.0	manual_stringent_site_file_2021-09-15	negative_evidence	Negatome2-manual-stringent-line:716	Q07820-1	Q92843	isoform_specific_source_not_folded_to_canonical	accepted	unresolved_endpoint
Negatome 2.0	manual_stringent_site_file_2021-09-15	negative_evidence	Negatome2-manual-stringent-line:717	Q07820-1	Q07820-1	isoform_specific_source_not_folded_to_canonical	isoform_specific_source_not_folded_to_canonical	unresolved_endpoint
Negatome 2.0	manual_stringent_site_file_2021-09-15	negative_evidence	Negatome2-manual-stringent-line:718	Q07820-2	Q07817	isoform_specific_source_not_folded_to_canonical	accepted	unresolved_endpoint
Negatome 2.0	manual_stringent_site_file_2021-09-15	negative_evidence	Negatome2-manual-stringent-line:719	Q07820-2	Q92843	isoform_specific_source_not_folded_to_canonical	accepted	unresolved_endpoint
Negatome 2.0	manual_stringent_site_file_2021-09-15	negative_evidence	Negatome2-manual-stringent-line:720	Q07820-2	Q07812	isoform_specific_source_not_folded_to_canonical	accepted	unresolved_endpoint
Negatome 2.0	manual_stringent_site_file_2021-09-15	negative_evidence	Negatome2-manual-stringent-line:721	Q07820-2	Q16611	isoform_specific_source_not_folded_to_canonical	accepted	unresolved_endpoint
Negatome 2.0	manual_stringent_site_file_2021-09-15	negative_evidence	Negatome2-manual-stringent-line:722	Q07820-2	O88498-1	isoform_specific_source_not_folded_to_canonical	isoform_specific_source_not_folded_to_canonical	unresolved_endpoint
Negatome 2.0	manual_stringent_site_file_2021-09-15	negative_evidence	Negatome2-manual-stringent-line:723	Q07820-2	O88498-3	isoform_specific_source_not_folded_to_canonical	isoform_specific_source_not_folded_to_canonical	unresolved_endpoint
Negatome 2.0	manual_stringent_site_file_2021-09-15	negative_evidence	Negatome2-manual-stringent-line:724	Q07820-2	O88498-4	isoform_specific_source_not_folded_to_canonical	isoform_specific_source_not_folded_to_canonical	unresolved_endpoint
Negatome 2.0	manual_stringent_site_file_2021-09-15	negative_evidence	Negatome2-manual-stringent-line:725	Q07820-2	Q07820-2	isoform_specific_source_not_folded_to_canonical	isoform_specific_source_not_folded_to_canonical	unresolved_endpoint
Negatome 2.0	manual_stringent_site_file_2021-09-15	negative_evidence	Negatome2-manual-stringent-line:726	P03255	P04637	no_human_target_in_pinned_release	accepted	unresolved_endpoint
Negatome 2.0	manual_stringent_site_file_2021-09-15	negative_evidence	Negatome2-manual-stringent-line:727	Q04047	Q08473	no_human_target_in_pinned_release	no_human_target_in_pinned_release	unresolved_endpoint
Negatome 2.0	manual_stringent_site_file_2021-09-15	negative_evidence	Negatome2-manual-stringent-line:728	Q80WE1	D3ZWB1	no_human_target_in_pinned_release	no_human_target_in_pinned_release	unresolved_endpoint
Negatome 2.0	manual_stringent_site_file_2021-09-15	negative_evidence	Negatome2-manual-stringent-line:729	Q505F1	Q60953	no_human_target_in_pinned_release	no_human_target_in_pinned_release	unresolved_endpoint
Negatome 2.0	manual_stringent_site_file_2021-09-15	negative_evidence	Negatome2-manual-stringent-line:730	Q62824	P23514	no_human_target_in_pinned_release	no_human_target_in_pinned_release	unresolved_endpoint
Negatome 2.0	manual_stringent_site_file_2021-09-15	negative_evidence	Negatome2-manual-stringent-line:731	Q62824	O88618	no_human_target_in_pinned_release	no_human_target_in_pinned_release	unresolved_endpoint
Negatome 2.0	manual_stringent_site_file_2021-09-15	negative_evidence	Negatome2-manual-stringent-line:732	Q62824	P28494	no_human_target_in_pinned_release	no_human_target_in_pinned_release	unresolved_endpoint
Negatome 2.0	manual_stringent_site_file_2021-09-15	negative_evidence	Negatome2-manual-stringent-line:733	P16778	Q07812	no_human_target_in_pinned_release	accepted	unresolved_endpoint
Negatome 2.0	manual_stringent_site_file_2021-09-15	negative_evidence	Negatome2-manual-stringent-line:734	P16778	P21796	no_human_target_in_pinned_release	accepted	unresolved_endpoint
Negatome 2.0	manual_stringent_site_file_2021-09-15	negative_evidence	Negatome2-manual-stringent-line:737	Q9S036	P08603-2	unmapped_in_pinned_uniprot_release	isoform_specific_source_not_folded_to_canonical	unresolved_endpoint
Negatome 2.0	manual_stringent_site_file_2021-09-15	negative_evidence	Negatome2-manual-stringent-line:738	Q44790	P08603-2	no_human_target_in_pinned_release	isoform_specific_source_not_folded_to_canonical	unresolved_endpoint
Negatome 2.0	manual_stringent_site_file_2021-09-15	negative_evidence	Negatome2-manual-stringent-line:739	G8JZS0	P08603-2	no_human_target_in_pinned_release	isoform_specific_source_not_folded_to_canonical	unresolved_endpoint
Negatome 2.0	manual_stringent_site_file_2021-09-15	negative_evidence	Negatome2-manual-stringent-line:740	O30916	P55072	no_human_target_in_pinned_release	accepted	unresolved_endpoint
Negatome 2.0	manual_stringent_site_file_2021-09-15	negative_evidence	Negatome2-manual-stringent-line:741	P0CL52	P55072	no_human_target_in_pinned_release	accepted	unresolved_endpoint
Negatome 2.0	manual_stringent_site_file_2021-09-15	negative_evidence	Negatome2-manual-stringent-line:742	Q8T3B2	Q20024	target_record_missing_from_pinned_snapshot	no_human_target_in_pinned_release	unresolved_endpoint
Negatome 2.0	manual_stringent_site_file_2021-09-15	negative_evidence	Negatome2-manual-stringent-line:743	P0C8E7	P13501	no_human_target_in_pinned_release	accepted	unresolved_endpoint
Negatome 2.0	manual_stringent_site_file_2021-09-15	negative_evidence	Negatome2-manual-stringent-line:744	P0C8E7	P10145	no_human_target_in_pinned_release	accepted	unresolved_endpoint
Negatome 2.0	manual_stringent_site_file_2021-09-15	negative_evidence	Negatome2-manual-stringent-line:745	P02769	Q06609	no_human_target_in_pinned_release	accepted	unresolved_endpoint
Negatome 2.0	manual_stringent_site_file_2021-09-15	negative_evidence	Negatome2-manual-stringent-line:746	P16054	Q91YM2	no_human_target_in_pinned_release	no_human_target_in_pinned_release	unresolved_endpoint
Negatome 2.0	manual_stringent_site_file_2021-09-15	negative_evidence	Negatome2-manual-stringent-line:747	Q9LZP8	Q01593	unmapped_in_pinned_uniprot_release	no_human_target_in_pinned_release	unresolved_endpoint
Negatome 2.0	manual_stringent_site_file_2021-09-15	negative_evidence	Negatome2-manual-stringent-line:748	Q9UPT6	P05067	unmapped_in_pinned_uniprot_release	accepted	unresolved_endpoint
Negatome 2.0	manual_stringent_site_file_2021-09-15	negative_evidence	Negatome2-manual-stringent-line:749	P19366	Q9LHE5	no_human_target_in_pinned_release	unmapped_in_pinned_uniprot_release	unresolved_endpoint
Negatome 2.0	manual_stringent_site_file_2021-09-15	negative_evidence	Negatome2-manual-stringent-line:750	Q9SRH5	Q9LHE5	unmapped_in_pinned_uniprot_release	unmapped_in_pinned_uniprot_release	unresolved_endpoint
Negatome 2.0	manual_stringent_site_file_2021-09-15	negative_evidence	Negatome2-manual-stringent-line:751	Q66100	Q9LHE5	no_human_target_in_pinned_release	unmapped_in_pinned_uniprot_release	unresolved_endpoint
Negatome 2.0	manual_stringent_site_file_2021-09-15	negative_evidence	Negatome2-manual-stringent-line:753	P63006	P19544	no_human_target_in_pinned_release	accepted	unresolved_endpoint
Negatome 2.0	manual_stringent_site_file_2021-09-15	negative_evidence	Negatome2-manual-stringent-line:757	Q61730	P01582	no_human_target_in_pinned_release	no_human_target_in_pinned_release	unresolved_endpoint
Negatome 2.0	manual_stringent_site_file_2021-09-15	negative_evidence	Negatome2-manual-stringent-line:760	O70355	P31041	no_human_target_in_pinned_release	no_human_target_in_pinned_release	unresolved_endpoint
Negatome 2.0	manual_stringent_site_file_2021-09-15	negative_evidence	Negatome2-manual-stringent-line:761	O70355	P09793	no_human_target_in_pinned_release	no_human_target_in_pinned_release	unresolved_endpoint
Negatome 2.0	manual_stringent_site_file_2021-09-15	negative_evidence	Negatome2-manual-stringent-line:762	O70355	P09793	no_human_target_in_pinned_release	no_human_target_in_pinned_release	unresolved_endpoint
Negatome 2.0	manual_stringent_site_file_2021-09-15	negative_evidence	Negatome2-manual-stringent-line:763	O70355	P09793	no_human_target_in_pinned_release	no_human_target_in_pinned_release	unresolved_endpoint
Negatome 2.0	manual_stringent_site_file_2021-09-15	negative_evidence	Negatome2-manual-stringent-line:764	O70355	P09793	no_human_target_in_pinned_release	no_human_target_in_pinned_release	unresolved_endpoint
Negatome 2.0	manual_stringent_site_file_2021-09-15	negative_evidence	Negatome2-manual-stringent-line:765	O70355	P09793	no_human_target_in_pinned_release	no_human_target_in_pinned_release	unresolved_endpoint
Negatome 2.0	manual_stringent_site_file_2021-09-15	negative_evidence	Negatome2-manual-stringent-line:766	O70355	P09793	no_human_target_in_pinned_release	no_human_target_in_pinned_release	unresolved_endpoint
Negatome 2.0	manual_stringent_site_file_2021-09-15	negative_evidence	Negatome2-manual-stringent-line:767	O70355	Q02242	no_human_target_in_pinned_release	no_human_target_in_pinned_release	unresolved_endpoint
Negatome 2.0	manual_stringent_site_file_2021-09-15	negative_evidence	Negatome2-manual-stringent-line:768	O70355	Q9WVS0	no_human_target_in_pinned_release	unmapped_in_pinned_uniprot_release	unresolved_endpoint
Negatome 2.0	manual_stringent_site_file_2021-09-15	negative_evidence	Negatome2-manual-stringent-line:769	O70355	Q7TSA3	no_human_target_in_pinned_release	no_human_target_in_pinned_release	unresolved_endpoint
Negatome 2.0	manual_stringent_site_file_2021-09-15	negative_evidence	Negatome2-manual-stringent-line:783	Q04771	P07200	accepted	no_human_target_in_pinned_release	unresolved_endpoint
Negatome 2.0	manual_stringent_site_file_2021-09-15	negative_evidence	Negatome2-manual-stringent-line:790	P13808	Q02357	no_human_target_in_pinned_release	no_human_target_in_pinned_release	unresolved_endpoint
Negatome 2.0	manual_stringent_site_file_2021-09-15	negative_evidence	Negatome2-manual-stringent-line:791	O12161	Q01105	no_human_target_in_pinned_release	accepted	unresolved_endpoint
Negatome 2.0	manual_stringent_site_file_2021-09-15	negative_evidence	Negatome2-manual-stringent-line:794	P30117	Q92985	no_human_target_in_pinned_release	accepted	unresolved_endpoint
Negatome 2.0	manual_stringent_site_file_2021-09-15	negative_evidence	Negatome2-manual-stringent-line:795	Q9J2K2	Q92985	unmapped_in_pinned_uniprot_release	accepted	unresolved_endpoint
Negatome 2.0	manual_stringent_site_file_2021-09-15	negative_evidence	Negatome2-manual-stringent-line:796	Q9UBW7	Q9UKL0	unmapped_in_pinned_uniprot_release	unmapped_in_pinned_uniprot_release	unresolved_endpoint
Negatome 2.0	manual_stringent_site_file_2021-09-15	negative_evidence	Negatome2-manual-stringent-line:797	Q76RI8	Q07812	no_human_target_in_pinned_release	accepted	unresolved_endpoint
Negatome 2.0	manual_stringent_site_file_2021-09-15	negative_evidence	Negatome2-manual-stringent-line:798	Q76RI8	Q16611	no_human_target_in_pinned_release	accepted	unresolved_endpoint
Negatome 2.0	manual_stringent_site_file_2021-09-15	negative_evidence	Negatome2-manual-stringent-line:799	P31016	P41350	no_human_target_in_pinned_release	no_human_target_in_pinned_release	unresolved_endpoint
Negatome 2.0	manual_stringent_site_file_2021-09-15	negative_evidence	Negatome2-manual-stringent-line:800	Q62227	Q60974	no_human_target_in_pinned_release	no_human_target_in_pinned_release	unresolved_endpoint
Negatome 2.0	manual_stringent_site_file_2021-09-15	negative_evidence	Negatome2-manual-stringent-line:804	P26955	P01586	no_human_target_in_pinned_release	no_human_target_in_pinned_release	unresolved_endpoint
Negatome 2.0	manual_stringent_site_file_2021-09-15	negative_evidence	Negatome2-manual-stringent-line:805	P26955	P01587	no_human_target_in_pinned_release	no_human_target_in_pinned_release	unresolved_endpoint
Negatome 2.0	manual_stringent_site_file_2021-09-15	negative_evidence	Negatome2-manual-stringent-line:806	P09056	P42702	no_human_target_in_pinned_release	accepted	unresolved_endpoint
Negatome 2.0	manual_stringent_site_file_2021-09-15	negative_evidence	Negatome2-manual-stringent-line:808	Q60841	O88689	no_human_target_in_pinned_release	no_human_target_in_pinned_release	unresolved_endpoint
Negatome 2.0	manual_stringent_site_file_2021-09-15	negative_evidence	Negatome2-manual-stringent-line:809	P32298-2	P62158	isoform_specific_source_not_folded_to_canonical	multiple_reviewed_human_targets	unresolved_endpoint
Negatome 2.0	manual_stringent_site_file_2021-09-15	negative_evidence	Negatome2-manual-stringent-line:810	P32298-4	P62158	isoform_specific_source_not_folded_to_canonical	multiple_reviewed_human_targets	unresolved_endpoint
Negatome 2.0	manual_stringent_site_file_2021-09-15	negative_evidence	Negatome2-manual-stringent-line:811	P32298-3	P62158	isoform_specific_source_not_folded_to_canonical	multiple_reviewed_human_targets	unresolved_endpoint
Negatome 2.0	manual_stringent_site_file_2021-09-15	negative_evidence	Negatome2-manual-stringent-line:812	P01140	P00757	no_human_target_in_pinned_release	no_human_target_in_pinned_release	unresolved_endpoint
Negatome 2.0	manual_stringent_site_file_2021-09-15	negative_evidence	Negatome2-manual-stringent-line:813	P01140	P00756	no_human_target_in_pinned_release	no_human_target_in_pinned_release	unresolved_endpoint
Negatome 2.0	manual_stringent_site_file_2021-09-15	negative_evidence	Negatome2-manual-stringent-line:818	Q62108	P28652	no_human_target_in_pinned_release	no_human_target_in_pinned_release	unresolved_endpoint
Negatome 2.0	manual_stringent_site_file_2021-09-15	negative_evidence	Negatome2-manual-stringent-line:819	Q62106	P23818	no_human_target_in_pinned_release	no_human_target_in_pinned_release	unresolved_endpoint
Negatome 2.0	manual_stringent_site_file_2021-09-15	negative_evidence	Negatome2-manual-stringent-line:820	P01582	Q61730	no_human_target_in_pinned_release	no_human_target_in_pinned_release	unresolved_endpoint
Negatome 2.0	manual_stringent_site_file_2021-09-15	negative_evidence	Negatome2-manual-stringent-line:822	P16471	P67930	accepted	no_human_target_in_pinned_release	unresolved_endpoint
Negatome 2.0	manual_stringent_site_file_2021-09-15	negative_evidence	Negatome2-manual-stringent-line:823	F1NVD2	P01346	target_record_missing_from_pinned_snapshot	no_human_target_in_pinned_release	unresolved_endpoint
Negatome 2.0	manual_stringent_site_file_2021-09-15	negative_evidence	Negatome2-manual-stringent-line:824	F1NVD2	P01344	target_record_missing_from_pinned_snapshot	accepted	unresolved_endpoint
Negatome 2.0	manual_stringent_site_file_2021-09-15	negative_evidence	Negatome2-manual-stringent-line:829	O00623	Q9Y5Y5	accepted	unmapped_in_pinned_uniprot_release	unresolved_endpoint
Negatome 2.0	manual_stringent_site_file_2021-09-15	negative_evidence	Negatome2-manual-stringent-line:832	O08599	Q8K1E0	no_human_target_in_pinned_release	no_human_target_in_pinned_release	unresolved_endpoint
Negatome 2.0	manual_stringent_site_file_2021-09-15	negative_evidence	Negatome2-manual-stringent-line:833	O08599	Q99N50	no_human_target_in_pinned_release	unmapped_in_pinned_uniprot_release	unresolved_endpoint
Negatome 2.0	manual_stringent_site_file_2021-09-15	negative_evidence	Negatome2-manual-stringent-line:836	O15116	Q9UK45	accepted	unmapped_in_pinned_uniprot_release	unresolved_endpoint
Negatome 2.0	manual_stringent_site_file_2021-09-15	negative_evidence	Negatome2-manual-stringent-line:838	O75400	Q9P2H0	accepted	unmapped_in_pinned_uniprot_release	unresolved_endpoint
Negatome 2.0	manual_stringent_site_file_2021-09-15	negative_evidence	Negatome2-manual-stringent-line:839	P05627	Q61768	no_human_target_in_pinned_release	no_human_target_in_pinned_release	unresolved_endpoint
Negatome 2.0	manual_stringent_site_file_2021-09-15	negative_evidence	Negatome2-manual-stringent-line:840	Q00262	Q99N50	no_human_target_in_pinned_release	unmapped_in_pinned_uniprot_release	unresolved_endpoint
Negatome 2.0	manual_stringent_site_file_2021-09-15	negative_evidence	Negatome2-manual-stringent-line:841	Q09028	Q9Y618	accepted	unmapped_in_pinned_uniprot_release	unresolved_endpoint
Negatome 2.0	manual_stringent_site_file_2021-09-15	negative_evidence	Negatome2-manual-stringent-line:843	Q6FHM7	Q9UBD5	accepted	unmapped_in_pinned_uniprot_release	unresolved_endpoint
Negatome 2.0	manual_stringent_site_file_2021-09-15	negative_evidence	Negatome2-manual-stringent-line:846	P42285	Q9NQT5	accepted	unmapped_in_pinned_uniprot_release	unresolved_endpoint
Negatome 2.0	manual_stringent_site_file_2021-09-15	negative_evidence	Negatome2-manual-stringent-line:848	P17679	Q9CQA5	no_human_target_in_pinned_release	unmapped_in_pinned_uniprot_release	unresolved_endpoint
Negatome 2.0	manual_stringent_site_file_2021-09-15	negative_evidence	Negatome2-manual-stringent-line:849	P48995	Q9UBN4	accepted	unmapped_in_pinned_uniprot_release	unresolved_endpoint
Negatome 2.0	manual_stringent_site_file_2021-09-15	negative_evidence	Negatome2-manual-stringent-line:850	Q8BPB5	Q9QZJ6	no_human_target_in_pinned_release	unmapped_in_pinned_uniprot_release	unresolved_endpoint
Negatome 2.0	manual_stringent_site_file_2021-09-15	negative_evidence	Negatome2-manual-stringent-line:851	Q8TEQ6	Q9H840	accepted	unmapped_in_pinned_uniprot_release	unresolved_endpoint
Negatome 2.0	manual_stringent_site_file_2021-09-15	negative_evidence	Negatome2-manual-stringent-line:853	Q8TDR0	Q9BUZ4	accepted	unmapped_in_pinned_uniprot_release	unresolved_endpoint
Negatome 2.0	manual_stringent_site_file_2021-09-15	negative_evidence	Negatome2-manual-stringent-line:855	P24385	Q9UBD5	accepted	unmapped_in_pinned_uniprot_release	unresolved_endpoint
Negatome 2.0	manual_stringent_site_file_2021-09-15	negative_evidence	Negatome2-manual-stringent-line:858	Q00262	Q80T23	no_human_target_in_pinned_release	no_human_target_in_pinned_release	unresolved_endpoint
Negatome 2.0	manual_stringent_site_file_2021-09-15	negative_evidence	Negatome2-manual-stringent-line:860	Q80T23	Q9WTL2	no_human_target_in_pinned_release	unmapped_in_pinned_uniprot_release	unresolved_endpoint
Negatome 2.0	manual_stringent_site_file_2021-09-15	negative_evidence	Negatome2-manual-stringent-line:861	Q04724	Q9BQ87	accepted	unmapped_in_pinned_uniprot_release	unresolved_endpoint
Negatome 2.0	manual_stringent_site_file_2021-09-15	negative_evidence	Negatome2-manual-stringent-line:862	Q8TDR0	Q9Y4K3	accepted	unmapped_in_pinned_uniprot_release	unresolved_endpoint
Negatome 2.0	manual_stringent_site_file_2021-09-15	negative_evidence	Negatome2-manual-stringent-line:864	P70452	Q549X6	no_human_target_in_pinned_release	no_human_target_in_pinned_release	unresolved_endpoint
Negatome 2.0	manual_stringent_site_file_2021-09-15	negative_evidence	Negatome2-manual-stringent-line:865	Q8K0S5	Q8K0T0	no_human_target_in_pinned_release	no_human_target_in_pinned_release	unresolved_endpoint
Negatome 2.0	manual_stringent_site_file_2021-09-15	negative_evidence	Negatome2-manual-stringent-line:866	Q9H2S9	Q9UHR5	unmapped_in_pinned_uniprot_release	unmapped_in_pinned_uniprot_release	unresolved_endpoint
Negatome 2.0	manual_stringent_site_file_2021-09-15	negative_evidence	Negatome2-manual-stringent-line:868	Q9NQX6	Q9UHR5	unmapped_in_pinned_uniprot_release	unmapped_in_pinned_uniprot_release	unresolved_endpoint
Negatome 2.0	manual_stringent_site_file_2021-09-15	negative_evidence	Negatome2-manual-stringent-line:869	Q93096	Q9UHX1	accepted	unmapped_in_pinned_uniprot_release	unresolved_endpoint
Negatome 2.0	manual_stringent_site_file_2021-09-15	negative_evidence	Negatome2-manual-stringent-line:870	P62821	Q80T23	no_human_target_in_pinned_release	no_human_target_in_pinned_release	unresolved_endpoint
Negatome 2.0	manual_stringent_site_file_2021-09-15	negative_evidence	Negatome2-manual-stringent-line:871	P70196	Q62523	no_human_target_in_pinned_release	no_human_target_in_pinned_release	unresolved_endpoint
Negatome 2.0	manual_stringent_site_file_2021-09-15	negative_evidence	Negatome2-manual-stringent-line:873	Q5RKV6	Q9NPD3	accepted	unmapped_in_pinned_uniprot_release	unresolved_endpoint
Negatome 2.0	manual_stringent_site_file_2021-09-15	negative_evidence	Negatome2-manual-stringent-line:875	P40424	Q9BQG0	accepted	unmapped_in_pinned_uniprot_release	unresolved_endpoint
Negatome 2.0	manual_stringent_site_file_2021-09-15	negative_evidence	Negatome2-manual-stringent-line:877	Q16891	Q9UKY1	accepted	unmapped_in_pinned_uniprot_release	unresolved_endpoint
Negatome 2.0	manual_stringent_site_file_2021-09-15	negative_evidence	Negatome2-manual-stringent-line:878	Q80T23	Q9JKM7	no_human_target_in_pinned_release	unmapped_in_pinned_uniprot_release	unresolved_endpoint
Negatome 2.0	manual_stringent_site_file_2021-09-15	negative_evidence	Negatome2-manual-stringent-line:879	Q5SNZ0	Q63210	no_human_target_in_pinned_release	no_human_target_in_pinned_release	unresolved_endpoint
Negatome 2.0	manual_stringent_site_file_2021-09-15	negative_evidence	Negatome2-manual-stringent-line:881	Q64704	Q99N50	no_human_target_in_pinned_release	unmapped_in_pinned_uniprot_release	unresolved_endpoint
Negatome 2.0	manual_stringent_site_file_2021-09-15	negative_evidence	Negatome2-manual-stringent-line:885	P62158	P62879	multiple_reviewed_human_targets	accepted	unresolved_endpoint
Negatome 2.0	manual_stringent_site_file_2021-09-15	negative_evidence	Negatome2-manual-stringent-line:886	P02554	Q8HY58	no_human_target_in_pinned_release	no_human_target_in_pinned_release	unresolved_endpoint
Negatome 2.0	manual_stringent_site_file_2021-09-15	negative_evidence	Negatome2-manual-stringent-line:887	Q93096	Q9H6S3	accepted	unmapped_in_pinned_uniprot_release	unresolved_endpoint
Negatome 2.0	manual_stringent_site_file_2021-09-15	negative_evidence	Negatome2-manual-stringent-line:888	O95271	P70371	accepted	no_human_target_in_pinned_release	unresolved_endpoint
Negatome 2.0	manual_stringent_site_file_2021-09-15	negative_evidence	Negatome2-manual-stringent-line:895	P62158	Q9H2S9	multiple_reviewed_human_targets	unmapped_in_pinned_uniprot_release	unresolved_endpoint
Negatome 2.0	manual_stringent_site_file_2021-09-15	negative_evidence	Negatome2-manual-stringent-line:896	Q8NI70	Q9P2H0	target_record_missing_from_pinned_snapshot	unmapped_in_pinned_uniprot_release	unresolved_endpoint
Negatome 2.0	manual_stringent_site_file_2021-09-15	negative_evidence	Negatome2-manual-stringent-line:897	Q92785	Q9H2S9	accepted	unmapped_in_pinned_uniprot_release	unresolved_endpoint
Negatome 2.0	manual_stringent_site_file_2021-09-15	negative_evidence	Negatome2-manual-stringent-line:899	P51150	Q80T23	no_human_target_in_pinned_release	no_human_target_in_pinned_release	unresolved_endpoint
Negatome 2.0	manual_stringent_site_file_2021-09-15	negative_evidence	Negatome2-manual-stringent-line:900	Q64729	Q8CIN4	no_human_target_in_pinned_release	no_human_target_in_pinned_release	unresolved_endpoint
Negatome 2.0	manual_stringent_site_file_2021-09-15	negative_evidence	Negatome2-manual-stringent-line:901	Q9NPD3	Q9NPD3	unmapped_in_pinned_uniprot_release	unmapped_in_pinned_uniprot_release	unresolved_endpoint
Negatome 2.0	manual_stringent_site_file_2021-09-15	negative_evidence	Negatome2-manual-stringent-line:903	P62312	Q9Y4Z0	accepted	unmapped_in_pinned_uniprot_release	unresolved_endpoint
Negatome 2.0	manual_stringent_site_file_2021-09-15	negative_evidence	Negatome2-manual-stringent-line:904	P97503	Q9Z2V6	no_human_target_in_pinned_release	unmapped_in_pinned_uniprot_release	unresolved_endpoint
Negatome 2.0	manual_stringent_site_file_2021-09-15	negative_evidence	Negatome2-manual-stringent-line:907	Q1M168	Q8CFN2	no_human_target_in_pinned_release	no_human_target_in_pinned_release	unresolved_endpoint
Negatome 2.0	manual_stringent_site_file_2021-09-15	negative_evidence	Negatome2-manual-stringent-line:910	Q71VB4	Q7TPV4	no_human_target_in_pinned_release	no_human_target_in_pinned_release	unresolved_endpoint
Negatome 2.0	manual_stringent_site_file_2021-09-15	negative_evidence	Negatome2-manual-stringent-line:911	Q9H2S9	Q9H2S9	unmapped_in_pinned_uniprot_release	unmapped_in_pinned_uniprot_release	unresolved_endpoint
Negatome 2.0	manual_stringent_site_file_2021-09-15	negative_evidence	Negatome2-manual-stringent-line:912	O43543	Q9BXW9	accepted	unmapped_in_pinned_uniprot_release	unresolved_endpoint
Negatome 2.0	manual_stringent_site_file_2021-09-15	negative_evidence	Negatome2-manual-stringent-line:915	P27601	Q76MZ3	no_human_target_in_pinned_release	no_human_target_in_pinned_release	unresolved_endpoint
Negatome 2.0	manual_stringent_site_file_2021-09-15	negative_evidence	Negatome2-manual-stringent-line:916	P35279	Q91V27	no_human_target_in_pinned_release	no_human_target_in_pinned_release	unresolved_endpoint
Negatome 2.0	manual_stringent_site_file_2021-09-15	negative_evidence	Negatome2-manual-stringent-line:917	Q12873	Q8NI70	accepted	target_record_missing_from_pinned_snapshot	unresolved_endpoint
Negatome 2.0	manual_stringent_site_file_2021-09-15	negative_evidence	Negatome2-manual-stringent-line:919	P61027	Q99N50	no_human_target_in_pinned_release	unmapped_in_pinned_uniprot_release	unresolved_endpoint
Negatome 2.0	manual_stringent_site_file_2021-09-15	negative_evidence	Negatome2-manual-stringent-line:920	P06685	Q01728	no_human_target_in_pinned_release	no_human_target_in_pinned_release	unresolved_endpoint
Negatome 2.0	manual_stringent_site_file_2021-09-15	negative_evidence	Negatome2-manual-stringent-line:922	P35285	Q91V27	no_human_target_in_pinned_release	no_human_target_in_pinned_release	unresolved_endpoint
Negatome 2.0	manual_stringent_site_file_2021-09-15	negative_evidence	Negatome2-manual-stringent-line:923	Q7L311	Q9H213	accepted	unmapped_in_pinned_uniprot_release	unresolved_endpoint
Negatome 2.0	manual_stringent_site_file_2021-09-15	negative_evidence	Negatome2-manual-stringent-line:924	Q8WYQ5	Q9HAV4	accepted	unmapped_in_pinned_uniprot_release	unresolved_endpoint
Negatome 2.0	manual_stringent_site_file_2021-09-15	negative_evidence	Negatome2-manual-stringent-line:925	Q9NQX6	Q9UH92	unmapped_in_pinned_uniprot_release	unmapped_in_pinned_uniprot_release	unresolved_endpoint
Negatome 2.0	manual_stringent_site_file_2021-09-15	negative_evidence	Negatome2-manual-stringent-line:926	P62310	Q9Y4Z0	accepted	unmapped_in_pinned_uniprot_release	unresolved_endpoint
Negatome 2.0	manual_stringent_site_file_2021-09-15	negative_evidence	Negatome2-manual-stringent-line:927	P28574	Q3UPW8	no_human_target_in_pinned_release	no_human_target_in_pinned_release	unresolved_endpoint
Negatome 2.0	manual_stringent_site_file_2021-09-15	negative_evidence	Negatome2-manual-stringent-line:930	Q16828	Q9UHR5	accepted	unmapped_in_pinned_uniprot_release	unresolved_endpoint
Negatome 2.0	manual_stringent_site_file_2021-09-15	negative_evidence	Negatome2-manual-stringent-line:931	O88895	P97503	no_human_target_in_pinned_release	no_human_target_in_pinned_release	unresolved_endpoint
Negatome 2.0	manual_stringent_site_file_2021-09-15	negative_evidence	Negatome2-manual-stringent-line:932	P07196	Q8NI70	accepted	target_record_missing_from_pinned_snapshot	unresolved_endpoint
Negatome 2.0	manual_stringent_site_file_2021-09-15	negative_evidence	Negatome2-manual-stringent-line:933	P18206	Q9HBI1	accepted	unmapped_in_pinned_uniprot_release	unresolved_endpoint
Negatome 2.0	manual_stringent_site_file_2021-09-15	negative_evidence	Negatome2-manual-stringent-line:935	Q70SY1	Q9UHX1	accepted	unmapped_in_pinned_uniprot_release	unresolved_endpoint
Negatome 2.0	manual_stringent_site_file_2021-09-15	negative_evidence	Negatome2-manual-stringent-line:936	P62158	Q02535	multiple_reviewed_human_targets	accepted	unresolved_endpoint
Negatome 2.0	manual_stringent_site_file_2021-09-15	negative_evidence	Negatome2-manual-stringent-line:937	P70196	Q8BFW7	no_human_target_in_pinned_release	no_human_target_in_pinned_release	unresolved_endpoint
Negatome 2.0	manual_stringent_site_file_2021-09-15	negative_evidence	Negatome2-manual-stringent-line:938	Q70SY1	Q9H6S3	accepted	unmapped_in_pinned_uniprot_release	unresolved_endpoint
Negatome 2.0	manual_stringent_site_file_2021-09-15	negative_evidence	Negatome2-manual-stringent-line:943	P45983	Q62132	accepted	no_human_target_in_pinned_release	unresolved_endpoint
Negatome 2.0	manual_stringent_site_file_2021-09-15	negative_evidence	Negatome2-manual-stringent-line:944	Q9Y3B2	Q9Y3B2	unmapped_in_pinned_uniprot_release	unmapped_in_pinned_uniprot_release	unresolved_endpoint
Negatome 2.0	manual_stringent_site_file_2021-09-15	negative_evidence	Negatome2-manual-stringent-line:945	Q9NQX6	Q9UHX1	unmapped_in_pinned_uniprot_release	unmapped_in_pinned_uniprot_release	unresolved_endpoint
Negatome 2.0	manual_stringent_site_file_2021-09-15	negative_evidence	Negatome2-manual-stringent-line:947	Q9WVB9	Q9Z136	unmapped_in_pinned_uniprot_release	unmapped_in_pinned_uniprot_release	unresolved_endpoint
Negatome 2.0	manual_stringent_site_file_2021-09-15	negative_evidence	Negatome2-manual-stringent-line:948	Q9Y2L1	Q9Y2L1	unmapped_in_pinned_uniprot_release	unmapped_in_pinned_uniprot_release	unresolved_endpoint
Negatome 2.0	manual_stringent_site_file_2021-09-15	negative_evidence	Negatome2-manual-stringent-line:951	Q06330	Q99708	accepted	unmapped_in_pinned_uniprot_release	unresolved_endpoint
Negatome 2.0	manual_stringent_site_file_2021-09-15	negative_evidence	Negatome2-manual-stringent-line:952	Q8TBX8	Q9H6S3	accepted	unmapped_in_pinned_uniprot_release	unresolved_endpoint
Negatome 2.0	manual_stringent_site_file_2021-09-15	negative_evidence	Negatome2-manual-stringent-line:959	P06400	Q9NX02	accepted	unmapped_in_pinned_uniprot_release	unresolved_endpoint
Negatome 2.0	manual_stringent_site_file_2021-09-15	negative_evidence	Negatome2-manual-stringent-line:960	P18847	Q9H9D4	accepted	unmapped_in_pinned_uniprot_release	unresolved_endpoint
Negatome 2.0	manual_stringent_site_file_2021-09-15	negative_evidence	Negatome2-manual-stringent-line:961	Q70SY1	Q9UH92	accepted	unmapped_in_pinned_uniprot_release	unresolved_endpoint
Negatome 2.0	manual_stringent_site_file_2021-09-15	negative_evidence	Negatome2-manual-stringent-line:962	Q9Y333	Q9Y4Y9	unmapped_in_pinned_uniprot_release	unmapped_in_pinned_uniprot_release	unresolved_endpoint
Negatome 2.0	manual_stringent_site_file_2021-09-15	negative_evidence	Negatome2-manual-stringent-line:963	P18901	Q9QUL6	no_human_target_in_pinned_release	unmapped_in_pinned_uniprot_release	unresolved_endpoint
Negatome 2.0	manual_stringent_site_file_2021-09-15	negative_evidence	Negatome2-manual-stringent-line:964	Q14192	Q9UH92	accepted	unmapped_in_pinned_uniprot_release	unresolved_endpoint
Negatome 2.0	manual_stringent_site_file_2021-09-15	negative_evidence	Negatome2-manual-stringent-line:965	Q01728	Q3T1J5	no_human_target_in_pinned_release	no_human_target_in_pinned_release	unresolved_endpoint
Negatome 2.0	manual_stringent_site_file_2021-09-15	negative_evidence	Negatome2-manual-stringent-line:970	P27361	Q9H2B2	accepted	unmapped_in_pinned_uniprot_release	unresolved_endpoint
Negatome 2.0	manual_stringent_site_file_2021-09-15	negative_evidence	Negatome2-manual-stringent-line:971	P49185	Q5U2N4	no_human_target_in_pinned_release	no_human_target_in_pinned_release	unresolved_endpoint
Negatome 2.0	manual_stringent_site_file_2021-09-15	negative_evidence	Negatome2-manual-stringent-line:974	P62158	Q14192	multiple_reviewed_human_targets	accepted	unresolved_endpoint
Negatome 2.0	manual_stringent_site_file_2021-09-15	negative_evidence	Negatome2-manual-stringent-line:976	Q49AN0	Q9UKT4	accepted	unmapped_in_pinned_uniprot_release	unresolved_endpoint
Negatome 2.0	manual_stringent_site_file_2021-09-15	negative_evidence	Negatome2-manual-stringent-line:977	Q68DY1	Q9UHX1	accepted	unmapped_in_pinned_uniprot_release	unresolved_endpoint
Negatome 2.0	manual_stringent_site_file_2021-09-15	negative_evidence	Negatome2-manual-stringent-line:980	Q7TMS5	Q9DBM0	no_human_target_in_pinned_release	unmapped_in_pinned_uniprot_release	unresolved_endpoint
Negatome 2.0	manual_stringent_site_file_2021-09-15	negative_evidence	Negatome2-manual-stringent-line:982	Q548T0	Q549X6	no_human_target_in_pinned_release	no_human_target_in_pinned_release	unresolved_endpoint
Negatome 2.0	manual_stringent_site_file_2021-09-15	negative_evidence	Negatome2-manual-stringent-line:984	O55003	Q99JI6	no_human_target_in_pinned_release	unmapped_in_pinned_uniprot_release	unresolved_endpoint
Negatome 2.0	manual_stringent_site_file_2021-09-15	negative_evidence	Negatome2-manual-stringent-line:988	P21246	Q9UKY1	accepted	unmapped_in_pinned_uniprot_release	unresolved_endpoint
Negatome 2.0	manual_stringent_site_file_2021-09-15	negative_evidence	Negatome2-manual-stringent-line:989	P32851	P54282	no_human_target_in_pinned_release	no_human_target_in_pinned_release	unresolved_endpoint
Negatome 2.0	manual_stringent_site_file_2021-09-15	negative_evidence	Negatome2-manual-stringent-line:990	P62492	Q80T23	no_human_target_in_pinned_release	no_human_target_in_pinned_release	unresolved_endpoint
Negatome 2.0	manual_stringent_site_file_2021-09-15	negative_evidence	Negatome2-manual-stringent-line:993	Q68DY1	Q9UHR5	accepted	unmapped_in_pinned_uniprot_release	unresolved_endpoint
Negatome 2.0	manual_stringent_site_file_2021-09-15	negative_evidence	Negatome2-manual-stringent-line:996	O75175	Q9NQX6	accepted	unmapped_in_pinned_uniprot_release	unresolved_endpoint
Negatome 2.0	manual_stringent_site_file_2021-09-15	negative_evidence	Negatome2-manual-stringent-line:998	P15205	P62813	no_human_target_in_pinned_release	no_human_target_in_pinned_release	unresolved_endpoint
Negatome 2.0	manual_stringent_site_file_2021-09-15	negative_evidence	Negatome2-manual-stringent-line:999	Q8WTW3	Q9UP83	accepted	unmapped_in_pinned_uniprot_release	unresolved_endpoint
Negatome 2.0	manual_stringent_site_file_2021-09-15	negative_evidence	Negatome2-manual-stringent-line:1000	Q8TAU0	Q9UH92	accepted	unmapped_in_pinned_uniprot_release	unresolved_endpoint
Negatome 2.0	manual_stringent_site_file_2021-09-15	negative_evidence	Negatome2-manual-stringent-line:1003	Q9H6S3	Q9NQX6	unmapped_in_pinned_uniprot_release	unmapped_in_pinned_uniprot_release	unresolved_endpoint
Negatome 2.0	manual_stringent_site_file_2021-09-15	negative_evidence	Negatome2-manual-stringent-line:1004	P05696	Q62132	no_human_target_in_pinned_release	no_human_target_in_pinned_release	unresolved_endpoint
Negatome 2.0	manual_stringent_site_file_2021-09-15	negative_evidence	Negatome2-manual-stringent-line:1005	Q9H213	Q9P2H0	unmapped_in_pinned_uniprot_release	unmapped_in_pinned_uniprot_release	unresolved_endpoint
Negatome 2.0	manual_stringent_site_file_2021-09-15	negative_evidence	Negatome2-manual-stringent-line:1006	P62158	Q9UH92	multiple_reviewed_human_targets	unmapped_in_pinned_uniprot_release	unresolved_endpoint
Negatome 2.0	manual_stringent_site_file_2021-09-15	negative_evidence	Negatome2-manual-stringent-line:1008	P47709	P63045	no_human_target_in_pinned_release	no_human_target_in_pinned_release	unresolved_endpoint
Negatome 2.0	manual_stringent_site_file_2021-09-15	negative_evidence	Negatome2-manual-stringent-line:1009	P70644	Q9WU82	no_human_target_in_pinned_release	unmapped_in_pinned_uniprot_release	unresolved_endpoint
Negatome 2.0	manual_stringent_site_file_2021-09-15	negative_evidence	Negatome2-manual-stringent-line:1011	Q92785	Q9H9D4	accepted	unmapped_in_pinned_uniprot_release	unresolved_endpoint
Negatome 2.0	manual_stringent_site_file_2021-09-15	negative_evidence	Negatome2-manual-stringent-line:1013	Q549X6	Q64704	no_human_target_in_pinned_release	no_human_target_in_pinned_release	unresolved_endpoint
Negatome 2.0	manual_stringent_site_file_2021-09-15	negative_evidence	Negatome2-manual-stringent-line:1014	Q06265	Q9Y2L1	accepted	unmapped_in_pinned_uniprot_release	unresolved_endpoint
Negatome 2.0	manual_stringent_site_file_2021-09-15	negative_evidence	Negatome2-manual-stringent-line:1016	O35551	Q3UMR0	no_human_target_in_pinned_release	no_human_target_in_pinned_release	unresolved_endpoint
Negatome 2.0	manual_stringent_site_file_2021-09-15	negative_evidence	Negatome2-manual-stringent-line:1018	O43541	Q9UPN9	accepted	unmapped_in_pinned_uniprot_release	unresolved_endpoint
Negatome 2.0	manual_stringent_site_file_2021-09-15	negative_evidence	Negatome2-manual-stringent-line:1022	P01108	Q3UPW8	no_human_target_in_pinned_release	no_human_target_in_pinned_release	unresolved_endpoint
Negatome 2.0	manual_stringent_site_file_2021-09-15	negative_evidence	Negatome2-manual-stringent-line:1023	P02765	Q9Y6Q1	accepted	unmapped_in_pinned_uniprot_release	unresolved_endpoint
Negatome 2.0	manual_stringent_site_file_2021-09-15	negative_evidence	Negatome2-manual-stringent-line:1027	Q62312	Q8CIN4	no_human_target_in_pinned_release	no_human_target_in_pinned_release	unresolved_endpoint
Negatome 2.0	manual_stringent_site_file_2021-09-15	negative_evidence	Negatome2-manual-stringent-line:1028	Q92785	Q9UHX1	accepted	unmapped_in_pinned_uniprot_release	unresolved_endpoint
Negatome 2.0	manual_stringent_site_file_2021-09-15	negative_evidence	Negatome2-manual-stringent-line:1031	P17036	Q9H6S3	accepted	unmapped_in_pinned_uniprot_release	unresolved_endpoint
Negatome 2.0	manual_stringent_site_file_2021-09-15	negative_evidence	Negatome2-manual-stringent-line:1033	P55258	Q80T23	no_human_target_in_pinned_release	no_human_target_in_pinned_release	unresolved_endpoint
Negatome 2.0	manual_stringent_site_file_2021-09-15	negative_evidence	Negatome2-manual-stringent-line:1034	P97428	Q9Z0G0	no_human_target_in_pinned_release	unmapped_in_pinned_uniprot_release	unresolved_endpoint
Negatome 2.0	manual_stringent_site_file_2021-09-15	negative_evidence	Negatome2-manual-stringent-line:1035	Q15024	Q9NQT4	accepted	unmapped_in_pinned_uniprot_release	unresolved_endpoint
Negatome 2.0	manual_stringent_site_file_2021-09-15	negative_evidence	Negatome2-manual-stringent-line:1036	Q9Y5Y5	Q9Y5Y5	unmapped_in_pinned_uniprot_release	unmapped_in_pinned_uniprot_release	unresolved_endpoint
Negatome 2.0	manual_stringent_site_file_2021-09-15	negative_evidence	Negatome2-manual-stringent-line:1037	P17036	Q9H2S9	accepted	unmapped_in_pinned_uniprot_release	unresolved_endpoint
Negatome 2.0	manual_stringent_site_file_2021-09-15	negative_evidence	Negatome2-manual-stringent-line:1038	P17679	Q80YQ2	no_human_target_in_pinned_release	no_human_target_in_pinned_release	unresolved_endpoint
Negatome 2.0	manual_stringent_site_file_2021-09-15	negative_evidence	Negatome2-manual-stringent-line:1039	P62158	Q70SY1	multiple_reviewed_human_targets	accepted	unresolved_endpoint
Negatome 2.0	manual_stringent_site_file_2021-09-15	negative_evidence	Negatome2-manual-stringent-line:1041	Q16526	Q9H469	accepted	unmapped_in_pinned_uniprot_release	unresolved_endpoint
Negatome 2.0	manual_stringent_site_file_2021-09-15	negative_evidence	Negatome2-manual-stringent-line:1043	Q60770	Q64704	no_human_target_in_pinned_release	no_human_target_in_pinned_release	unresolved_endpoint
Negatome 2.0	manual_stringent_site_file_2021-09-15	negative_evidence	Negatome2-manual-stringent-line:1046	P61027	Q91V27	no_human_target_in_pinned_release	no_human_target_in_pinned_release	unresolved_endpoint
Negatome 2.0	manual_stringent_site_file_2021-09-15	negative_evidence	Negatome2-manual-stringent-line:1047	P62879	Q9UHR5	accepted	unmapped_in_pinned_uniprot_release	unresolved_endpoint
Negatome 2.0	manual_stringent_site_file_2021-09-15	negative_evidence	Negatome2-manual-stringent-line:1050	P62158	Q16828	multiple_reviewed_human_targets	accepted	unresolved_endpoint
Negatome 2.0	manual_stringent_site_file_2021-09-15	negative_evidence	Negatome2-manual-stringent-line:1053	O15116	Q9Y4Y9	accepted	unmapped_in_pinned_uniprot_release	unresolved_endpoint
Negatome 2.0	manual_stringent_site_file_2021-09-15	negative_evidence	Negatome2-manual-stringent-line:1057	P36915	Q9UH92	accepted	unmapped_in_pinned_uniprot_release	unresolved_endpoint
Negatome 2.0	manual_stringent_site_file_2021-09-15	negative_evidence	Negatome2-manual-stringent-line:1058	Q49AN0	Q9Y297	accepted	unmapped_in_pinned_uniprot_release	unresolved_endpoint
Negatome 2.0	manual_stringent_site_file_2021-09-15	negative_evidence	Negatome2-manual-stringent-line:1059	Q548T0	Q99N48	no_human_target_in_pinned_release	unmapped_in_pinned_uniprot_release	unresolved_endpoint
Negatome 2.0	manual_stringent_site_file_2021-09-15	negative_evidence	Negatome2-manual-stringent-line:1060	P15205	P63079	no_human_target_in_pinned_release	no_human_target_in_pinned_release	unresolved_endpoint
Negatome 2.0	manual_stringent_site_file_2021-09-15	negative_evidence	Negatome2-manual-stringent-line:1061	Q8TBX8	Q9UHX1	accepted	unmapped_in_pinned_uniprot_release	unresolved_endpoint
Negatome 2.0	manual_stringent_site_file_2021-09-15	negative_evidence	Negatome2-manual-stringent-line:1062	P63011	Q91V27	no_human_target_in_pinned_release	no_human_target_in_pinned_release	unresolved_endpoint
Negatome 2.0	manual_stringent_site_file_2021-09-15	negative_evidence	Negatome2-manual-stringent-line:1065	P17918	Q9ESU6	no_human_target_in_pinned_release	unmapped_in_pinned_uniprot_release	unresolved_endpoint
Negatome 2.0	manual_stringent_site_file_2021-09-15	negative_evidence	Negatome2-manual-stringent-line:1066	P35590	Q9Y5C1	accepted	unmapped_in_pinned_uniprot_release	unresolved_endpoint
Negatome 2.0	manual_stringent_site_file_2021-09-15	negative_evidence	Negatome2-manual-stringent-line:1067	Q7M6Z0	Q99P72	no_human_target_in_pinned_release	unmapped_in_pinned_uniprot_release	unresolved_endpoint
Negatome 2.0	manual_stringent_site_file_2021-09-15	negative_evidence	Negatome2-manual-stringent-line:1069	P63011	Q99N50	no_human_target_in_pinned_release	unmapped_in_pinned_uniprot_release	unresolved_endpoint
Negatome 2.0	manual_stringent_site_file_2021-09-15	negative_evidence	Negatome2-manual-stringent-line:1072	O95361	Q9ULZ3	accepted	unmapped_in_pinned_uniprot_release	unresolved_endpoint
Negatome 2.0	manual_stringent_site_file_2021-09-15	negative_evidence	Negatome2-manual-stringent-line:1074	P62158	Q93096	multiple_reviewed_human_targets	accepted	unresolved_endpoint
Negatome 2.0	manual_stringent_site_file_2021-09-15	negative_evidence	Negatome2-manual-stringent-line:1075	Q32MZ4	Q9UJU2	accepted	unmapped_in_pinned_uniprot_release	unresolved_endpoint
Negatome 2.0	manual_stringent_site_file_2021-09-15	negative_evidence	Negatome2-manual-stringent-line:1076	Q92730	Q9UHX1	accepted	unmapped_in_pinned_uniprot_release	unresolved_endpoint
Negatome 2.0	manual_stringent_site_file_2021-09-15	negative_evidence	Negatome2-manual-stringent-line:1077	O75175	Q9UDV6	accepted	unmapped_in_pinned_uniprot_release	unresolved_endpoint
Negatome 2.0	manual_stringent_site_file_2021-09-15	negative_evidence	Negatome2-manual-stringent-line:1078	P17036	Q9UHR5	accepted	unmapped_in_pinned_uniprot_release	unresolved_endpoint
Negatome 2.0	manual_stringent_site_file_2021-09-15	negative_evidence	Negatome2-manual-stringent-line:1079	P62879	Q9H6S3	accepted	unmapped_in_pinned_uniprot_release	unresolved_endpoint
Negatome 2.0	manual_stringent_site_file_2021-09-15	negative_evidence	Negatome2-manual-stringent-line:1081	Q68DY1	Q9NQX6	accepted	unmapped_in_pinned_uniprot_release	unresolved_endpoint
Negatome 2.0	manual_stringent_site_file_2021-09-15	negative_evidence	Negatome2-manual-stringent-line:1082	Q96MW5	Q9H9E3	accepted	unmapped_in_pinned_uniprot_release	unresolved_endpoint
Negatome 2.0	manual_stringent_site_file_2021-09-15	negative_evidence	Negatome2-manual-stringent-line:1083	P31150	Q9H9D4	accepted	unmapped_in_pinned_uniprot_release	unresolved_endpoint
Negatome 2.0	manual_stringent_site_file_2021-09-15	negative_evidence	Negatome2-manual-stringent-line:1084	Q91V27	Q9R0M6	no_human_target_in_pinned_release	unmapped_in_pinned_uniprot_release	unresolved_endpoint
Negatome 2.0	manual_stringent_site_file_2021-09-15	negative_evidence	Negatome2-manual-stringent-line:1085	P32851	P47709	no_human_target_in_pinned_release	no_human_target_in_pinned_release	unresolved_endpoint
Negatome 2.0	manual_stringent_site_file_2021-09-15	negative_evidence	Negatome2-manual-stringent-line:1086	Q9H6S3	Q9UDV6	unmapped_in_pinned_uniprot_release	unmapped_in_pinned_uniprot_release	unresolved_endpoint
Negatome 2.0	manual_stringent_site_file_2021-09-15	negative_evidence	Negatome2-manual-stringent-line:1091	Q13868	Q9Y2L1	accepted	unmapped_in_pinned_uniprot_release	unresolved_endpoint
Negatome 2.0	manual_stringent_site_file_2021-09-15	negative_evidence	Negatome2-manual-stringent-line:1093	Q16526	Q9UK97	accepted	unmapped_in_pinned_uniprot_release	unresolved_endpoint
Negatome 2.0	manual_stringent_site_file_2021-09-15	negative_evidence	Negatome2-manual-stringent-line:1094	O08915	P53762	no_human_target_in_pinned_release	no_human_target_in_pinned_release	unresolved_endpoint
Negatome 2.0	manual_stringent_site_file_2021-09-15	negative_evidence	Negatome2-manual-stringent-line:1095	O70622	Q7M6Z0	no_human_target_in_pinned_release	no_human_target_in_pinned_release	unresolved_endpoint
Negatome 2.0	manual_stringent_site_file_2021-09-15	negative_evidence	Negatome2-manual-stringent-line:1097	Q14565	Q9BXW9	accepted	unmapped_in_pinned_uniprot_release	unresolved_endpoint
Negatome 2.0	manual_stringent_site_file_2021-09-15	negative_evidence	Negatome2-manual-stringent-line:1098	O88777	Q99569	no_human_target_in_pinned_release	unmapped_in_pinned_uniprot_release	unresolved_endpoint
Negatome 2.0	manual_stringent_site_file_2021-09-15	negative_evidence	Negatome2-manual-stringent-line:1099	Q8N2W9	Q9P2H0	accepted	unmapped_in_pinned_uniprot_release	unresolved_endpoint
Negatome 2.0	manual_stringent_site_file_2021-09-15	negative_evidence	Negatome2-manual-stringent-line:1101	P62879	Q9UDV6	accepted	unmapped_in_pinned_uniprot_release	unresolved_endpoint
Negatome 2.0	manual_stringent_site_file_2021-09-15	negative_evidence	Negatome2-manual-stringent-line:1103	Q6P2Q9	Q9BUQ8	accepted	unmapped_in_pinned_uniprot_release	unresolved_endpoint
Negatome 2.0	manual_stringent_site_file_2021-09-15	negative_evidence	Negatome2-manual-stringent-line:1104	O08599	Q99N48	no_human_target_in_pinned_release	unmapped_in_pinned_uniprot_release	unresolved_endpoint
Negatome 2.0	manual_stringent_site_file_2021-09-15	negative_evidence	Negatome2-manual-stringent-line:1105	O15105	Q9UPN9	accepted	unmapped_in_pinned_uniprot_release	unresolved_endpoint
Negatome 2.0	manual_stringent_site_file_2021-09-15	negative_evidence	Negatome2-manual-stringent-line:1108	Q99547	Q9Y2L1	unmapped_in_pinned_uniprot_release	unmapped_in_pinned_uniprot_release	unresolved_endpoint
Negatome 2.0	manual_stringent_site_file_2021-09-15	negative_evidence	Negatome2-manual-stringent-line:1109	Q9Y333	Q9Y4Z0	unmapped_in_pinned_uniprot_release	unmapped_in_pinned_uniprot_release	unresolved_endpoint
Negatome 2.0	manual_stringent_site_file_2021-09-15	negative_evidence	Negatome2-manual-stringent-line:1110	P15205	P18508	no_human_target_in_pinned_release	no_human_target_in_pinned_release	unresolved_endpoint
Negatome 2.0	manual_stringent_site_file_2021-09-15	negative_evidence	Negatome2-manual-stringent-line:1111	P37397	P62161	no_human_target_in_pinned_release	no_human_target_in_pinned_release	unresolved_endpoint
Negatome 2.0	manual_stringent_site_file_2021-09-15	negative_evidence	Negatome2-manual-stringent-line:1113	Q15797	Q9UPN9	accepted	unmapped_in_pinned_uniprot_release	unresolved_endpoint
Negatome 2.0	manual_stringent_site_file_2021-09-15	negative_evidence	Negatome2-manual-stringent-line:1115	O35984	Q7TPV4	no_human_target_in_pinned_release	no_human_target_in_pinned_release	unresolved_endpoint
Negatome 2.0	manual_stringent_site_file_2021-09-15	negative_evidence	Negatome2-manual-stringent-line:1116	O54880	P60881	no_human_target_in_pinned_release	no_human_target_in_pinned_release	unresolved_endpoint
Negatome 2.0	manual_stringent_site_file_2021-09-15	negative_evidence	Negatome2-manual-stringent-line:1119	Q9UBD5	Q9UBD5	unmapped_in_pinned_uniprot_release	unmapped_in_pinned_uniprot_release	unresolved_endpoint
Negatome 2.0	manual_stringent_site_file_2021-09-15	negative_evidence	Negatome2-manual-stringent-line:1120	P19632	Q3T115	no_human_target_in_pinned_release	no_human_target_in_pinned_release	unresolved_endpoint
Negatome 2.0	manual_stringent_site_file_2021-09-15	negative_evidence	Negatome2-manual-stringent-line:1121	P60881	Q8VHQ7	no_human_target_in_pinned_release	no_human_target_in_pinned_release	unresolved_endpoint
Negatome 2.0	manual_stringent_site_file_2021-09-15	negative_evidence	Negatome2-manual-stringent-line:1122	Q60770	Q8K1E0	no_human_target_in_pinned_release	no_human_target_in_pinned_release	unresolved_endpoint
Negatome 2.0	manual_stringent_site_file_2021-09-15	negative_evidence	Negatome2-manual-stringent-line:1125	P03995	P05627	no_human_target_in_pinned_release	no_human_target_in_pinned_release	unresolved_endpoint
Negatome 2.0	manual_stringent_site_file_2021-09-15	negative_evidence	Negatome2-manual-stringent-line:1128	Q5T3J3	Q8NI70	accepted	target_record_missing_from_pinned_snapshot	unresolved_endpoint
Negatome 2.0	manual_stringent_site_file_2021-09-15	negative_evidence	Negatome2-manual-stringent-line:1129	P17036	P62158	accepted	multiple_reviewed_human_targets	unresolved_endpoint
Negatome 2.0	manual_stringent_site_file_2021-09-15	negative_evidence	Negatome2-manual-stringent-line:1132	P22561	P50462	no_human_target_in_pinned_release	no_human_target_in_pinned_release	unresolved_endpoint
Negatome 2.0	manual_stringent_site_file_2021-09-15	negative_evidence	Negatome2-manual-stringent-line:1134	Q14192	Q9H6S3	accepted	unmapped_in_pinned_uniprot_release	unresolved_endpoint
Negatome 2.0	manual_stringent_site_file_2021-09-15	negative_evidence	Negatome2-manual-stringent-line:1135	P18847	Q9NQX6	accepted	unmapped_in_pinned_uniprot_release	unresolved_endpoint
Negatome 2.0	manual_stringent_site_file_2021-09-15	negative_evidence	Negatome2-manual-stringent-line:1137	P08107	Q07812	multiple_reviewed_human_targets	accepted	unresolved_endpoint
Negatome 2.0	manual_stringent_site_file_2021-09-15	negative_evidence	Negatome2-manual-stringent-line:1140	Q8IUI8	Q99613	accepted	unmapped_in_pinned_uniprot_release	unresolved_endpoint
Negatome 2.0	manual_stringent_site_file_2021-09-15	negative_evidence	Negatome2-manual-stringent-line:1145	P62879	Q9H9D4	accepted	unmapped_in_pinned_uniprot_release	unresolved_endpoint
Negatome 2.0	manual_stringent_site_file_2021-09-15	negative_evidence	Negatome2-manual-stringent-line:1146	P55258	Q99N80	no_human_target_in_pinned_release	unmapped_in_pinned_uniprot_release	unresolved_endpoint
Negatome 2.0	manual_stringent_site_file_2021-09-15	negative_evidence	Negatome2-manual-stringent-line:1148	P28651	Q9ERP3	no_human_target_in_pinned_release	unmapped_in_pinned_uniprot_release	unresolved_endpoint
Negatome 2.0	manual_stringent_site_file_2021-09-15	negative_evidence	Negatome2-manual-stringent-line:1149	Q8TAU0	Q9H2S9	accepted	unmapped_in_pinned_uniprot_release	unresolved_endpoint
Negatome 2.0	manual_stringent_site_file_2021-09-15	negative_evidence	Negatome2-manual-stringent-line:1150	P35439	Q8K430	no_human_target_in_pinned_release	no_human_target_in_pinned_release	unresolved_endpoint
Negatome 2.0	manual_stringent_site_file_2021-09-15	negative_evidence	Negatome2-manual-stringent-line:1152	Q64704	Q80T23	no_human_target_in_pinned_release	no_human_target_in_pinned_release	unresolved_endpoint
Negatome 2.0	manual_stringent_site_file_2021-09-15	negative_evidence	Negatome2-manual-stringent-line:1155	O70622	Q8K0S5	no_human_target_in_pinned_release	no_human_target_in_pinned_release	unresolved_endpoint
Negatome 2.0	manual_stringent_site_file_2021-09-15	negative_evidence	Negatome2-manual-stringent-line:1163	P05627	Q6PER3	no_human_target_in_pinned_release	no_human_target_in_pinned_release	unresolved_endpoint
Negatome 2.0	manual_stringent_site_file_2021-09-15	negative_evidence	Negatome2-manual-stringent-line:1165	P15655	P18653	no_human_target_in_pinned_release	no_human_target_in_pinned_release	unresolved_endpoint
Negatome 2.0	manual_stringent_site_file_2021-09-15	negative_evidence	Negatome2-manual-stringent-line:1169	P42225	Q2EMV9	no_human_target_in_pinned_release	no_human_target_in_pinned_release	unresolved_endpoint
Negatome 2.0	manual_stringent_site_file_2021-09-15	negative_evidence	Negatome2-manual-stringent-line:1172	Q70SY1	Q9NQX6	accepted	unmapped_in_pinned_uniprot_release	unresolved_endpoint
Negatome 2.0	manual_stringent_site_file_2021-09-15	negative_evidence	Negatome2-manual-stringent-line:1173	P18848	Q9UH92	accepted	unmapped_in_pinned_uniprot_release	unresolved_endpoint
Negatome 2.0	manual_stringent_site_file_2021-09-15	negative_evidence	Negatome2-manual-stringent-line:1174	P62492	Q91V27	no_human_target_in_pinned_release	no_human_target_in_pinned_release	unresolved_endpoint
Negatome 2.0	manual_stringent_site_file_2021-09-15	negative_evidence	Negatome2-manual-stringent-line:1175	Q92730	Q9H6S3	accepted	unmapped_in_pinned_uniprot_release	unresolved_endpoint
Negatome 2.0	manual_stringent_site_file_2021-09-15	negative_evidence	Negatome2-manual-stringent-line:1176	O35718	P05532	no_human_target_in_pinned_release	no_human_target_in_pinned_release	unresolved_endpoint
Negatome 2.0	manual_stringent_site_file_2021-09-15	negative_evidence	Negatome2-manual-stringent-line:1178	P17679	Q9D7W5	no_human_target_in_pinned_release	unmapped_in_pinned_uniprot_release	unresolved_endpoint
Negatome 2.0	manual_stringent_site_file_2021-09-15	negative_evidence	Negatome2-manual-stringent-line:1182	P63011	Q99N80	no_human_target_in_pinned_release	unmapped_in_pinned_uniprot_release	unresolved_endpoint
Negatome 2.0	manual_stringent_site_file_2021-09-15	negative_evidence	Negatome2-manual-stringent-line:1183	P51141	Q9WV60	no_human_target_in_pinned_release	unmapped_in_pinned_uniprot_release	unresolved_endpoint
Negatome 2.0	manual_stringent_site_file_2021-09-15	negative_evidence	Negatome2-manual-stringent-line:1184	P13264	P62630	no_human_target_in_pinned_release	no_human_target_in_pinned_release	unresolved_endpoint
Negatome 2.0	manual_stringent_site_file_2021-09-15	negative_evidence	Negatome2-manual-stringent-line:1185	Q80T23	Q99KL7	no_human_target_in_pinned_release	unmapped_in_pinned_uniprot_release	unresolved_endpoint
Negatome 2.0	manual_stringent_site_file_2021-09-15	negative_evidence	Negatome2-manual-stringent-line:1189	P21707	P47709	no_human_target_in_pinned_release	no_human_target_in_pinned_release	unresolved_endpoint
Negatome 2.0	manual_stringent_site_file_2021-09-15	negative_evidence	Negatome2-manual-stringent-line:1191	P62158	Q9H6S3	multiple_reviewed_human_targets	unmapped_in_pinned_uniprot_release	unresolved_endpoint
Negatome 2.0	manual_stringent_site_file_2021-09-15	negative_evidence	Negatome2-manual-stringent-line:1192	Q00960	Q8K430	no_human_target_in_pinned_release	no_human_target_in_pinned_release	unresolved_endpoint
Negatome 2.0	manual_stringent_site_file_2021-09-15	negative_evidence	Negatome2-manual-stringent-line:1193	Q549X6	Q60770	no_human_target_in_pinned_release	no_human_target_in_pinned_release	unresolved_endpoint
Negatome 2.0	manual_stringent_site_file_2021-09-15	negative_evidence	Negatome2-manual-stringent-line:1194	Q9P2H0	Q9UKY1	unmapped_in_pinned_uniprot_release	unmapped_in_pinned_uniprot_release	unresolved_endpoint
Negatome 2.0	manual_stringent_site_file_2021-09-15	negative_evidence	Negatome2-manual-stringent-line:1199	O43542	Q9BXW9	accepted	unmapped_in_pinned_uniprot_release	unresolved_endpoint
Negatome 2.0	manual_stringent_site_file_2021-09-15	negative_evidence	Negatome2-manual-stringent-line:1202	P05712	Q9WUD9	no_human_target_in_pinned_release	unmapped_in_pinned_uniprot_release	unresolved_endpoint
Negatome 2.0	manual_stringent_site_file_2021-09-15	negative_evidence	Negatome2-manual-stringent-line:1207	P41240	Q9H6S3	accepted	unmapped_in_pinned_uniprot_release	unresolved_endpoint
Negatome 2.0	manual_stringent_site_file_2021-09-15	negative_evidence	Negatome2-manual-stringent-line:1208	P49023	Q9HBI1	accepted	unmapped_in_pinned_uniprot_release	unresolved_endpoint
Negatome 2.0	manual_stringent_site_file_2021-09-15	negative_evidence	Negatome2-manual-stringent-line:1209	P62158	Q68DY1	multiple_reviewed_human_targets	accepted	unresolved_endpoint
Negatome 2.0	manual_stringent_site_file_2021-09-15	negative_evidence	Negatome2-manual-stringent-line:1213	Q6R0H7	Q76MZ3	no_human_target_in_pinned_release	no_human_target_in_pinned_release	unresolved_endpoint
Negatome 2.0	manual_stringent_site_file_2021-09-15	negative_evidence	Negatome2-manual-stringent-line:1214	Q92844	Q9BYM8	accepted	unmapped_in_pinned_uniprot_release	unresolved_endpoint
Negatome 2.0	manual_stringent_site_file_2021-09-15	negative_evidence	Negatome2-manual-stringent-line:1215	Q8TAU0	Q9H9D4	accepted	unmapped_in_pinned_uniprot_release	unresolved_endpoint
Negatome 2.0	manual_stringent_site_file_2021-09-15	negative_evidence	Negatome2-manual-stringent-line:1216	P54256	P54258	no_human_target_in_pinned_release	no_human_target_in_pinned_release	unresolved_endpoint
Negatome 2.0	manual_stringent_site_file_2021-09-15	negative_evidence	Negatome2-manual-stringent-line:1217	P31150	Q9H6S3	accepted	unmapped_in_pinned_uniprot_release	unresolved_endpoint
Negatome 2.0	manual_stringent_site_file_2021-09-15	negative_evidence	Negatome2-manual-stringent-line:1219	P28328	Q9Y5Y5	accepted	unmapped_in_pinned_uniprot_release	unresolved_endpoint
Negatome 2.0	manual_stringent_site_file_2021-09-15	negative_evidence	Negatome2-manual-stringent-line:1220	Q07699	Q9NY72	accepted	unmapped_in_pinned_uniprot_release	unresolved_endpoint
Negatome 2.0	manual_stringent_site_file_2021-09-15	negative_evidence	Negatome2-manual-stringent-line:1221	Q06609	Q9Y620	accepted	unmapped_in_pinned_uniprot_release	unresolved_endpoint
Negatome 2.0	manual_stringent_site_file_2021-09-15	negative_evidence	Negatome2-manual-stringent-line:1222	Q8TAU0	Q9UHX1	accepted	unmapped_in_pinned_uniprot_release	unresolved_endpoint
Negatome 2.0	manual_stringent_site_file_2021-09-15	negative_evidence	Negatome2-manual-stringent-line:1223	P97503	Q8C2B3	no_human_target_in_pinned_release	no_human_target_in_pinned_release	unresolved_endpoint
Negatome 2.0	manual_stringent_site_file_2021-09-15	negative_evidence	Negatome2-manual-stringent-line:1224	Q70SY1	Q9UHR5	accepted	unmapped_in_pinned_uniprot_release	unresolved_endpoint
Negatome 2.0	manual_stringent_site_file_2021-09-15	negative_evidence	Negatome2-manual-stringent-line:1226	Q16828	Q9H2S9	accepted	unmapped_in_pinned_uniprot_release	unresolved_endpoint
Negatome 2.0	manual_stringent_site_file_2021-09-15	negative_evidence	Negatome2-manual-stringent-line:1227	Q99547	Q99547	unmapped_in_pinned_uniprot_release	unmapped_in_pinned_uniprot_release	unresolved_endpoint
Negatome 2.0	manual_stringent_site_file_2021-09-15	negative_evidence	Negatome2-manual-stringent-line:1228	P54921	Q62768	no_human_target_in_pinned_release	no_human_target_in_pinned_release	unresolved_endpoint
Negatome 2.0	manual_stringent_site_file_2021-09-15	negative_evidence	Negatome2-manual-stringent-line:1229	P37889	Q9QZJ6	no_human_target_in_pinned_release	unmapped_in_pinned_uniprot_release	unresolved_endpoint
Negatome 2.0	manual_stringent_site_file_2021-09-15	negative_evidence	Negatome2-manual-stringent-line:1231	Q06265	Q9Y3B2	accepted	unmapped_in_pinned_uniprot_release	unresolved_endpoint
Negatome 2.0	manual_stringent_site_file_2021-09-15	negative_evidence	Negatome2-manual-stringent-line:1232	Q3UPW8	Q60948	no_human_target_in_pinned_release	no_human_target_in_pinned_release	unresolved_endpoint
Negatome 2.0	manual_stringent_site_file_2021-09-15	negative_evidence	Negatome2-manual-stringent-line:1233	Q96Q05	Q9Y6K9	accepted	unmapped_in_pinned_uniprot_release	unresolved_endpoint
Negatome 2.0	manual_stringent_site_file_2021-09-15	negative_evidence	Negatome2-manual-stringent-line:1235	P42771	Q9UBD5	accepted	unmapped_in_pinned_uniprot_release	unresolved_endpoint
Negatome 2.0	manual_stringent_site_file_2021-09-15	negative_evidence	Negatome2-manual-stringent-line:1236	Q8WTW3	Q9Y2V7	accepted	unmapped_in_pinned_uniprot_release	unresolved_endpoint
Negatome 2.0	manual_stringent_site_file_2021-09-15	negative_evidence	Negatome2-manual-stringent-line:1237	Q02763	Q9Y5C1	accepted	unmapped_in_pinned_uniprot_release	unresolved_endpoint
Negatome 2.0	manual_stringent_site_file_2021-09-15	negative_evidence	Negatome2-manual-stringent-line:1238	Q63912	Q7M6Z0	no_human_target_in_pinned_release	no_human_target_in_pinned_release	unresolved_endpoint
Negatome 2.0	manual_stringent_site_file_2021-09-15	negative_evidence	Negatome2-manual-stringent-line:1240	P55854	Q8NI70	accepted	target_record_missing_from_pinned_snapshot	unresolved_endpoint
Negatome 2.0	manual_stringent_site_file_2021-09-15	negative_evidence	Negatome2-manual-stringent-line:1241	Q92730	Q9UH92	accepted	unmapped_in_pinned_uniprot_release	unresolved_endpoint
Negatome 2.0	manual_stringent_site_file_2021-09-15	negative_evidence	Negatome2-manual-stringent-line:1242	Q93096	Q9H9D4	accepted	unmapped_in_pinned_uniprot_release	unresolved_endpoint
Negatome 2.0	manual_stringent_site_file_2021-09-15	negative_evidence	Negatome2-manual-stringent-line:1243	P62158	Q9UHX1	multiple_reviewed_human_targets	unmapped_in_pinned_uniprot_release	unresolved_endpoint
Negatome 2.0	manual_stringent_site_file_2021-09-15	negative_evidence	Negatome2-manual-stringent-line:1245	Q5RKV6	Q99547	accepted	unmapped_in_pinned_uniprot_release	unresolved_endpoint
Negatome 2.0	manual_stringent_site_file_2021-09-15	negative_evidence	Negatome2-manual-stringent-line:1247	P62158	Q92730	multiple_reviewed_human_targets	accepted	unresolved_endpoint
Negatome 2.0	manual_stringent_site_file_2021-09-15	negative_evidence	Negatome2-manual-stringent-line:1248	Q02535	Q9H2S9	accepted	unmapped_in_pinned_uniprot_release	unresolved_endpoint
Negatome 2.0	manual_stringent_site_file_2021-09-15	negative_evidence	Negatome2-manual-stringent-line:1250	P08752	Q76MZ3	no_human_target_in_pinned_release	no_human_target_in_pinned_release	unresolved_endpoint
Negatome 2.0	manual_stringent_site_file_2021-09-15	negative_evidence	Negatome2-manual-stringent-line:1253	Q12873	Q9H213	accepted	unmapped_in_pinned_uniprot_release	unresolved_endpoint
Negatome 2.0	manual_stringent_site_file_2021-09-15	negative_evidence	Negatome2-manual-stringent-line:1255	P55002	Q08879	no_human_target_in_pinned_release	no_human_target_in_pinned_release	unresolved_endpoint
Negatome 2.0	manual_stringent_site_file_2021-09-15	negative_evidence	Negatome2-manual-stringent-line:1257	P25963	Q9NQX6	accepted	unmapped_in_pinned_uniprot_release	unresolved_endpoint
Negatome 2.0	manual_stringent_site_file_2021-09-15	negative_evidence	Negatome2-manual-stringent-line:1258	P33991	Q9UBD5	accepted	unmapped_in_pinned_uniprot_release	unresolved_endpoint
Negatome 2.0	manual_stringent_site_file_2021-09-15	negative_evidence	Negatome2-manual-stringent-line:1259	P17679	Q9CZB6	no_human_target_in_pinned_release	unmapped_in_pinned_uniprot_release	unresolved_endpoint
Negatome 2.0	manual_stringent_site_file_2021-09-15	negative_evidence	Negatome2-manual-stringent-line:1260	P22561	Q62523	no_human_target_in_pinned_release	no_human_target_in_pinned_release	unresolved_endpoint
Negatome 2.0	manual_stringent_site_file_2021-09-15	negative_evidence	Negatome2-manual-stringent-line:1261	Q62915	Q8VHK1	no_human_target_in_pinned_release	no_human_target_in_pinned_release	unresolved_endpoint
Negatome 2.0	manual_stringent_site_file_2021-09-15	negative_evidence	Negatome2-manual-stringent-line:1263	Q7M6Z0	Q8K0T0	no_human_target_in_pinned_release	no_human_target_in_pinned_release	unresolved_endpoint
Negatome 2.0	manual_stringent_site_file_2021-09-15	negative_evidence	Negatome2-manual-stringent-line:1264	O43502	Q9BXW9	accepted	unmapped_in_pinned_uniprot_release	unresolved_endpoint
Negatome 2.0	manual_stringent_site_file_2021-09-15	negative_evidence	Negatome2-manual-stringent-line:1265	P18848	Q9NQX6	accepted	unmapped_in_pinned_uniprot_release	unresolved_endpoint
Negatome 2.0	manual_stringent_site_file_2021-09-15	negative_evidence	Negatome2-manual-stringent-line:1267	Q14746	Q9UP83	accepted	unmapped_in_pinned_uniprot_release	unresolved_endpoint
Negatome 2.0	manual_stringent_site_file_2021-09-15	negative_evidence	Negatome2-manual-stringent-line:1275	P09803	Q8BN78	no_human_target_in_pinned_release	no_human_target_in_pinned_release	unresolved_endpoint
Negatome 2.0	manual_stringent_site_file_2021-09-15	negative_evidence	Negatome2-manual-stringent-line:1276	P25963	Q9UHX1	accepted	unmapped_in_pinned_uniprot_release	unresolved_endpoint
Negatome 2.0	manual_stringent_site_file_2021-09-15	negative_evidence	Negatome2-manual-stringent-line:1277	P26641	Q9UKY1	accepted	unmapped_in_pinned_uniprot_release	unresolved_endpoint
Negatome 2.0	manual_stringent_site_file_2021-09-15	negative_evidence	Negatome2-manual-stringent-line:1278	P35292	Q91V27	no_human_target_in_pinned_release	no_human_target_in_pinned_release	unresolved_endpoint
Negatome 2.0	manual_stringent_site_file_2021-09-15	negative_evidence	Negatome2-manual-stringent-line:1279	P49185	Q4G050	no_human_target_in_pinned_release	no_human_target_in_pinned_release	unresolved_endpoint
Negatome 2.0	manual_stringent_site_file_2021-09-15	negative_evidence	Negatome2-manual-stringent-line:1280	Q92698	Q9BXW9	accepted	unmapped_in_pinned_uniprot_release	unresolved_endpoint
Negatome 2.0	manual_stringent_site_file_2021-09-15	negative_evidence	Negatome2-manual-stringent-line:1281	Q92968	Q9Y5Y5	accepted	unmapped_in_pinned_uniprot_release	unresolved_endpoint
Negatome 2.0	manual_stringent_site_file_2021-09-15	negative_evidence	Negatome2-manual-stringent-line:1283	Q9H2S9	Q9UH92	unmapped_in_pinned_uniprot_release	unmapped_in_pinned_uniprot_release	unresolved_endpoint
Negatome 2.0	manual_stringent_site_file_2021-09-15	negative_evidence	Negatome2-manual-stringent-line:1284	P18576	Q62725	no_human_target_in_pinned_release	no_human_target_in_pinned_release	unresolved_endpoint
Negatome 2.0	manual_stringent_site_file_2021-09-15	negative_evidence	Negatome2-manual-stringent-line:1285	P18847	Q9UH92	accepted	unmapped_in_pinned_uniprot_release	unresolved_endpoint
Negatome 2.0	manual_stringent_site_file_2021-09-15	negative_evidence	Negatome2-manual-stringent-line:1287	P97287	Q07813	no_human_target_in_pinned_release	no_human_target_in_pinned_release	unresolved_endpoint
Negatome 2.0	manual_stringent_site_file_2021-09-15	negative_evidence	Negatome2-manual-stringent-line:1289	Q16526	Q9UKT4	accepted	unmapped_in_pinned_uniprot_release	unresolved_endpoint
Negatome 2.0	manual_stringent_site_file_2021-09-15	negative_evidence	Negatome2-manual-stringent-line:1291	Q80T23	Q9CQD1	no_human_target_in_pinned_release	unmapped_in_pinned_uniprot_release	unresolved_endpoint
Negatome 2.0	manual_stringent_site_file_2021-09-15	negative_evidence	Negatome2-manual-stringent-line:1292	Q8K0S5	Q9ES97	no_human_target_in_pinned_release	unmapped_in_pinned_uniprot_release	unresolved_endpoint
Negatome 2.0	manual_stringent_site_file_2021-09-15	negative_evidence	Negatome2-manual-stringent-line:1297	Q9H9E3	Q9Y2V7	unmapped_in_pinned_uniprot_release	unmapped_in_pinned_uniprot_release	unresolved_endpoint
Negatome 2.0	manual_stringent_site_file_2021-09-15	negative_evidence	Negatome2-manual-stringent-line:1298	P62988	Q15276	multiple_reviewed_human_targets	accepted	unresolved_endpoint
Negatome 2.0	manual_stringent_site_file_2021-09-15	negative_evidence	Negatome2-manual-stringent-line:1299	P18848	Q9UHX1	accepted	unmapped_in_pinned_uniprot_release	unresolved_endpoint
Negatome 2.0	manual_stringent_site_file_2021-09-15	negative_evidence	Negatome2-manual-stringent-line:1301	P51693	Q9H213	accepted	unmapped_in_pinned_uniprot_release	unresolved_endpoint
Negatome 2.0	manual_stringent_site_file_2021-09-15	negative_evidence	Negatome2-manual-stringent-line:1302	P55854	Q9H213	accepted	unmapped_in_pinned_uniprot_release	unresolved_endpoint
Negatome 2.0	manual_stringent_site_file_2021-09-15	negative_evidence	Negatome2-manual-stringent-line:1305	P36915	Q9H9D4	accepted	unmapped_in_pinned_uniprot_release	unresolved_endpoint
Negatome 2.0	manual_stringent_site_file_2021-09-15	negative_evidence	Negatome2-manual-stringent-line:1306	Q68DY1	Q9H6S3	accepted	unmapped_in_pinned_uniprot_release	unresolved_endpoint
Negatome 2.0	manual_stringent_site_file_2021-09-15	negative_evidence	Negatome2-manual-stringent-line:1312	P25206	Q7L590	no_human_target_in_pinned_release	accepted	unresolved_endpoint
Negatome 2.0	manual_stringent_site_file_2021-09-15	negative_evidence	Negatome2-manual-stringent-line:1314	P53994	Q91V27	no_human_target_in_pinned_release	no_human_target_in_pinned_release	unresolved_endpoint
Negatome 2.0	manual_stringent_site_file_2021-09-15	negative_evidence	Negatome2-manual-stringent-line:1316	Q8TBX8	Q9UDV6	accepted	unmapped_in_pinned_uniprot_release	unresolved_endpoint
Negatome 2.0	manual_stringent_site_file_2021-09-15	negative_evidence	Negatome2-manual-stringent-line:1317	O08584	P11103	no_human_target_in_pinned_release	no_human_target_in_pinned_release	unresolved_endpoint
Negatome 2.0	manual_stringent_site_file_2021-09-15	negative_evidence	Negatome2-manual-stringent-line:1320	P42285	Q9Y3B2	accepted	unmapped_in_pinned_uniprot_release	unresolved_endpoint
Negatome 2.0	manual_stringent_site_file_2021-09-15	negative_evidence	Negatome2-manual-stringent-line:1321	P05627	P33175	no_human_target_in_pinned_release	no_human_target_in_pinned_release	unresolved_endpoint
Negatome 2.0	manual_stringent_site_file_2021-09-15	negative_evidence	Negatome2-manual-stringent-line:1322	P08107	P20700	multiple_reviewed_human_targets	accepted	unresolved_endpoint
Negatome 2.0	manual_stringent_site_file_2021-09-15	negative_evidence	Negatome2-manual-stringent-line:1330	P36915	Q9H6S3	accepted	unmapped_in_pinned_uniprot_release	unresolved_endpoint
Negatome 2.0	manual_stringent_site_file_2021-09-15	negative_evidence	Negatome2-manual-stringent-line:1338	Q96JB2	Q9UP83	accepted	unmapped_in_pinned_uniprot_release	unresolved_endpoint
Negatome 2.0	manual_stringent_site_file_2021-09-15	negative_evidence	Negatome2-manual-stringent-line:1339	Q9H2S9	Q9UDV6	unmapped_in_pinned_uniprot_release	unmapped_in_pinned_uniprot_release	unresolved_endpoint
Negatome 2.0	manual_stringent_site_file_2021-09-15	negative_evidence	Negatome2-manual-stringent-line:1340	Q99547	Q9Y3B2	unmapped_in_pinned_uniprot_release	unmapped_in_pinned_uniprot_release	unresolved_endpoint
Negatome 2.0	manual_stringent_site_file_2021-09-15	negative_evidence	Negatome2-manual-stringent-line:1341	Q9H213	Q9H213	unmapped_in_pinned_uniprot_release	unmapped_in_pinned_uniprot_release	unresolved_endpoint
Negatome 2.0	manual_stringent_site_file_2021-09-15	negative_evidence	Negatome2-manual-stringent-line:1343	Q01279	Q9QUQ5	no_human_target_in_pinned_release	unmapped_in_pinned_uniprot_release	unresolved_endpoint
Negatome 2.0	manual_stringent_site_file_2021-09-15	negative_evidence	Negatome2-manual-stringent-line:1344	O35717	P05532	no_human_target_in_pinned_release	no_human_target_in_pinned_release	unresolved_endpoint
Negatome 2.0	manual_stringent_site_file_2021-09-15	negative_evidence	Negatome2-manual-stringent-line:1347	O75175	Q9UH92	accepted	unmapped_in_pinned_uniprot_release	unresolved_endpoint
Negatome 2.0	manual_stringent_site_file_2021-09-15	negative_evidence	Negatome2-manual-stringent-line:1349	O75400	Q9H213	accepted	unmapped_in_pinned_uniprot_release	unresolved_endpoint
Negatome 2.0	manual_stringent_site_file_2021-09-15	negative_evidence	Negatome2-manual-stringent-line:1353	Q6Y2X3	Q9HAV0	accepted	unmapped_in_pinned_uniprot_release	unresolved_endpoint
Negatome 2.0	manual_stringent_site_file_2021-09-15	negative_evidence	Negatome2-manual-stringent-line:1355	Q60749	Q96PV0	no_human_target_in_pinned_release	accepted	unresolved_endpoint
Negatome 2.0	manual_stringent_site_file_2021-09-15	negative_evidence	Negatome2-manual-stringent-line:1357	Q92730	Q9H2S9	accepted	unmapped_in_pinned_uniprot_release	unresolved_endpoint
Negatome 2.0	manual_stringent_site_file_2021-09-15	negative_evidence	Negatome2-manual-stringent-line:1359	Q8TBX8	Q9H2S9	accepted	unmapped_in_pinned_uniprot_release	unresolved_endpoint
Negatome 2.0	manual_stringent_site_file_2021-09-15	negative_evidence	Negatome2-manual-stringent-line:1360	Q9Y333	Q9Y333	unmapped_in_pinned_uniprot_release	unmapped_in_pinned_uniprot_release	unresolved_endpoint
Negatome 2.0	manual_stringent_site_file_2021-09-15	negative_evidence	Negatome2-manual-stringent-line:1361	Q49AN0	Q9Y2K7	accepted	unmapped_in_pinned_uniprot_release	unresolved_endpoint
Negatome 2.0	manual_stringent_site_file_2021-09-15	negative_evidence	Negatome2-manual-stringent-line:1362	Q92730	Q9NQX6	accepted	unmapped_in_pinned_uniprot_release	unresolved_endpoint
Negatome 2.0	manual_stringent_site_file_2021-09-15	negative_evidence	Negatome2-manual-stringent-line:1364	P62879	Q9UH92	accepted	unmapped_in_pinned_uniprot_release	unresolved_endpoint
Negatome 2.0	manual_stringent_site_file_2021-09-15	negative_evidence	Negatome2-manual-stringent-line:1365	Q13671	Q9BR65	accepted	unmapped_in_pinned_uniprot_release	unresolved_endpoint
Negatome 2.0	manual_stringent_site_file_2021-09-15	negative_evidence	Negatome2-manual-stringent-line:1366	Q5RKV6	Q9NQT4	accepted	unmapped_in_pinned_uniprot_release	unresolved_endpoint
Negatome 2.0	manual_stringent_site_file_2021-09-15	negative_evidence	Negatome2-manual-stringent-line:1367	Q8TBX8	Q9H9D4	accepted	unmapped_in_pinned_uniprot_release	unresolved_endpoint
Negatome 2.0	manual_stringent_site_file_2021-09-15	negative_evidence	Negatome2-manual-stringent-line:1368	Q9QZJ6	Q9WVH9	unmapped_in_pinned_uniprot_release	unmapped_in_pinned_uniprot_release	unresolved_endpoint
Negatome 2.0	manual_stringent_site_file_2021-09-15	negative_evidence	Negatome2-manual-stringent-line:1375	P62879	Q9H2S9	accepted	unmapped_in_pinned_uniprot_release	unresolved_endpoint
Negatome 2.0	manual_stringent_site_file_2021-09-15	negative_evidence	Negatome2-manual-stringent-line:1378	O08599	Q80T23	no_human_target_in_pinned_release	no_human_target_in_pinned_release	unresolved_endpoint
Negatome 2.0	manual_stringent_site_file_2021-09-15	negative_evidence	Negatome2-manual-stringent-line:1382	P27361	Q9BV47	accepted	unmapped_in_pinned_uniprot_release	unresolved_endpoint
Negatome 2.0	manual_stringent_site_file_2021-09-15	negative_evidence	Negatome2-manual-stringent-line:1383	P21246	Q8NI70	accepted	target_record_missing_from_pinned_snapshot	unresolved_endpoint
Negatome 2.0	manual_stringent_site_file_2021-09-15	negative_evidence	Negatome2-manual-stringent-line:1384	P43004	Q9UJV9	accepted	unmapped_in_pinned_uniprot_release	unresolved_endpoint
Negatome 2.0	manual_stringent_site_file_2021-09-15	negative_evidence	Negatome2-manual-stringent-line:1386	Q00262	Q549X6	no_human_target_in_pinned_release	no_human_target_in_pinned_release	unresolved_endpoint
Negatome 2.0	manual_stringent_site_file_2021-09-15	negative_evidence	Negatome2-manual-stringent-line:1388	Q9H9D4	Q9UHX1	unmapped_in_pinned_uniprot_release	unmapped_in_pinned_uniprot_release	unresolved_endpoint
Negatome 2.0	manual_stringent_site_file_2021-09-15	negative_evidence	Negatome2-manual-stringent-line:1390	P18848	Q9H2S9	accepted	unmapped_in_pinned_uniprot_release	unresolved_endpoint
Negatome 2.0	manual_stringent_site_file_2021-09-15	negative_evidence	Negatome2-manual-stringent-line:1391	P47709	Q62768	no_human_target_in_pinned_release	no_human_target_in_pinned_release	unresolved_endpoint
Negatome 2.0	manual_stringent_site_file_2021-09-15	negative_evidence	Negatome2-manual-stringent-line:1394	Q92730	Q9UHR5	accepted	unmapped_in_pinned_uniprot_release	unresolved_endpoint
Negatome 2.0	manual_stringent_site_file_2021-09-15	negative_evidence	Negatome2-manual-stringent-line:1397	Q8TAU0	Q9H6S3	accepted	unmapped_in_pinned_uniprot_release	unresolved_endpoint
Negatome 2.0	manual_stringent_site_file_2021-09-15	negative_evidence	Negatome2-manual-stringent-line:1398	P05627	P57776	no_human_target_in_pinned_release	no_human_target_in_pinned_release	unresolved_endpoint
Negatome 2.0	manual_stringent_site_file_2021-09-15	negative_evidence	Negatome2-manual-stringent-line:1399	P35288	Q80T23	no_human_target_in_pinned_release	no_human_target_in_pinned_release	unresolved_endpoint
Negatome 2.0	manual_stringent_site_file_2021-09-15	negative_evidence	Negatome2-manual-stringent-line:1401	P61027	Q80T23	no_human_target_in_pinned_release	no_human_target_in_pinned_release	unresolved_endpoint
Negatome 2.0	manual_stringent_site_file_2021-09-15	negative_evidence	Negatome2-manual-stringent-line:1402	P62880	P63213	no_human_target_in_pinned_release	no_human_target_in_pinned_release	unresolved_endpoint
Negatome 2.0	manual_stringent_site_file_2021-09-15	negative_evidence	Negatome2-manual-stringent-line:1405	P15385	P97879	no_human_target_in_pinned_release	no_human_target_in_pinned_release	unresolved_endpoint
Negatome 2.0	manual_stringent_site_file_2021-09-15	negative_evidence	Negatome2-manual-stringent-line:1406	P21246	Q9H213	accepted	unmapped_in_pinned_uniprot_release	unresolved_endpoint
Negatome 2.0	manual_stringent_site_file_2021-09-15	negative_evidence	Negatome2-manual-stringent-line:1408	P18847	Q9UHX1	accepted	unmapped_in_pinned_uniprot_release	unresolved_endpoint
Negatome 2.0	manual_stringent_site_file_2021-09-15	negative_evidence	Negatome2-manual-stringent-line:1412	Q9H6S3	Q9UHR5	unmapped_in_pinned_uniprot_release	unmapped_in_pinned_uniprot_release	unresolved_endpoint
Negatome 2.0	manual_stringent_site_file_2021-09-15	negative_evidence	Negatome2-manual-stringent-line:1413	Q9UH92	Q9UH92	unmapped_in_pinned_uniprot_release	unmapped_in_pinned_uniprot_release	unresolved_endpoint
Negatome 2.0	manual_stringent_site_file_2021-09-15	negative_evidence	Negatome2-manual-stringent-line:1415	O35625	P70339	no_human_target_in_pinned_release	no_human_target_in_pinned_release	unresolved_endpoint
Negatome 2.0	manual_stringent_site_file_2021-09-15	negative_evidence	Negatome2-manual-stringent-line:1423	Q14746	Q9Y2V7	accepted	unmapped_in_pinned_uniprot_release	unresolved_endpoint
Negatome 2.0	manual_stringent_site_file_2021-09-15	negative_evidence	Negatome2-manual-stringent-line:1425	P70644	Q9R0T4	no_human_target_in_pinned_release	unmapped_in_pinned_uniprot_release	unresolved_endpoint
Negatome 2.0	manual_stringent_site_file_2021-09-15	negative_evidence	Negatome2-manual-stringent-line:1427	Q9UKY1	Q9UKY1	unmapped_in_pinned_uniprot_release	unmapped_in_pinned_uniprot_release	unresolved_endpoint
Negatome 2.0	manual_stringent_site_file_2021-09-15	negative_evidence	Negatome2-manual-stringent-line:1428	O43447	Q9BUQ8	accepted	unmapped_in_pinned_uniprot_release	unresolved_endpoint
Negatome 2.0	manual_stringent_site_file_2021-09-15	negative_evidence	Negatome2-manual-stringent-line:1431	P62158	Q9UHR5	multiple_reviewed_human_targets	unmapped_in_pinned_uniprot_release	unresolved_endpoint
Negatome 2.0	manual_stringent_site_file_2021-09-15	negative_evidence	Negatome2-manual-stringent-line:1433	P36915	Q9UHX1	accepted	unmapped_in_pinned_uniprot_release	unresolved_endpoint
Negatome 2.0	manual_stringent_site_file_2021-09-15	negative_evidence	Negatome2-manual-stringent-line:1434	P62500	Q00322	no_human_target_in_pinned_release	no_human_target_in_pinned_release	unresolved_endpoint
Negatome 2.0	manual_stringent_site_file_2021-09-15	negative_evidence	Negatome2-manual-stringent-line:1435	Q00526	Q9UBD5	accepted	unmapped_in_pinned_uniprot_release	unresolved_endpoint
Negatome 2.0	manual_stringent_site_file_2021-09-15	negative_evidence	Negatome2-manual-stringent-line:1438	P63101	Q61097	no_human_target_in_pinned_release	no_human_target_in_pinned_release	unresolved_endpoint
Negatome 2.0	manual_stringent_site_file_2021-09-15	negative_evidence	Negatome2-manual-stringent-line:1442	P63011	Q99N48	no_human_target_in_pinned_release	unmapped_in_pinned_uniprot_release	unresolved_endpoint
Negatome 2.0	manual_stringent_site_file_2021-09-15	negative_evidence	Negatome2-manual-stringent-line:1443	Q64704	Q99N48	no_human_target_in_pinned_release	unmapped_in_pinned_uniprot_release	unresolved_endpoint
Negatome 2.0	manual_stringent_site_file_2021-09-15	negative_evidence	Negatome2-manual-stringent-line:1445	P26641	Q9P2H0	accepted	unmapped_in_pinned_uniprot_release	unresolved_endpoint
Negatome 2.0	manual_stringent_site_file_2021-09-15	negative_evidence	Negatome2-manual-stringent-line:1447	Q15750	Q9BYM8	accepted	unmapped_in_pinned_uniprot_release	unresolved_endpoint
Negatome 2.0	manual_stringent_site_file_2021-09-15	negative_evidence	Negatome2-manual-stringent-line:1449	P36915	Q9H2S9	accepted	unmapped_in_pinned_uniprot_release	unresolved_endpoint
Negatome 2.0	manual_stringent_site_file_2021-09-15	negative_evidence	Negatome2-manual-stringent-line:1463	P45983	Q9BUB5	accepted	unmapped_in_pinned_uniprot_release	unresolved_endpoint
Negatome 2.0	manual_stringent_site_file_2021-09-15	negative_evidence	Negatome2-manual-stringent-line:1464	P29351	Q8C180	no_human_target_in_pinned_release	no_human_target_in_pinned_release	unresolved_endpoint
Negatome 2.0	manual_stringent_site_file_2021-09-15	negative_evidence	Negatome2-manual-stringent-line:1466	P51150	Q91V27	no_human_target_in_pinned_release	no_human_target_in_pinned_release	unresolved_endpoint
Negatome 2.0	manual_stringent_site_file_2021-09-15	negative_evidence	Negatome2-manual-stringent-line:1467	Q16828	Q9H6S3	accepted	unmapped_in_pinned_uniprot_release	unresolved_endpoint
Negatome 2.0	manual_stringent_site_file_2021-09-15	negative_evidence	Negatome2-manual-stringent-line:1469	Q9Y4Y9	Q9Y4Y9	unmapped_in_pinned_uniprot_release	unmapped_in_pinned_uniprot_release	unresolved_endpoint
Negatome 2.0	manual_stringent_site_file_2021-09-15	negative_evidence	Negatome2-manual-stringent-line:1470	O14776	Q9P2H0	accepted	unmapped_in_pinned_uniprot_release	unresolved_endpoint
Negatome 2.0	manual_stringent_site_file_2021-09-15	negative_evidence	Negatome2-manual-stringent-line:1471	P25963	Q9UHR5	accepted	unmapped_in_pinned_uniprot_release	unresolved_endpoint
Negatome 2.0	manual_stringent_site_file_2021-09-15	negative_evidence	Negatome2-manual-stringent-line:1473	Q12873	Q9P2H0	accepted	unmapped_in_pinned_uniprot_release	unresolved_endpoint
Negatome 2.0	manual_stringent_site_file_2021-09-15	negative_evidence	Negatome2-manual-stringent-line:1474	Q16526	Q9Y2K7	accepted	unmapped_in_pinned_uniprot_release	unresolved_endpoint
Negatome 2.0	manual_stringent_site_file_2021-09-15	negative_evidence	Negatome2-manual-stringent-line:1475	O15315	Q9BXW9	accepted	unmapped_in_pinned_uniprot_release	unresolved_endpoint
Negatome 2.0	manual_stringent_site_file_2021-09-15	negative_evidence	Negatome2-manual-stringent-line:1476	Q06609	Q9BXW9	accepted	unmapped_in_pinned_uniprot_release	unresolved_endpoint
Negatome 2.0	manual_stringent_site_file_2021-09-15	negative_evidence	Negatome2-manual-stringent-line:1478	Q9NQT4	Q9NQT4	unmapped_in_pinned_uniprot_release	unmapped_in_pinned_uniprot_release	unresolved_endpoint
Negatome 2.0	manual_stringent_site_file_2021-09-15	negative_evidence	Negatome2-manual-stringent-line:1480	P42285	Q9Y2L1	accepted	unmapped_in_pinned_uniprot_release	unresolved_endpoint
Negatome 2.0	manual_stringent_site_file_2021-09-15	negative_evidence	Negatome2-manual-stringent-line:1481	Q02248	Q02257	no_human_target_in_pinned_release	no_human_target_in_pinned_release	unresolved_endpoint
Negatome 2.0	manual_stringent_site_file_2021-09-15	negative_evidence	Negatome2-manual-stringent-line:1482	Q92730	Q9H9D4	accepted	unmapped_in_pinned_uniprot_release	unresolved_endpoint
Negatome 2.0	manual_stringent_site_file_2021-09-15	negative_evidence	Negatome2-manual-stringent-line:1483	Q92786	Q9Y618	accepted	unmapped_in_pinned_uniprot_release	unresolved_endpoint
Negatome 2.0	manual_stringent_site_file_2021-09-15	negative_evidence	Negatome2-manual-stringent-line:1484	Q9H6S3	Q9UH92	unmapped_in_pinned_uniprot_release	unmapped_in_pinned_uniprot_release	unresolved_endpoint
Negatome 2.0	manual_stringent_site_file_2021-09-15	negative_evidence	Negatome2-manual-stringent-line:1486	Q63912	Q8K0S5	no_human_target_in_pinned_release	no_human_target_in_pinned_release	unresolved_endpoint
Negatome 2.0	manual_stringent_site_file_2021-09-15	negative_evidence	Negatome2-manual-stringent-line:1488	O43395	Q9BUQ8	accepted	unmapped_in_pinned_uniprot_release	unresolved_endpoint
Negatome 2.0	manual_stringent_site_file_2021-09-15	negative_evidence	Negatome2-manual-stringent-line:1491	P19632	Q58DJ8	no_human_target_in_pinned_release	no_human_target_in_pinned_release	unresolved_endpoint
Negatome 2.0	manual_stringent_site_file_2021-09-15	negative_evidence	Negatome2-manual-stringent-line:1493	P15337	P60042	no_human_target_in_pinned_release	no_human_target_in_pinned_release	unresolved_endpoint
Negatome 2.0	manual_stringent_site_file_2021-09-15	negative_evidence	Negatome2-manual-stringent-line:1499	P18848	Q9H9D4	accepted	unmapped_in_pinned_uniprot_release	unresolved_endpoint
Negatome 2.0	manual_stringent_site_file_2021-09-15	negative_evidence	Negatome2-manual-stringent-line:1501	Q13976	Q9Y6F6	accepted	unmapped_in_pinned_uniprot_release	unresolved_endpoint
Negatome 2.0	manual_stringent_site_file_2021-09-15	negative_evidence	Negatome2-manual-stringent-line:1502	Q92785	Q9UH92	accepted	unmapped_in_pinned_uniprot_release	unresolved_endpoint
Negatome 2.0	manual_stringent_site_file_2021-09-15	negative_evidence	Negatome2-manual-stringent-line:1504	P17036	Q9UHX1	accepted	unmapped_in_pinned_uniprot_release	unresolved_endpoint
Negatome 2.0	manual_stringent_site_file_2021-09-15	negative_evidence	Negatome2-manual-stringent-line:1505	Q9NPD3	Q9Y2L1	unmapped_in_pinned_uniprot_release	unmapped_in_pinned_uniprot_release	unresolved_endpoint
Negatome 2.0	manual_stringent_site_file_2021-09-15	negative_evidence	Negatome2-manual-stringent-line:1508	O60716	Q9UBT7	accepted	unmapped_in_pinned_uniprot_release	unresolved_endpoint
Negatome 2.0	manual_stringent_site_file_2021-09-15	negative_evidence	Negatome2-manual-stringent-line:1510	P36915	Q9UHR5	accepted	unmapped_in_pinned_uniprot_release	unresolved_endpoint
Negatome 2.0	manual_stringent_site_file_2021-09-15	negative_evidence	Negatome2-manual-stringent-line:1513	O75643	Q9BUQ8	accepted	unmapped_in_pinned_uniprot_release	unresolved_endpoint
Negatome 2.0	manual_stringent_site_file_2021-09-15	negative_evidence	Negatome2-manual-stringent-line:1516	Q86T24	Q9P1Z0	accepted	unmapped_in_pinned_uniprot_release	unresolved_endpoint
Negatome 2.0	manual_stringent_site_file_2021-09-15	negative_evidence	Negatome2-manual-stringent-line:1517	Q9UDV6	Q9UHX1	unmapped_in_pinned_uniprot_release	unmapped_in_pinned_uniprot_release	unresolved_endpoint
Negatome 2.0	manual_stringent_site_file_2021-09-15	negative_evidence	Negatome2-manual-stringent-line:1519	P84022	Q9UPN9	accepted	unmapped_in_pinned_uniprot_release	unresolved_endpoint
Negatome 2.0	manual_stringent_site_file_2021-09-15	negative_evidence	Negatome2-manual-stringent-line:1521	P35293	Q80T23	no_human_target_in_pinned_release	no_human_target_in_pinned_release	unresolved_endpoint
Negatome 2.0	manual_stringent_site_file_2021-09-15	negative_evidence	Negatome2-manual-stringent-line:1522	P07196	Q9P2H0	accepted	unmapped_in_pinned_uniprot_release	unresolved_endpoint
Negatome 2.0	manual_stringent_site_file_2021-09-15	negative_evidence	Negatome2-manual-stringent-line:1524	P26450	P97465	no_human_target_in_pinned_release	no_human_target_in_pinned_release	unresolved_endpoint
Negatome 2.0	manual_stringent_site_file_2021-09-15	negative_evidence	Negatome2-manual-stringent-line:1526	Q9UK45	Q9UK45	unmapped_in_pinned_uniprot_release	unmapped_in_pinned_uniprot_release	unresolved_endpoint
Negatome 2.0	manual_stringent_site_file_2021-09-15	negative_evidence	Negatome2-manual-stringent-line:1529	Q02535	Q9UDV6	accepted	unmapped_in_pinned_uniprot_release	unresolved_endpoint
Negatome 2.0	manual_stringent_site_file_2021-09-15	negative_evidence	Negatome2-manual-stringent-line:1530	Q13547	Q9UBP5	accepted	unmapped_in_pinned_uniprot_release	unresolved_endpoint
Negatome 2.0	manual_stringent_site_file_2021-09-15	negative_evidence	Negatome2-manual-stringent-line:1532	P31150	Q9NQX6	accepted	unmapped_in_pinned_uniprot_release	unresolved_endpoint
Negatome 2.0	manual_stringent_site_file_2021-09-15	negative_evidence	Negatome2-manual-stringent-line:1533	P36915	Q9NQX6	accepted	unmapped_in_pinned_uniprot_release	unresolved_endpoint
Negatome 2.0	manual_stringent_site_file_2021-09-15	negative_evidence	Negatome2-manual-stringent-line:1534	P51111	P62161	no_human_target_in_pinned_release	no_human_target_in_pinned_release	unresolved_endpoint
Negatome 2.0	manual_stringent_site_file_2021-09-15	negative_evidence	Negatome2-manual-stringent-line:1536	Q8TAU0	Q9UHR5	accepted	unmapped_in_pinned_uniprot_release	unresolved_endpoint
Negatome 2.0	manual_stringent_site_file_2021-09-15	negative_evidence	Negatome2-manual-stringent-line:1539	O75192	Q9Y5Y5	accepted	unmapped_in_pinned_uniprot_release	unresolved_endpoint
Negatome 2.0	manual_stringent_site_file_2021-09-15	negative_evidence	Negatome2-manual-stringent-line:1540	O95777	Q9Y4Y9	accepted	unmapped_in_pinned_uniprot_release	unresolved_endpoint
Negatome 2.0	manual_stringent_site_file_2021-09-15	negative_evidence	Negatome2-manual-stringent-line:1542	P05627	Q9ESN9	no_human_target_in_pinned_release	unmapped_in_pinned_uniprot_release	unresolved_endpoint
Negatome 2.0	manual_stringent_site_file_2021-09-15	negative_evidence	Negatome2-manual-stringent-line:1544	Q64289	Q9WTV5	no_human_target_in_pinned_release	unmapped_in_pinned_uniprot_release	unresolved_endpoint
Negatome 2.0	manual_stringent_site_file_2021-09-15	negative_evidence	Negatome2-manual-stringent-line:1546	P31150	Q9UHR5	accepted	unmapped_in_pinned_uniprot_release	unresolved_endpoint
Negatome 2.0	manual_stringent_site_file_2021-09-15	negative_evidence	Negatome2-manual-stringent-line:1548	Q8K0T0	Q99PI8	no_human_target_in_pinned_release	unmapped_in_pinned_uniprot_release	unresolved_endpoint
Negatome 2.0	manual_stringent_site_file_2021-09-15	negative_evidence	Negatome2-manual-stringent-line:1549	Q9H2S9	Q9UHX1	unmapped_in_pinned_uniprot_release	unmapped_in_pinned_uniprot_release	unresolved_endpoint
Negatome 2.0	manual_stringent_site_file_2021-09-15	negative_evidence	Negatome2-manual-stringent-line:1551	P31150	Q9UDV6	accepted	unmapped_in_pinned_uniprot_release	unresolved_endpoint
Negatome 2.0	manual_stringent_site_file_2021-09-15	negative_evidence	Negatome2-manual-stringent-line:1552	P41240	Q9H2S9	accepted	unmapped_in_pinned_uniprot_release	unresolved_endpoint
Negatome 2.0	manual_stringent_site_file_2021-09-15	negative_evidence	Negatome2-manual-stringent-line:1553	P07196	Q9H213	accepted	unmapped_in_pinned_uniprot_release	unresolved_endpoint
Negatome 2.0	manual_stringent_site_file_2021-09-15	negative_evidence	Negatome2-manual-stringent-line:1555	P53994	Q80T23	no_human_target_in_pinned_release	no_human_target_in_pinned_release	unresolved_endpoint
Negatome 2.0	manual_stringent_site_file_2021-09-15	negative_evidence	Negatome2-manual-stringent-line:1556	Q06265	Q9NQT4	accepted	unmapped_in_pinned_uniprot_release	unresolved_endpoint
Negatome 2.0	manual_stringent_site_file_2021-09-15	negative_evidence	Negatome2-manual-stringent-line:1557	Q8N2W9	Q8NI70	accepted	target_record_missing_from_pinned_snapshot	unresolved_endpoint
Negatome 2.0	manual_stringent_site_file_2021-09-15	negative_evidence	Negatome2-manual-stringent-line:1559	O00628	Q9Y5Y5	accepted	unmapped_in_pinned_uniprot_release	unresolved_endpoint
Negatome 2.0	manual_stringent_site_file_2021-09-15	negative_evidence	Negatome2-manual-stringent-line:1561	O43194	Q9UBU3	accepted	unmapped_in_pinned_uniprot_release	unresolved_endpoint
Negatome 2.0	manual_stringent_site_file_2021-09-15	negative_evidence	Negatome2-manual-stringent-line:1567	P16086	Q01728	no_human_target_in_pinned_release	no_human_target_in_pinned_release	unresolved_endpoint
Negatome 2.0	manual_stringent_site_file_2021-09-15	negative_evidence	Negatome2-manual-stringent-line:1568	P18848	P62158	accepted	multiple_reviewed_human_targets	unresolved_endpoint
Negatome 2.0	manual_stringent_site_file_2021-09-15	negative_evidence	Negatome2-manual-stringent-line:1572	P31150	Q9H2S9	accepted	unmapped_in_pinned_uniprot_release	unresolved_endpoint
Negatome 2.0	manual_stringent_site_file_2021-09-15	negative_evidence	Negatome2-manual-stringent-line:1573	P50540	Q3UPW8	no_human_target_in_pinned_release	no_human_target_in_pinned_release	unresolved_endpoint
Negatome 2.0	manual_stringent_site_file_2021-09-15	negative_evidence	Negatome2-manual-stringent-line:1574	P50570	Q9UKW4	accepted	unmapped_in_pinned_uniprot_release	unresolved_endpoint
Negatome 2.0	manual_stringent_site_file_2021-09-15	negative_evidence	Negatome2-manual-stringent-line:1575	P53566	Q6PDY0	no_human_target_in_pinned_release	no_human_target_in_pinned_release	unresolved_endpoint
Negatome 2.0	manual_stringent_site_file_2021-09-15	negative_evidence	Negatome2-manual-stringent-line:1576	P79348	Q9Z0G0	no_human_target_in_pinned_release	unmapped_in_pinned_uniprot_release	unresolved_endpoint
Negatome 2.0	manual_stringent_site_file_2021-09-15	negative_evidence	Negatome2-manual-stringent-line:1578	Q16891	Q9H213	accepted	unmapped_in_pinned_uniprot_release	unresolved_endpoint
Negatome 2.0	manual_stringent_site_file_2021-09-15	negative_evidence	Negatome2-manual-stringent-line:1579	Q70SY1	Q9H2S9	accepted	unmapped_in_pinned_uniprot_release	unresolved_endpoint
Negatome 2.0	manual_stringent_site_file_2021-09-15	negative_evidence	Negatome2-manual-stringent-line:1580	P25963	Q9H9D4	accepted	unmapped_in_pinned_uniprot_release	unresolved_endpoint
Negatome 2.0	manual_stringent_site_file_2021-09-15	negative_evidence	Negatome2-manual-stringent-line:1581	Q16665	Q9Y6K9	accepted	unmapped_in_pinned_uniprot_release	unresolved_endpoint
Negatome 2.0	manual_stringent_site_file_2021-09-15	negative_evidence	Negatome2-manual-stringent-line:1582	Q64343	Q9DBM0	no_human_target_in_pinned_release	unmapped_in_pinned_uniprot_release	unresolved_endpoint
Negatome 2.0	manual_stringent_site_file_2021-09-15	negative_evidence	Negatome2-manual-stringent-line:1583	Q93096	Q9UH92	accepted	unmapped_in_pinned_uniprot_release	unresolved_endpoint
Negatome 2.0	manual_stringent_site_file_2021-09-15	negative_evidence	Negatome2-manual-stringent-line:1585	Q5SNZ0	Q6Q7Y5	no_human_target_in_pinned_release	no_human_target_in_pinned_release	unresolved_endpoint
Negatome 2.0	manual_stringent_site_file_2021-09-15	negative_evidence	Negatome2-manual-stringent-line:1588	P43351	Q9BXW9	accepted	unmapped_in_pinned_uniprot_release	unresolved_endpoint
Negatome 2.0	manual_stringent_site_file_2021-09-15	negative_evidence	Negatome2-manual-stringent-line:1589	P97503	Q9WU42	no_human_target_in_pinned_release	unmapped_in_pinned_uniprot_release	unresolved_endpoint
Negatome 2.0	manual_stringent_site_file_2021-09-15	negative_evidence	Negatome2-manual-stringent-line:1591	Q8K0S5	Q99P72	no_human_target_in_pinned_release	unmapped_in_pinned_uniprot_release	unresolved_endpoint
Negatome 2.0	manual_stringent_site_file_2021-09-15	negative_evidence	Negatome2-manual-stringent-line:1592	Q06265	Q99547	accepted	unmapped_in_pinned_uniprot_release	unresolved_endpoint
Negatome 2.0	manual_stringent_site_file_2021-09-15	negative_evidence	Negatome2-manual-stringent-line:1593	Q5T3J3	Q9H213	accepted	unmapped_in_pinned_uniprot_release	unresolved_endpoint
Negatome 2.0	manual_stringent_site_file_2021-09-15	negative_evidence	Negatome2-manual-stringent-line:1595	Q02535	Q9UHR5	accepted	unmapped_in_pinned_uniprot_release	unresolved_endpoint
Negatome 2.0	manual_stringent_site_file_2021-09-15	negative_evidence	Negatome2-manual-stringent-line:1596	P05627	P28738	no_human_target_in_pinned_release	no_human_target_in_pinned_release	unresolved_endpoint
Negatome 2.0	manual_stringent_site_file_2021-09-15	negative_evidence	Negatome2-manual-stringent-line:1599	P31150	Q9UH92	accepted	unmapped_in_pinned_uniprot_release	unresolved_endpoint
Negatome 2.0	manual_stringent_site_file_2021-09-15	negative_evidence	Negatome2-manual-stringent-line:1600	Q15024	Q99547	accepted	unmapped_in_pinned_uniprot_release	unresolved_endpoint
Negatome 2.0	manual_stringent_site_file_2021-09-15	negative_evidence	Negatome2-manual-stringent-line:1602	P35295	Q80T23	no_human_target_in_pinned_release	no_human_target_in_pinned_release	unresolved_endpoint
Negatome 2.0	manual_stringent_site_file_2021-09-15	negative_evidence	Negatome2-manual-stringent-line:1603	P07196	Q9UKY1	accepted	unmapped_in_pinned_uniprot_release	unresolved_endpoint
Negatome 2.0	manual_stringent_site_file_2021-09-15	negative_evidence	Negatome2-manual-stringent-line:1604	P62879	Q9UHX1	accepted	unmapped_in_pinned_uniprot_release	unresolved_endpoint
Negatome 2.0	manual_stringent_site_file_2021-09-15	negative_evidence	Negatome2-manual-stringent-line:1605	P02769	P63300	no_human_target_in_pinned_release	no_human_target_in_pinned_release	unresolved_endpoint
Negatome 2.0	manual_stringent_site_file_2021-09-15	negative_evidence	Negatome2-manual-stringent-line:1607	P21246	Q9P2H0	accepted	unmapped_in_pinned_uniprot_release	unresolved_endpoint
Negatome 2.0	manual_stringent_site_file_2021-09-15	negative_evidence	Negatome2-manual-stringent-line:1609	O14776	Q9UKY1	accepted	unmapped_in_pinned_uniprot_release	unresolved_endpoint
Negatome 2.0	manual_stringent_site_file_2021-09-15	negative_evidence	Negatome2-manual-stringent-line:1611	O75175	Q9H2S9	accepted	unmapped_in_pinned_uniprot_release	unresolved_endpoint
Negatome 2.0	manual_stringent_site_file_2021-09-15	negative_evidence	Negatome2-manual-stringent-line:1612	P55002	Q8BPB5	no_human_target_in_pinned_release	no_human_target_in_pinned_release	unresolved_endpoint
Negatome 2.0	manual_stringent_site_file_2021-09-15	negative_evidence	Negatome2-manual-stringent-line:1613	Q8CIN4	Q8CIN4	no_human_target_in_pinned_release	no_human_target_in_pinned_release	unresolved_endpoint
Negatome 2.0	manual_stringent_site_file_2021-09-15	negative_evidence	Negatome2-manual-stringent-line:1616	P35221	Q8BN78	accepted	no_human_target_in_pinned_release	unresolved_endpoint
Negatome 2.0	manual_stringent_site_file_2021-09-15	negative_evidence	Negatome2-manual-stringent-line:1618	Q9P2H0	Q9P2H0	unmapped_in_pinned_uniprot_release	unmapped_in_pinned_uniprot_release	unresolved_endpoint
Negatome 2.0	manual_stringent_site_file_2021-09-15	negative_evidence	Negatome2-manual-stringent-line:1621	Q02535	Q9NQX6	accepted	unmapped_in_pinned_uniprot_release	unresolved_endpoint
Negatome 2.0	manual_stringent_site_file_2021-09-15	negative_evidence	Negatome2-manual-stringent-line:1622	Q80T23	Q9R0M6	no_human_target_in_pinned_release	unmapped_in_pinned_uniprot_release	unresolved_endpoint
Negatome 2.0	manual_stringent_site_file_2021-09-15	negative_evidence	Negatome2-manual-stringent-line:1623	P82471	Q5SNZ0	no_human_target_in_pinned_release	no_human_target_in_pinned_release	unresolved_endpoint
Negatome 2.0	manual_stringent_site_file_2021-09-15	negative_evidence	Negatome2-manual-stringent-line:1626	P56371	Q80T23	no_human_target_in_pinned_release	no_human_target_in_pinned_release	unresolved_endpoint
Negatome 2.0	manual_stringent_site_file_2021-09-15	negative_evidence	Negatome2-manual-stringent-line:1627	Q7L311	Q9UKY1	accepted	unmapped_in_pinned_uniprot_release	unresolved_endpoint
Negatome 2.0	manual_stringent_site_file_2021-09-15	negative_evidence	Negatome2-manual-stringent-line:1628	Q9H9D4	Q9UH92	unmapped_in_pinned_uniprot_release	unmapped_in_pinned_uniprot_release	unresolved_endpoint
Negatome 2.0	manual_stringent_site_file_2021-09-15	negative_evidence	Negatome2-manual-stringent-line:1629	P35295	Q91V27	no_human_target_in_pinned_release	no_human_target_in_pinned_release	unresolved_endpoint
Negatome 2.0	manual_stringent_site_file_2021-09-15	negative_evidence	Negatome2-manual-stringent-line:1632	P10166	Q3UPW8	no_human_target_in_pinned_release	no_human_target_in_pinned_release	unresolved_endpoint
Negatome 2.0	manual_stringent_site_file_2021-09-15	negative_evidence	Negatome2-manual-stringent-line:1635	P62158	Q8TBX8	multiple_reviewed_human_targets	accepted	unresolved_endpoint
Negatome 2.0	manual_stringent_site_file_2021-09-15	negative_evidence	Negatome2-manual-stringent-line:1636	Q9Y4Y9	Q9Y4Z0	unmapped_in_pinned_uniprot_release	unmapped_in_pinned_uniprot_release	unresolved_endpoint
Negatome 2.0	manual_stringent_site_file_2021-09-15	negative_evidence	Negatome2-manual-stringent-line:1639	P36915	P62158	accepted	multiple_reviewed_human_targets	unresolved_endpoint
Negatome 2.0	manual_stringent_site_file_2021-09-15	negative_evidence	Negatome2-manual-stringent-line:1640	Q548T0	Q80T23	no_human_target_in_pinned_release	no_human_target_in_pinned_release	unresolved_endpoint
Negatome 2.0	manual_stringent_site_file_2021-09-15	negative_evidence	Negatome2-manual-stringent-line:1642	P61027	Q9R0Q1	no_human_target_in_pinned_release	unmapped_in_pinned_uniprot_release	unresolved_endpoint
Negatome 2.0	manual_stringent_site_file_2021-09-15	negative_evidence	Negatome2-manual-stringent-line:1644	Q96B26	Q99547	accepted	unmapped_in_pinned_uniprot_release	unresolved_endpoint
Negatome 2.0	manual_stringent_site_file_2021-09-15	negative_evidence	Negatome2-manual-stringent-line:1645	P04049	Q9BR65	accepted	unmapped_in_pinned_uniprot_release	unresolved_endpoint
Negatome 2.0	manual_stringent_site_file_2021-09-15	negative_evidence	Negatome2-manual-stringent-line:1646	P62158	P62158	multiple_reviewed_human_targets	multiple_reviewed_human_targets	unresolved_endpoint
Negatome 2.0	manual_stringent_site_file_2021-09-15	negative_evidence	Negatome2-manual-stringent-line:1647	Q92785	Q9NQX6	accepted	unmapped_in_pinned_uniprot_release	unresolved_endpoint
Negatome 2.0	manual_stringent_site_file_2021-09-15	negative_evidence	Negatome2-manual-stringent-line:1651	P37889	P55002	no_human_target_in_pinned_release	no_human_target_in_pinned_release	unresolved_endpoint
Negatome 2.0	manual_stringent_site_file_2021-09-15	negative_evidence	Negatome2-manual-stringent-line:1653	P31150	Q9UHX1	accepted	unmapped_in_pinned_uniprot_release	unresolved_endpoint
Negatome 2.0	manual_stringent_site_file_2021-09-15	negative_evidence	Negatome2-manual-stringent-line:1655	P41240	P62158	accepted	multiple_reviewed_human_targets	unresolved_endpoint
Negatome 2.0	manual_stringent_site_file_2021-09-15	negative_evidence	Negatome2-manual-stringent-line:1657	P35367	Q9UBB6	accepted	unmapped_in_pinned_uniprot_release	unresolved_endpoint
Negatome 2.0	manual_stringent_site_file_2021-09-15	negative_evidence	Negatome2-manual-stringent-line:1659	Q16828	Q9UH92	accepted	unmapped_in_pinned_uniprot_release	unresolved_endpoint
Negatome 2.0	manual_stringent_site_file_2021-09-15	negative_evidence	Negatome2-manual-stringent-line:1663	P56371	Q9D0C1	no_human_target_in_pinned_release	unmapped_in_pinned_uniprot_release	unresolved_endpoint
Negatome 2.0	manual_stringent_site_file_2021-09-15	negative_evidence	Negatome2-manual-stringent-line:1668	P55854	Q9UKY1	accepted	unmapped_in_pinned_uniprot_release	unresolved_endpoint
Negatome 2.0	manual_stringent_site_file_2021-09-15	negative_evidence	Negatome2-manual-stringent-line:1669	Q548T0	Q99N50	no_human_target_in_pinned_release	unmapped_in_pinned_uniprot_release	unresolved_endpoint
Negatome 2.0	manual_stringent_site_file_2021-09-15	negative_evidence	Negatome2-manual-stringent-line:1670	Q61146	Q8VHG2	no_human_target_in_pinned_release	no_human_target_in_pinned_release	unresolved_endpoint
Negatome 2.0	manual_stringent_site_file_2021-09-15	negative_evidence	Negatome2-manual-stringent-line:1671	P18848	Q9UHR5	accepted	unmapped_in_pinned_uniprot_release	unresolved_endpoint
Negatome 2.0	manual_stringent_site_file_2021-09-15	negative_evidence	Negatome2-manual-stringent-line:1672	P47708	P61027	no_human_target_in_pinned_release	no_human_target_in_pinned_release	unresolved_endpoint
Negatome 2.0	manual_stringent_site_file_2021-09-15	negative_evidence	Negatome2-manual-stringent-line:1673	P39429	Q9D8D0	no_human_target_in_pinned_release	unmapped_in_pinned_uniprot_release	unresolved_endpoint
Negatome 2.0	manual_stringent_site_file_2021-09-15	negative_evidence	Negatome2-manual-stringent-line:1674	Q93096	Q9NQX6	accepted	unmapped_in_pinned_uniprot_release	unresolved_endpoint
Negatome 2.0	manual_stringent_site_file_2021-09-15	negative_evidence	Negatome2-manual-stringent-line:1676	O70373	P26039	no_human_target_in_pinned_release	no_human_target_in_pinned_release	unresolved_endpoint
Negatome 2.0	manual_stringent_site_file_2021-09-15	negative_evidence	Negatome2-manual-stringent-line:1678	P18847	Q9UHR5	accepted	unmapped_in_pinned_uniprot_release	unresolved_endpoint
Negatome 2.0	manual_stringent_site_file_2021-09-15	negative_evidence	Negatome2-manual-stringent-line:1681	Q7M6Z0	Q9ES97	no_human_target_in_pinned_release	unmapped_in_pinned_uniprot_release	unresolved_endpoint
Negatome 2.0	manual_stringent_site_file_2021-09-15	negative_evidence	Negatome2-manual-stringent-line:1682	Q68DY1	Q9H9D4	accepted	unmapped_in_pinned_uniprot_release	unresolved_endpoint
Negatome 2.0	manual_stringent_site_file_2021-09-15	negative_evidence	Negatome2-manual-stringent-line:1683	Q9Y4Z0	Q9Y4Z0	unmapped_in_pinned_uniprot_release	unmapped_in_pinned_uniprot_release	unresolved_endpoint
Negatome 2.0	manual_stringent_site_file_2021-09-15	negative_evidence	Negatome2-manual-stringent-line:1685	P18847	Q9H2S9	accepted	unmapped_in_pinned_uniprot_release	unresolved_endpoint
Negatome 2.0	manual_stringent_site_file_2021-09-15	negative_evidence	Negatome2-manual-stringent-line:1687	O75175	Q9H9D4	accepted	unmapped_in_pinned_uniprot_release	unresolved_endpoint
Negatome 2.0	manual_stringent_site_file_2021-09-15	negative_evidence	Negatome2-manual-stringent-line:1690	P41240	Q9H9D4	accepted	unmapped_in_pinned_uniprot_release	unresolved_endpoint
Negatome 2.0	manual_stringent_site_file_2021-09-15	negative_evidence	Negatome2-manual-stringent-line:1694	Q16526	Q9UKC9	accepted	unmapped_in_pinned_uniprot_release	unresolved_endpoint
Negatome 2.0	manual_stringent_site_file_2021-09-15	negative_evidence	Negatome2-manual-stringent-line:1696	P62312	Q9Y333	accepted	unmapped_in_pinned_uniprot_release	unresolved_endpoint
Negatome 2.0	manual_stringent_site_file_2021-09-15	negative_evidence	Negatome2-manual-stringent-line:1697	P19491	Q8K430	no_human_target_in_pinned_release	no_human_target_in_pinned_release	unresolved_endpoint
Negatome 2.0	manual_stringent_site_file_2021-09-15	negative_evidence	Negatome2-manual-stringent-line:1698	P41240	Q9UHR5	accepted	unmapped_in_pinned_uniprot_release	unresolved_endpoint
Negatome 2.0	manual_stringent_site_file_2021-09-15	negative_evidence	Negatome2-manual-stringent-line:1699	P49717	Q7L590	no_human_target_in_pinned_release	accepted	unresolved_endpoint
Negatome 2.0	manual_stringent_site_file_2021-09-15	negative_evidence	Negatome2-manual-stringent-line:1700	Q13485	Q9HAU4	accepted	unmapped_in_pinned_uniprot_release	unresolved_endpoint
Negatome 2.0	manual_stringent_site_file_2021-09-15	negative_evidence	Negatome2-manual-stringent-line:1701	Q91V27	Q99KL7	no_human_target_in_pinned_release	unmapped_in_pinned_uniprot_release	unresolved_endpoint
Negatome 2.0	manual_stringent_site_file_2021-09-15	negative_evidence	Negatome2-manual-stringent-line:1702	Q96B26	Q9NPD3	accepted	unmapped_in_pinned_uniprot_release	unresolved_endpoint
Negatome 2.0	manual_stringent_site_file_2021-09-15	negative_evidence	Negatome2-manual-stringent-line:1705	O08599	P70452	no_human_target_in_pinned_release	no_human_target_in_pinned_release	unresolved_endpoint
Negatome 2.0	manual_stringent_site_file_2021-09-15	negative_evidence	Negatome2-manual-stringent-line:1706	O08849	Q9Z0G0	no_human_target_in_pinned_release	unmapped_in_pinned_uniprot_release	unresolved_endpoint
Negatome 2.0	manual_stringent_site_file_2021-09-15	negative_evidence	Negatome2-manual-stringent-line:1715	P63095	Q78NN4	no_human_target_in_pinned_release	no_human_target_in_pinned_release	unresolved_endpoint
Negatome 2.0	manual_stringent_site_file_2021-09-15	negative_evidence	Negatome2-manual-stringent-line:1717	Q91V27	Q9JKM7	no_human_target_in_pinned_release	unmapped_in_pinned_uniprot_release	unresolved_endpoint
Negatome 2.0	manual_stringent_site_file_2021-09-15	negative_evidence	Negatome2-manual-stringent-line:1719	Q68DY1	Q9H2S9	accepted	unmapped_in_pinned_uniprot_release	unresolved_endpoint
Negatome 2.0	manual_stringent_site_file_2021-09-15	negative_evidence	Negatome2-manual-stringent-line:1720	Q91V27	Q9CQD1	no_human_target_in_pinned_release	unmapped_in_pinned_uniprot_release	unresolved_endpoint
Negatome 2.0	manual_stringent_site_file_2021-09-15	negative_evidence	Negatome2-manual-stringent-line:1722	Q61881	Q7L590	no_human_target_in_pinned_release	accepted	unresolved_endpoint
Negatome 2.0	manual_stringent_site_file_2021-09-15	negative_evidence	Negatome2-manual-stringent-line:1723	P02340	Q6I6G8	no_human_target_in_pinned_release	no_human_target_in_pinned_release	unresolved_endpoint
Negatome 2.0	manual_stringent_site_file_2021-09-15	negative_evidence	Negatome2-manual-stringent-line:1725	Q9H6S3	Q9UHX1	unmapped_in_pinned_uniprot_release	unmapped_in_pinned_uniprot_release	unresolved_endpoint
Negatome 2.0	manual_stringent_site_file_2021-09-15	negative_evidence	Negatome2-manual-stringent-line:1727	P54645	P80385	no_human_target_in_pinned_release	no_human_target_in_pinned_release	unresolved_endpoint
Negatome 2.0	manual_stringent_site_file_2021-09-15	negative_evidence	Negatome2-manual-stringent-line:1728	O35430	Q8VHK2	no_human_target_in_pinned_release	no_human_target_in_pinned_release	unresolved_endpoint
Negatome 2.0	manual_stringent_site_file_2021-09-15	negative_evidence	Negatome2-manual-stringent-line:1731	P39447	Q8VHG2	no_human_target_in_pinned_release	no_human_target_in_pinned_release	unresolved_endpoint
Negatome 2.0	manual_stringent_site_file_2021-09-15	negative_evidence	Negatome2-manual-stringent-line:1732	Q08879	Q9QZJ6	no_human_target_in_pinned_release	unmapped_in_pinned_uniprot_release	unresolved_endpoint
Negatome 2.0	manual_stringent_site_file_2021-09-15	negative_evidence	Negatome2-manual-stringent-line:1733	Q99547	Q9NPD3	unmapped_in_pinned_uniprot_release	unmapped_in_pinned_uniprot_release	unresolved_endpoint
Negatome 2.0	manual_stringent_site_file_2021-09-15	negative_evidence	Negatome2-manual-stringent-line:1734	P05627	P08553	no_human_target_in_pinned_release	no_human_target_in_pinned_release	unresolved_endpoint
Negatome 2.0	manual_stringent_site_file_2021-09-15	negative_evidence	Negatome2-manual-stringent-line:1735	P18847	Q9H6S3	accepted	unmapped_in_pinned_uniprot_release	unresolved_endpoint
Negatome 2.0	manual_stringent_site_file_2021-09-15	negative_evidence	Negatome2-manual-stringent-line:1736	Q16828	Q9UHX1	accepted	unmapped_in_pinned_uniprot_release	unresolved_endpoint
Negatome 2.0	manual_stringent_site_file_2021-09-15	negative_evidence	Negatome2-manual-stringent-line:1737	Q93096	Q9UHR5	accepted	unmapped_in_pinned_uniprot_release	unresolved_endpoint
Negatome 2.0	manual_stringent_site_file_2021-09-15	negative_evidence	Negatome2-manual-stringent-line:1739	P97503	Q60974	no_human_target_in_pinned_release	no_human_target_in_pinned_release	unresolved_endpoint
Negatome 2.0	manual_stringent_site_file_2021-09-15	negative_evidence	Negatome2-manual-stringent-line:1740	P41240	Q9UHX1	accepted	unmapped_in_pinned_uniprot_release	unresolved_endpoint
Negatome 2.0	manual_stringent_site_file_2021-09-15	negative_evidence	Negatome2-manual-stringent-line:1741	Q49AN0	Q9H469	accepted	unmapped_in_pinned_uniprot_release	unresolved_endpoint
Negatome 2.0	manual_stringent_site_file_2021-09-15	negative_evidence	Negatome2-manual-stringent-line:1744	P28033	P62500	no_human_target_in_pinned_release	no_human_target_in_pinned_release	unresolved_endpoint
Negatome 2.0	manual_stringent_site_file_2021-09-15	negative_evidence	Negatome2-manual-stringent-line:1746	Q92785	Q9H6S3	accepted	unmapped_in_pinned_uniprot_release	unresolved_endpoint
Negatome 2.0	manual_stringent_site_file_2021-09-15	negative_evidence	Negatome2-manual-stringent-line:1747	Q68DY1	Q9UH92	accepted	unmapped_in_pinned_uniprot_release	unresolved_endpoint
Negatome 2.0	manual_stringent_site_file_2021-09-15	negative_evidence	Negatome2-manual-stringent-line:1752	Q92785	Q9UHR5	accepted	unmapped_in_pinned_uniprot_release	unresolved_endpoint
Negatome 2.0	manual_stringent_site_file_2021-09-15	negative_evidence	Negatome2-manual-stringent-line:1754	P55258	Q99N50	no_human_target_in_pinned_release	unmapped_in_pinned_uniprot_release	unresolved_endpoint
Negatome 2.0	manual_stringent_site_file_2021-09-15	negative_evidence	Negatome2-manual-stringent-line:1756	Q00262	Q99N48	no_human_target_in_pinned_release	unmapped_in_pinned_uniprot_release	unresolved_endpoint
Negatome 2.0	manual_stringent_site_file_2021-09-15	negative_evidence	Negatome2-manual-stringent-line:1758	P17036	Q9UH92	accepted	unmapped_in_pinned_uniprot_release	unresolved_endpoint
Negatome 2.0	manual_stringent_site_file_2021-09-15	negative_evidence	Negatome2-manual-stringent-line:1759	P18847	P62158	accepted	multiple_reviewed_human_targets	unresolved_endpoint
Negatome 2.0	manual_stringent_site_file_2021-09-15	negative_evidence	Negatome2-manual-stringent-line:1760	P35293	Q91V27	no_human_target_in_pinned_release	no_human_target_in_pinned_release	unresolved_endpoint
Negatome 2.0	manual_stringent_site_file_2021-09-15	negative_evidence	Negatome2-manual-stringent-line:1761	Q68DY1	Q9UDV6	accepted	unmapped_in_pinned_uniprot_release	unresolved_endpoint
Negatome 2.0	manual_stringent_site_file_2021-09-15	negative_evidence	Negatome2-manual-stringent-line:1762	Q9H2S9	Q9NQX6	unmapped_in_pinned_uniprot_release	unmapped_in_pinned_uniprot_release	unresolved_endpoint
Negatome 2.0	manual_stringent_site_file_2021-09-15	negative_evidence	Negatome2-manual-stringent-line:1764	P17036	Q9H9D4	accepted	unmapped_in_pinned_uniprot_release	unresolved_endpoint
Negatome 2.0	manual_stringent_site_file_2021-09-15	negative_evidence	Negatome2-manual-stringent-line:1767	Q9UH92	Q9UHX1	unmapped_in_pinned_uniprot_release	unmapped_in_pinned_uniprot_release	unresolved_endpoint
Negatome 2.0	manual_stringent_site_file_2021-09-15	negative_evidence	Negatome2-manual-stringent-line:1768	P02545	Q9D666	accepted	unmapped_in_pinned_uniprot_release	unresolved_endpoint
Negatome 2.0	manual_stringent_site_file_2021-09-15	negative_evidence	Negatome2-manual-stringent-line:1769	Q66H76	Q9Z1P2	no_human_target_in_pinned_release	unmapped_in_pinned_uniprot_release	unresolved_endpoint
Negatome 2.0	manual_stringent_site_file_2021-09-15	negative_evidence	Negatome2-manual-stringent-line:1774	Q49AN0	Q9UKC9	accepted	unmapped_in_pinned_uniprot_release	unresolved_endpoint
Negatome 2.0	manual_stringent_site_file_2021-09-15	negative_evidence	Negatome2-manual-stringent-line:1776	Q9H6S3	Q9H9D4	unmapped_in_pinned_uniprot_release	unmapped_in_pinned_uniprot_release	unresolved_endpoint
Negatome 2.0	manual_stringent_site_file_2021-09-15	negative_evidence	Negatome2-manual-stringent-line:1779	O75175	Q9H6S3	accepted	unmapped_in_pinned_uniprot_release	unresolved_endpoint
Negatome 2.0	manual_stringent_site_file_2021-09-15	negative_evidence	Negatome2-manual-stringent-line:1782	P46108	Q9H2B2	accepted	unmapped_in_pinned_uniprot_release	unresolved_endpoint
Negatome 2.0	manual_stringent_site_file_2021-09-15	negative_evidence	Negatome2-manual-stringent-line:1783	P55258	Q99N48	no_human_target_in_pinned_release	unmapped_in_pinned_uniprot_release	unresolved_endpoint
Negatome 2.0	manual_stringent_site_file_2021-09-15	negative_evidence	Negatome2-manual-stringent-line:1784	P62158	Q8TAU0	multiple_reviewed_human_targets	accepted	unresolved_endpoint
Negatome 2.0	manual_stringent_site_file_2021-09-15	negative_evidence	Negatome2-manual-stringent-line:1790	Q16891	Q8NI70	accepted	target_record_missing_from_pinned_snapshot	unresolved_endpoint
Negatome 2.0	manual_stringent_site_file_2021-09-15	negative_evidence	Negatome2-manual-stringent-line:1796	Q96I24	Q9UHX1	accepted	unmapped_in_pinned_uniprot_release	unresolved_endpoint
Negatome 2.0	manual_stringent_site_file_2021-09-15	negative_evidence	Negatome2-manual-stringent-line:1797	O70433	Q62219	no_human_target_in_pinned_release	no_human_target_in_pinned_release	unresolved_endpoint
Negatome 2.0	manual_stringent_site_file_2021-09-15	negative_evidence	Negatome2-manual-stringent-line:1799	P35609	Q9BYV2	accepted	unmapped_in_pinned_uniprot_release	unresolved_endpoint
Negatome 2.0	manual_stringent_site_file_2021-09-15	negative_evidence	Negatome2-manual-stringent-line:1800	P61027	Q99N80	no_human_target_in_pinned_release	unmapped_in_pinned_uniprot_release	unresolved_endpoint
Negatome 2.0	manual_stringent_site_file_2021-09-15	negative_evidence	Negatome2-manual-stringent-line:1801	Q8TBX8	Q9UHR5	accepted	unmapped_in_pinned_uniprot_release	unresolved_endpoint
Negatome 2.0	manual_stringent_site_file_2021-09-15	negative_evidence	Negatome2-manual-stringent-line:1805	O75175	Q9UHX1	accepted	unmapped_in_pinned_uniprot_release	unresolved_endpoint
Negatome 2.0	manual_stringent_site_file_2021-09-15	negative_evidence	Negatome2-manual-stringent-line:1806	P08047	Q61502	accepted	no_human_target_in_pinned_release	unresolved_endpoint
Negatome 2.0	manual_stringent_site_file_2021-09-15	negative_evidence	Negatome2-manual-stringent-line:1809	O75771	Q9BXW9	accepted	unmapped_in_pinned_uniprot_release	unresolved_endpoint
Negatome 2.0	manual_stringent_site_file_2021-09-15	negative_evidence	Negatome2-manual-stringent-line:1810	P62879	Q9NQX6	accepted	unmapped_in_pinned_uniprot_release	unresolved_endpoint
Negatome 2.0	manual_stringent_site_file_2021-09-15	negative_evidence	Negatome2-manual-stringent-line:1812	Q9H6S3	Q9H6S3	unmapped_in_pinned_uniprot_release	unmapped_in_pinned_uniprot_release	unresolved_endpoint
Negatome 2.0	manual_stringent_site_file_2021-09-15	negative_evidence	Negatome2-manual-stringent-line:1817	Q49AN0	Q9UK97	accepted	unmapped_in_pinned_uniprot_release	unresolved_endpoint
Negatome 2.0	manual_stringent_site_file_2021-09-15	negative_evidence	Negatome2-manual-stringent-line:1819	Q8NI70	Q9UKY1	target_record_missing_from_pinned_snapshot	unmapped_in_pinned_uniprot_release	unresolved_endpoint
Negatome 2.0	manual_stringent_site_file_2021-09-15	negative_evidence	Negatome2-manual-stringent-line:1820	P41240	Q9UH92	accepted	unmapped_in_pinned_uniprot_release	unresolved_endpoint
Negatome 2.0	manual_stringent_site_file_2021-09-15	negative_evidence	Negatome2-manual-stringent-line:1821	Q93096	Q9H2S9	accepted	unmapped_in_pinned_uniprot_release	unresolved_endpoint
Negatome 2.0	manual_stringent_site_file_2021-09-15	negative_evidence	Negatome2-manual-stringent-line:1822	Q96JB2	Q9Y2V7	accepted	unmapped_in_pinned_uniprot_release	unresolved_endpoint
Negatome 2.0	manual_stringent_site_file_2021-09-15	negative_evidence	Negatome2-manual-stringent-line:1823	Q9UDV6	Q9UH92	unmapped_in_pinned_uniprot_release	unmapped_in_pinned_uniprot_release	unresolved_endpoint
Negatome 2.0	manual_stringent_site_file_2021-09-15	negative_evidence	Negatome2-manual-stringent-line:1827	O14776	Q8NI70	accepted	target_record_missing_from_pinned_snapshot	unresolved_endpoint
Negatome 2.0	manual_stringent_site_file_2021-09-15	negative_evidence	Negatome2-manual-stringent-line:1837	P18113	P63059	no_human_target_in_pinned_release	no_human_target_in_pinned_release	unresolved_endpoint
Negatome 2.0	manual_stringent_site_file_2021-09-15	negative_evidence	Negatome2-manual-stringent-line:1839	P24941	Q9UBD5	accepted	unmapped_in_pinned_uniprot_release	unresolved_endpoint
Negatome 2.0	manual_stringent_site_file_2021-09-15	negative_evidence	Negatome2-manual-stringent-line:1841	P35396	Q6PDY0	no_human_target_in_pinned_release	no_human_target_in_pinned_release	unresolved_endpoint
Negatome 2.0	manual_stringent_site_file_2021-09-15	negative_evidence	Negatome2-manual-stringent-line:1842	P55002	Q9WVJ9	no_human_target_in_pinned_release	unmapped_in_pinned_uniprot_release	unresolved_endpoint
Negatome 2.0	manual_stringent_site_file_2021-09-15	negative_evidence	Negatome2-manual-stringent-line:1845	Q5YLB2	Q99728	accepted	unmapped_in_pinned_uniprot_release	unresolved_endpoint
Negatome 2.0	manual_stringent_site_file_2021-09-15	negative_evidence	Negatome2-manual-stringent-line:1846	P35288	Q91V27	no_human_target_in_pinned_release	no_human_target_in_pinned_release	unresolved_endpoint
Negatome 2.0	manual_stringent_site_file_2021-09-15	negative_evidence	Negatome2-manual-stringent-line:1847	O08983	Q99KG7	no_human_target_in_pinned_release	unmapped_in_pinned_uniprot_release	unresolved_endpoint
Negatome 2.0	manual_stringent_site_file_2021-09-15	negative_evidence	Negatome2-manual-stringent-line:1848	O15169	Q99717	accepted	unmapped_in_pinned_uniprot_release	unresolved_endpoint
Negatome 2.0	manual_stringent_site_file_2021-09-15	negative_evidence	Negatome2-manual-stringent-line:1853	O75400	Q8NI70	accepted	target_record_missing_from_pinned_snapshot	unresolved_endpoint
Negatome 2.0	manual_stringent_site_file_2021-09-15	negative_evidence	Negatome2-manual-stringent-line:1855	P03966	Q3UPW8	no_human_target_in_pinned_release	no_human_target_in_pinned_release	unresolved_endpoint
Negatome 2.0	manual_stringent_site_file_2021-09-15	negative_evidence	Negatome2-manual-stringent-line:1858	Q9NPD3	Q9NQT4	unmapped_in_pinned_uniprot_release	unmapped_in_pinned_uniprot_release	unresolved_endpoint
Negatome 2.0	manual_stringent_site_file_2021-09-15	negative_evidence	Negatome2-manual-stringent-line:1859	P08047	Q8R0K9	accepted	no_human_target_in_pinned_release	unresolved_endpoint
Negatome 2.0	manual_stringent_site_file_2021-09-15	negative_evidence	Negatome2-manual-stringent-line:1861	P62158	Q9NQX6	multiple_reviewed_human_targets	unmapped_in_pinned_uniprot_release	unresolved_endpoint
Negatome 2.0	manual_stringent_site_file_2021-09-15	negative_evidence	Negatome2-manual-stringent-line:1864	Q9NZM6	Q9Y3M2	unmapped_in_pinned_uniprot_release	unmapped_in_pinned_uniprot_release	unresolved_endpoint
Negatome 2.0	manual_stringent_site_file_2021-09-15	negative_evidence	Negatome2-manual-stringent-line:1866	P26641	Q9H213	accepted	unmapped_in_pinned_uniprot_release	unresolved_endpoint
Negatome 2.0	manual_stringent_site_file_2021-09-15	negative_evidence	Negatome2-manual-stringent-line:1869	Q5RKV6	Q9Y2L1	accepted	unmapped_in_pinned_uniprot_release	unresolved_endpoint
Negatome 2.0	manual_stringent_site_file_2021-09-15	negative_evidence	Negatome2-manual-stringent-line:1870	Q13075	Q9NR28	accepted	unmapped_in_pinned_uniprot_release	unresolved_endpoint
Negatome 2.0	manual_stringent_site_file_2021-09-15	negative_evidence	Negatome2-manual-stringent-line:1871	Q99459	Q9UBD5	unmapped_in_pinned_uniprot_release	unmapped_in_pinned_uniprot_release	unresolved_endpoint
Negatome 2.0	manual_stringent_site_file_2021-09-15	negative_evidence	Negatome2-manual-stringent-line:1872	Q02535	Q9H6S3	accepted	unmapped_in_pinned_uniprot_release	unresolved_endpoint
Negatome 2.0	manual_stringent_site_file_2021-09-15	negative_evidence	Negatome2-manual-stringent-line:1873	O14776	Q9H213	accepted	unmapped_in_pinned_uniprot_release	unresolved_endpoint
Negatome 2.0	manual_stringent_site_file_2021-09-15	negative_evidence	Negatome2-manual-stringent-line:1874	O75175	Q9UHR5	accepted	unmapped_in_pinned_uniprot_release	unresolved_endpoint
Negatome 2.0	manual_stringent_site_file_2021-09-15	negative_evidence	Negatome2-manual-stringent-line:1876	P62259	Q61097	no_human_target_in_pinned_release	no_human_target_in_pinned_release	unresolved_endpoint
Negatome 2.0	manual_stringent_site_file_2021-09-15	negative_evidence	Negatome2-manual-stringent-line:1877	P26641	Q8NI70	accepted	target_record_missing_from_pinned_snapshot	unresolved_endpoint
Negatome 2.0	manual_stringent_site_file_2021-09-15	negative_evidence	Negatome2-manual-stringent-line:1881	Q5T3J3	Q9UKY1	accepted	unmapped_in_pinned_uniprot_release	unresolved_endpoint
Negatome 2.0	manual_stringent_site_file_2021-09-15	negative_evidence	Negatome2-manual-stringent-line:1882	Q96JB2	Q9H9E3	accepted	unmapped_in_pinned_uniprot_release	unresolved_endpoint
Negatome 2.0	manual_stringent_site_file_2021-09-15	negative_evidence	Negatome2-manual-stringent-line:1886	Q3UPW8	Q80US8	no_human_target_in_pinned_release	no_human_target_in_pinned_release	unresolved_endpoint
Negatome 2.0	manual_stringent_site_file_2021-09-15	negative_evidence	Negatome2-manual-stringent-line:1887	O54968	Q05343	no_human_target_in_pinned_release	no_human_target_in_pinned_release	unresolved_endpoint
Negatome 2.0	manual_stringent_site_file_2021-09-15	negative_evidence	Negatome2-manual-stringent-line:1888	P35221	Q9UBT7	accepted	unmapped_in_pinned_uniprot_release	unresolved_endpoint
Negatome 2.0	manual_stringent_site_file_2021-09-15	negative_evidence	Negatome2-manual-stringent-line:1889	P51693	Q9UKY1	accepted	unmapped_in_pinned_uniprot_release	unresolved_endpoint
Negatome 2.0	manual_stringent_site_file_2021-09-15	negative_evidence	Negatome2-manual-stringent-line:1890	Q91V27	Q9WTL2	no_human_target_in_pinned_release	unmapped_in_pinned_uniprot_release	unresolved_endpoint
Negatome 2.0	manual_stringent_site_file_2021-09-15	negative_evidence	Negatome2-manual-stringent-line:1893	Q8TBX8	Q9UH92	accepted	unmapped_in_pinned_uniprot_release	unresolved_endpoint
Negatome 2.0	manual_stringent_site_file_2021-09-15	negative_evidence	Negatome2-manual-stringent-line:1894	Q6Y5D8	Q8CIN4	no_human_target_in_pinned_release	no_human_target_in_pinned_release	unresolved_endpoint
Negatome 2.0	manual_stringent_site_file_2021-09-15	negative_evidence	Negatome2-manual-stringent-line:1895	O75175	P62158	accepted	multiple_reviewed_human_targets	unresolved_endpoint
Negatome 2.0	manual_stringent_site_file_2021-09-15	negative_evidence	Negatome2-manual-stringent-line:1897	P35285	Q80T23	no_human_target_in_pinned_release	no_human_target_in_pinned_release	unresolved_endpoint
Negatome 2.0	manual_stringent_site_file_2021-09-15	negative_evidence	Negatome2-manual-stringent-line:1900	P12757	Q9HAU4	accepted	unmapped_in_pinned_uniprot_release	unresolved_endpoint
Negatome 2.0	manual_stringent_site_file_2021-09-15	negative_evidence	Negatome2-manual-stringent-line:1903	P62158	Q9UDV6	multiple_reviewed_human_targets	unmapped_in_pinned_uniprot_release	unresolved_endpoint
Negatome 2.0	manual_stringent_site_file_2021-09-15	negative_evidence	Negatome2-manual-stringent-line:1905	Q9Y2L1	Q9Y3B2	unmapped_in_pinned_uniprot_release	unmapped_in_pinned_uniprot_release	unresolved_endpoint
Negatome 2.0	manual_stringent_site_file_2021-09-15	negative_evidence	Negatome2-manual-stringent-line:1908	Q9QZJ6	Q9WVJ9	unmapped_in_pinned_uniprot_release	unmapped_in_pinned_uniprot_release	unresolved_endpoint
Negatome 2.0	manual_stringent_site_file_2021-09-15	negative_evidence	Negatome2-manual-stringent-line:1912	Q969S8	Q9UBN7	accepted	unmapped_in_pinned_uniprot_release	unresolved_endpoint
Negatome 2.0	manual_stringent_site_file_2021-09-15	negative_evidence	Negatome2-manual-stringent-line:1913	P50538	Q3UPW8	no_human_target_in_pinned_release	no_human_target_in_pinned_release	unresolved_endpoint
Negatome 2.0	manual_stringent_site_file_2021-09-15	negative_evidence	Negatome2-manual-stringent-line:1914	P31150	P62158	accepted	multiple_reviewed_human_targets	unresolved_endpoint
Negatome 2.0	manual_stringent_site_file_2021-09-15	negative_evidence	Negatome2-manual-stringent-line:1915	P31750	Q155Q3	no_human_target_in_pinned_release	accepted	unresolved_endpoint
Negatome 2.0	manual_stringent_site_file_2021-09-15	negative_evidence	Negatome2-manual-stringent-line:1917	P18576	P63140	no_human_target_in_pinned_release	no_human_target_in_pinned_release	unresolved_endpoint
Negatome 2.0	manual_stringent_site_file_2021-09-15	negative_evidence	Negatome2-manual-stringent-line:1918	Q99547	Q9NQT4	unmapped_in_pinned_uniprot_release	unmapped_in_pinned_uniprot_release	unresolved_endpoint
Negatome 2.0	manual_stringent_site_file_2021-09-15	negative_evidence	Negatome2-manual-stringent-line:1919	Q9ERP3	Q9JK37	unmapped_in_pinned_uniprot_release	unmapped_in_pinned_uniprot_release	unresolved_endpoint
Negatome 2.0	manual_stringent_site_file_2021-09-15	negative_evidence	Negatome2-manual-stringent-line:1921	P47709	P61765	no_human_target_in_pinned_release	no_human_target_in_pinned_release	unresolved_endpoint
Negatome 2.0	manual_stringent_site_file_2021-09-15	negative_evidence	Negatome2-manual-stringent-line:1922	P35292	Q80T23	no_human_target_in_pinned_release	no_human_target_in_pinned_release	unresolved_endpoint
Negatome 2.0	manual_stringent_site_file_2021-09-15	negative_evidence	Negatome2-manual-stringent-line:1924	Q70SY1	Q9H9D4	accepted	unmapped_in_pinned_uniprot_release	unresolved_endpoint
Negatome 2.0	manual_stringent_site_file_2021-09-15	negative_evidence	Negatome2-manual-stringent-line:1926	P25963	Q9UH92	accepted	unmapped_in_pinned_uniprot_release	unresolved_endpoint
Negatome 2.0	manual_stringent_site_file_2021-09-15	negative_evidence	Negatome2-manual-stringent-line:1927	P49799	Q9Z0G0	no_human_target_in_pinned_release	unmapped_in_pinned_uniprot_release	unresolved_endpoint
Negatome 2.0	manual_stringent_site_file_2021-09-15	negative_evidence	Negatome2-manual-stringent-line:1928	Q16526	Q9Y297	accepted	unmapped_in_pinned_uniprot_release	unresolved_endpoint
Negatome 2.0	manual_stringent_site_file_2021-09-15	negative_evidence	Negatome2-manual-stringent-line:1930	P41240	Q9NQX6	accepted	unmapped_in_pinned_uniprot_release	unresolved_endpoint
Negatome 2.0	manual_stringent_site_file_2021-09-15	negative_evidence	Negatome2-manual-stringent-line:1931	P61027	Q99N48	no_human_target_in_pinned_release	unmapped_in_pinned_uniprot_release	unresolved_endpoint
Negatome 2.0	manual_stringent_site_file_2021-09-15	negative_evidence	Negatome2-manual-stringent-line:1932	Q9UHR5	Q9UHR5	unmapped_in_pinned_uniprot_release	unmapped_in_pinned_uniprot_release	unresolved_endpoint
Negatome 2.0	manual_stringent_site_file_2021-09-15	negative_evidence	Negatome2-manual-stringent-line:1933	P62158	Q92785	multiple_reviewed_human_targets	accepted	unresolved_endpoint
Negatome 2.0	manual_stringent_site_file_2021-09-15	negative_evidence	Negatome2-manual-stringent-line:1934	O96011	Q9Y5Y5	accepted	unmapped_in_pinned_uniprot_release	unresolved_endpoint
Negatome 2.0	manual_stringent_site_file_2021-09-15	negative_evidence	Negatome2-manual-stringent-line:1935	P11505	Q01728	no_human_target_in_pinned_release	no_human_target_in_pinned_release	unresolved_endpoint
Negatome 2.0	manual_stringent_site_file_2021-09-15	negative_evidence	Negatome2-manual-stringent-line:1936	P55002	Q9WVH9	no_human_target_in_pinned_release	unmapped_in_pinned_uniprot_release	unresolved_endpoint
Negatome 2.0	manual_stringent_site_file_2021-09-15	negative_evidence	Negatome2-manual-stringent-line:1940	Q9H2S9	Q9H9D4	unmapped_in_pinned_uniprot_release	unmapped_in_pinned_uniprot_release	unresolved_endpoint
Negatome 2.0	manual_stringent_site_file_2021-09-15	negative_evidence	Negatome2-manual-stringent-line:1941	O15304	Q9UBY5	accepted	unmapped_in_pinned_uniprot_release	unresolved_endpoint
Negatome 2.0	manual_stringent_site_file_2021-09-15	negative_evidence	Negatome2-manual-stringent-line:1944	P40425	Q9BQG0	accepted	unmapped_in_pinned_uniprot_release	unresolved_endpoint
Negatome 2.0	manual_stringent_site_file_2021-09-15	negative_evidence	Negatome2-manual-stringent-line:1945	P62158	Q9H9D4	multiple_reviewed_human_targets	unmapped_in_pinned_uniprot_release	unresolved_endpoint
Negatome 2.0	manual_stringent_site_file_2021-09-15	negative_evidence	Negatome2-manual-stringent-line:1946	Q9H213	Q9UKY1	unmapped_in_pinned_uniprot_release	unmapped_in_pinned_uniprot_release	unresolved_endpoint
Negatome 2.0	manual_stringent_site_file_2021-09-15	negative_evidence	Negatome2-manual-stringent-line:1947	Q9NQT4	Q9Y2L1	unmapped_in_pinned_uniprot_release	unmapped_in_pinned_uniprot_release	unresolved_endpoint
Negatome 2.0	manual_stringent_site_file_2021-09-15	negative_evidence	Negatome2-manual-stringent-line:1948	P63059	Q63158	no_human_target_in_pinned_release	no_human_target_in_pinned_release	unresolved_endpoint
Negatome 2.0	manual_stringent_site_file_2021-09-15	negative_evidence	Negatome2-manual-stringent-line:1951	P56371	Q91V27	no_human_target_in_pinned_release	no_human_target_in_pinned_release	unresolved_endpoint
Negatome 2.0	manual_stringent_site_file_2021-09-15	negative_evidence	Negatome2-manual-stringent-line:1953	Q8TBX8	Q9NQX6	accepted	unmapped_in_pinned_uniprot_release	unresolved_endpoint
Negatome 2.0	manual_stringent_site_file_2021-09-15	negative_evidence	Negatome2-manual-stringent-line:1955	Q6TDP3	Q9WTX6	no_human_target_in_pinned_release	unmapped_in_pinned_uniprot_release	unresolved_endpoint
Negatome 2.0	manual_stringent_site_file_2021-09-15	negative_evidence	Negatome2-manual-stringent-line:1956	O55131	P42208	no_human_target_in_pinned_release	no_human_target_in_pinned_release	unresolved_endpoint
Negatome 2.0	manual_stringent_site_file_2021-09-15	negative_evidence	Negatome2-manual-stringent-line:1957	O60683	Q9Y5Y5	accepted	unmapped_in_pinned_uniprot_release	unresolved_endpoint
Negatome 2.0	manual_stringent_site_file_2021-09-15	negative_evidence	Negatome2-manual-stringent-line:1960	O88974	P37238	no_human_target_in_pinned_release	no_human_target_in_pinned_release	unresolved_endpoint
Negatome 2.0	manual_stringent_site_file_2021-09-15	negative_evidence	Negatome2-manual-stringent-line:1961	P17036	Q9NQX6	accepted	unmapped_in_pinned_uniprot_release	unresolved_endpoint
Negatome 2.0	manual_stringent_site_file_2021-09-15	negative_evidence	Negatome2-manual-stringent-line:1963	P55258	Q91V27	no_human_target_in_pinned_release	no_human_target_in_pinned_release	unresolved_endpoint
Negatome 2.0	manual_stringent_site_file_2021-09-15	negative_evidence	Negatome2-manual-stringent-line:1964	Q64008	Q91V27	no_human_target_in_pinned_release	no_human_target_in_pinned_release	unresolved_endpoint
Negatome 2.0	manual_stringent_site_file_2021-09-15	negative_evidence	Negatome2-manual-stringent-line:1967	P11802	Q9UBD5	accepted	unmapped_in_pinned_uniprot_release	unresolved_endpoint
Negatome 2.0	manual_stringent_site_file_2021-09-15	negative_evidence	Negatome2-manual-stringent-line:1968	Q02248	Q8BN78	no_human_target_in_pinned_release	no_human_target_in_pinned_release	unresolved_endpoint
Negatome 2.0	manual_stringent_site_file_2021-09-15	negative_evidence	Negatome2-manual-stringent-line:1970	P63239	Q58A65	no_human_target_in_pinned_release	no_human_target_in_pinned_release	unresolved_endpoint
Negatome 2.0	manual_stringent_site_file_2021-09-15	negative_evidence	Negatome2-manual-stringent-line:1971	Q8NI70	Q9H213	target_record_missing_from_pinned_snapshot	unmapped_in_pinned_uniprot_release	unresolved_endpoint
Negatome 2.0	manual_stringent_site_file_2021-09-15	negative_evidence	Negatome2-manual-stringent-line:1972	P18848	Q9H6S3	accepted	unmapped_in_pinned_uniprot_release	unresolved_endpoint
Negatome 2.0	manual_stringent_site_file_2021-09-15	negative_evidence	Negatome2-manual-stringent-line:1973	Q16828	Q9H9D4	accepted	unmapped_in_pinned_uniprot_release	unresolved_endpoint
Negatome 2.0	manual_stringent_site_file_2021-09-15	negative_evidence	Negatome2-manual-stringent-line:1975	P17679	Q924H2	no_human_target_in_pinned_release	no_human_target_in_pinned_release	unresolved_endpoint
Negatome 2.0	manual_stringent_site_file_2021-09-15	negative_evidence	Negatome2-manual-stringent-line:1976	P19490	Q62936	no_human_target_in_pinned_release	no_human_target_in_pinned_release	unresolved_endpoint
Negatome 2.0	manual_stringent_site_file_2021-09-15	negative_evidence	Negatome2-manual-stringent-line:1977	P42285	Q9NPD3	accepted	unmapped_in_pinned_uniprot_release	unresolved_endpoint
Negatome 2.0	manual_stringent_site_file_2021-09-15	negative_evidence	Negatome2-manual-stringent-line:1979	P25963	Q9H6S3	accepted	unmapped_in_pinned_uniprot_release	unresolved_endpoint
Negatome 2.0	manual_stringent_site_file_2021-09-15	negative_evidence	Negatome2-manual-stringent-line:1982	P20917	Q8K0S5	no_human_target_in_pinned_release	no_human_target_in_pinned_release	unresolved_endpoint
Negatome 2.0	manual_stringent_site_file_2021-09-15	negative_evidence	Negatome2-manual-stringent-line:1983	Q15024	Q9Y2L1	accepted	unmapped_in_pinned_uniprot_release	unresolved_endpoint
Negatome 2.0	manual_stringent_site_file_2021-09-15	negative_evidence	Negatome2-manual-stringent-line:1984	Q8TAU0	Q9NQX6	accepted	unmapped_in_pinned_uniprot_release	unresolved_endpoint
Negatome 2.0	manual_stringent_site_file_2021-09-15	negative_evidence	Negatome2-manual-stringent-line:1987	P51693	Q8NI70	accepted	target_record_missing_from_pinned_snapshot	unresolved_endpoint
Negatome 2.0	manual_stringent_site_file_2021-09-15	negative_evidence	Negatome2-manual-stringent-line:1989	P42285	Q9NQT4	accepted	unmapped_in_pinned_uniprot_release	unresolved_endpoint
Negatome 2.0	manual_stringent_site_file_2021-09-15	negative_evidence	Negatome2-manual-stringent-line:1990	P62821	Q91V27	no_human_target_in_pinned_release	no_human_target_in_pinned_release	unresolved_endpoint
Negatome 2.0	manual_stringent_site_file_2021-09-15	negative_evidence	Negatome2-manual-stringent-line:1991	Q16828	Q9NQX6	accepted	unmapped_in_pinned_uniprot_release	unresolved_endpoint
