source_database	source_version	evidence_role	namespace	raw_identifier	mapping_query_id	isoform_specific	occurrence_count	all_uniprot_targets	reviewed_human_targets	resolved_accession	resolution_status	resolution_reason
HuRI	portal_2020-03-09	positive_evidence	Ensembl	ENSG00000021645	ENSG00000021645	false	1	A0A0A0MR89;A0A0C4DGK4;A0A0U1RQC5;A0A0U1RRJ0;A0A7I2V2B1;A0A7I2YQT0;G3V247;G3V4R9;H0YJL2;Q9HDB5;Q9Y4C0	Q9HDB5;Q9Y4C0		quarantine	multiple_reviewed_human_targets
HuRI	portal_2020-03-09	positive_evidence	Ensembl	ENSG00000024862	ENSG00000024862	false	4	A0ACI8R8X3;A0ACI8RYY1			quarantine	multiple_or_cross_species_targets_without_unique_human_mapping
HuRI	portal_2020-03-09	positive_evidence	Ensembl	ENSG00000033122	ENSG00000033122	false	4	A0A075B6E9;B1AKT2;K7ELH5;V9GY23;V9GYE1;V9GZ42			quarantine	multiple_or_cross_species_targets_without_unique_human_mapping
HuRI	portal_2020-03-09	positive_evidence	Ensembl	ENSG00000042304	ENSG00000042304	false	1				quarantine	unmapped_in_pinned_uniprot_release
HuRI	portal_2020-03-09	positive_evidence	Ensembl	ENSG00000084734	ENSG00000084734	false	1	A0A0C4DFN2;A0ACI8PJG5;A0ACI8PJG9;A0ACI8PM83;A0ACI8PMB7;A0ACI8Q0M5;A0ACI8Q865;A0ACI8RI76;A0ACI8RM32;A0ACI8RS38;H7C1B4;H7C4D3			quarantine	multiple_or_cross_species_targets_without_unique_human_mapping
HuRI	portal_2020-03-09	positive_evidence	Ensembl	ENSG00000101307	ENSG00000101307	false	3	A0ACI8VM80;A0ACI8VP60;H3BQ21;H3BRP9;H3BSK5;H3BTT9;H3BU43;H3BUW0;H9KV29;O00241;Q5TFQ8	O00241;Q5TFQ8		quarantine	multiple_reviewed_human_targets
HuRI	portal_2020-03-09	positive_evidence	Ensembl	ENSG00000105327	ENSG00000105327	false	8	Q96PG8;Q9BXH1	Q96PG8;Q9BXH1		quarantine	multiple_reviewed_human_targets
HuRI	portal_2020-03-09	positive_evidence	Ensembl	ENSG00000105501	ENSG00000105501	false	3				quarantine	unmapped_in_pinned_uniprot_release
HuRI	portal_2020-03-09	positive_evidence	Ensembl	ENSG00000106123	ENSG00000106123	false	12	A0A087WTE3;A0A087WYP8;A0A087WZL4;A0ACI8Q738;A0ACI8RK75;A0ACI8TX74;A0ACI8TXA4;A0ACI8U406;A0ACI8U426;F8WCM8			quarantine	multiple_or_cross_species_targets_without_unique_human_mapping
HuRI	portal_2020-03-09	positive_evidence	Ensembl	ENSG00000110680	ENSG00000110680	false	1	P01258;P06881	P01258;P06881		quarantine	multiple_reviewed_human_targets
HuRI	portal_2020-03-09	positive_evidence	Ensembl	ENSG00000112096	ENSG00000112096	false	1				quarantine	unmapped_in_pinned_uniprot_release
HuRI	portal_2020-03-09	positive_evidence	Ensembl	ENSG00000118412	ENSG00000118412	false	2	A0A087WTW5;A0A096LP21			quarantine	multiple_or_cross_species_targets_without_unique_human_mapping
HuRI	portal_2020-03-09	positive_evidence	Ensembl	ENSG00000118507	ENSG00000118507	false	9	A0A804HI88;A0A9L9PYJ6;A0ACI8QA17;F5GXD1;F5H4P9;J3KN37;O43687;Q9P0M2	O43687;Q9P0M2		quarantine	multiple_reviewed_human_targets
HuRI	portal_2020-03-09	positive_evidence	Ensembl	ENSG00000120802	ENSG00000120802	false	3	A0ACI8P727;G5E972;H0YJH7;P42166;P42167	P42166;P42167		quarantine	multiple_reviewed_human_targets
HuRI	portal_2020-03-09	positive_evidence	Ensembl	ENSG00000125122	ENSG00000125122	false	4				quarantine	unmapped_in_pinned_uniprot_release
HuRI	portal_2020-03-09	positive_evidence	Ensembl	ENSG00000125462	ENSG00000125462	false	1				quarantine	unmapped_in_pinned_uniprot_release
HuRI	portal_2020-03-09	positive_evidence	Ensembl	ENSG00000127922	ENSG00000127922	false	1	A0A087WUG5;A0A087WXB9;A0A087WXG9;A0A087WYU0;A0A087X1V0;A0A087X261;A0A096LP17;A0A096LP28;A0ACI8TDW6;A0ACI8TDX3;A0ACI8TE20;F2Z2L7;F2Z2N6;F2Z309;P60896;Q6ZVN7	P60896;Q6ZVN7		quarantine	multiple_reviewed_human_targets
HuRI	portal_2020-03-09	positive_evidence	Ensembl	ENSG00000130363	ENSG00000130363	false	6	A0A0C4DFU3;A0A0C4DG29;A0ACI8RSQ2			quarantine	multiple_or_cross_species_targets_without_unique_human_mapping
HuRI	portal_2020-03-09	positive_evidence	Ensembl	ENSG00000137700	ENSG00000137700	false	1	U3KPU7;U3KQL4;U3KQS2			quarantine	multiple_or_cross_species_targets_without_unique_human_mapping
HuRI	portal_2020-03-09	positive_evidence	Ensembl	ENSG00000139656	ENSG00000139656	false	1				quarantine	unmapped_in_pinned_uniprot_release
HuRI	portal_2020-03-09	positive_evidence	Ensembl	ENSG00000142396	ENSG00000142396	false	1	A0A0U1RQC6;A0A0U1RQL9;A0A0U1RQN3;A0A0U1RQS5;A0A0U1RQV1;A0ACI8SQ87			quarantine	multiple_or_cross_species_targets_without_unique_human_mapping
HuRI	portal_2020-03-09	positive_evidence	Ensembl	ENSG00000143933	ENSG00000143933	false	14	A0A590UJC0;A0A590UJE2;A0A590UJI2;A0ACI8T3F6;A0ACI8UEE6;A0ACI8UEE9;E7EMB3;F8WBR5;P0DP23;P0DP24;P0DP25;Q96HY3	P0DP23;P0DP24;P0DP25		quarantine	multiple_reviewed_human_targets
HuRI	portal_2020-03-09	positive_evidence	Ensembl	ENSG00000147996	ENSG00000147996	false	1	A0A0A6YYH9;A0ACI8PBY2;A0ACI8QGS7;A0ACI8RIF8;A0ACI8RT22;A0ACI8TXP7;A0ACI8TXP9;A0ACI8TXU7;A0ACI8UXL9;A0ACI8UXS3;E7EUZ7;F2Z3P0;F6QX95;H0Y857;Q5JTY2;Q5JTY5;Q5RIA9;Q5RIB0;Q5RIB3;Q5RIB5	Q5JTY5;Q5RIA9		quarantine	multiple_reviewed_human_targets
HuRI	portal_2020-03-09	positive_evidence	Ensembl	ENSG00000152133	ENSG00000152133	false	4	A0A6I8PRS5;A0A6Q8JGY2;A0ACI8VFP1			quarantine	multiple_or_cross_species_targets_without_unique_human_mapping
HuRI	portal_2020-03-09	positive_evidence	Ensembl	ENSG00000158483	ENSG00000158483	false	21				quarantine	unmapped_in_pinned_uniprot_release
HuRI	portal_2020-03-09	positive_evidence	Ensembl	ENSG00000160014	ENSG00000160014	false	14	A0A590UJD7;A0ACI8PYG7;A0ACI8QG22;A0ACI8QTD4;A0ACI8R1I5;A0ACI8UTX3;M0QZ52;P0DP23;P0DP24;P0DP25;Q96HY3	P0DP23;P0DP24;P0DP25		quarantine	multiple_reviewed_human_targets
HuRI	portal_2020-03-09	positive_evidence	Ensembl	ENSG00000160818	ENSG00000160818	false	2	A0AA34QVU8;E9PPY4;F2Z3C6			quarantine	multiple_or_cross_species_targets_without_unique_human_mapping
HuRI	portal_2020-03-09	positive_evidence	Ensembl	ENSG00000161847	ENSG00000161847	false	1	A0A087WZ13;A0ACI8SI95;A0ACI8SI98;A0ACI8SIB2;A0ACI8SIC7;A0ACI8SID6;A0ACI8SID7;A0ACI8SID8;A0ACI8SIF3;A0ACI8SJ44;A0ACI8SJ48;K7EKR9			quarantine	multiple_or_cross_species_targets_without_unique_human_mapping
HuRI	portal_2020-03-09	positive_evidence	Ensembl	ENSG00000161981	ENSG00000161981	false	12	A0AA34QW04;B8ZZ06;H7BYR9;Q4TT61			quarantine	multiple_or_cross_species_targets_without_unique_human_mapping
HuRI	portal_2020-03-09	positive_evidence	Ensembl	ENSG00000163098	ENSG00000163098	false	2				quarantine	unmapped_in_pinned_uniprot_release
HuRI	portal_2020-03-09	positive_evidence	Ensembl	ENSG00000164871	ENSG00000164871	false	2	A0A0A0MRG4;A0A0B4J218;H0YF39;Q08648;Q6PDA7	Q08648;Q6PDA7		quarantine	multiple_reviewed_human_targets
HuRI	portal_2020-03-09	positive_evidence	Ensembl	ENSG00000167608	ENSG00000167608	false	2	A0A087WT65;A0A087WVI4;A0A087WXY6;A0ACI8Q3T4;A0ACI8Q3T5;A0ACI8Q3V3;A0ACI8Q5P7;A0ACI8Q8R3;A0ACI8QLV6;A0ACI8QTV6;A0ACI8RRV0;A0ACI8RZF0;A0ACI8S1V2;A0ACI8S5H8;A0ACI8TDR0;A0ACI8TDV1;A0ACI8TE22;A0ACI8UXZ4;A0ACI8V0F5;C9JFU4			quarantine	multiple_or_cross_species_targets_without_unique_human_mapping
HuRI	portal_2020-03-09	positive_evidence	Ensembl	ENSG00000173369	ENSG00000173369	false	1	A0A0A0MSV6;A0A8Q3SI33;A0A8Q3SI50;A0A8Q3SI72;A0A8Q3WKR5;A0A8Q3WLT6;A0A8Q3WM25;A0ACI8RY72;D6R934;D6RGJ1			quarantine	multiple_or_cross_species_targets_without_unique_human_mapping
HuRI	portal_2020-03-09	positive_evidence	Ensembl	ENSG00000173678	ENSG00000173678	false	4	A6NHP3;Q495Y8	A6NHP3;Q495Y8		quarantine	multiple_reviewed_human_targets
HuRI	portal_2020-03-09	positive_evidence	Ensembl	ENSG00000174370	ENSG00000174370	false	6				quarantine	unmapped_in_pinned_uniprot_release
HuRI	portal_2020-03-09	positive_evidence	Ensembl	ENSG00000174428	ENSG00000174428	false	1	A0A087WW90;A0A494C1N8;A0ACI8QA39;A0ACI8QA77;A0ACI8QEG5;A0ACI8R289;A0ACI8RAB3;A0ACI8RK28;A0ACI8RRA5;A0ACI8S8K4;A0ACI8SBK4;A0ACI8V0H6;A0ACI8V361;A0ACI8V379;A0ACI8V3E3;A0ACI8V3V3;A0ACI8V5D1;A0ACI8V5D9;A0ACI8V5E6;A0ACI8V5I6;Q6EKJ0;Q86UP8	Q6EKJ0;Q86UP8		quarantine	multiple_reviewed_human_targets
HuRI	portal_2020-03-09	positive_evidence	Ensembl	ENSG00000174899	ENSG00000174899	false	1				quarantine	unmapped_in_pinned_uniprot_release
HuRI	portal_2020-03-09	positive_evidence	Ensembl	ENSG00000177125	ENSG00000177125	false	5	A0A0C4DFQ2;A0A8Q3WKM1			quarantine	multiple_or_cross_species_targets_without_unique_human_mapping
HuRI	portal_2020-03-09	positive_evidence	Ensembl	ENSG00000178928	ENSG00000178928	false	18	A0A8V8TM49;A0A8V8TMK4;F6S1Y5			quarantine	multiple_or_cross_species_targets_without_unique_human_mapping
HuRI	portal_2020-03-09	positive_evidence	Ensembl	ENSG00000181013	ENSG00000181013	false	2				quarantine	unmapped_in_pinned_uniprot_release
HuRI	portal_2020-03-09	positive_evidence	Ensembl	ENSG00000182077	ENSG00000182077	false	1				quarantine	unmapped_in_pinned_uniprot_release
HuRI	portal_2020-03-09	positive_evidence	Ensembl	ENSG00000182230	ENSG00000182230	false	5				quarantine	unmapped_in_pinned_uniprot_release
HuRI	portal_2020-03-09	positive_evidence	Ensembl	ENSG00000182257	ENSG00000182257	false	17				quarantine	unmapped_in_pinned_uniprot_release
HuRI	portal_2020-03-09	positive_evidence	Ensembl	ENSG00000183729	ENSG00000183729	false	1				quarantine	unmapped_in_pinned_uniprot_release
HuRI	portal_2020-03-09	positive_evidence	Ensembl	ENSG00000184258	ENSG00000184258	false	5				quarantine	unmapped_in_pinned_uniprot_release
HuRI	portal_2020-03-09	positive_evidence	Ensembl	ENSG00000185594	ENSG00000185594	false	14				quarantine	unmapped_in_pinned_uniprot_release
HuRI	portal_2020-03-09	positive_evidence	Ensembl	ENSG00000185614	ENSG00000185614	false	6	A0A499FIG1;A0ACI8QYL8			quarantine	multiple_or_cross_species_targets_without_unique_human_mapping
HuRI	portal_2020-03-09	positive_evidence	Ensembl	ENSG00000185689	ENSG00000185689	false	1				quarantine	unmapped_in_pinned_uniprot_release
HuRI	portal_2020-03-09	positive_evidence	Ensembl	ENSG00000185761	ENSG00000185761	false	3	A0A087WVY8;A0A087WZI4;A0A087X1N9;A0ACI8V9P3;F6T5K7;K7ELV0;X6R4H8			quarantine	multiple_or_cross_species_targets_without_unique_human_mapping
HuRI	portal_2020-03-09	positive_evidence	Ensembl	ENSG00000186184	ENSG00000186184	false	1	A0A087WTY1;A0A087X0U2;A0A0D9SFV6;A0A0R4J2F3;A0A1B0GUZ5;A0A8I5KX40;A0A8I5QL02;P0DPB5;P0DPB6	P0DPB5;P0DPB6		quarantine	multiple_reviewed_human_targets
HuRI	portal_2020-03-09	positive_evidence	Ensembl	ENSG00000186493	ENSG00000186493	false	1				quarantine	unmapped_in_pinned_uniprot_release
HuRI	portal_2020-03-09	positive_evidence	Ensembl	ENSG00000187595	ENSG00000187595	false	10	A0A3B3IS60;A0A3B3ITE2;A0A8I5KWL9;A0ACI8T051;C9J6X6			quarantine	multiple_or_cross_species_targets_without_unique_human_mapping
HuRI	portal_2020-03-09	positive_evidence	Ensembl	ENSG00000188100	ENSG00000188100	false	18	B3EWG3;B3EWG5;B3EWG6	B3EWG3;B3EWG5;B3EWG6		quarantine	multiple_reviewed_human_targets
HuRI	portal_2020-03-09	positive_evidence	Ensembl	ENSG00000189090	ENSG00000189090	false	18	B3EWG3;B3EWG5;B3EWG6	B3EWG3;B3EWG5;B3EWG6		quarantine	multiple_reviewed_human_targets
HuRI	portal_2020-03-09	positive_evidence	Ensembl	ENSG00000196312	ENSG00000196312	false	1				quarantine	unmapped_in_pinned_uniprot_release
HuRI	portal_2020-03-09	positive_evidence	Ensembl	ENSG00000196459	ENSG00000196459	false	19	A0ACI8TZJ0;E5RFG0;F5H785;P0DI81;P0DI82	P0DI81;P0DI82		quarantine	multiple_reviewed_human_targets
HuRI	portal_2020-03-09	positive_evidence	Ensembl	ENSG00000197364	ENSG00000197364	false	3				quarantine	unmapped_in_pinned_uniprot_release
HuRI	portal_2020-03-09	positive_evidence	Ensembl	ENSG00000197536	ENSG00000197536	false	2				quarantine	unmapped_in_pinned_uniprot_release
HuRI	portal_2020-03-09	positive_evidence	Ensembl	ENSG00000197568	ENSG00000197568	false	3				quarantine	unmapped_in_pinned_uniprot_release
HuRI	portal_2020-03-09	positive_evidence	Ensembl	ENSG00000198054	ENSG00000198054	false	1				quarantine	unmapped_in_pinned_uniprot_release
HuRI	portal_2020-03-09	positive_evidence	Ensembl	ENSG00000198668	ENSG00000198668	false	14	A0ACI8VSS0;G3V226;G3V361;G3V479;P0DP23;P0DP24;P0DP25;Q96HY3	P0DP23;P0DP24;P0DP25		quarantine	multiple_reviewed_human_targets
HuRI	portal_2020-03-09	positive_evidence	Ensembl	ENSG00000203812	ENSG00000203812	false	1				quarantine	unmapped_in_pinned_uniprot_release
HuRI	portal_2020-03-09	positive_evidence	Ensembl	ENSG00000204176	ENSG00000204176	false	5	A0ACI8R4G5;A0ACI8S315;D6RF99;H3BLX3;Q9BQS2;X6R8R1	Q9BQS2;X6R8R1		quarantine	multiple_reviewed_human_targets
HuRI	portal_2020-03-09	positive_evidence	Ensembl	ENSG00000204183	ENSG00000204183	false	1				quarantine	unmapped_in_pinned_uniprot_release
HuRI	portal_2020-03-09	positive_evidence	Ensembl	ENSG00000204388	ENSG00000204388	false	1	P0DMV8;P0DMV9	P0DMV8;P0DMV9		quarantine	multiple_reviewed_human_targets
HuRI	portal_2020-03-09	positive_evidence	Ensembl	ENSG00000204389	ENSG00000204389	false	1	P0DMV8;P0DMV9;V9GZ37	P0DMV8;P0DMV9		quarantine	multiple_reviewed_human_targets
HuRI	portal_2020-03-09	positive_evidence	Ensembl	ENSG00000204918	ENSG00000204918	false	91	P86478;P86479;P86480;P86481;P86496	P86478;P86479;P86480;P86481;P86496		quarantine	multiple_reviewed_human_targets
HuRI	portal_2020-03-09	positive_evidence	Ensembl	ENSG00000204919	ENSG00000204919	false	91	P86478;P86479;P86480;P86481;P86496	P86478;P86479;P86480;P86481;P86496		quarantine	multiple_reviewed_human_targets
HuRI	portal_2020-03-09	positive_evidence	Ensembl	ENSG00000205238	ENSG00000205238	false	4	A6NHP3;Q495Y8	A6NHP3;Q495Y8		quarantine	multiple_reviewed_human_targets
HuRI	portal_2020-03-09	positive_evidence	Ensembl	ENSG00000212643	ENSG00000212643	false	4				quarantine	unmapped_in_pinned_uniprot_release
HuRI	portal_2020-03-09	positive_evidence	Ensembl	ENSG00000212724	ENSG00000212724	false	89	P0C7H8;Q9BYR9	P0C7H8;Q9BYR9		quarantine	multiple_reviewed_human_targets
HuRI	portal_2020-03-09	positive_evidence	Ensembl	ENSG00000213029	ENSG00000213029	false	2				quarantine	unmapped_in_pinned_uniprot_release
HuRI	portal_2020-03-09	positive_evidence	Ensembl	ENSG00000213417	ENSG00000213417	false	89	P0C7H8;Q9BYR9	P0C7H8;Q9BYR9		quarantine	multiple_reviewed_human_targets
HuRI	portal_2020-03-09	positive_evidence	Ensembl	ENSG00000214215	ENSG00000214215	false	3				quarantine	unmapped_in_pinned_uniprot_release
HuRI	portal_2020-03-09	positive_evidence	Ensembl	ENSG00000215269	ENSG00000215269	false	4	O76087;P0CL80;P0CL81;P0CL82	O76087;P0CL80;P0CL81;P0CL82		quarantine	multiple_reviewed_human_targets
HuRI	portal_2020-03-09	positive_evidence	Ensembl	ENSG00000215271	ENSG00000215271	false	102				quarantine	unmapped_in_pinned_uniprot_release
HuRI	portal_2020-03-09	positive_evidence	Ensembl	ENSG00000215790	ENSG00000215790	false	3				quarantine	unmapped_in_pinned_uniprot_release
HuRI	portal_2020-03-09	positive_evidence	Ensembl	ENSG00000221972	ENSG00000221972	false	20				quarantine	unmapped_in_pinned_uniprot_release
HuRI	portal_2020-03-09	positive_evidence	Ensembl	ENSG00000221995	ENSG00000221995	false	1				quarantine	unmapped_in_pinned_uniprot_release
HuRI	portal_2020-03-09	positive_evidence	Ensembl	ENSG00000222047	ENSG00000222047	false	62				quarantine	unmapped_in_pinned_uniprot_release
HuRI	portal_2020-03-09	positive_evidence	Ensembl	ENSG00000224440	ENSG00000224440	false	1	A0A1B0GTR3;P0DPH9	A0A1B0GTR3;P0DPH9		quarantine	multiple_reviewed_human_targets
HuRI	portal_2020-03-09	positive_evidence	Ensembl	ENSG00000227151	ENSG00000227151	false	91	P86478;P86479;P86480;P86481;P86496	P86478;P86479;P86480;P86481;P86496		quarantine	multiple_reviewed_human_targets
HuRI	portal_2020-03-09	positive_evidence	Ensembl	ENSG00000228927	ENSG00000228927	false	2	A0A1W2PPS3;F2Z2I4;P0CV98;P0CW01	P0CV98;P0CW01		quarantine	multiple_reviewed_human_targets
HuRI	portal_2020-03-09	positive_evidence	Ensembl	ENSG00000229665	ENSG00000229665	false	91	P86478;P86479;P86480;P86481;P86496	P86478;P86479;P86480;P86481;P86496		quarantine	multiple_reviewed_human_targets
HuRI	portal_2020-03-09	positive_evidence	Ensembl	ENSG00000230657	ENSG00000230657	false	3	A0ACI8QPL9;A0ACI8QW46;E7EXA8;E9PAL0			quarantine	multiple_or_cross_species_targets_without_unique_human_mapping
HuRI	portal_2020-03-09	positive_evidence	Ensembl	ENSG00000231887	ENSG00000231887	false	8	A0A087WV42;A0A087WYF5;A0A087WYT0;A0ABJ7H8B7			quarantine	multiple_or_cross_species_targets_without_unique_human_mapping
HuRI	portal_2020-03-09	positive_evidence	Ensembl	ENSG00000234278	ENSG00000234278	false	91	P86478;P86479;P86480;P86481;P86496	P86478;P86479;P86480;P86481;P86496		quarantine	multiple_reviewed_human_targets
HuRI	portal_2020-03-09	positive_evidence	Ensembl	ENSG00000235699	ENSG00000235699	false	1	A0A1B0GTR3;P0DPH9	A0A1B0GTR3;P0DPH9		quarantine	multiple_reviewed_human_targets
HuRI	portal_2020-03-09	positive_evidence	Ensembl	ENSG00000236362	ENSG00000236362	false	4	O76087;P0CL80;P0CL81;P0CL82	O76087;P0CL80;P0CL81;P0CL82		quarantine	multiple_reviewed_human_targets
HuRI	portal_2020-03-09	positive_evidence	Ensembl	ENSG00000236424	ENSG00000236424	false	2	F2Z2I4;P0CV98;P0CW01	P0CV98;P0CW01		quarantine	multiple_reviewed_human_targets
HuRI	portal_2020-03-09	positive_evidence	Ensembl	ENSG00000243440	ENSG00000243440	false	1				quarantine	unmapped_in_pinned_uniprot_release
HuRI	portal_2020-03-09	positive_evidence	Ensembl	ENSG00000248405	ENSG00000248405	false	4	B1AHC3;B1AHC4;H0Y9T8			quarantine	multiple_or_cross_species_targets_without_unique_human_mapping
HuRI	portal_2020-03-09	positive_evidence	Ensembl	ENSG00000250486	ENSG00000250486	false	1				quarantine	unmapped_in_pinned_uniprot_release
HuRI	portal_2020-03-09	positive_evidence	Ensembl	ENSG00000251655	ENSG00000251655	false	15	A0A0D9SET1;A0A4W8X8U3;G3V1R1			quarantine	multiple_or_cross_species_targets_without_unique_human_mapping
HuRI	portal_2020-03-09	positive_evidence	Ensembl	ENSG00000254827	ENSG00000254827	false	5				quarantine	unmapped_in_pinned_uniprot_release
HuRI	portal_2020-03-09	positive_evidence	Ensembl	ENSG00000255251	ENSG00000255251	false	1	E9PI22;P0DMB1	E9PI22;P0DMB1		quarantine	multiple_reviewed_human_targets
HuRI	portal_2020-03-09	positive_evidence	Ensembl	ENSG00000255378	ENSG00000255378	false	1	E9PI22;P0DMB1	E9PI22;P0DMB1		quarantine	multiple_reviewed_human_targets
HuRI	portal_2020-03-09	positive_evidence	Ensembl	ENSG00000256060	ENSG00000256060	false	19	P0DI81;P0DI82	P0DI81;P0DI82		quarantine	multiple_reviewed_human_targets
HuRI	portal_2020-03-09	positive_evidence	Ensembl	ENSG00000256671	ENSG00000256671	false	10	A0A0J9YXC7;P0CW19;P0CW20	P0CW19;P0CW20		quarantine	multiple_reviewed_human_targets
HuRI	portal_2020-03-09	positive_evidence	Ensembl	ENSG00000256977	ENSG00000256977	false	10	A0A0J9YXC7;A0A0J9YYC1;P0CW19;P0CW20	P0CW19;P0CW20		quarantine	multiple_reviewed_human_targets
HuRI	portal_2020-03-09	positive_evidence	Ensembl	ENSG00000264343	ENSG00000264343	false	223	A0A8I5KR58;A0A8I5KUH1;A0ACI8Q4Q4;A0ACI8S9P7;P0DPK4;Q7Z3S9	P0DPK4;Q7Z3S9		quarantine	multiple_reviewed_human_targets
HuRI	portal_2020-03-09	positive_evidence	Ensembl	ENSG00000270136	ENSG00000270136	false	11	R4GMM1;R4GMY4;R4GNA1			quarantine	multiple_or_cross_species_targets_without_unique_human_mapping
HuRI	portal_2020-03-09	positive_evidence	Ensembl	ENSG00000272196	ENSG00000272196	false	1				quarantine	unmapped_in_pinned_uniprot_release
HuRI	portal_2020-03-09	positive_evidence	Ensembl	ENSG00000273590	ENSG00000273590	false	3				quarantine	unmapped_in_pinned_uniprot_release
HuRI	portal_2020-03-09	positive_evidence	Ensembl	ENSG00000274267	ENSG00000274267	false	2				quarantine	unmapped_in_pinned_uniprot_release
HuRI	portal_2020-03-09	positive_evidence	Ensembl	ENSG00000274276	ENSG00000274276	false	3				quarantine	unmapped_in_pinned_uniprot_release
HuRI	portal_2020-03-09	positive_evidence	Ensembl	ENSG00000274611	ENSG00000274611	false	2	Q6IPX1;Q8IZP1	Q6IPX1;Q8IZP1		quarantine	multiple_reviewed_human_targets
HuRI	portal_2020-03-09	positive_evidence	Ensembl	ENSG00000275895	ENSG00000275895	false	14				quarantine	unmapped_in_pinned_uniprot_release
HuRI	portal_2020-03-09	positive_evidence	Ensembl	ENSG00000275993	ENSG00000275993	false	6				quarantine	unmapped_in_pinned_uniprot_release
HuRI	portal_2020-03-09	positive_evidence	Ensembl	ENSG00000276076	ENSG00000276076	false	8				quarantine	unmapped_in_pinned_uniprot_release
HuRI	portal_2020-03-09	positive_evidence	Ensembl	ENSG00000276234	ENSG00000276234	false	11	A0A024R0Y4;A0A087WTV5;A0A087WU71;A0A087WWR4;A0A087WYK3;A0A087WZS1;A0A087X2C8;A0ACI8PUJ6;A0ACI8RCW7;A0ACI8TUX9			quarantine	multiple_or_cross_species_targets_without_unique_human_mapping
HuRI	portal_2020-03-09	positive_evidence	Ensembl	ENSG00000276430	ENSG00000276430	false	18	B3EWG3;B3EWG5;B3EWG6	B3EWG3;B3EWG5;B3EWG6		quarantine	multiple_reviewed_human_targets
HuRI	portal_2020-03-09	positive_evidence	Ensembl	ENSG00000277758	ENSG00000277758	false	5	A0A096LNH4;A0ACI8RUR1;A0ACI8S4A1;Q9BQS2;X6R8R1	Q9BQS2;X6R8R1		quarantine	multiple_reviewed_human_targets
HuRI	portal_2020-03-09	positive_evidence	Ensembl	ENSG00000278272	ENSG00000278272	false	2				quarantine	unmapped_in_pinned_uniprot_release
HuRI	portal_2020-03-09	positive_evidence	Ensembl	ENSG00000278299	ENSG00000278299	false	2	Q6IPX1;Q8IZP1	Q6IPX1;Q8IZP1		quarantine	multiple_reviewed_human_targets
HuRI	portal_2020-03-09	positive_evidence	Ensembl	ENSG00000278845	ENSG00000278845	false	4	A0A087WU62;A0A087X2D5;A0ACI8PG27;A0ACI8QN96;A0ACI8R648;A0ACI8RX99;A0ACI8T7I1			quarantine	multiple_or_cross_species_targets_without_unique_human_mapping
HuRI	portal_2020-03-09	positive_evidence	Ensembl	ENSG00000279968	ENSG00000279968	false	5				quarantine	unmapped_in_pinned_uniprot_release
HuRI	portal_2020-03-09	positive_evidence	Ensembl	ENSG00000280071	ENSG00000280071	false	1				quarantine	unmapped_in_pinned_uniprot_release
HuRI	portal_2020-03-09	positive_evidence	Ensembl	ENSG00000282034	ENSG00000282034	false	9	A0A0C4DFX4;A0A994J4T5			quarantine	multiple_or_cross_species_targets_without_unique_human_mapping
HuRI	portal_2020-03-09	positive_evidence	Ensembl	ENSG00000283374	ENSG00000283374	false	9				quarantine	unmapped_in_pinned_uniprot_release
IntAct	2026-01-09	negative_evidence	UniProtKB_AC-ID	O00506-2	O00506	true	2	O00506	O00506		quarantine	isoform_specific_source_not_folded_to_canonical
IntAct	2026-01-09	negative_evidence	UniProtKB_AC-ID	O14512-2	O14512	true	1				quarantine	isoform_specific_source_not_folded_to_canonical
IntAct	2026-01-09	negative_evidence	UniProtKB_AC-ID	O15156-2	O15156	true	3				quarantine	isoform_specific_source_not_folded_to_canonical
IntAct	2026-01-09	negative_evidence	UniProtKB_AC-ID	O15350-3	O15350	true	3	O15350	O15350		quarantine	isoform_specific_source_not_folded_to_canonical
IntAct	2026-01-09	negative_evidence	UniProtKB_AC-ID	O15409-6	O15409	true	3				quarantine	isoform_specific_source_not_folded_to_canonical
IntAct	2026-01-09	negative_evidence	UniProtKB_AC-ID	O15519-1	O15519	true	1				quarantine	isoform_specific_source_not_folded_to_canonical
IntAct	2026-01-09	negative_evidence	UniProtKB_AC-ID	O43281-2	O43281	true	1				quarantine	isoform_specific_source_not_folded_to_canonical
IntAct	2026-01-09	negative_evidence	UniProtKB_AC-ID	O60237-2	O60237	true	1				quarantine	isoform_specific_source_not_folded_to_canonical
IntAct	2026-01-09	negative_evidence	UniProtKB_AC-ID	O75112-5	O75112	true	1				quarantine	isoform_specific_source_not_folded_to_canonical
IntAct	2026-01-09	negative_evidence	UniProtKB_AC-ID	O75367-2	O75367	true	1				quarantine	isoform_specific_source_not_folded_to_canonical
IntAct	2026-01-09	negative_evidence	UniProtKB_AC-ID	O75410-7	O75410	true	1	O75410	O75410		quarantine	isoform_specific_source_not_folded_to_canonical
IntAct	2026-01-09	negative_evidence	UniProtKB_AC-ID	O75478-2	O75478	true	1	O75478	O75478		quarantine	isoform_specific_source_not_folded_to_canonical
IntAct	2026-01-09	negative_evidence	UniProtKB_AC-ID	O75952-1	O75952	true	2				quarantine	isoform_specific_source_not_folded_to_canonical
IntAct	2026-01-09	negative_evidence	UniProtKB_AC-ID	O95045-2	O95045	true	2				quarantine	isoform_specific_source_not_folded_to_canonical
IntAct	2026-01-09	negative_evidence	UniProtKB_AC-ID	O95197-3	O95197	true	1				quarantine	isoform_specific_source_not_folded_to_canonical
IntAct	2026-01-09	negative_evidence	UniProtKB_AC-ID	O95292-1	O95292	true	1	O95292	O95292		quarantine	isoform_specific_source_not_folded_to_canonical
IntAct	2026-01-09	negative_evidence	UniProtKB_AC-ID	O95292-2	O95292	true	2	O95292	O95292		quarantine	isoform_specific_source_not_folded_to_canonical
IntAct	2026-01-09	negative_evidence	UniProtKB_AC-ID	O95718-3	O95718	true	1				quarantine	isoform_specific_source_not_folded_to_canonical
IntAct	2026-01-09	negative_evidence	UniProtKB_AC-ID	P01116-1	P01116	true	1	P01116	P01116		quarantine	isoform_specific_source_not_folded_to_canonical
IntAct	2026-01-09	negative_evidence	UniProtKB_AC-ID	P04637-2	P04637	true	1	P04637	P04637		quarantine	isoform_specific_source_not_folded_to_canonical
IntAct	2026-01-09	negative_evidence	UniProtKB_AC-ID	P04637-3	P04637	true	1	P04637	P04637		quarantine	isoform_specific_source_not_folded_to_canonical
IntAct	2026-01-09	negative_evidence	UniProtKB_AC-ID	P04637-8	P04637	true	1	P04637	P04637		quarantine	isoform_specific_source_not_folded_to_canonical
IntAct	2026-01-09	negative_evidence	UniProtKB_AC-ID	P04637-9	P04637	true	1	P04637	P04637		quarantine	isoform_specific_source_not_folded_to_canonical
IntAct	2026-01-09	negative_evidence	UniProtKB_AC-ID	P06239-3	P06239	true	1	P06239	P06239		quarantine	isoform_specific_source_not_folded_to_canonical
IntAct	2026-01-09	negative_evidence	UniProtKB_AC-ID	P06401-2	P06401	true	1				quarantine	isoform_specific_source_not_folded_to_canonical
IntAct	2026-01-09	negative_evidence	UniProtKB_AC-ID	P0DPB3-1	P0DPB3	true	1				quarantine	isoform_specific_source_not_folded_to_canonical
IntAct	2026-01-09	negative_evidence	UniProtKB_AC-ID	P10276-2	P10276	true	1	P10276	P10276		quarantine	isoform_specific_source_not_folded_to_canonical
IntAct	2026-01-09	negative_evidence	UniProtKB_AC-ID	P10826-2	P10826	true	2				quarantine	isoform_specific_source_not_folded_to_canonical
IntAct	2026-01-09	negative_evidence	UniProtKB_AC-ID	P11309-1	P11309	true	5				quarantine	isoform_specific_source_not_folded_to_canonical
IntAct	2026-01-09	negative_evidence	UniProtKB_AC-ID	P15884-3	P15884	true	2	P15884	P15884		quarantine	isoform_specific_source_not_folded_to_canonical
IntAct	2026-01-09	negative_evidence	UniProtKB_AC-ID	P17040-4	P17040	true	1				quarantine	isoform_specific_source_not_folded_to_canonical
IntAct	2026-01-09	negative_evidence	UniProtKB_AC-ID	P17693-3	P17693	true	2	P17693	P17693		quarantine	isoform_specific_source_not_folded_to_canonical
IntAct	2026-01-09	negative_evidence	UniProtKB_AC-ID	P17706-2	P17706	true	2	P17706	P17706		quarantine	isoform_specific_source_not_folded_to_canonical
IntAct	2026-01-09	negative_evidence	UniProtKB_AC-ID	P20340-1	P20340	true	2	P20340	P20340		quarantine	isoform_specific_source_not_folded_to_canonical
IntAct	2026-01-09	negative_evidence	UniProtKB_AC-ID	P20807-2	P20807	true	1				quarantine	isoform_specific_source_not_folded_to_canonical
IntAct	2026-01-09	negative_evidence	UniProtKB_AC-ID	P20807-4	P20807	true	1				quarantine	isoform_specific_source_not_folded_to_canonical
IntAct	2026-01-09	negative_evidence	UniProtKB_AC-ID	P21127-12	P21127	true	1	P21127	P21127		quarantine	isoform_specific_source_not_folded_to_canonical
IntAct	2026-01-09	negative_evidence	UniProtKB_AC-ID	P26440-2	P26440	true	1	P26440	P26440		quarantine	isoform_specific_source_not_folded_to_canonical
IntAct	2026-01-09	negative_evidence	UniProtKB_AC-ID	P29590-1	P29590	true	2	P29590	P29590		quarantine	isoform_specific_source_not_folded_to_canonical
IntAct	2026-01-09	negative_evidence	UniProtKB_AC-ID	P29590-2	P29590	true	2	P29590	P29590		quarantine	isoform_specific_source_not_folded_to_canonical
IntAct	2026-01-09	negative_evidence	UniProtKB_AC-ID	P29590-4	P29590	true	2	P29590	P29590		quarantine	isoform_specific_source_not_folded_to_canonical
IntAct	2026-01-09	negative_evidence	UniProtKB_AC-ID	P29590-8	P29590	true	2	P29590	P29590		quarantine	isoform_specific_source_not_folded_to_canonical
IntAct	2026-01-09	negative_evidence	UniProtKB_AC-ID	P29590-9	P29590	true	2	P29590	P29590		quarantine	isoform_specific_source_not_folded_to_canonical
IntAct	2026-01-09	negative_evidence	UniProtKB_AC-ID	P35240-1	P35240	true	1	P35240	P35240		quarantine	isoform_specific_source_not_folded_to_canonical
IntAct	2026-01-09	negative_evidence	UniProtKB_AC-ID	P50542-3	P50542	true	1	P50542	P50542		quarantine	isoform_specific_source_not_folded_to_canonical
IntAct	2026-01-09	negative_evidence	UniProtKB_AC-ID	P51617-2	P51617	true	1	P51617	P51617		quarantine	isoform_specific_source_not_folded_to_canonical
IntAct	2026-01-09	negative_evidence	UniProtKB_AC-ID	P55345-4	P55345	true	5				quarantine	isoform_specific_source_not_folded_to_canonical
IntAct	2026-01-09	negative_evidence	UniProtKB_AC-ID	P61978-2	P61978	true	4	P61978	P61978		quarantine	isoform_specific_source_not_folded_to_canonical
IntAct	2026-01-09	negative_evidence	UniProtKB_AC-ID	P67775-2	P67775	true	2	P67775	P67775		quarantine	isoform_specific_source_not_folded_to_canonical
IntAct	2026-01-09	negative_evidence	UniProtKB_AC-ID	P98175-4	P98175	true	1				quarantine	isoform_specific_source_not_folded_to_canonical
IntAct	2026-01-09	negative_evidence	UniProtKB_AC-ID	Q00535-2	Q00535	true	1	Q00535	Q00535		quarantine	isoform_specific_source_not_folded_to_canonical
IntAct	2026-01-09	negative_evidence	UniProtKB_AC-ID	Q01081-2	Q01081	true	3	Q01081	Q01081		quarantine	isoform_specific_source_not_folded_to_canonical
IntAct	2026-01-09	negative_evidence	UniProtKB_AC-ID	Q02078-6	Q02078	true	1				quarantine	isoform_specific_source_not_folded_to_canonical
IntAct	2026-01-09	negative_evidence	UniProtKB_AC-ID	Q02410-1	Q02410	true	6				quarantine	isoform_specific_source_not_folded_to_canonical
IntAct	2026-01-09	negative_evidence	UniProtKB_AC-ID	Q02487-2	Q02487	true	2				quarantine	isoform_specific_source_not_folded_to_canonical
IntAct	2026-01-09	negative_evidence	UniProtKB_AC-ID	Q04864-2	Q04864	true	9				quarantine	isoform_specific_source_not_folded_to_canonical
IntAct	2026-01-09	negative_evidence	UniProtKB_AC-ID	Q05519-2	Q05519	true	2	Q05519	Q05519		quarantine	isoform_specific_source_not_folded_to_canonical
IntAct	2026-01-09	negative_evidence	UniProtKB_AC-ID	Q07817-1	Q07817	true	1	Q07817	Q07817		quarantine	isoform_specific_source_not_folded_to_canonical
IntAct	2026-01-09	negative_evidence	UniProtKB_AC-ID	Q07817-2	Q07817	true	4	Q07817	Q07817		quarantine	isoform_specific_source_not_folded_to_canonical
IntAct	2026-01-09	negative_evidence	UniProtKB_AC-ID	Q08050-2	Q08050	true	3	Q08050	Q08050		quarantine	isoform_specific_source_not_folded_to_canonical
IntAct	2026-01-09	negative_evidence	UniProtKB_AC-ID	Q08117-2	Q08117	true	2	Q08117	Q08117		quarantine	isoform_specific_source_not_folded_to_canonical
IntAct	2026-01-09	negative_evidence	UniProtKB_AC-ID	Q13133-3	Q13133	true	1	Q13133	Q13133		quarantine	isoform_specific_source_not_folded_to_canonical
IntAct	2026-01-09	negative_evidence	UniProtKB_AC-ID	Q13216-2	Q13216	true	1				quarantine	isoform_specific_source_not_folded_to_canonical
IntAct	2026-01-09	negative_evidence	UniProtKB_AC-ID	Q13501-2	Q13501	true	1	Q13501	Q13501		quarantine	isoform_specific_source_not_folded_to_canonical
IntAct	2026-01-09	negative_evidence	UniProtKB_AC-ID	Q13557-8	Q13557	true	1				quarantine	isoform_specific_source_not_folded_to_canonical
IntAct	2026-01-09	negative_evidence	UniProtKB_AC-ID	Q13671-2	Q13671	true	3	Q13671	Q13671		quarantine	isoform_specific_source_not_folded_to_canonical
IntAct	2026-01-09	negative_evidence	UniProtKB_AC-ID	Q13875-3	Q13875	true	1				quarantine	isoform_specific_source_not_folded_to_canonical
IntAct	2026-01-09	negative_evidence	UniProtKB_AC-ID	Q14103-1	Q14103	true	5				quarantine	isoform_specific_source_not_folded_to_canonical
IntAct	2026-01-09	negative_evidence	UniProtKB_AC-ID	Q14103-2	Q14103	true	5				quarantine	isoform_specific_source_not_folded_to_canonical
IntAct	2026-01-09	negative_evidence	UniProtKB_AC-ID	Q14103-4	Q14103	true	5				quarantine	isoform_specific_source_not_folded_to_canonical
IntAct	2026-01-09	negative_evidence	UniProtKB_AC-ID	Q14188-5	Q14188	true	1	Q14188	Q14188		quarantine	isoform_specific_source_not_folded_to_canonical
IntAct	2026-01-09	negative_evidence	UniProtKB_AC-ID	Q14318-2	Q14318	true	2				quarantine	isoform_specific_source_not_folded_to_canonical
IntAct	2026-01-09	negative_evidence	UniProtKB_AC-ID	Q14498-3	Q14498	true	1				quarantine	isoform_specific_source_not_folded_to_canonical
IntAct	2026-01-09	negative_evidence	UniProtKB_AC-ID	Q14596-2	Q14596	true	1				quarantine	isoform_specific_source_not_folded_to_canonical
IntAct	2026-01-09	negative_evidence	UniProtKB_AC-ID	Q15746-2	Q15746	true	2				quarantine	isoform_specific_source_not_folded_to_canonical
IntAct	2026-01-09	negative_evidence	UniProtKB_AC-ID	Q16849-3	Q16849	true	1				quarantine	isoform_specific_source_not_folded_to_canonical
IntAct	2026-01-09	negative_evidence	UniProtKB_AC-ID	Q16881-5	Q16881	true	4				quarantine	isoform_specific_source_not_folded_to_canonical
IntAct	2026-01-09	negative_evidence	UniProtKB_AC-ID	Q2TAC2-2	Q2TAC2	true	3				quarantine	isoform_specific_source_not_folded_to_canonical
IntAct	2026-01-09	negative_evidence	UniProtKB_AC-ID	Q53HV7-2	Q53HV7	true	2				quarantine	isoform_specific_source_not_folded_to_canonical
IntAct	2026-01-09	negative_evidence	UniProtKB_AC-ID	Q59EK9-3	Q59EK9	true	1				quarantine	isoform_specific_source_not_folded_to_canonical
IntAct	2026-01-09	negative_evidence	UniProtKB_AC-ID	Q5JR59-3	Q5JR59	true	4				quarantine	isoform_specific_source_not_folded_to_canonical
IntAct	2026-01-09	negative_evidence	UniProtKB_AC-ID	Q5T9L3-1	Q5T9L3	true	1				quarantine	isoform_specific_source_not_folded_to_canonical
IntAct	2026-01-09	negative_evidence	UniProtKB_AC-ID	Q5T9L3-2	Q5T9L3	true	2				quarantine	isoform_specific_source_not_folded_to_canonical
IntAct	2026-01-09	negative_evidence	UniProtKB_AC-ID	Q6P597-2	Q6P597	true	1				quarantine	isoform_specific_source_not_folded_to_canonical
IntAct	2026-01-09	negative_evidence	UniProtKB_AC-ID	Q6RW13-2	Q6RW13	true	7				quarantine	isoform_specific_source_not_folded_to_canonical
IntAct	2026-01-09	negative_evidence	UniProtKB_AC-ID	Q6UX01-3	Q6UX01	true	1	Q6UX01	Q6UX01		quarantine	isoform_specific_source_not_folded_to_canonical
IntAct	2026-01-09	negative_evidence	UniProtKB_AC-ID	Q6UY14-3	Q6UY14	true	2				quarantine	isoform_specific_source_not_folded_to_canonical
IntAct	2026-01-09	negative_evidence	UniProtKB_AC-ID	Q702N8-2	Q702N8	true	2				quarantine	isoform_specific_source_not_folded_to_canonical
IntAct	2026-01-09	negative_evidence	UniProtKB_AC-ID	Q7Z5R6-2	Q7Z5R6	true	3				quarantine	isoform_specific_source_not_folded_to_canonical
IntAct	2026-01-09	negative_evidence	UniProtKB_AC-ID	Q86SE8-2	Q86SE8	true	1				quarantine	isoform_specific_source_not_folded_to_canonical
IntAct	2026-01-09	negative_evidence	UniProtKB_AC-ID	Q86Y07-2	Q86Y07	true	1	Q86Y07	Q86Y07		quarantine	isoform_specific_source_not_folded_to_canonical
IntAct	2026-01-09	negative_evidence	UniProtKB_AC-ID	Q8IUQ4-2	Q8IUQ4	true	7				quarantine	isoform_specific_source_not_folded_to_canonical
IntAct	2026-01-09	negative_evidence	UniProtKB_AC-ID	Q8IWV1-3	Q8IWV1	true	3				quarantine	isoform_specific_source_not_folded_to_canonical
IntAct	2026-01-09	negative_evidence	UniProtKB_AC-ID	Q8IX15-3	Q8IX15	true	2				quarantine	isoform_specific_source_not_folded_to_canonical
IntAct	2026-01-09	negative_evidence	UniProtKB_AC-ID	Q8IYF3-3	Q8IYF3	true	1				quarantine	isoform_specific_source_not_folded_to_canonical
IntAct	2026-01-09	negative_evidence	UniProtKB_AC-ID	Q8IZL9-3	Q8IZL9	true	1				quarantine	isoform_specific_source_not_folded_to_canonical
IntAct	2026-01-09	negative_evidence	UniProtKB_AC-ID	Q8IZL9-5	Q8IZL9	true	1				quarantine	isoform_specific_source_not_folded_to_canonical
IntAct	2026-01-09	negative_evidence	UniProtKB_AC-ID	Q8N205-2	Q8N205	true	1	Q8N205	Q8N205		quarantine	isoform_specific_source_not_folded_to_canonical
IntAct	2026-01-09	negative_evidence	UniProtKB_AC-ID	Q8N2H9-1	Q8N2H9	true	1				quarantine	isoform_specific_source_not_folded_to_canonical
IntAct	2026-01-09	negative_evidence	UniProtKB_AC-ID	Q8N4Y2-3	Q8N4Y2	true	2				quarantine	isoform_specific_source_not_folded_to_canonical
IntAct	2026-01-09	negative_evidence	UniProtKB_AC-ID	Q8N5A5-2	Q8N5A5	true	1				quarantine	isoform_specific_source_not_folded_to_canonical
IntAct	2026-01-09	negative_evidence	UniProtKB_AC-ID	Q8N9N5-2	Q8N9N5	true	3				quarantine	isoform_specific_source_not_folded_to_canonical
IntAct	2026-01-09	negative_evidence	UniProtKB_AC-ID	Q8N9N5-7	Q8N9N5	true	1				quarantine	isoform_specific_source_not_folded_to_canonical
IntAct	2026-01-09	negative_evidence	UniProtKB_AC-ID	Q8NA61-2	Q8NA61	true	4				quarantine	isoform_specific_source_not_folded_to_canonical
IntAct	2026-01-09	negative_evidence	UniProtKB_AC-ID	Q8NAG6-1	Q8NAG6	true	1				quarantine	isoform_specific_source_not_folded_to_canonical
IntAct	2026-01-09	negative_evidence	UniProtKB_AC-ID	Q8NC06-3	Q8NC06	true	5	Q8NC06	Q8NC06		quarantine	isoform_specific_source_not_folded_to_canonical
IntAct	2026-01-09	negative_evidence	UniProtKB_AC-ID	Q8ND76-3	Q8ND76	true	2				quarantine	isoform_specific_source_not_folded_to_canonical
IntAct	2026-01-09	negative_evidence	UniProtKB_AC-ID	Q8WW34-2	Q8WW34	true	1				quarantine	isoform_specific_source_not_folded_to_canonical
IntAct	2026-01-09	negative_evidence	UniProtKB_AC-ID	Q8WWW0-2	Q8WWW0	true	2				quarantine	isoform_specific_source_not_folded_to_canonical
IntAct	2026-01-09	negative_evidence	UniProtKB_AC-ID	Q8WXU2-2	Q8WXU2	true	4				quarantine	isoform_specific_source_not_folded_to_canonical
IntAct	2026-01-09	negative_evidence	UniProtKB_AC-ID	Q93062-3	Q93062	true	4				quarantine	isoform_specific_source_not_folded_to_canonical
IntAct	2026-01-09	negative_evidence	UniProtKB_AC-ID	Q96B01-3	Q96B01	true	1				quarantine	isoform_specific_source_not_folded_to_canonical
IntAct	2026-01-09	negative_evidence	UniProtKB_AC-ID	Q96C92-2	Q96C92	true	1				quarantine	isoform_specific_source_not_folded_to_canonical
IntAct	2026-01-09	negative_evidence	UniProtKB_AC-ID	Q96DZ9-2	Q96DZ9	true	5				quarantine	isoform_specific_source_not_folded_to_canonical
IntAct	2026-01-09	negative_evidence	UniProtKB_AC-ID	Q96ED9-2	Q96ED9	true	1				quarantine	isoform_specific_source_not_folded_to_canonical
IntAct	2026-01-09	negative_evidence	UniProtKB_AC-ID	Q96EK2-3	Q96EK2	true	1	Q96EK2	Q96EK2		quarantine	isoform_specific_source_not_folded_to_canonical
IntAct	2026-01-09	negative_evidence	UniProtKB_AC-ID	Q96HR9-2	Q96HR9	true	1				quarantine	isoform_specific_source_not_folded_to_canonical
IntAct	2026-01-09	negative_evidence	UniProtKB_AC-ID	Q96HS1-1	Q96HS1	true	1				quarantine	isoform_specific_source_not_folded_to_canonical
IntAct	2026-01-09	negative_evidence	UniProtKB_AC-ID	Q96HW7-2	Q96HW7	true	1				quarantine	isoform_specific_source_not_folded_to_canonical
IntAct	2026-01-09	negative_evidence	UniProtKB_AC-ID	Q96JM7-2	Q96JM7	true	6				quarantine	isoform_specific_source_not_folded_to_canonical
IntAct	2026-01-09	negative_evidence	UniProtKB_AC-ID	Q96K21-3	Q96K21	true	1				quarantine	isoform_specific_source_not_folded_to_canonical
IntAct	2026-01-09	negative_evidence	UniProtKB_AC-ID	Q96KN7-4	Q96KN7	true	2				quarantine	isoform_specific_source_not_folded_to_canonical
IntAct	2026-01-09	negative_evidence	UniProtKB_AC-ID	Q96MT8-3	Q96MT8	true	1				quarantine	isoform_specific_source_not_folded_to_canonical
IntAct	2026-01-09	negative_evidence	UniProtKB_AC-ID	Q96QF0-7	Q96QF0	true	2	Q96QF0	Q96QF0		quarantine	isoform_specific_source_not_folded_to_canonical
IntAct	2026-01-09	negative_evidence	UniProtKB_AC-ID	Q96RI1-1	Q96RI1	true	2				quarantine	isoform_specific_source_not_folded_to_canonical
IntAct	2026-01-09	negative_evidence	UniProtKB_AC-ID	Q99081-3	Q99081	true	2	Q99081	Q99081		quarantine	isoform_specific_source_not_folded_to_canonical
IntAct	2026-01-09	negative_evidence	UniProtKB_AC-ID	Q99608	Q99608	false	2				quarantine	unmapped_in_pinned_uniprot_release
IntAct	2026-01-09	negative_evidence	UniProtKB_AC-ID	Q99750	Q99750	false	10				quarantine	unmapped_in_pinned_uniprot_release
IntAct	2026-01-09	negative_evidence	UniProtKB_AC-ID	Q99836	Q99836	false	1				quarantine	unmapped_in_pinned_uniprot_release
IntAct	2026-01-09	negative_evidence	UniProtKB_AC-ID	Q99873	Q99873	false	1				quarantine	unmapped_in_pinned_uniprot_release
IntAct	2026-01-09	negative_evidence	UniProtKB_AC-ID	Q9BQQ3	Q9BQQ3	false	1				quarantine	unmapped_in_pinned_uniprot_release
IntAct	2026-01-09	negative_evidence	UniProtKB_AC-ID	Q9BQY4	Q9BQY4	false	1				quarantine	unmapped_in_pinned_uniprot_release
IntAct	2026-01-09	negative_evidence	UniProtKB_AC-ID	Q9BRI3	Q9BRI3	false	3				quarantine	unmapped_in_pinned_uniprot_release
IntAct	2026-01-09	negative_evidence	UniProtKB_AC-ID	Q9BRK4	Q9BRK4	false	3				quarantine	unmapped_in_pinned_uniprot_release
IntAct	2026-01-09	negative_evidence	UniProtKB_AC-ID	Q9BRX5	Q9BRX5	false	1				quarantine	unmapped_in_pinned_uniprot_release
IntAct	2026-01-09	negative_evidence	UniProtKB_AC-ID	Q9BSJ6	Q9BSJ6	false	16				quarantine	unmapped_in_pinned_uniprot_release
IntAct	2026-01-09	negative_evidence	UniProtKB_AC-ID	Q9BT78	Q9BT78	false	1				quarantine	unmapped_in_pinned_uniprot_release
IntAct	2026-01-09	negative_evidence	UniProtKB_AC-ID	Q9BTE3-2	Q9BTE3	true	1				quarantine	isoform_specific_source_not_folded_to_canonical
IntAct	2026-01-09	negative_evidence	UniProtKB_AC-ID	Q9BUZ4	Q9BUZ4	false	4				quarantine	unmapped_in_pinned_uniprot_release
IntAct	2026-01-09	negative_evidence	UniProtKB_AC-ID	Q9BVG8-5	Q9BVG8	true	2				quarantine	isoform_specific_source_not_folded_to_canonical
IntAct	2026-01-09	negative_evidence	UniProtKB_AC-ID	Q9BVK6	Q9BVK6	false	1				quarantine	unmapped_in_pinned_uniprot_release
IntAct	2026-01-09	negative_evidence	UniProtKB_AC-ID	Q9BYI3	Q9BYI3	false	1				quarantine	unmapped_in_pinned_uniprot_release
IntAct	2026-01-09	negative_evidence	UniProtKB_AC-ID	Q9BYM8	Q9BYM8	false	1				quarantine	unmapped_in_pinned_uniprot_release
IntAct	2026-01-09	negative_evidence	UniProtKB_AC-ID	Q9BYN7	Q9BYN7	false	1				quarantine	unmapped_in_pinned_uniprot_release
IntAct	2026-01-09	negative_evidence	UniProtKB_AC-ID	Q9BYN7-2	Q9BYN7	true	1				quarantine	isoform_specific_source_not_folded_to_canonical
IntAct	2026-01-09	negative_evidence	UniProtKB_AC-ID	Q9BYR5	Q9BYR5	false	3				quarantine	unmapped_in_pinned_uniprot_release
IntAct	2026-01-09	negative_evidence	UniProtKB_AC-ID	Q9BYR7	Q9BYR7	false	2				quarantine	unmapped_in_pinned_uniprot_release
IntAct	2026-01-09	negative_evidence	UniProtKB_AC-ID	Q9BYR9	Q9BYR9	false	1				quarantine	unmapped_in_pinned_uniprot_release
IntAct	2026-01-09	negative_evidence	UniProtKB_AC-ID	Q9BYW2	Q9BYW2	false	1				quarantine	unmapped_in_pinned_uniprot_release
IntAct	2026-01-09	negative_evidence	UniProtKB_AC-ID	Q9BZS1	Q9BZS1	false	1				quarantine	unmapped_in_pinned_uniprot_release
IntAct	2026-01-09	negative_evidence	UniProtKB_AC-ID	Q9C026	Q9C026	false	1				quarantine	unmapped_in_pinned_uniprot_release
IntAct	2026-01-09	negative_evidence	UniProtKB_AC-ID	Q9C026-5	Q9C026	true	1				quarantine	isoform_specific_source_not_folded_to_canonical
IntAct	2026-01-09	negative_evidence	UniProtKB_AC-ID	Q9C040	Q9C040	false	3				quarantine	unmapped_in_pinned_uniprot_release
IntAct	2026-01-09	negative_evidence	UniProtKB_AC-ID	Q9C0F1	Q9C0F1	false	2				quarantine	unmapped_in_pinned_uniprot_release
IntAct	2026-01-09	negative_evidence	UniProtKB_AC-ID	Q9H000	Q9H000	false	3				quarantine	unmapped_in_pinned_uniprot_release
IntAct	2026-01-09	negative_evidence	UniProtKB_AC-ID	Q9H0M4-4	Q9H0M4	true	1				quarantine	isoform_specific_source_not_folded_to_canonical
IntAct	2026-01-09	negative_evidence	UniProtKB_AC-ID	Q9H257-2	Q9H257	true	3				quarantine	isoform_specific_source_not_folded_to_canonical
IntAct	2026-01-09	negative_evidence	UniProtKB_AC-ID	Q9H257-3	Q9H257	true	2				quarantine	isoform_specific_source_not_folded_to_canonical
IntAct	2026-01-09	negative_evidence	UniProtKB_AC-ID	Q9H2G9	Q9H2G9	false	4				quarantine	unmapped_in_pinned_uniprot_release
IntAct	2026-01-09	negative_evidence	UniProtKB_AC-ID	Q9H7H0	Q9H7H0	false	2				quarantine	unmapped_in_pinned_uniprot_release
IntAct	2026-01-09	negative_evidence	UniProtKB_AC-ID	Q9H808-2	Q9H808	true	4				quarantine	isoform_specific_source_not_folded_to_canonical
IntAct	2026-01-09	negative_evidence	UniProtKB_AC-ID	Q9H892-2	Q9H892	true	2				quarantine	isoform_specific_source_not_folded_to_canonical
IntAct	2026-01-09	negative_evidence	UniProtKB_AC-ID	Q9H939-2	Q9H939	true	1				quarantine	isoform_specific_source_not_folded_to_canonical
IntAct	2026-01-09	negative_evidence	UniProtKB_AC-ID	Q9H9C1	Q9H9C1	false	2				quarantine	unmapped_in_pinned_uniprot_release
IntAct	2026-01-09	negative_evidence	UniProtKB_AC-ID	Q9HA47	Q9HA47	false	1				quarantine	unmapped_in_pinned_uniprot_release
IntAct	2026-01-09	negative_evidence	UniProtKB_AC-ID	Q9HA47-2	Q9HA47	true	3				quarantine	isoform_specific_source_not_folded_to_canonical
IntAct	2026-01-09	negative_evidence	UniProtKB_AC-ID	Q9HAN9	Q9HAN9	false	2				quarantine	unmapped_in_pinned_uniprot_release
IntAct	2026-01-09	negative_evidence	UniProtKB_AC-ID	Q9HAQ2	Q9HAQ2	false	3				quarantine	unmapped_in_pinned_uniprot_release
IntAct	2026-01-09	negative_evidence	UniProtKB_AC-ID	Q9HB07	Q9HB07	false	3				quarantine	unmapped_in_pinned_uniprot_release
IntAct	2026-01-09	negative_evidence	UniProtKB_AC-ID	Q9HD26-2	Q9HD26	true	2				quarantine	isoform_specific_source_not_folded_to_canonical
IntAct	2026-01-09	negative_evidence	UniProtKB_AC-ID	Q9NP66	Q9NP66	false	2				quarantine	unmapped_in_pinned_uniprot_release
IntAct	2026-01-09	negative_evidence	UniProtKB_AC-ID	Q9NPC6	Q9NPC6	false	1				quarantine	unmapped_in_pinned_uniprot_release
IntAct	2026-01-09	negative_evidence	UniProtKB_AC-ID	Q9NQM4	Q9NQM4	false	1				quarantine	unmapped_in_pinned_uniprot_release
IntAct	2026-01-09	negative_evidence	UniProtKB_AC-ID	Q9NQZ6	Q9NQZ6	false	1				quarantine	unmapped_in_pinned_uniprot_release
IntAct	2026-01-09	negative_evidence	UniProtKB_AC-ID	Q9NR28-3	Q9NR28	true	2				quarantine	isoform_specific_source_not_folded_to_canonical
IntAct	2026-01-09	negative_evidence	UniProtKB_AC-ID	Q9NRD0	Q9NRD0	false	1				quarantine	unmapped_in_pinned_uniprot_release
IntAct	2026-01-09	negative_evidence	UniProtKB_AC-ID	Q9NRG1	Q9NRG1	false	1				quarantine	unmapped_in_pinned_uniprot_release
IntAct	2026-01-09	negative_evidence	UniProtKB_AC-ID	Q9NRR5	Q9NRR5	false	2				quarantine	unmapped_in_pinned_uniprot_release
IntAct	2026-01-09	negative_evidence	UniProtKB_AC-ID	Q9NRW1	Q9NRW1	false	3				quarantine	unmapped_in_pinned_uniprot_release
IntAct	2026-01-09	negative_evidence	UniProtKB_AC-ID	Q9NSC5	Q9NSC5	false	1				quarantine	unmapped_in_pinned_uniprot_release
IntAct	2026-01-09	negative_evidence	UniProtKB_AC-ID	Q9NTZ6	Q9NTZ6	false	1				quarantine	unmapped_in_pinned_uniprot_release
IntAct	2026-01-09	negative_evidence	UniProtKB_AC-ID	Q9NUQ8	Q9NUQ8	false	4				quarantine	unmapped_in_pinned_uniprot_release
IntAct	2026-01-09	negative_evidence	UniProtKB_AC-ID	Q9NVT9	Q9NVT9	false	1				quarantine	unmapped_in_pinned_uniprot_release
IntAct	2026-01-09	negative_evidence	UniProtKB_AC-ID	Q9NVV9	Q9NVV9	false	3				quarantine	unmapped_in_pinned_uniprot_release
IntAct	2026-01-09	negative_evidence	UniProtKB_AC-ID	Q9NWT1	Q9NWT1	false	2				quarantine	unmapped_in_pinned_uniprot_release
IntAct	2026-01-09	negative_evidence	UniProtKB_AC-ID	Q9NYB9	Q9NYB9	false	2				quarantine	unmapped_in_pinned_uniprot_release
IntAct	2026-01-09	negative_evidence	UniProtKB_AC-ID	Q9NYB9-2	Q9NYB9	true	5				quarantine	isoform_specific_source_not_folded_to_canonical
IntAct	2026-01-09	negative_evidence	UniProtKB_AC-ID	Q9NZ94-2	Q9NZ94	true	1				quarantine	isoform_specific_source_not_folded_to_canonical
IntAct	2026-01-09	negative_evidence	UniProtKB_AC-ID	Q9NZC7	Q9NZC7	false	3				quarantine	unmapped_in_pinned_uniprot_release
IntAct	2026-01-09	negative_evidence	UniProtKB_AC-ID	Q9P0K1	Q9P0K1	false	1				quarantine	unmapped_in_pinned_uniprot_release
IntAct	2026-01-09	negative_evidence	UniProtKB_AC-ID	Q9P0L0	Q9P0L0	false	1				quarantine	unmapped_in_pinned_uniprot_release
IntAct	2026-01-09	negative_evidence	UniProtKB_AC-ID	Q9P209	Q9P209	false	2				quarantine	unmapped_in_pinned_uniprot_release
IntAct	2026-01-09	negative_evidence	UniProtKB_AC-ID	Q9P2K3-2	Q9P2K3	true	1				quarantine	isoform_specific_source_not_folded_to_canonical
IntAct	2026-01-09	negative_evidence	UniProtKB_AC-ID	Q9UBB9	Q9UBB9	false	7				quarantine	unmapped_in_pinned_uniprot_release
IntAct	2026-01-09	negative_evidence	UniProtKB_AC-ID	Q9UBF9	Q9UBF9	false	2				quarantine	unmapped_in_pinned_uniprot_release
IntAct	2026-01-09	negative_evidence	UniProtKB_AC-ID	Q9UBP9	Q9UBP9	false	2				quarantine	unmapped_in_pinned_uniprot_release
IntAct	2026-01-09	negative_evidence	UniProtKB_AC-ID	Q9UBX3	Q9UBX3	false	2				quarantine	unmapped_in_pinned_uniprot_release
IntAct	2026-01-09	negative_evidence	UniProtKB_AC-ID	Q9UHX1-2	Q9UHX1	true	1				quarantine	isoform_specific_source_not_folded_to_canonical
IntAct	2026-01-09	negative_evidence	UniProtKB_AC-ID	Q9UHX1-5	Q9UHX1	true	1				quarantine	isoform_specific_source_not_folded_to_canonical
IntAct	2026-01-09	negative_evidence	UniProtKB_AC-ID	Q9UHX1-6	Q9UHX1	true	1				quarantine	isoform_specific_source_not_folded_to_canonical
IntAct	2026-01-09	negative_evidence	UniProtKB_AC-ID	Q9UI14	Q9UI14	false	1				quarantine	unmapped_in_pinned_uniprot_release
IntAct	2026-01-09	negative_evidence	UniProtKB_AC-ID	Q9UJV3-2	Q9UJV3	true	8				quarantine	isoform_specific_source_not_folded_to_canonical
IntAct	2026-01-09	negative_evidence	UniProtKB_AC-ID	Q9UJW0	Q9UJW0	false	1				quarantine	unmapped_in_pinned_uniprot_release
IntAct	2026-01-09	negative_evidence	UniProtKB_AC-ID	Q9UJW9	Q9UJW9	false	3				quarantine	unmapped_in_pinned_uniprot_release
IntAct	2026-01-09	negative_evidence	UniProtKB_AC-ID	Q9UJX2	Q9UJX2	false	1				quarantine	unmapped_in_pinned_uniprot_release
IntAct	2026-01-09	negative_evidence	UniProtKB_AC-ID	Q9UKF5	Q9UKF5	false	1				quarantine	unmapped_in_pinned_uniprot_release
IntAct	2026-01-09	negative_evidence	UniProtKB_AC-ID	Q9UKT9	Q9UKT9	false	4				quarantine	unmapped_in_pinned_uniprot_release
IntAct	2026-01-09	negative_evidence	UniProtKB_AC-ID	Q9UKT9-14	Q9UKT9	true	1				quarantine	isoform_specific_source_not_folded_to_canonical
IntAct	2026-01-09	negative_evidence	UniProtKB_AC-ID	Q9UL42	Q9UL42	false	3				quarantine	unmapped_in_pinned_uniprot_release
IntAct	2026-01-09	negative_evidence	UniProtKB_AC-ID	Q9ULJ7-2	Q9ULJ7	true	1				quarantine	isoform_specific_source_not_folded_to_canonical
IntAct	2026-01-09	negative_evidence	UniProtKB_AC-ID	Q9ULP0	Q9ULP0	false	3				quarantine	unmapped_in_pinned_uniprot_release
IntAct	2026-01-09	negative_evidence	UniProtKB_AC-ID	Q9UM73	Q9UM73	false	1				quarantine	unmapped_in_pinned_uniprot_release
IntAct	2026-01-09	negative_evidence	UniProtKB_AC-ID	Q9UMX0	Q9UMX0	false	3				quarantine	unmapped_in_pinned_uniprot_release
IntAct	2026-01-09	negative_evidence	UniProtKB_AC-ID	Q9UMX0-2	Q9UMX0	true	8				quarantine	isoform_specific_source_not_folded_to_canonical
IntAct	2026-01-09	negative_evidence	UniProtKB_AC-ID	Q9UNE7	Q9UNE7	false	2				quarantine	unmapped_in_pinned_uniprot_release
IntAct	2026-01-09	negative_evidence	UniProtKB_AC-ID	Q9UNQ0	Q9UNQ0	false	2				quarantine	unmapped_in_pinned_uniprot_release
IntAct	2026-01-09	negative_evidence	UniProtKB_AC-ID	Q9UP83-3	Q9UP83	true	1				quarantine	isoform_specific_source_not_folded_to_canonical
IntAct	2026-01-09	negative_evidence	UniProtKB_AC-ID	Q9UPQ8	Q9UPQ8	false	2				quarantine	unmapped_in_pinned_uniprot_release
IntAct	2026-01-09	negative_evidence	UniProtKB_AC-ID	Q9UQF2	Q9UQF2	false	2				quarantine	unmapped_in_pinned_uniprot_release
IntAct	2026-01-09	negative_evidence	UniProtKB_AC-ID	Q9Y252	Q9Y252	false	10				quarantine	unmapped_in_pinned_uniprot_release
IntAct	2026-01-09	negative_evidence	UniProtKB_AC-ID	Q9Y2D8	Q9Y2D8	false	6				quarantine	unmapped_in_pinned_uniprot_release
IntAct	2026-01-09	negative_evidence	UniProtKB_AC-ID	Q9Y2K1	Q9Y2K1	false	3				quarantine	unmapped_in_pinned_uniprot_release
IntAct	2026-01-09	negative_evidence	UniProtKB_AC-ID	Q9Y3I1-2	Q9Y3I1	true	1				quarantine	isoform_specific_source_not_folded_to_canonical
IntAct	2026-01-09	negative_evidence	UniProtKB_AC-ID	Q9Y3P9	Q9Y3P9	false	1				quarantine	unmapped_in_pinned_uniprot_release
IntAct	2026-01-09	negative_evidence	UniProtKB_AC-ID	Q9Y3Q8	Q9Y3Q8	false	1				quarantine	unmapped_in_pinned_uniprot_release
IntAct	2026-01-09	negative_evidence	UniProtKB_AC-ID	Q9Y4X0	Q9Y4X0	false	1				quarantine	unmapped_in_pinned_uniprot_release
IntAct	2026-01-09	negative_evidence	UniProtKB_AC-ID	Q9Y4X0-3	Q9Y4X0	true	2				quarantine	isoform_specific_source_not_folded_to_canonical
IntAct	2026-01-09	negative_evidence	UniProtKB_AC-ID	Q9Y561	Q9Y561	false	3				quarantine	unmapped_in_pinned_uniprot_release
IntAct	2026-01-09	negative_evidence	UniProtKB_AC-ID	Q9Y570	Q9Y570	false	1				quarantine	unmapped_in_pinned_uniprot_release
IntAct	2026-01-09	negative_evidence	UniProtKB_AC-ID	Q9Y577	Q9Y577	false	1				quarantine	unmapped_in_pinned_uniprot_release
IntAct	2026-01-09	negative_evidence	UniProtKB_AC-ID	Q9Y5B0	Q9Y5B0	false	1				quarantine	unmapped_in_pinned_uniprot_release
IntAct	2026-01-09	negative_evidence	UniProtKB_AC-ID	Q9Y5S9	Q9Y5S9	false	1				quarantine	unmapped_in_pinned_uniprot_release
IntAct	2026-01-09	negative_evidence	UniProtKB_AC-ID	Q9Y5V3	Q9Y5V3	false	4				quarantine	unmapped_in_pinned_uniprot_release
IntAct	2026-01-09	negative_evidence	UniProtKB_AC-ID	Q9Y6B2	Q9Y6B2	false	3				quarantine	unmapped_in_pinned_uniprot_release
IntAct	2026-01-09	negative_evidence	UniProtKB_AC-ID	Q9Y6C2-2	Q9Y6C2	true	1				quarantine	isoform_specific_source_not_folded_to_canonical
IntAct	2026-01-09	negative_evidence	UniProtKB_AC-ID	Q9Y6M1	Q9Y6M1	false	2				quarantine	unmapped_in_pinned_uniprot_release
IntAct	2026-01-09	negative_evidence	intact	EBI-10177480		false	5				manual_review	non_uniprot_primary_identifier
IntAct	2026-01-09	negative_evidence	intact	EBI-16429002		false	13				manual_review	non_uniprot_primary_identifier
IntAct	2026-01-09	negative_evidence	intact	EBI-16429055		false	1				manual_review	non_uniprot_primary_identifier
IntAct	2026-01-09	negative_evidence	intact	EBI-16429374		false	1				manual_review	non_uniprot_primary_identifier
IntAct	2026-01-09	negative_evidence	intact	EBI-16430217		false	1				manual_review	non_uniprot_primary_identifier
IntAct	2026-01-09	negative_evidence	intact	EBI-16430628		false	10				manual_review	non_uniprot_primary_identifier
IntAct	2026-01-09	negative_evidence	intact	EBI-16431221		false	1				manual_review	non_uniprot_primary_identifier
IntAct	2026-01-09	negative_evidence	intact	EBI-16431359		false	22				manual_review	non_uniprot_primary_identifier
IntAct	2026-01-09	negative_evidence	intact	EBI-16431876		false	1				manual_review	non_uniprot_primary_identifier
IntAct	2026-01-09	negative_evidence	intact	EBI-16432800		false	2				manual_review	non_uniprot_primary_identifier
IntAct	2026-01-09	negative_evidence	intact	EBI-16434023		false	1				manual_review	non_uniprot_primary_identifier
IntAct	2026-01-09	negative_evidence	intact	EBI-16434391		false	1				manual_review	non_uniprot_primary_identifier
IntAct	2026-01-09	negative_evidence	intact	EBI-16435328		false	5				manual_review	non_uniprot_primary_identifier
IntAct	2026-01-09	negative_evidence	intact	EBI-16435574		false	1				manual_review	non_uniprot_primary_identifier
IntAct	2026-01-09	negative_evidence	intact	EBI-16435576		false	2				manual_review	non_uniprot_primary_identifier
IntAct	2026-01-09	negative_evidence	intact	EBI-16436244		false	3				manual_review	non_uniprot_primary_identifier
IntAct	2026-01-09	negative_evidence	intact	EBI-16437007		false	6				manual_review	non_uniprot_primary_identifier
IntAct	2026-01-09	negative_evidence	intact	EBI-16439609		false	1				manual_review	non_uniprot_primary_identifier
IntAct	2026-01-09	negative_evidence	intact	EBI-16439879		false	2				manual_review	non_uniprot_primary_identifier
IntAct	2026-01-09	negative_evidence	intact	EBI-16440472		false	1				manual_review	non_uniprot_primary_identifier
IntAct	2026-01-09	negative_evidence	intact	EBI-16464370		false	1				manual_review	non_uniprot_primary_identifier
IntAct	2026-01-09	negative_evidence	intact	EBI-16466451		false	1				manual_review	non_uniprot_primary_identifier
IntAct	2026-01-09	negative_evidence	intact	EBI-16467021		false	2				manual_review	non_uniprot_primary_identifier
IntAct	2026-01-09	negative_evidence	intact	EBI-16467584		false	8				manual_review	non_uniprot_primary_identifier
IntAct	2026-01-09	negative_evidence	intact	EBI-16469071		false	1				manual_review	non_uniprot_primary_identifier
IntAct	2026-01-09	negative_evidence	intact	EBI-16469090		false	1				manual_review	non_uniprot_primary_identifier
IntAct	2026-01-09	negative_evidence	intact	EBI-16469557		false	1				manual_review	non_uniprot_primary_identifier
IntAct	2026-01-09	negative_evidence	intact	EBI-16469675		false	2				manual_review	non_uniprot_primary_identifier
IntAct	2026-01-09	negative_evidence	intact	EBI-16469726		false	1				manual_review	non_uniprot_primary_identifier
IntAct	2026-01-09	negative_evidence	intact	EBI-16469745		false	9				manual_review	non_uniprot_primary_identifier
IntAct	2026-01-09	negative_evidence	intact	EBI-16470212		false	2				manual_review	non_uniprot_primary_identifier
IntAct	2026-01-09	negative_evidence	intact	EBI-16472255		false	1				manual_review	non_uniprot_primary_identifier
IntAct	2026-01-09	negative_evidence	intact	EBI-16472306		false	1				manual_review	non_uniprot_primary_identifier
IntAct	2026-01-09	negative_evidence	intact	EBI-16472634		false	1				manual_review	non_uniprot_primary_identifier
IntAct	2026-01-09	negative_evidence	intact	EBI-16473794		false	1				manual_review	non_uniprot_primary_identifier
IntAct	2026-01-09	negative_evidence	intact	EBI-16473978		false	3				manual_review	non_uniprot_primary_identifier
IntAct	2026-01-09	negative_evidence	intact	EBI-16474685		false	1				manual_review	non_uniprot_primary_identifier
IntAct	2026-01-09	negative_evidence	intact	EBI-16474742		false	4				manual_review	non_uniprot_primary_identifier
IntAct	2026-01-09	negative_evidence	intact	EBI-16475183		false	3				manual_review	non_uniprot_primary_identifier
IntAct	2026-01-09	positive_evidence	UniProtKB_AC-ID	A5YKK6-2	A5YKK6	true	2	A5YKK6	A5YKK6		quarantine	isoform_specific_source_not_folded_to_canonical
IntAct	2026-01-09	positive_evidence	UniProtKB_AC-ID	A6ND01-1	A6ND01	true	7				quarantine	isoform_specific_source_not_folded_to_canonical
IntAct	2026-01-09	positive_evidence	UniProtKB_AC-ID	O00159-2	O00159	true	1				quarantine	isoform_specific_source_not_folded_to_canonical
IntAct	2026-01-09	positive_evidence	UniProtKB_AC-ID	O00167-1	O00167	true	1	O00167	O00167		quarantine	isoform_specific_source_not_folded_to_canonical
IntAct	2026-01-09	positive_evidence	UniProtKB_AC-ID	O00187-1	O00187	true	2	O00187	O00187		quarantine	isoform_specific_source_not_folded_to_canonical
IntAct	2026-01-09	positive_evidence	UniProtKB_AC-ID	O00187-2	O00187	true	5	O00187	O00187		quarantine	isoform_specific_source_not_folded_to_canonical
IntAct	2026-01-09	positive_evidence	UniProtKB_AC-ID	O00187-PRO_0000027598	O00187-PRO_0000027598	false	1				quarantine	unmapped_in_pinned_uniprot_release
IntAct	2026-01-09	positive_evidence	UniProtKB_AC-ID	O00203-1	O00203	true	3				quarantine	isoform_specific_source_not_folded_to_canonical
IntAct	2026-01-09	positive_evidence	UniProtKB_AC-ID	O00206-1	O00206	true	1	O00206	O00206		quarantine	isoform_specific_source_not_folded_to_canonical
IntAct	2026-01-09	positive_evidence	UniProtKB_AC-ID	O00255-2	O00255	true	8				quarantine	isoform_specific_source_not_folded_to_canonical
IntAct	2026-01-09	positive_evidence	UniProtKB_AC-ID	O00482-1	O00482	true	7	O00482	O00482		quarantine	isoform_specific_source_not_folded_to_canonical
IntAct	2026-01-09	positive_evidence	UniProtKB_AC-ID	O00499-1	O00499	true	3	O00499	O00499		quarantine	isoform_specific_source_not_folded_to_canonical
IntAct	2026-01-09	positive_evidence	UniProtKB_AC-ID	O00499-10	O00499	true	1	O00499	O00499		quarantine	isoform_specific_source_not_folded_to_canonical
IntAct	2026-01-09	positive_evidence	UniProtKB_AC-ID	O00499-9	O00499	true	1	O00499	O00499		quarantine	isoform_specific_source_not_folded_to_canonical
IntAct	2026-01-09	positive_evidence	UniProtKB_AC-ID	O00585-PRO_0000005220	O00585-PRO_0000005220	false	1				quarantine	unmapped_in_pinned_uniprot_release
IntAct	2026-01-09	positive_evidence	UniProtKB_AC-ID	O14525-2	O14525	true	2				quarantine	isoform_specific_source_not_folded_to_canonical
IntAct	2026-01-09	positive_evidence	UniProtKB_AC-ID	O14625-PRO_0000005106	O14625-PRO_0000005106	false	1				quarantine	unmapped_in_pinned_uniprot_release
IntAct	2026-01-09	positive_evidence	UniProtKB_AC-ID	O14773-1	O14773	true	2				quarantine	isoform_specific_source_not_folded_to_canonical
IntAct	2026-01-09	positive_evidence	UniProtKB_AC-ID	O14788-PRO_0000034515	O14788-PRO_0000034515	false	1				quarantine	unmapped_in_pinned_uniprot_release
IntAct	2026-01-09	positive_evidence	UniProtKB_AC-ID	O14931-2	O14931	true	1	O14931	O14931		quarantine	isoform_specific_source_not_folded_to_canonical
IntAct	2026-01-09	positive_evidence	UniProtKB_AC-ID	O15123-1	O15123	true	1	O15123	O15123		quarantine	isoform_specific_source_not_folded_to_canonical
IntAct	2026-01-09	positive_evidence	UniProtKB_AC-ID	O15357-1	O15357	true	4	O15357	O15357		quarantine	isoform_specific_source_not_folded_to_canonical
IntAct	2026-01-09	positive_evidence	UniProtKB_AC-ID	O15519-1	O15519	true	1				quarantine	isoform_specific_source_not_folded_to_canonical
IntAct	2026-01-09	positive_evidence	UniProtKB_AC-ID	O43157-1	O43157	true	2	O43157	O43157		quarantine	isoform_specific_source_not_folded_to_canonical
IntAct	2026-01-09	positive_evidence	UniProtKB_AC-ID	O43432-1	O43432	true	1				quarantine	isoform_specific_source_not_folded_to_canonical
IntAct	2026-01-09	positive_evidence	UniProtKB_AC-ID	O43557-1	O43557	true	2	O43557	O43557		quarantine	isoform_specific_source_not_folded_to_canonical
IntAct	2026-01-09	positive_evidence	UniProtKB_AC-ID	O43561-2	O43561	true	1	O43561	O43561		quarantine	isoform_specific_source_not_folded_to_canonical
IntAct	2026-01-09	positive_evidence	UniProtKB_AC-ID	O43739-1	O43739	true	1	O43739	O43739		quarantine	isoform_specific_source_not_folded_to_canonical
IntAct	2026-01-09	positive_evidence	UniProtKB_AC-ID	O43739-2	O43739	true	2	O43739	O43739		quarantine	isoform_specific_source_not_folded_to_canonical
IntAct	2026-01-09	positive_evidence	UniProtKB_AC-ID	O43837-2	O43837	true	1				quarantine	isoform_specific_source_not_folded_to_canonical
IntAct	2026-01-09	positive_evidence	UniProtKB_AC-ID	O43852-PRO_0000004153	O43852-PRO_0000004153	false	1				quarantine	unmapped_in_pinned_uniprot_release
IntAct	2026-01-09	positive_evidence	UniProtKB_AC-ID	O60271-2	O60271	true	9				quarantine	isoform_specific_source_not_folded_to_canonical
IntAct	2026-01-09	positive_evidence	UniProtKB_AC-ID	O60341-1	O60341	true	3				quarantine	isoform_specific_source_not_folded_to_canonical
IntAct	2026-01-09	positive_evidence	UniProtKB_AC-ID	O60499-1	O60499	true	2				quarantine	isoform_specific_source_not_folded_to_canonical
IntAct	2026-01-09	positive_evidence	UniProtKB_AC-ID	O60573-1	O60573	true	9				quarantine	isoform_specific_source_not_folded_to_canonical
IntAct	2026-01-09	positive_evidence	UniProtKB_AC-ID	O60716-29	O60716	true	1	O60716	O60716		quarantine	isoform_specific_source_not_folded_to_canonical
IntAct	2026-01-09	positive_evidence	UniProtKB_AC-ID	O60885-1	O60885	true	1	O60885	O60885		quarantine	isoform_specific_source_not_folded_to_canonical
IntAct	2026-01-09	positive_evidence	UniProtKB_AC-ID	O60907-2	O60907	true	2	O60907	O60907		quarantine	isoform_specific_source_not_folded_to_canonical
IntAct	2026-01-09	positive_evidence	UniProtKB_AC-ID	O75154-1	O75154	true	1				quarantine	isoform_specific_source_not_folded_to_canonical
IntAct	2026-01-09	positive_evidence	UniProtKB_AC-ID	O75533-1	O75533	true	5				quarantine	isoform_specific_source_not_folded_to_canonical
IntAct	2026-01-09	positive_evidence	UniProtKB_AC-ID	O75569-1	O75569	true	1				quarantine	isoform_specific_source_not_folded_to_canonical
IntAct	2026-01-09	positive_evidence	UniProtKB_AC-ID	O75636-PRO_0000009142	O75636-PRO_0000009142	false	4				quarantine	unmapped_in_pinned_uniprot_release
IntAct	2026-01-09	positive_evidence	UniProtKB_AC-ID	O75643-1	O75643	true	1	O75643	O75643		quarantine	isoform_specific_source_not_folded_to_canonical
IntAct	2026-01-09	positive_evidence	UniProtKB_AC-ID	O75815-1	O75815	true	1	O75815	O75815		quarantine	isoform_specific_source_not_folded_to_canonical
IntAct	2026-01-09	positive_evidence	UniProtKB_AC-ID	O75920-2	O75920	true	2				quarantine	isoform_specific_source_not_folded_to_canonical
IntAct	2026-01-09	positive_evidence	UniProtKB_AC-ID	O94986-3	O94986	true	2				quarantine	isoform_specific_source_not_folded_to_canonical
IntAct	2026-01-09	positive_evidence	UniProtKB_AC-ID	O95150-1	O95150	true	4	O95150	O95150		quarantine	isoform_specific_source_not_folded_to_canonical
IntAct	2026-01-09	positive_evidence	UniProtKB_AC-ID	O95155-1	O95155	true	5				quarantine	isoform_specific_source_not_folded_to_canonical
IntAct	2026-01-09	positive_evidence	UniProtKB_AC-ID	O95727-1	O95727	true	2				quarantine	isoform_specific_source_not_folded_to_canonical
IntAct	2026-01-09	positive_evidence	UniProtKB_AC-ID	O96028-1	O96028	true	1				quarantine	isoform_specific_source_not_folded_to_canonical
IntAct	2026-01-09	positive_evidence	UniProtKB_AC-ID	P00736-PRO_0000027578	P00736-PRO_0000027578	false	1				quarantine	unmapped_in_pinned_uniprot_release
IntAct	2026-01-09	positive_evidence	UniProtKB_AC-ID	P00736-PRO_0000027579	P00736-PRO_0000027579	false	1				quarantine	unmapped_in_pinned_uniprot_release
IntAct	2026-01-09	positive_evidence	UniProtKB_AC-ID	P01024-PRO_0000005908	P01024-PRO_0000005908	false	1				quarantine	unmapped_in_pinned_uniprot_release
IntAct	2026-01-09	positive_evidence	UniProtKB_AC-ID	P01024-PRO_0000005911	P01024-PRO_0000005911	false	1				quarantine	unmapped_in_pinned_uniprot_release
IntAct	2026-01-09	positive_evidence	UniProtKB_AC-ID	P01024-PRO_0000005915	P01024-PRO_0000005915	false	2				quarantine	unmapped_in_pinned_uniprot_release
IntAct	2026-01-09	positive_evidence	UniProtKB_AC-ID	P01116-2	P01116	true	1	P01116	P01116		quarantine	isoform_specific_source_not_folded_to_canonical
IntAct	2026-01-09	positive_evidence	UniProtKB_AC-ID	P01137-PRO_0000033762	P01137-PRO_0000033762	false	3				quarantine	unmapped_in_pinned_uniprot_release
IntAct	2026-01-09	positive_evidence	UniProtKB_AC-ID	P01138-PRO_0000019599	P01138-PRO_0000019599	false	2				quarantine	unmapped_in_pinned_uniprot_release
IntAct	2026-01-09	positive_evidence	UniProtKB_AC-ID	P01138-PRO_0000019600	P01138-PRO_0000019600	false	3				quarantine	unmapped_in_pinned_uniprot_release
IntAct	2026-01-09	positive_evidence	UniProtKB_AC-ID	P01241-1	P01241	true	1	P01241	P01241		quarantine	isoform_specific_source_not_folded_to_canonical
IntAct	2026-01-09	positive_evidence	UniProtKB_AC-ID	P01308-PRO_0000015820	P01308-PRO_0000015820	false	3				quarantine	unmapped_in_pinned_uniprot_release
IntAct	2026-01-09	positive_evidence	UniProtKB_AC-ID	P01344-1	P01344	true	4	P01344	P01344		quarantine	isoform_specific_source_not_folded_to_canonical
IntAct	2026-01-09	positive_evidence	UniProtKB_AC-ID	P01588-PRO_0000008401	P01588-PRO_0000008401	false	3				quarantine	unmapped_in_pinned_uniprot_release
IntAct	2026-01-09	positive_evidence	UniProtKB_AC-ID	P01857-1	P01857	true	2	P01857	P01857		quarantine	isoform_specific_source_not_folded_to_canonical
IntAct	2026-01-09	positive_evidence	UniProtKB_AC-ID	P01876-1	P01876	true	1				quarantine	isoform_specific_source_not_folded_to_canonical
IntAct	2026-01-09	positive_evidence	UniProtKB_AC-ID	P02461-1	P02461	true	2				quarantine	isoform_specific_source_not_folded_to_canonical
IntAct	2026-01-09	positive_evidence	UniProtKB_AC-ID	P02545-1	P02545	true	3	P02545	P02545		quarantine	isoform_specific_source_not_folded_to_canonical
IntAct	2026-01-09	positive_evidence	UniProtKB_AC-ID	P02545-6	P02545	true	3	P02545	P02545		quarantine	isoform_specific_source_not_folded_to_canonical
IntAct	2026-01-09	positive_evidence	UniProtKB_AC-ID	P02751-7	P02751	true	1	P02751	P02751		quarantine	isoform_specific_source_not_folded_to_canonical
IntAct	2026-01-09	positive_evidence	UniProtKB_AC-ID	P02776-PRO_0000351217	P02776-PRO_0000351217	false	4				quarantine	unmapped_in_pinned_uniprot_release
IntAct	2026-01-09	positive_evidence	UniProtKB_AC-ID	P02787-PRO_0000035715	P02787-PRO_0000035715	false	3				quarantine	unmapped_in_pinned_uniprot_release
IntAct	2026-01-09	positive_evidence	UniProtKB_AC-ID	P04049-1	P04049	true	1	P04049	P04049		quarantine	isoform_specific_source_not_folded_to_canonical
IntAct	2026-01-09	positive_evidence	UniProtKB_AC-ID	P04629-2	P04629	true	1	P04629	P04629		quarantine	isoform_specific_source_not_folded_to_canonical
IntAct	2026-01-09	positive_evidence	UniProtKB_AC-ID	P05067-1	P05067	true	1	P05067	P05067		quarantine	isoform_specific_source_not_folded_to_canonical
IntAct	2026-01-09	positive_evidence	UniProtKB_AC-ID	P05067-4	P05067	true	5	P05067	P05067		quarantine	isoform_specific_source_not_folded_to_canonical
IntAct	2026-01-09	positive_evidence	UniProtKB_AC-ID	P05067-8	P05067	true	2	P05067	P05067		quarantine	isoform_specific_source_not_folded_to_canonical
IntAct	2026-01-09	positive_evidence	UniProtKB_AC-ID	P05067-PRO_0000000092	P05067-PRO_0000000092	false	8				quarantine	unmapped_in_pinned_uniprot_release
IntAct	2026-01-09	positive_evidence	UniProtKB_AC-ID	P05067-PRO_0000000093	P05067-PRO_0000000093	false	8				quarantine	unmapped_in_pinned_uniprot_release
IntAct	2026-01-09	positive_evidence	UniProtKB_AC-ID	P05121-PRO_0000032499	P05121-PRO_0000032499	false	1				quarantine	unmapped_in_pinned_uniprot_release
IntAct	2026-01-09	positive_evidence	UniProtKB_AC-ID	P05230-1	P05230	true	3	P05230	P05230		quarantine	isoform_specific_source_not_folded_to_canonical
IntAct	2026-01-09	positive_evidence	UniProtKB_AC-ID	P05230-PRO_0000008908	P05230-PRO_0000008908	false	2				quarantine	unmapped_in_pinned_uniprot_release
IntAct	2026-01-09	positive_evidence	UniProtKB_AC-ID	P06213-1	P06213	true	2	P06213	P06213		quarantine	isoform_specific_source_not_folded_to_canonical
IntAct	2026-01-09	positive_evidence	UniProtKB_AC-ID	P06213-2	P06213	true	4	P06213	P06213		quarantine	isoform_specific_source_not_folded_to_canonical
IntAct	2026-01-09	positive_evidence	UniProtKB_AC-ID	P06730-1	P06730	true	1	P06730	P06730		quarantine	isoform_specific_source_not_folded_to_canonical
IntAct	2026-01-09	positive_evidence	UniProtKB_AC-ID	P07996-PRO_0000035842	P07996-PRO_0000035842	false	1				quarantine	unmapped_in_pinned_uniprot_release
IntAct	2026-01-09	positive_evidence	UniProtKB_AC-ID	P08107	P08107	false	5	P0DMV8;P0DMV9	P0DMV8;P0DMV9		quarantine	multiple_reviewed_human_targets
IntAct	2026-01-09	positive_evidence	UniProtKB_AC-ID	P08514-1	P08514	true	4	P08514	P08514		quarantine	isoform_specific_source_not_folded_to_canonical
IntAct	2026-01-09	positive_evidence	UniProtKB_AC-ID	P08559-1	P08559	true	4	P08559	P08559		quarantine	isoform_specific_source_not_folded_to_canonical
IntAct	2026-01-09	positive_evidence	UniProtKB_AC-ID	P09038-2	P09038	true	1	P09038	P09038		quarantine	isoform_specific_source_not_folded_to_canonical
IntAct	2026-01-09	positive_evidence	UniProtKB_AC-ID	P09651-2	P09651	true	1				quarantine	isoform_specific_source_not_folded_to_canonical
IntAct	2026-01-09	positive_evidence	UniProtKB_AC-ID	P09919-1	P09919	true	1				quarantine	isoform_specific_source_not_folded_to_canonical
IntAct	2026-01-09	positive_evidence	UniProtKB_AC-ID	P10415-1	P10415	true	2	P10415	P10415		quarantine	isoform_specific_source_not_folded_to_canonical
IntAct	2026-01-09	positive_evidence	UniProtKB_AC-ID	P10636-2	P10636	true	2	P10636	P10636		quarantine	isoform_specific_source_not_folded_to_canonical
IntAct	2026-01-09	positive_evidence	UniProtKB_AC-ID	P10636-6	P10636	true	6	P10636	P10636		quarantine	isoform_specific_source_not_folded_to_canonical
IntAct	2026-01-09	positive_evidence	UniProtKB_AC-ID	P10636-8	P10636	true	14	P10636	P10636		quarantine	isoform_specific_source_not_folded_to_canonical
IntAct	2026-01-09	positive_evidence	UniProtKB_AC-ID	P10747-1	P10747	true	1	P10747	P10747		quarantine	isoform_specific_source_not_folded_to_canonical
IntAct	2026-01-09	positive_evidence	UniProtKB_AC-ID	P11142-1	P11142	true	3	P11142	P11142		quarantine	isoform_specific_source_not_folded_to_canonical
IntAct	2026-01-09	positive_evidence	UniProtKB_AC-ID	P11177-1	P11177	true	4	P11177	P11177		quarantine	isoform_specific_source_not_folded_to_canonical
IntAct	2026-01-09	positive_evidence	UniProtKB_AC-ID	P11686-1	P11686	true	1				quarantine	isoform_specific_source_not_folded_to_canonical
IntAct	2026-01-09	positive_evidence	UniProtKB_AC-ID	P12643-PRO_0000033824	P12643-PRO_0000033824	false	1				quarantine	unmapped_in_pinned_uniprot_release
IntAct	2026-01-09	positive_evidence	UniProtKB_AC-ID	P12643-PRO_0000033825	P12643-PRO_0000033825	false	3				quarantine	unmapped_in_pinned_uniprot_release
IntAct	2026-01-09	positive_evidence	UniProtKB_AC-ID	P12694-1	P12694	true	1	P12694	P12694		quarantine	isoform_specific_source_not_folded_to_canonical
IntAct	2026-01-09	positive_evidence	UniProtKB_AC-ID	P13500-PRO_0000005146	P13500-PRO_0000005146	false	1				quarantine	unmapped_in_pinned_uniprot_release
IntAct	2026-01-09	positive_evidence	UniProtKB_AC-ID	P13501-PRO_0000005175	P13501-PRO_0000005175	false	13				quarantine	unmapped_in_pinned_uniprot_release
IntAct	2026-01-09	positive_evidence	UniProtKB_AC-ID	P13569-1	P13569	true	1	P13569	P13569		quarantine	isoform_specific_source_not_folded_to_canonical
IntAct	2026-01-09	positive_evidence	UniProtKB_AC-ID	P14678-2	P14678	true	2	P14678	P14678		quarantine	isoform_specific_source_not_folded_to_canonical
IntAct	2026-01-09	positive_evidence	UniProtKB_AC-ID	P14735-1	P14735	true	4	P14735	P14735		quarantine	isoform_specific_source_not_folded_to_canonical
IntAct	2026-01-09	positive_evidence	UniProtKB_AC-ID	P15151-1	P15151	true	1	P15151	P15151		quarantine	isoform_specific_source_not_folded_to_canonical
IntAct	2026-01-09	positive_evidence	UniProtKB_AC-ID	P15170-2	P15170	true	2				quarantine	isoform_specific_source_not_folded_to_canonical
IntAct	2026-01-09	positive_evidence	UniProtKB_AC-ID	P15692-1	P15692	true	1	P15692	P15692		quarantine	isoform_specific_source_not_folded_to_canonical
IntAct	2026-01-09	positive_evidence	UniProtKB_AC-ID	P15692-4	P15692	true	2	P15692	P15692		quarantine	isoform_specific_source_not_folded_to_canonical
IntAct	2026-01-09	positive_evidence	UniProtKB_AC-ID	P16234-1	P16234	true	1				quarantine	isoform_specific_source_not_folded_to_canonical
IntAct	2026-01-09	positive_evidence	UniProtKB_AC-ID	P16471-1	P16471	true	2	P16471	P16471		quarantine	isoform_specific_source_not_folded_to_canonical
IntAct	2026-01-09	positive_evidence	UniProtKB_AC-ID	P17813-1	P17813	true	1	P17813	P17813		quarantine	isoform_specific_source_not_folded_to_canonical
IntAct	2026-01-09	positive_evidence	UniProtKB_AC-ID	P18206-2	P18206	true	2	P18206	P18206		quarantine	isoform_specific_source_not_folded_to_canonical
IntAct	2026-01-09	positive_evidence	UniProtKB_AC-ID	P19438-1	P19438	true	3	P19438	P19438		quarantine	isoform_specific_source_not_folded_to_canonical
IntAct	2026-01-09	positive_evidence	UniProtKB_AC-ID	P19823-PRO_0000016518	P19823-PRO_0000016518	false	1				quarantine	unmapped_in_pinned_uniprot_release
IntAct	2026-01-09	positive_evidence	UniProtKB_AC-ID	P19827-PRO_0000016507	P19827-PRO_0000016507	false	1				quarantine	unmapped_in_pinned_uniprot_release
IntAct	2026-01-09	positive_evidence	UniProtKB_AC-ID	P20138-1	P20138	true	1				quarantine	isoform_specific_source_not_folded_to_canonical
IntAct	2026-01-09	positive_evidence	UniProtKB_AC-ID	P20339-1	P20339	true	1	P20339	P20339		quarantine	isoform_specific_source_not_folded_to_canonical
IntAct	2026-01-09	positive_evidence	UniProtKB_AC-ID	P21802-1	P21802	true	6	P21802	P21802		quarantine	isoform_specific_source_not_folded_to_canonical
IntAct	2026-01-09	positive_evidence	UniProtKB_AC-ID	P21953-1	P21953	true	1	P21953	P21953		quarantine	isoform_specific_source_not_folded_to_canonical
IntAct	2026-01-09	positive_evidence	UniProtKB_AC-ID	P22607-1	P22607	true	3	P22607	P22607		quarantine	isoform_specific_source_not_folded_to_canonical
IntAct	2026-01-09	positive_evidence	UniProtKB_AC-ID	P23284-PRO_0000025479	P23284-PRO_0000025479	false	1				quarantine	unmapped_in_pinned_uniprot_release
IntAct	2026-01-09	positive_evidence	UniProtKB_AC-ID	P24001-4	P24001	true	1				quarantine	isoform_specific_source_not_folded_to_canonical
IntAct	2026-01-09	positive_evidence	UniProtKB_AC-ID	P25445-1	P25445	true	3	P25445	P25445		quarantine	isoform_specific_source_not_folded_to_canonical
IntAct	2026-01-09	positive_evidence	UniProtKB_AC-ID	P26951-1	P26951	true	2	P26951	P26951		quarantine	isoform_specific_source_not_folded_to_canonical
IntAct	2026-01-09	positive_evidence	UniProtKB_AC-ID	P27037-1	P27037	true	1	P27037	P27037		quarantine	isoform_specific_source_not_folded_to_canonical
IntAct	2026-01-09	positive_evidence	UniProtKB_AC-ID	P27918-PRO_0000035863	P27918-PRO_0000035863	false	1				quarantine	unmapped_in_pinned_uniprot_release
IntAct	2026-01-09	positive_evidence	UniProtKB_AC-ID	P28223-1	P28223	true	1				quarantine	isoform_specific_source_not_folded_to_canonical
IntAct	2026-01-09	positive_evidence	UniProtKB_AC-ID	P29353-2	P29353	true	3	P29353	P29353		quarantine	isoform_specific_source_not_folded_to_canonical
IntAct	2026-01-09	positive_evidence	UniProtKB_AC-ID	P30622-1	P30622	true	6				quarantine	isoform_specific_source_not_folded_to_canonical
IntAct	2026-01-09	positive_evidence	UniProtKB_AC-ID	P30622-2	P30622	true	9				quarantine	isoform_specific_source_not_folded_to_canonical
IntAct	2026-01-09	positive_evidence	UniProtKB_AC-ID	P30626-1	P30626	true	2				quarantine	isoform_specific_source_not_folded_to_canonical
IntAct	2026-01-09	positive_evidence	UniProtKB_AC-ID	P35498-1	P35498	true	1				quarantine	isoform_specific_source_not_folded_to_canonical
IntAct	2026-01-09	positive_evidence	UniProtKB_AC-ID	P35658-1	P35658	true	3				quarantine	isoform_specific_source_not_folded_to_canonical
IntAct	2026-01-09	positive_evidence	UniProtKB_AC-ID	P36956-PRO_0000314029	P36956-PRO_0000314029	false	1				quarantine	unmapped_in_pinned_uniprot_release
IntAct	2026-01-09	positive_evidence	UniProtKB_AC-ID	P39060-PRO_0000005794	P39060-PRO_0000005794	false	1				quarantine	unmapped_in_pinned_uniprot_release
IntAct	2026-01-09	positive_evidence	UniProtKB_AC-ID	P39905-PRO_0000034005	P39905-PRO_0000034005	false	2				quarantine	unmapped_in_pinned_uniprot_release
IntAct	2026-01-09	positive_evidence	UniProtKB_AC-ID	P41586-3	P41586	true	2				quarantine	isoform_specific_source_not_folded_to_canonical
IntAct	2026-01-09	positive_evidence	UniProtKB_AC-ID	P41597-2	P41597	true	3				quarantine	isoform_specific_source_not_folded_to_canonical
IntAct	2026-01-09	positive_evidence	UniProtKB_AC-ID	P42081-3	P42081	true	1	P42081	P42081		quarantine	isoform_specific_source_not_folded_to_canonical
IntAct	2026-01-09	positive_evidence	UniProtKB_AC-ID	P42566-1	P42566	true	2	P42566	P42566		quarantine	isoform_specific_source_not_folded_to_canonical
IntAct	2026-01-09	positive_evidence	UniProtKB_AC-ID	P43026-PRO_0000033913	P43026-PRO_0000033913	false	2				quarantine	unmapped_in_pinned_uniprot_release
IntAct	2026-01-09	positive_evidence	UniProtKB_AC-ID	P46108-1	P46108	true	3	P46108	P46108		quarantine	isoform_specific_source_not_folded_to_canonical
IntAct	2026-01-09	positive_evidence	UniProtKB_AC-ID	P46934-4	P46934	true	1	P46934	P46934		quarantine	isoform_specific_source_not_folded_to_canonical
IntAct	2026-01-09	positive_evidence	UniProtKB_AC-ID	P48061-PRO_0000005109	P48061-PRO_0000005109	false	1				quarantine	unmapped_in_pinned_uniprot_release
IntAct	2026-01-09	positive_evidence	UniProtKB_AC-ID	P48740-2	P48740	true	4	P48740	P48740		quarantine	isoform_specific_source_not_folded_to_canonical
IntAct	2026-01-09	positive_evidence	UniProtKB_AC-ID	P48740-3	P48740	true	2	P48740	P48740		quarantine	isoform_specific_source_not_folded_to_canonical
IntAct	2026-01-09	positive_evidence	UniProtKB_AC-ID	P48740-PRO_0000027592	P48740-PRO_0000027592	false	2				quarantine	unmapped_in_pinned_uniprot_release
IntAct	2026-01-09	positive_evidence	UniProtKB_AC-ID	P49023-2	P49023	true	2	P49023	P49023		quarantine	isoform_specific_source_not_folded_to_canonical
IntAct	2026-01-09	positive_evidence	UniProtKB_AC-ID	P49450-1	P49450	true	1				quarantine	isoform_specific_source_not_folded_to_canonical
IntAct	2026-01-09	positive_evidence	UniProtKB_AC-ID	P49458-1	P49458	true	1				quarantine	isoform_specific_source_not_folded_to_canonical
IntAct	2026-01-09	positive_evidence	UniProtKB_AC-ID	P49643-1	P49643	true	2				quarantine	isoform_specific_source_not_folded_to_canonical
IntAct	2026-01-09	positive_evidence	UniProtKB_AC-ID	P49715-1	P49715	true	1	P49715	P49715		quarantine	isoform_specific_source_not_folded_to_canonical
IntAct	2026-01-09	positive_evidence	UniProtKB_AC-ID	P50213-PRO_0000014436	P50213-PRO_0000014436	false	1				quarantine	unmapped_in_pinned_uniprot_release
IntAct	2026-01-09	positive_evidence	UniProtKB_AC-ID	P50542-1	P50542	true	2	P50542	P50542		quarantine	isoform_specific_source_not_folded_to_canonical
IntAct	2026-01-09	positive_evidence	UniProtKB_AC-ID	P51654-1	P51654	true	1				quarantine	isoform_specific_source_not_folded_to_canonical
IntAct	2026-01-09	positive_evidence	UniProtKB_AC-ID	P51677-1	P51677	true	1	P51677	P51677		quarantine	isoform_specific_source_not_folded_to_canonical
IntAct	2026-01-09	positive_evidence	UniProtKB_AC-ID	P53990-4	P53990	true	1				quarantine	isoform_specific_source_not_folded_to_canonical
IntAct	2026-01-09	positive_evidence	UniProtKB_AC-ID	P54252-2	P54252	true	5				quarantine	isoform_specific_source_not_folded_to_canonical
IntAct	2026-01-09	positive_evidence	UniProtKB_AC-ID	P54760-1	P54760	true	2	P54760	P54760		quarantine	isoform_specific_source_not_folded_to_canonical
IntAct	2026-01-09	positive_evidence	UniProtKB_AC-ID	P55055-1	P55055	true	8	P55055	P55055		quarantine	isoform_specific_source_not_folded_to_canonical
IntAct	2026-01-09	positive_evidence	UniProtKB_AC-ID	P55075-4	P55075	true	2				quarantine	isoform_specific_source_not_folded_to_canonical
IntAct	2026-01-09	positive_evidence	UniProtKB_AC-ID	P56159-2	P56159	true	1				quarantine	isoform_specific_source_not_folded_to_canonical
IntAct	2026-01-09	positive_evidence	UniProtKB_AC-ID	P58400-1	P58400	true	3				quarantine	isoform_specific_source_not_folded_to_canonical
IntAct	2026-01-09	positive_evidence	UniProtKB_AC-ID	P58400-2	P58400	true	1				quarantine	isoform_specific_source_not_folded_to_canonical
IntAct	2026-01-09	positive_evidence	UniProtKB_AC-ID	P60880-2	P60880	true	3				quarantine	isoform_specific_source_not_folded_to_canonical
IntAct	2026-01-09	positive_evidence	UniProtKB_AC-ID	P60953-1	P60953	true	1	P60953	P60953		quarantine	isoform_specific_source_not_folded_to_canonical
IntAct	2026-01-09	positive_evidence	UniProtKB_AC-ID	P60953-2	P60953	true	11	P60953	P60953		quarantine	isoform_specific_source_not_folded_to_canonical
IntAct	2026-01-09	positive_evidence	UniProtKB_AC-ID	P61077-1	P61077	true	4	P61077	P61077		quarantine	isoform_specific_source_not_folded_to_canonical
IntAct	2026-01-09	positive_evidence	UniProtKB_AC-ID	P61278-PRO_0000033088	P61278-PRO_0000033088	false	2				quarantine	unmapped_in_pinned_uniprot_release
IntAct	2026-01-09	positive_evidence	UniProtKB_AC-ID	P61328-2	P61328	true	3				quarantine	isoform_specific_source_not_folded_to_canonical
IntAct	2026-01-09	positive_evidence	UniProtKB_AC-ID	P62068-1	P62068	true	1				quarantine	isoform_specific_source_not_folded_to_canonical
IntAct	2026-01-09	positive_evidence	UniProtKB_AC-ID	P62993-1	P62993	true	5	P62993	P62993		quarantine	isoform_specific_source_not_folded_to_canonical
IntAct	2026-01-09	positive_evidence	UniProtKB_AC-ID	P63000-1	P63000	true	2	P63000	P63000		quarantine	isoform_specific_source_not_folded_to_canonical
IntAct	2026-01-09	positive_evidence	UniProtKB_AC-ID	P63208-1	P63208	true	2	P63208	P63208		quarantine	isoform_specific_source_not_folded_to_canonical
IntAct	2026-01-09	positive_evidence	UniProtKB_AC-ID	P68036-1	P68036	true	2	P68036	P68036		quarantine	isoform_specific_source_not_folded_to_canonical
IntAct	2026-01-09	positive_evidence	UniProtKB_AC-ID	P78344-1	P78344	true	1	P78344	P78344		quarantine	isoform_specific_source_not_folded_to_canonical
IntAct	2026-01-09	positive_evidence	UniProtKB_AC-ID	P80098-PRO_0000005183	P80098-PRO_0000005183	false	1				quarantine	unmapped_in_pinned_uniprot_release
IntAct	2026-01-09	positive_evidence	UniProtKB_AC-ID	P83110-1	P83110	true	1				quarantine	isoform_specific_source_not_folded_to_canonical
IntAct	2026-01-09	positive_evidence	UniProtKB_AC-ID	P83110-2	P83110	true	1				quarantine	isoform_specific_source_not_folded_to_canonical
IntAct	2026-01-09	positive_evidence	UniProtKB_AC-ID	P98171-1	P98171	true	1				quarantine	isoform_specific_source_not_folded_to_canonical
IntAct	2026-01-09	positive_evidence	UniProtKB_AC-ID	Q00987-11	Q00987	true	1	Q00987	Q00987		quarantine	isoform_specific_source_not_folded_to_canonical
IntAct	2026-01-09	positive_evidence	UniProtKB_AC-ID	Q01344-2	Q01344	true	3	Q01344	Q01344		quarantine	isoform_specific_source_not_folded_to_canonical
IntAct	2026-01-09	positive_evidence	UniProtKB_AC-ID	Q01523-PRO_0000417390	Q01523-PRO_0000417390	false	1				quarantine	unmapped_in_pinned_uniprot_release
IntAct	2026-01-09	positive_evidence	UniProtKB_AC-ID	Q01831-1	Q01831	true	3	Q01831	Q01831		quarantine	isoform_specific_source_not_folded_to_canonical
IntAct	2026-01-09	positive_evidence	UniProtKB_AC-ID	Q02078-1	Q02078	true	1				quarantine	isoform_specific_source_not_folded_to_canonical
IntAct	2026-01-09	positive_evidence	UniProtKB_AC-ID	Q02297-6	Q02297	true	2	Q02297	Q02297		quarantine	isoform_specific_source_not_folded_to_canonical
IntAct	2026-01-09	positive_evidence	UniProtKB_AC-ID	Q05086-2	Q05086	true	1	Q05086	Q05086		quarantine	isoform_specific_source_not_folded_to_canonical
IntAct	2026-01-09	positive_evidence	UniProtKB_AC-ID	Q05586-2	Q05586	true	1	Q05586	Q05586		quarantine	isoform_specific_source_not_folded_to_canonical
IntAct	2026-01-09	positive_evidence	UniProtKB_AC-ID	Q06033-PRO_0000016530	Q06033-PRO_0000016530	false	1				quarantine	unmapped_in_pinned_uniprot_release
IntAct	2026-01-09	positive_evidence	UniProtKB_AC-ID	Q06330-6	Q06330	true	1	Q06330	Q06330		quarantine	isoform_specific_source_not_folded_to_canonical
IntAct	2026-01-09	positive_evidence	UniProtKB_AC-ID	Q06455-4	Q06455	true	1	Q06455	Q06455		quarantine	isoform_specific_source_not_folded_to_canonical
IntAct	2026-01-09	positive_evidence	UniProtKB_AC-ID	Q07817-1	Q07817	true	24	Q07817	Q07817		quarantine	isoform_specific_source_not_folded_to_canonical
IntAct	2026-01-09	positive_evidence	UniProtKB_AC-ID	Q07820-1	Q07820	true	1	Q07820	Q07820		quarantine	isoform_specific_source_not_folded_to_canonical
IntAct	2026-01-09	positive_evidence	UniProtKB_AC-ID	Q07869-1	Q07869	true	4	Q07869	Q07869		quarantine	isoform_specific_source_not_folded_to_canonical
IntAct	2026-01-09	positive_evidence	UniProtKB_AC-ID	Q07889-1	Q07889	true	9	Q07889	Q07889		quarantine	isoform_specific_source_not_folded_to_canonical
IntAct	2026-01-09	positive_evidence	UniProtKB_AC-ID	Q08209-1	Q08209	true	5	Q08209	Q08209		quarantine	isoform_specific_source_not_folded_to_canonical
IntAct	2026-01-09	positive_evidence	UniProtKB_AC-ID	Q0D2I5-5	Q0D2I5	true	1				quarantine	isoform_specific_source_not_folded_to_canonical
IntAct	2026-01-09	positive_evidence	UniProtKB_AC-ID	Q12830-4	Q12830	true	7	Q12830	Q12830		quarantine	isoform_specific_source_not_folded_to_canonical
IntAct	2026-01-09	positive_evidence	UniProtKB_AC-ID	Q12888-1	Q12888	true	9	Q12888	Q12888		quarantine	isoform_specific_source_not_folded_to_canonical
IntAct	2026-01-09	positive_evidence	UniProtKB_AC-ID	Q12972-1	Q12972	true	3				quarantine	isoform_specific_source_not_folded_to_canonical
IntAct	2026-01-09	positive_evidence	UniProtKB_AC-ID	Q13042-1	Q13042	true	1				quarantine	isoform_specific_source_not_folded_to_canonical
IntAct	2026-01-09	positive_evidence	UniProtKB_AC-ID	Q13043-1	Q13043	true	2				quarantine	isoform_specific_source_not_folded_to_canonical
IntAct	2026-01-09	positive_evidence	UniProtKB_AC-ID	Q13191-1	Q13191	true	4	Q13191	Q13191		quarantine	isoform_specific_source_not_folded_to_canonical
IntAct	2026-01-09	positive_evidence	UniProtKB_AC-ID	Q13309-1	Q13309	true	2	Q13309	Q13309		quarantine	isoform_specific_source_not_folded_to_canonical
IntAct	2026-01-09	positive_evidence	UniProtKB_AC-ID	Q13324-1	Q13324	true	3				quarantine	isoform_specific_source_not_folded_to_canonical
IntAct	2026-01-09	positive_evidence	UniProtKB_AC-ID	Q13490-1	Q13490	true	1	Q13490	Q13490		quarantine	isoform_specific_source_not_folded_to_canonical
IntAct	2026-01-09	positive_evidence	UniProtKB_AC-ID	Q13671-1	Q13671	true	1	Q13671	Q13671		quarantine	isoform_specific_source_not_folded_to_canonical
IntAct	2026-01-09	positive_evidence	UniProtKB_AC-ID	Q13748	Q13748	false	2	P0DPH7;P0DPH8	P0DPH7;P0DPH8		quarantine	multiple_reviewed_human_targets
IntAct	2026-01-09	positive_evidence	UniProtKB_AC-ID	Q13936-20	Q13936	true	1				quarantine	isoform_specific_source_not_folded_to_canonical
IntAct	2026-01-09	positive_evidence	UniProtKB_AC-ID	Q14318-2	Q14318	true	1				quarantine	isoform_specific_source_not_folded_to_canonical
IntAct	2026-01-09	positive_evidence	UniProtKB_AC-ID	Q14393-2	Q14393	true	8				quarantine	isoform_specific_source_not_folded_to_canonical
IntAct	2026-01-09	positive_evidence	UniProtKB_AC-ID	Q14790-2	Q14790	true	1	Q14790	Q14790		quarantine	isoform_specific_source_not_folded_to_canonical
IntAct	2026-01-09	positive_evidence	UniProtKB_AC-ID	Q14790-PRO_0000004629	Q14790-PRO_0000004629	false	2				quarantine	unmapped_in_pinned_uniprot_release
IntAct	2026-01-09	positive_evidence	UniProtKB_AC-ID	Q14790-PRO_0000004631	Q14790-PRO_0000004631	false	2				quarantine	unmapped_in_pinned_uniprot_release
IntAct	2026-01-09	positive_evidence	UniProtKB_AC-ID	Q14974-1	Q14974	true	2	Q14974	Q14974		quarantine	isoform_specific_source_not_folded_to_canonical
IntAct	2026-01-09	positive_evidence	UniProtKB_AC-ID	Q15256-1	Q15256	true	4				quarantine	isoform_specific_source_not_folded_to_canonical
IntAct	2026-01-09	positive_evidence	UniProtKB_AC-ID	Q15382-PRO_0000082708	Q15382-PRO_0000082708	false	1				quarantine	unmapped_in_pinned_uniprot_release
IntAct	2026-01-09	positive_evidence	UniProtKB_AC-ID	Q15438-2	Q15438	true	1				quarantine	isoform_specific_source_not_folded_to_canonical
IntAct	2026-01-09	positive_evidence	UniProtKB_AC-ID	Q15485-PRO_0000009139	Q15485-PRO_0000009139	false	4				quarantine	unmapped_in_pinned_uniprot_release
IntAct	2026-01-09	positive_evidence	UniProtKB_AC-ID	Q15746-1	Q15746	true	1				quarantine	isoform_specific_source_not_folded_to_canonical
IntAct	2026-01-09	positive_evidence	UniProtKB_AC-ID	Q15788-1	Q15788	true	1	Q15788	Q15788		quarantine	isoform_specific_source_not_folded_to_canonical
IntAct	2026-01-09	positive_evidence	UniProtKB_AC-ID	Q15828-PRO_0000006648	Q15828-PRO_0000006648	false	2				quarantine	unmapped_in_pinned_uniprot_release
IntAct	2026-01-09	positive_evidence	UniProtKB_AC-ID	Q16181-1	Q16181	true	1				quarantine	isoform_specific_source_not_folded_to_canonical
IntAct	2026-01-09	positive_evidence	UniProtKB_AC-ID	Q16539-1	Q16539	true	4	Q16539	Q16539		quarantine	isoform_specific_source_not_folded_to_canonical
IntAct	2026-01-09	positive_evidence	UniProtKB_AC-ID	Q16630-1	Q16630	true	1				quarantine	isoform_specific_source_not_folded_to_canonical
IntAct	2026-01-09	positive_evidence	UniProtKB_AC-ID	Q16891-1	Q16891	true	6	Q16891	Q16891		quarantine	isoform_specific_source_not_folded_to_canonical
IntAct	2026-01-09	positive_evidence	UniProtKB_AC-ID	Q2NKJ3-1	Q2NKJ3	true	3				quarantine	isoform_specific_source_not_folded_to_canonical
IntAct	2026-01-09	positive_evidence	UniProtKB_AC-ID	Q30201-1	Q30201	true	1				quarantine	isoform_specific_source_not_folded_to_canonical
IntAct	2026-01-09	positive_evidence	UniProtKB_AC-ID	Q5H9F3-1	Q5H9F3	true	1				quarantine	isoform_specific_source_not_folded_to_canonical
IntAct	2026-01-09	positive_evidence	UniProtKB_AC-ID	Q5JRX3-1	Q5JRX3	true	1				quarantine	isoform_specific_source_not_folded_to_canonical
IntAct	2026-01-09	positive_evidence	UniProtKB_AC-ID	Q5JVF3-1	Q5JVF3	true	1				quarantine	isoform_specific_source_not_folded_to_canonical
IntAct	2026-01-09	positive_evidence	UniProtKB_AC-ID	Q5TCZ1-2	Q5TCZ1	true	1				quarantine	isoform_specific_source_not_folded_to_canonical
IntAct	2026-01-09	positive_evidence	UniProtKB_AC-ID	Q6FI81-1	Q6FI81	true	1				quarantine	isoform_specific_source_not_folded_to_canonical
IntAct	2026-01-09	positive_evidence	UniProtKB_AC-ID	Q6KF10-PRO_0000042253	Q6KF10-PRO_0000042253	false	2				quarantine	unmapped_in_pinned_uniprot_release
IntAct	2026-01-09	positive_evidence	UniProtKB_AC-ID	Q6W2J9-1	Q6W2J9	true	2				quarantine	isoform_specific_source_not_folded_to_canonical
IntAct	2026-01-09	positive_evidence	UniProtKB_AC-ID	Q6XZF7-1	Q6XZF7	true	2				quarantine	isoform_specific_source_not_folded_to_canonical
IntAct	2026-01-09	positive_evidence	UniProtKB_AC-ID	Q6Y7W6-1	Q6Y7W6	true	2	Q6Y7W6	Q6Y7W6		quarantine	isoform_specific_source_not_folded_to_canonical
IntAct	2026-01-09	positive_evidence	UniProtKB_AC-ID	Q6ZMJ4-1	Q6ZMJ4	true	3				quarantine	isoform_specific_source_not_folded_to_canonical
IntAct	2026-01-09	positive_evidence	UniProtKB_AC-ID	Q6ZVN8-1	Q6ZVN8	true	2	Q6ZVN8	Q6ZVN8		quarantine	isoform_specific_source_not_folded_to_canonical
IntAct	2026-01-09	positive_evidence	UniProtKB_AC-ID	Q6ZW49-1	Q6ZW49	true	7				quarantine	isoform_specific_source_not_folded_to_canonical
IntAct	2026-01-09	positive_evidence	UniProtKB_AC-ID	Q71F23-1	Q71F23	true	2				quarantine	isoform_specific_source_not_folded_to_canonical
IntAct	2026-01-09	positive_evidence	UniProtKB_AC-ID	Q7L8A9-1	Q7L8A9	true	2				quarantine	isoform_specific_source_not_folded_to_canonical
IntAct	2026-01-09	positive_evidence	UniProtKB_AC-ID	Q7RTN6-1	Q7RTN6	true	2				quarantine	isoform_specific_source_not_folded_to_canonical
IntAct	2026-01-09	positive_evidence	UniProtKB_AC-ID	Q7Z6K5-1	Q7Z6K5	true	3				quarantine	isoform_specific_source_not_folded_to_canonical
IntAct	2026-01-09	positive_evidence	UniProtKB_AC-ID	Q86SX6-PRO_0000141650	Q86SX6-PRO_0000141650	false	4				quarantine	unmapped_in_pinned_uniprot_release
IntAct	2026-01-09	positive_evidence	UniProtKB_AC-ID	Q86SZ2-1	Q86SZ2	true	1				quarantine	isoform_specific_source_not_folded_to_canonical
IntAct	2026-01-09	positive_evidence	UniProtKB_AC-ID	Q86U44-1	Q86U44	true	1	Q86U44	Q86U44		quarantine	isoform_specific_source_not_folded_to_canonical
IntAct	2026-01-09	positive_evidence	UniProtKB_AC-ID	Q86UY6-1	Q86UY6	true	1				quarantine	isoform_specific_source_not_folded_to_canonical
IntAct	2026-01-09	positive_evidence	UniProtKB_AC-ID	Q8IU54-PRO_0000015511	Q8IU54-PRO_0000015511	false	1				quarantine	unmapped_in_pinned_uniprot_release
IntAct	2026-01-09	positive_evidence	UniProtKB_AC-ID	Q8IUF8-1	Q8IUF8	true	1				quarantine	isoform_specific_source_not_folded_to_canonical
IntAct	2026-01-09	positive_evidence	UniProtKB_AC-ID	Q8IX03-1	Q8IX03	true	1				quarantine	isoform_specific_source_not_folded_to_canonical
IntAct	2026-01-09	positive_evidence	UniProtKB_AC-ID	Q8IY67-1	Q8IY67	true	2				quarantine	isoform_specific_source_not_folded_to_canonical
IntAct	2026-01-09	positive_evidence	UniProtKB_AC-ID	Q8IYB4-6	Q8IYB4	true	1				quarantine	isoform_specific_source_not_folded_to_canonical
IntAct	2026-01-09	positive_evidence	UniProtKB_AC-ID	Q8IYD8-1	Q8IYD8	true	1				quarantine	isoform_specific_source_not_folded_to_canonical
IntAct	2026-01-09	positive_evidence	UniProtKB_AC-ID	Q8IYV9-1	Q8IYV9	true	7				quarantine	isoform_specific_source_not_folded_to_canonical
IntAct	2026-01-09	positive_evidence	UniProtKB_AC-ID	Q8N5D0-4	Q8N5D0	true	1				quarantine	isoform_specific_source_not_folded_to_canonical
IntAct	2026-01-09	positive_evidence	UniProtKB_AC-ID	Q8N5H7-2	Q8N5H7	true	1	Q8N5H7	Q8N5H7		quarantine	isoform_specific_source_not_folded_to_canonical
IntAct	2026-01-09	positive_evidence	UniProtKB_AC-ID	Q8NBP7-1	Q8NBP7	true	1	Q8NBP7	Q8NBP7		quarantine	isoform_specific_source_not_folded_to_canonical
IntAct	2026-01-09	positive_evidence	UniProtKB_AC-ID	Q8NG31-2	Q8NG31	true	3				quarantine	isoform_specific_source_not_folded_to_canonical
IntAct	2026-01-09	positive_evidence	UniProtKB_AC-ID	Q8TAF3-1	Q8TAF3	true	1				quarantine	isoform_specific_source_not_folded_to_canonical
IntAct	2026-01-09	positive_evidence	UniProtKB_AC-ID	Q8TDX7-1	Q8TDX7	true	1				quarantine	isoform_specific_source_not_folded_to_canonical
IntAct	2026-01-09	positive_evidence	UniProtKB_AC-ID	Q8TEL6-1	Q8TEL6	true	1				quarantine	isoform_specific_source_not_folded_to_canonical
IntAct	2026-01-09	positive_evidence	UniProtKB_AC-ID	Q8TEP8-3	Q8TEP8	true	2				quarantine	isoform_specific_source_not_folded_to_canonical
IntAct	2026-01-09	positive_evidence	UniProtKB_AC-ID	Q8WWW0-1	Q8WWW0	true	3				quarantine	isoform_specific_source_not_folded_to_canonical
IntAct	2026-01-09	positive_evidence	UniProtKB_AC-ID	Q8WXF1-1	Q8WXF1	true	3				quarantine	isoform_specific_source_not_folded_to_canonical
IntAct	2026-01-09	positive_evidence	UniProtKB_AC-ID	Q8WZ42-3	Q8WZ42	true	1	Q8WZ42	Q8WZ42		quarantine	isoform_specific_source_not_folded_to_canonical
IntAct	2026-01-09	positive_evidence	UniProtKB_AC-ID	Q92496-1	Q92496	true	1				quarantine	isoform_specific_source_not_folded_to_canonical
IntAct	2026-01-09	positive_evidence	UniProtKB_AC-ID	Q92496-3	Q92496	true	2				quarantine	isoform_specific_source_not_folded_to_canonical
IntAct	2026-01-09	positive_evidence	UniProtKB_AC-ID	Q92673-PRO_0000033164	Q92673-PRO_0000033164	false	3				quarantine	unmapped_in_pinned_uniprot_release
IntAct	2026-01-09	positive_evidence	UniProtKB_AC-ID	Q92783-1	Q92783	true	1	Q92783	Q92783		quarantine	isoform_specific_source_not_folded_to_canonical
IntAct	2026-01-09	positive_evidence	UniProtKB_AC-ID	Q92854-1	Q92854	true	2				quarantine	isoform_specific_source_not_folded_to_canonical
IntAct	2026-01-09	positive_evidence	UniProtKB_AC-ID	Q92973-2	Q92973	true	2	Q92973	Q92973		quarantine	isoform_specific_source_not_folded_to_canonical
IntAct	2026-01-09	positive_evidence	UniProtKB_AC-ID	Q93038-1	Q93038	true	1				quarantine	isoform_specific_source_not_folded_to_canonical
IntAct	2026-01-09	positive_evidence	UniProtKB_AC-ID	Q95460-1	Q95460	true	1				quarantine	isoform_specific_source_not_folded_to_canonical
IntAct	2026-01-09	positive_evidence	UniProtKB_AC-ID	Q969J5-2	Q969J5	true	1				quarantine	isoform_specific_source_not_folded_to_canonical
IntAct	2026-01-09	positive_evidence	UniProtKB_AC-ID	Q969J5-3	Q969J5	true	1				quarantine	isoform_specific_source_not_folded_to_canonical
IntAct	2026-01-09	positive_evidence	UniProtKB_AC-ID	Q969J5-PRO_0000011016	Q969J5-PRO_0000011016	false	1				quarantine	unmapped_in_pinned_uniprot_release
IntAct	2026-01-09	positive_evidence	UniProtKB_AC-ID	Q96AE4-1	Q96AE4	true	2				quarantine	isoform_specific_source_not_folded_to_canonical
IntAct	2026-01-09	positive_evidence	UniProtKB_AC-ID	Q96B02-1	Q96B02	true	1				quarantine	isoform_specific_source_not_folded_to_canonical
IntAct	2026-01-09	positive_evidence	UniProtKB_AC-ID	Q96B86-1	Q96B86	true	2				quarantine	isoform_specific_source_not_folded_to_canonical
IntAct	2026-01-09	positive_evidence	UniProtKB_AC-ID	Q96B97-1	Q96B97	true	2	Q96B97	Q96B97		quarantine	isoform_specific_source_not_folded_to_canonical
IntAct	2026-01-09	positive_evidence	UniProtKB_AC-ID	Q96CB9-1	Q96CB9	true	3				quarantine	isoform_specific_source_not_folded_to_canonical
IntAct	2026-01-09	positive_evidence	UniProtKB_AC-ID	Q96E14-1	Q96E14	true	2				quarantine	isoform_specific_source_not_folded_to_canonical
IntAct	2026-01-09	positive_evidence	UniProtKB_AC-ID	Q96FW1-1	Q96FW1	true	1				quarantine	isoform_specific_source_not_folded_to_canonical
IntAct	2026-01-09	positive_evidence	UniProtKB_AC-ID	Q96I24-1	Q96I24	true	1	Q96I24	Q96I24		quarantine	isoform_specific_source_not_folded_to_canonical
IntAct	2026-01-09	positive_evidence	UniProtKB_AC-ID	Q96P16-1	Q96P16	true	1				quarantine	isoform_specific_source_not_folded_to_canonical
IntAct	2026-01-09	positive_evidence	UniProtKB_AC-ID	Q96P20-1	Q96P20	true	1	Q96P20	Q96P20		quarantine	isoform_specific_source_not_folded_to_canonical
IntAct	2026-01-09	positive_evidence	UniProtKB_AC-ID	Q96PU5-5	Q96PU5	true	2	Q96PU5	Q96PU5		quarantine	isoform_specific_source_not_folded_to_canonical
IntAct	2026-01-09	positive_evidence	UniProtKB_AC-ID	Q96QF0-2	Q96QF0	true	2	Q96QF0	Q96QF0		quarantine	isoform_specific_source_not_folded_to_canonical
IntAct	2026-01-09	positive_evidence	UniProtKB_AC-ID	Q96QV1-1	Q96QV1	true	2	Q96QV1	Q96QV1		quarantine	isoform_specific_source_not_folded_to_canonical
IntAct	2026-01-09	positive_evidence	UniProtKB_AC-ID	Q96RI1-2	Q96RI1	true	2				quarantine	isoform_specific_source_not_folded_to_canonical
IntAct	2026-01-09	positive_evidence	UniProtKB_AC-ID	Q96RU8-1	Q96RU8	true	1				quarantine	isoform_specific_source_not_folded_to_canonical
IntAct	2026-01-09	positive_evidence	UniProtKB_AC-ID	Q99062-1	Q99062	true	1				quarantine	isoform_specific_source_not_folded_to_canonical
IntAct	2026-01-09	positive_evidence	UniProtKB_AC-ID	Q99081-3	Q99081	true	1	Q99081	Q99081		quarantine	isoform_specific_source_not_folded_to_canonical
IntAct	2026-01-09	positive_evidence	UniProtKB_AC-ID	Q99418	Q99418	false	2				quarantine	unmapped_in_pinned_uniprot_release
IntAct	2026-01-09	positive_evidence	UniProtKB_AC-ID	Q99418-2	Q99418	true	1				quarantine	isoform_specific_source_not_folded_to_canonical
IntAct	2026-01-09	positive_evidence	UniProtKB_AC-ID	Q99435-1	Q99435	true	2				quarantine	isoform_specific_source_not_folded_to_canonical
IntAct	2026-01-09	positive_evidence	UniProtKB_AC-ID	Q99459	Q99459	false	1				quarantine	unmapped_in_pinned_uniprot_release
IntAct	2026-01-09	positive_evidence	UniProtKB_AC-ID	Q99460	Q99460	false	3				quarantine	unmapped_in_pinned_uniprot_release
IntAct	2026-01-09	positive_evidence	UniProtKB_AC-ID	Q99496	Q99496	false	6				quarantine	unmapped_in_pinned_uniprot_release
IntAct	2026-01-09	positive_evidence	UniProtKB_AC-ID	Q99523	Q99523	false	22				quarantine	unmapped_in_pinned_uniprot_release
IntAct	2026-01-09	positive_evidence	UniProtKB_AC-ID	Q99523-PRO_0000033162	Q99523-PRO_0000033162	false	2				quarantine	unmapped_in_pinned_uniprot_release
IntAct	2026-01-09	positive_evidence	UniProtKB_AC-ID	Q99523-PRO_0000033163	Q99523-PRO_0000033163	false	4				quarantine	unmapped_in_pinned_uniprot_release
IntAct	2026-01-09	positive_evidence	UniProtKB_AC-ID	Q99538-PRO_0000026502	Q99538-PRO_0000026502	false	2				quarantine	unmapped_in_pinned_uniprot_release
IntAct	2026-01-09	positive_evidence	UniProtKB_AC-ID	Q99558	Q99558	false	4				quarantine	unmapped_in_pinned_uniprot_release
IntAct	2026-01-09	positive_evidence	UniProtKB_AC-ID	Q99584	Q99584	false	2				quarantine	unmapped_in_pinned_uniprot_release
IntAct	2026-01-09	positive_evidence	UniProtKB_AC-ID	Q99598	Q99598	false	1				quarantine	unmapped_in_pinned_uniprot_release
IntAct	2026-01-09	positive_evidence	UniProtKB_AC-ID	Q99616	Q99616	false	3				quarantine	unmapped_in_pinned_uniprot_release
IntAct	2026-01-09	positive_evidence	UniProtKB_AC-ID	Q99619	Q99619	false	1				quarantine	unmapped_in_pinned_uniprot_release
IntAct	2026-01-09	positive_evidence	UniProtKB_AC-ID	Q99653	Q99653	false	2				quarantine	unmapped_in_pinned_uniprot_release
IntAct	2026-01-09	positive_evidence	UniProtKB_AC-ID	Q99683	Q99683	false	1				quarantine	unmapped_in_pinned_uniprot_release
IntAct	2026-01-09	positive_evidence	UniProtKB_AC-ID	Q99700	Q99700	false	1				quarantine	unmapped_in_pinned_uniprot_release
IntAct	2026-01-09	positive_evidence	UniProtKB_AC-ID	Q99708	Q99708	false	1				quarantine	unmapped_in_pinned_uniprot_release
IntAct	2026-01-09	positive_evidence	UniProtKB_AC-ID	Q99714	Q99714	false	2				quarantine	unmapped_in_pinned_uniprot_release
IntAct	2026-01-09	positive_evidence	UniProtKB_AC-ID	Q99719-1	Q99719	true	1				quarantine	isoform_specific_source_not_folded_to_canonical
IntAct	2026-01-09	positive_evidence	UniProtKB_AC-ID	Q99728	Q99728	false	2				quarantine	unmapped_in_pinned_uniprot_release
IntAct	2026-01-09	positive_evidence	UniProtKB_AC-ID	Q99731-PRO_0000005214	Q99731-PRO_0000005214	false	1				quarantine	unmapped_in_pinned_uniprot_release
IntAct	2026-01-09	positive_evidence	UniProtKB_AC-ID	Q99732	Q99732	false	1				quarantine	unmapped_in_pinned_uniprot_release
IntAct	2026-01-09	positive_evidence	UniProtKB_AC-ID	Q99759	Q99759	false	3				quarantine	unmapped_in_pinned_uniprot_release
IntAct	2026-01-09	positive_evidence	UniProtKB_AC-ID	Q99767	Q99767	false	7				quarantine	unmapped_in_pinned_uniprot_release
IntAct	2026-01-09	positive_evidence	UniProtKB_AC-ID	Q99814	Q99814	false	4				quarantine	unmapped_in_pinned_uniprot_release
IntAct	2026-01-09	positive_evidence	UniProtKB_AC-ID	Q99816	Q99816	false	1				quarantine	unmapped_in_pinned_uniprot_release
IntAct	2026-01-09	positive_evidence	UniProtKB_AC-ID	Q99816-1	Q99816	true	2				quarantine	isoform_specific_source_not_folded_to_canonical
IntAct	2026-01-09	positive_evidence	UniProtKB_AC-ID	Q99828	Q99828	false	2				quarantine	unmapped_in_pinned_uniprot_release
IntAct	2026-01-09	positive_evidence	UniProtKB_AC-ID	Q99836	Q99836	false	1				quarantine	unmapped_in_pinned_uniprot_release
IntAct	2026-01-09	positive_evidence	UniProtKB_AC-ID	Q99836-1	Q99836	true	1				quarantine	isoform_specific_source_not_folded_to_canonical
IntAct	2026-01-09	positive_evidence	UniProtKB_AC-ID	Q99933	Q99933	false	2				quarantine	unmapped_in_pinned_uniprot_release
IntAct	2026-01-09	positive_evidence	UniProtKB_AC-ID	Q99941	Q99941	false	5				quarantine	unmapped_in_pinned_uniprot_release
IntAct	2026-01-09	positive_evidence	UniProtKB_AC-ID	Q99952	Q99952	false	3				quarantine	unmapped_in_pinned_uniprot_release
IntAct	2026-01-09	positive_evidence	UniProtKB_AC-ID	Q99962	Q99962	false	5				quarantine	unmapped_in_pinned_uniprot_release
IntAct	2026-01-09	positive_evidence	UniProtKB_AC-ID	Q99963	Q99963	false	4				quarantine	unmapped_in_pinned_uniprot_release
IntAct	2026-01-09	positive_evidence	UniProtKB_AC-ID	Q99988	Q99988	false	2				quarantine	unmapped_in_pinned_uniprot_release
IntAct	2026-01-09	positive_evidence	UniProtKB_AC-ID	Q9BPX7	Q9BPX7	false	1				quarantine	unmapped_in_pinned_uniprot_release
IntAct	2026-01-09	positive_evidence	UniProtKB_AC-ID	Q9BPZ3	Q9BPZ3	false	7				quarantine	unmapped_in_pinned_uniprot_release
IntAct	2026-01-09	positive_evidence	UniProtKB_AC-ID	Q9BQ51	Q9BQ51	false	14				quarantine	unmapped_in_pinned_uniprot_release
IntAct	2026-01-09	positive_evidence	UniProtKB_AC-ID	Q9BQB4	Q9BQB4	false	5				quarantine	unmapped_in_pinned_uniprot_release
IntAct	2026-01-09	positive_evidence	UniProtKB_AC-ID	Q9BRG2	Q9BRG2	false	1				quarantine	unmapped_in_pinned_uniprot_release
IntAct	2026-01-09	positive_evidence	UniProtKB_AC-ID	Q9BRQ5	Q9BRQ5	false	1				quarantine	unmapped_in_pinned_uniprot_release
IntAct	2026-01-09	positive_evidence	UniProtKB_AC-ID	Q9BSB4	Q9BSB4	false	1				quarantine	unmapped_in_pinned_uniprot_release
IntAct	2026-01-09	positive_evidence	UniProtKB_AC-ID	Q9BSM1-1	Q9BSM1	true	2				quarantine	isoform_specific_source_not_folded_to_canonical
IntAct	2026-01-09	positive_evidence	UniProtKB_AC-ID	Q9BSQ5	Q9BSQ5	false	3				quarantine	unmapped_in_pinned_uniprot_release
IntAct	2026-01-09	positive_evidence	UniProtKB_AC-ID	Q9BSQ5-1	Q9BSQ5	true	3				quarantine	isoform_specific_source_not_folded_to_canonical
IntAct	2026-01-09	positive_evidence	UniProtKB_AC-ID	Q9BT25	Q9BT25	false	2				quarantine	unmapped_in_pinned_uniprot_release
IntAct	2026-01-09	positive_evidence	UniProtKB_AC-ID	Q9BTC0	Q9BTC0	false	1				quarantine	unmapped_in_pinned_uniprot_release
IntAct	2026-01-09	positive_evidence	UniProtKB_AC-ID	Q9BTN0	Q9BTN0	false	2				quarantine	unmapped_in_pinned_uniprot_release
IntAct	2026-01-09	positive_evidence	UniProtKB_AC-ID	Q9BTP7	Q9BTP7	false	1				quarantine	unmapped_in_pinned_uniprot_release
IntAct	2026-01-09	positive_evidence	UniProtKB_AC-ID	Q9BTU6	Q9BTU6	false	1				quarantine	unmapped_in_pinned_uniprot_release
IntAct	2026-01-09	positive_evidence	UniProtKB_AC-ID	Q9BUE6	Q9BUE6	false	2				quarantine	unmapped_in_pinned_uniprot_release
IntAct	2026-01-09	positive_evidence	UniProtKB_AC-ID	Q9BUL8	Q9BUL8	false	8				quarantine	unmapped_in_pinned_uniprot_release
IntAct	2026-01-09	positive_evidence	UniProtKB_AC-ID	Q9BV86	Q9BV86	false	1				quarantine	unmapped_in_pinned_uniprot_release
IntAct	2026-01-09	positive_evidence	UniProtKB_AC-ID	Q9BVC4-1	Q9BVC4	true	1				quarantine	isoform_specific_source_not_folded_to_canonical
IntAct	2026-01-09	positive_evidence	UniProtKB_AC-ID	Q9BVI0	Q9BVI0	false	3				quarantine	unmapped_in_pinned_uniprot_release
IntAct	2026-01-09	positive_evidence	UniProtKB_AC-ID	Q9BVW5	Q9BVW5	false	3				quarantine	unmapped_in_pinned_uniprot_release
IntAct	2026-01-09	positive_evidence	UniProtKB_AC-ID	Q9BW27	Q9BW27	false	3				quarantine	unmapped_in_pinned_uniprot_release
IntAct	2026-01-09	positive_evidence	UniProtKB_AC-ID	Q9BW61	Q9BW61	false	2				quarantine	unmapped_in_pinned_uniprot_release
IntAct	2026-01-09	positive_evidence	UniProtKB_AC-ID	Q9BW66	Q9BW66	false	2				quarantine	unmapped_in_pinned_uniprot_release
IntAct	2026-01-09	positive_evidence	UniProtKB_AC-ID	Q9BWP8-PRO_0000315044	Q9BWP8-PRO_0000315044	false	1				quarantine	unmapped_in_pinned_uniprot_release
IntAct	2026-01-09	positive_evidence	UniProtKB_AC-ID	Q9BWV1	Q9BWV1	false	4				quarantine	unmapped_in_pinned_uniprot_release
IntAct	2026-01-09	positive_evidence	UniProtKB_AC-ID	Q9BX63	Q9BX63	false	5				quarantine	unmapped_in_pinned_uniprot_release
IntAct	2026-01-09	positive_evidence	UniProtKB_AC-ID	Q9BX66	Q9BX66	false	13				quarantine	unmapped_in_pinned_uniprot_release
IntAct	2026-01-09	positive_evidence	UniProtKB_AC-ID	Q9BXH1	Q9BXH1	false	9				quarantine	unmapped_in_pinned_uniprot_release
IntAct	2026-01-09	positive_evidence	UniProtKB_AC-ID	Q9BXJ7	Q9BXJ7	false	1				quarantine	unmapped_in_pinned_uniprot_release
IntAct	2026-01-09	positive_evidence	UniProtKB_AC-ID	Q9BXM7-1	Q9BXM7	true	1				quarantine	isoform_specific_source_not_folded_to_canonical
IntAct	2026-01-09	positive_evidence	UniProtKB_AC-ID	Q9BXV9	Q9BXV9	false	1				quarantine	unmapped_in_pinned_uniprot_release
IntAct	2026-01-09	positive_evidence	UniProtKB_AC-ID	Q9BXW4	Q9BXW4	false	6				quarantine	unmapped_in_pinned_uniprot_release
IntAct	2026-01-09	positive_evidence	UniProtKB_AC-ID	Q9BXW6	Q9BXW6	false	5				quarantine	unmapped_in_pinned_uniprot_release
IntAct	2026-01-09	positive_evidence	UniProtKB_AC-ID	Q9BY41	Q9BY41	false	1				quarantine	unmapped_in_pinned_uniprot_release
IntAct	2026-01-09	positive_evidence	UniProtKB_AC-ID	Q9BY43	Q9BY43	false	2				quarantine	unmapped_in_pinned_uniprot_release
IntAct	2026-01-09	positive_evidence	UniProtKB_AC-ID	Q9BY67	Q9BY67	false	2				quarantine	unmapped_in_pinned_uniprot_release
IntAct	2026-01-09	positive_evidence	UniProtKB_AC-ID	Q9BY76	Q9BY76	false	2				quarantine	unmapped_in_pinned_uniprot_release
IntAct	2026-01-09	positive_evidence	UniProtKB_AC-ID	Q9BYB0-1	Q9BYB0	true	2				quarantine	isoform_specific_source_not_folded_to_canonical
IntAct	2026-01-09	positive_evidence	UniProtKB_AC-ID	Q9BYF1	Q9BYF1	false	7				quarantine	unmapped_in_pinned_uniprot_release
IntAct	2026-01-09	positive_evidence	UniProtKB_AC-ID	Q9BYG3	Q9BYG3	false	2				quarantine	unmapped_in_pinned_uniprot_release
IntAct	2026-01-09	positive_evidence	UniProtKB_AC-ID	Q9BYM8	Q9BYM8	false	8				quarantine	unmapped_in_pinned_uniprot_release
IntAct	2026-01-09	positive_evidence	UniProtKB_AC-ID	Q9BYN0	Q9BYN0	false	1				quarantine	unmapped_in_pinned_uniprot_release
IntAct	2026-01-09	positive_evidence	UniProtKB_AC-ID	Q9BYV9	Q9BYV9	false	8				quarantine	unmapped_in_pinned_uniprot_release
IntAct	2026-01-09	positive_evidence	UniProtKB_AC-ID	Q9BZI7-2	Q9BZI7	true	1				quarantine	isoform_specific_source_not_folded_to_canonical
IntAct	2026-01-09	positive_evidence	UniProtKB_AC-ID	Q9BZL4	Q9BZL4	false	1				quarantine	unmapped_in_pinned_uniprot_release
IntAct	2026-01-09	positive_evidence	UniProtKB_AC-ID	Q9BZM4	Q9BZM4	false	2				quarantine	unmapped_in_pinned_uniprot_release
IntAct	2026-01-09	positive_evidence	UniProtKB_AC-ID	Q9BZM5	Q9BZM5	false	2				quarantine	unmapped_in_pinned_uniprot_release
IntAct	2026-01-09	positive_evidence	UniProtKB_AC-ID	Q9BZM6	Q9BZM6	false	2				quarantine	unmapped_in_pinned_uniprot_release
IntAct	2026-01-09	positive_evidence	UniProtKB_AC-ID	Q9BZW8	Q9BZW8	false	20				quarantine	unmapped_in_pinned_uniprot_release
IntAct	2026-01-09	positive_evidence	UniProtKB_AC-ID	Q9C004	Q9C004	false	2				quarantine	unmapped_in_pinned_uniprot_release
IntAct	2026-01-09	positive_evidence	UniProtKB_AC-ID	Q9C005	Q9C005	false	1				quarantine	unmapped_in_pinned_uniprot_release
IntAct	2026-01-09	positive_evidence	UniProtKB_AC-ID	Q9C0A0-1	Q9C0A0	true	2				quarantine	isoform_specific_source_not_folded_to_canonical
IntAct	2026-01-09	positive_evidence	UniProtKB_AC-ID	Q9C0C2	Q9C0C2	false	1				quarantine	unmapped_in_pinned_uniprot_release
IntAct	2026-01-09	positive_evidence	UniProtKB_AC-ID	Q9C0D5	Q9C0D5	false	2				quarantine	unmapped_in_pinned_uniprot_release
IntAct	2026-01-09	positive_evidence	UniProtKB_AC-ID	Q9GZM8	Q9GZM8	false	2				quarantine	unmapped_in_pinned_uniprot_release
IntAct	2026-01-09	positive_evidence	UniProtKB_AC-ID	Q9GZQ8	Q9GZQ8	false	15				quarantine	unmapped_in_pinned_uniprot_release
IntAct	2026-01-09	positive_evidence	UniProtKB_AC-ID	Q9GZT9-1	Q9GZT9	true	1				quarantine	isoform_specific_source_not_folded_to_canonical
IntAct	2026-01-09	positive_evidence	UniProtKB_AC-ID	Q9GZV9	Q9GZV9	false	1				quarantine	unmapped_in_pinned_uniprot_release
IntAct	2026-01-09	positive_evidence	UniProtKB_AC-ID	Q9GZX6	Q9GZX6	false	9				quarantine	unmapped_in_pinned_uniprot_release
IntAct	2026-01-09	positive_evidence	UniProtKB_AC-ID	Q9GZX6-PRO_0000015383	Q9GZX6-PRO_0000015383	false	1				quarantine	unmapped_in_pinned_uniprot_release
IntAct	2026-01-09	positive_evidence	UniProtKB_AC-ID	Q9H074	Q9H074	false	6				quarantine	unmapped_in_pinned_uniprot_release
IntAct	2026-01-09	positive_evidence	UniProtKB_AC-ID	Q9H0E2-1	Q9H0E2	true	3				quarantine	isoform_specific_source_not_folded_to_canonical
IntAct	2026-01-09	positive_evidence	UniProtKB_AC-ID	Q9H0F6	Q9H0F6	false	1				quarantine	unmapped_in_pinned_uniprot_release
IntAct	2026-01-09	positive_evidence	UniProtKB_AC-ID	Q9H0F7-1	Q9H0F7	true	1				quarantine	isoform_specific_source_not_folded_to_canonical
IntAct	2026-01-09	positive_evidence	UniProtKB_AC-ID	Q9H0H5	Q9H0H5	false	8				quarantine	unmapped_in_pinned_uniprot_release
IntAct	2026-01-09	positive_evidence	UniProtKB_AC-ID	Q9H0R1-1	Q9H0R1	true	2				quarantine	isoform_specific_source_not_folded_to_canonical
IntAct	2026-01-09	positive_evidence	UniProtKB_AC-ID	Q9H0R8	Q9H0R8	false	6				quarantine	unmapped_in_pinned_uniprot_release
IntAct	2026-01-09	positive_evidence	UniProtKB_AC-ID	Q9H0U4	Q9H0U4	false	1				quarantine	unmapped_in_pinned_uniprot_release
IntAct	2026-01-09	positive_evidence	UniProtKB_AC-ID	Q9H0W5	Q9H0W5	false	2				quarantine	unmapped_in_pinned_uniprot_release
IntAct	2026-01-09	positive_evidence	UniProtKB_AC-ID	Q9H165	Q9H165	false	2				quarantine	unmapped_in_pinned_uniprot_release
IntAct	2026-01-09	positive_evidence	UniProtKB_AC-ID	Q9H1J1	Q9H1J1	false	1				quarantine	unmapped_in_pinned_uniprot_release
IntAct	2026-01-09	positive_evidence	UniProtKB_AC-ID	Q9H1K0	Q9H1K0	false	1				quarantine	unmapped_in_pinned_uniprot_release
IntAct	2026-01-09	positive_evidence	UniProtKB_AC-ID	Q9H211	Q9H211	false	4				quarantine	unmapped_in_pinned_uniprot_release
IntAct	2026-01-09	positive_evidence	UniProtKB_AC-ID	Q9H221-1	Q9H221	true	1				quarantine	isoform_specific_source_not_folded_to_canonical
IntAct	2026-01-09	positive_evidence	UniProtKB_AC-ID	Q9H222-1	Q9H222	true	1				quarantine	isoform_specific_source_not_folded_to_canonical
IntAct	2026-01-09	positive_evidence	UniProtKB_AC-ID	Q9H251	Q9H251	false	7				quarantine	unmapped_in_pinned_uniprot_release
IntAct	2026-01-09	positive_evidence	UniProtKB_AC-ID	Q9H269	Q9H269	false	1				quarantine	unmapped_in_pinned_uniprot_release
IntAct	2026-01-09	positive_evidence	UniProtKB_AC-ID	Q9H2K2	Q9H2K2	false	33				quarantine	unmapped_in_pinned_uniprot_release
IntAct	2026-01-09	positive_evidence	UniProtKB_AC-ID	Q9H2S1	Q9H2S1	false	2				quarantine	unmapped_in_pinned_uniprot_release
IntAct	2026-01-09	positive_evidence	UniProtKB_AC-ID	Q9H3M7	Q9H3M7	false	3				quarantine	unmapped_in_pinned_uniprot_release
IntAct	2026-01-09	positive_evidence	UniProtKB_AC-ID	Q9H3S1	Q9H3S1	false	1				quarantine	unmapped_in_pinned_uniprot_release
IntAct	2026-01-09	positive_evidence	UniProtKB_AC-ID	Q9H444	Q9H444	false	9				quarantine	unmapped_in_pinned_uniprot_release
IntAct	2026-01-09	positive_evidence	UniProtKB_AC-ID	Q9H492	Q9H492	false	6				quarantine	unmapped_in_pinned_uniprot_release
IntAct	2026-01-09	positive_evidence	UniProtKB_AC-ID	Q9H492-1	Q9H492	true	2				quarantine	isoform_specific_source_not_folded_to_canonical
IntAct	2026-01-09	positive_evidence	UniProtKB_AC-ID	Q9H4B6	Q9H4B6	false	1				quarantine	unmapped_in_pinned_uniprot_release
IntAct	2026-01-09	positive_evidence	UniProtKB_AC-ID	Q9H4B7	Q9H4B7	false	1				quarantine	unmapped_in_pinned_uniprot_release
IntAct	2026-01-09	positive_evidence	UniProtKB_AC-ID	Q9H4M9	Q9H4M9	false	3				quarantine	unmapped_in_pinned_uniprot_release
IntAct	2026-01-09	positive_evidence	UniProtKB_AC-ID	Q9H5P4	Q9H5P4	false	3				quarantine	unmapped_in_pinned_uniprot_release
IntAct	2026-01-09	positive_evidence	UniProtKB_AC-ID	Q9H668	Q9H668	false	3				quarantine	unmapped_in_pinned_uniprot_release
IntAct	2026-01-09	positive_evidence	UniProtKB_AC-ID	Q9H6Q3	Q9H6Q3	false	10				quarantine	unmapped_in_pinned_uniprot_release
IntAct	2026-01-09	positive_evidence	UniProtKB_AC-ID	Q9H6T3	Q9H6T3	false	3				quarantine	unmapped_in_pinned_uniprot_release
IntAct	2026-01-09	positive_evidence	UniProtKB_AC-ID	Q9H6W3-1	Q9H6W3	true	1				quarantine	isoform_specific_source_not_folded_to_canonical
IntAct	2026-01-09	positive_evidence	UniProtKB_AC-ID	Q9H7B4-1	Q9H7B4	true	1				quarantine	isoform_specific_source_not_folded_to_canonical
IntAct	2026-01-09	positive_evidence	UniProtKB_AC-ID	Q9H7E2	Q9H7E2	false	2				quarantine	unmapped_in_pinned_uniprot_release
IntAct	2026-01-09	positive_evidence	UniProtKB_AC-ID	Q9H7E2-3	Q9H7E2	true	1				quarantine	isoform_specific_source_not_folded_to_canonical
IntAct	2026-01-09	positive_evidence	UniProtKB_AC-ID	Q9H840	Q9H840	false	1				quarantine	unmapped_in_pinned_uniprot_release
IntAct	2026-01-09	positive_evidence	UniProtKB_AC-ID	Q9H8V3	Q9H8V3	false	8				quarantine	unmapped_in_pinned_uniprot_release
IntAct	2026-01-09	positive_evidence	UniProtKB_AC-ID	Q9H9A7	Q9H9A7	false	3				quarantine	unmapped_in_pinned_uniprot_release
IntAct	2026-01-09	positive_evidence	UniProtKB_AC-ID	Q9H9E1	Q9H9E1	false	3				quarantine	unmapped_in_pinned_uniprot_release
IntAct	2026-01-09	positive_evidence	UniProtKB_AC-ID	Q9H9L4	Q9H9L4	false	1				quarantine	unmapped_in_pinned_uniprot_release
IntAct	2026-01-09	positive_evidence	UniProtKB_AC-ID	Q9H9Q4-1	Q9H9Q4	true	2				quarantine	isoform_specific_source_not_folded_to_canonical
IntAct	2026-01-09	positive_evidence	UniProtKB_AC-ID	Q9HAR2	Q9HAR2	false	3				quarantine	unmapped_in_pinned_uniprot_release
IntAct	2026-01-09	positive_evidence	UniProtKB_AC-ID	Q9HAU4	Q9HAU4	false	9				quarantine	unmapped_in_pinned_uniprot_release
IntAct	2026-01-09	positive_evidence	UniProtKB_AC-ID	Q9HAU5	Q9HAU5	false	6				quarantine	unmapped_in_pinned_uniprot_release
IntAct	2026-01-09	positive_evidence	UniProtKB_AC-ID	Q9HAZ2	Q9HAZ2	false	2				quarantine	unmapped_in_pinned_uniprot_release
IntAct	2026-01-09	positive_evidence	UniProtKB_AC-ID	Q9HB71	Q9HB71	false	6				quarantine	unmapped_in_pinned_uniprot_release
IntAct	2026-01-09	positive_evidence	UniProtKB_AC-ID	Q9HBG7	Q9HBG7	false	2				quarantine	unmapped_in_pinned_uniprot_release
IntAct	2026-01-09	positive_evidence	UniProtKB_AC-ID	Q9HBL0	Q9HBL0	false	8				quarantine	unmapped_in_pinned_uniprot_release
IntAct	2026-01-09	positive_evidence	UniProtKB_AC-ID	Q9HBW1	Q9HBW1	false	5				quarantine	unmapped_in_pinned_uniprot_release
IntAct	2026-01-09	positive_evidence	UniProtKB_AC-ID	Q9HC52	Q9HC52	false	1				quarantine	unmapped_in_pinned_uniprot_release
IntAct	2026-01-09	positive_evidence	UniProtKB_AC-ID	Q9HC62	Q9HC62	false	3				quarantine	unmapped_in_pinned_uniprot_release
IntAct	2026-01-09	positive_evidence	UniProtKB_AC-ID	Q9HC77	Q9HC77	false	2				quarantine	unmapped_in_pinned_uniprot_release
IntAct	2026-01-09	positive_evidence	UniProtKB_AC-ID	Q9HCE5	Q9HCE5	false	2				quarantine	unmapped_in_pinned_uniprot_release
IntAct	2026-01-09	positive_evidence	UniProtKB_AC-ID	Q9HCE7-1	Q9HCE7	true	3				quarantine	isoform_specific_source_not_folded_to_canonical
IntAct	2026-01-09	positive_evidence	UniProtKB_AC-ID	Q9HCJ0	Q9HCJ0	false	5				quarantine	unmapped_in_pinned_uniprot_release
IntAct	2026-01-09	positive_evidence	UniProtKB_AC-ID	Q9HCJ2	Q9HCJ2	false	5				quarantine	unmapped_in_pinned_uniprot_release
IntAct	2026-01-09	positive_evidence	UniProtKB_AC-ID	Q9HCY8	Q9HCY8	false	3				quarantine	unmapped_in_pinned_uniprot_release
IntAct	2026-01-09	positive_evidence	UniProtKB_AC-ID	Q9HD26	Q9HD26	false	2				quarantine	unmapped_in_pinned_uniprot_release
IntAct	2026-01-09	positive_evidence	UniProtKB_AC-ID	Q9HD36	Q9HD36	false	2				quarantine	unmapped_in_pinned_uniprot_release
IntAct	2026-01-09	positive_evidence	UniProtKB_AC-ID	Q9HD42-1	Q9HD42	true	4				quarantine	isoform_specific_source_not_folded_to_canonical
IntAct	2026-01-09	positive_evidence	UniProtKB_AC-ID	Q9HD67	Q9HD67	false	2				quarantine	unmapped_in_pinned_uniprot_release
IntAct	2026-01-09	positive_evidence	UniProtKB_AC-ID	Q9NP31	Q9NP31	false	29				quarantine	unmapped_in_pinned_uniprot_release
IntAct	2026-01-09	positive_evidence	UniProtKB_AC-ID	Q9NP60	Q9NP60	false	2				quarantine	unmapped_in_pinned_uniprot_release
IntAct	2026-01-09	positive_evidence	UniProtKB_AC-ID	Q9NP77-1	Q9NP77	true	1				quarantine	isoform_specific_source_not_folded_to_canonical
IntAct	2026-01-09	positive_evidence	UniProtKB_AC-ID	Q9NP84	Q9NP84	false	1				quarantine	unmapped_in_pinned_uniprot_release
IntAct	2026-01-09	positive_evidence	UniProtKB_AC-ID	Q9NPB6	Q9NPB6	false	1				quarantine	unmapped_in_pinned_uniprot_release
IntAct	2026-01-09	positive_evidence	UniProtKB_AC-ID	Q9NPF0	Q9NPF0	false	6				quarantine	unmapped_in_pinned_uniprot_release
IntAct	2026-01-09	positive_evidence	UniProtKB_AC-ID	Q9NPF7	Q9NPF7	false	1				quarantine	unmapped_in_pinned_uniprot_release
IntAct	2026-01-09	positive_evidence	UniProtKB_AC-ID	Q9NPH3	Q9NPH3	false	2				quarantine	unmapped_in_pinned_uniprot_release
IntAct	2026-01-09	positive_evidence	UniProtKB_AC-ID	Q9NPI6	Q9NPI6	false	3				quarantine	unmapped_in_pinned_uniprot_release
IntAct	2026-01-09	positive_evidence	UniProtKB_AC-ID	Q9NPJ4-1	Q9NPJ4	true	3				quarantine	isoform_specific_source_not_folded_to_canonical
IntAct	2026-01-09	positive_evidence	UniProtKB_AC-ID	Q9NQ25	Q9NQ25	false	2				quarantine	unmapped_in_pinned_uniprot_release
IntAct	2026-01-09	positive_evidence	UniProtKB_AC-ID	Q9NQ76	Q9NQ76	false	1				quarantine	unmapped_in_pinned_uniprot_release
IntAct	2026-01-09	positive_evidence	UniProtKB_AC-ID	Q9NQB0	Q9NQB0	false	2				quarantine	unmapped_in_pinned_uniprot_release
IntAct	2026-01-09	positive_evidence	UniProtKB_AC-ID	Q9NQC3	Q9NQC3	false	2				quarantine	unmapped_in_pinned_uniprot_release
IntAct	2026-01-09	positive_evidence	UniProtKB_AC-ID	Q9NQG5	Q9NQG5	false	1				quarantine	unmapped_in_pinned_uniprot_release
IntAct	2026-01-09	positive_evidence	UniProtKB_AC-ID	Q9NQR1	Q9NQR1	false	2				quarantine	unmapped_in_pinned_uniprot_release
IntAct	2026-01-09	positive_evidence	UniProtKB_AC-ID	Q9NQS3	Q9NQS3	false	1				quarantine	unmapped_in_pinned_uniprot_release
IntAct	2026-01-09	positive_evidence	UniProtKB_AC-ID	Q9NQS3-1	Q9NQS3	true	5				quarantine	isoform_specific_source_not_folded_to_canonical
IntAct	2026-01-09	positive_evidence	UniProtKB_AC-ID	Q9NQS7	Q9NQS7	false	2				quarantine	unmapped_in_pinned_uniprot_release
IntAct	2026-01-09	positive_evidence	UniProtKB_AC-ID	Q9NQT8	Q9NQT8	false	2				quarantine	unmapped_in_pinned_uniprot_release
IntAct	2026-01-09	positive_evidence	UniProtKB_AC-ID	Q9NQX3	Q9NQX3	false	2				quarantine	unmapped_in_pinned_uniprot_release
IntAct	2026-01-09	positive_evidence	UniProtKB_AC-ID	Q9NQX5	Q9NQX5	false	2				quarantine	unmapped_in_pinned_uniprot_release
IntAct	2026-01-09	positive_evidence	UniProtKB_AC-ID	Q9NR28	Q9NR28	false	2				quarantine	unmapped_in_pinned_uniprot_release
IntAct	2026-01-09	positive_evidence	UniProtKB_AC-ID	Q9NR28-1	Q9NR28	true	1				quarantine	isoform_specific_source_not_folded_to_canonical
IntAct	2026-01-09	positive_evidence	UniProtKB_AC-ID	Q9NR55	Q9NR55	false	26				quarantine	unmapped_in_pinned_uniprot_release
IntAct	2026-01-09	positive_evidence	UniProtKB_AC-ID	Q9NR80-1	Q9NR80	true	1				quarantine	isoform_specific_source_not_folded_to_canonical
IntAct	2026-01-09	positive_evidence	UniProtKB_AC-ID	Q9NRA0	Q9NRA0	false	1				quarantine	unmapped_in_pinned_uniprot_release
IntAct	2026-01-09	positive_evidence	UniProtKB_AC-ID	Q9NRA1-1	Q9NRA1	true	1				quarantine	isoform_specific_source_not_folded_to_canonical
IntAct	2026-01-09	positive_evidence	UniProtKB_AC-ID	Q9NRF2	Q9NRF2	false	1				quarantine	unmapped_in_pinned_uniprot_release
IntAct	2026-01-09	positive_evidence	UniProtKB_AC-ID	Q9NRG4	Q9NRG4	false	2				quarantine	unmapped_in_pinned_uniprot_release
IntAct	2026-01-09	positive_evidence	UniProtKB_AC-ID	Q9NRI5	Q9NRI5	false	2				quarantine	unmapped_in_pinned_uniprot_release
IntAct	2026-01-09	positive_evidence	UniProtKB_AC-ID	Q9NRI5-1	Q9NRI5	true	4				quarantine	isoform_specific_source_not_folded_to_canonical
IntAct	2026-01-09	positive_evidence	UniProtKB_AC-ID	Q9NRJ3	Q9NRJ3	false	4				quarantine	unmapped_in_pinned_uniprot_release
IntAct	2026-01-09	positive_evidence	UniProtKB_AC-ID	Q9NRM6	Q9NRM6	false	1				quarantine	unmapped_in_pinned_uniprot_release
IntAct	2026-01-09	positive_evidence	UniProtKB_AC-ID	Q9NS23-4	Q9NS23	true	1				quarantine	isoform_specific_source_not_folded_to_canonical
IntAct	2026-01-09	positive_evidence	UniProtKB_AC-ID	Q9NS37	Q9NS37	false	7				quarantine	unmapped_in_pinned_uniprot_release
IntAct	2026-01-09	positive_evidence	UniProtKB_AC-ID	Q9NS75	Q9NS75	false	5				quarantine	unmapped_in_pinned_uniprot_release
IntAct	2026-01-09	positive_evidence	UniProtKB_AC-ID	Q9NS91	Q9NS91	false	3				quarantine	unmapped_in_pinned_uniprot_release
IntAct	2026-01-09	positive_evidence	UniProtKB_AC-ID	Q9NSA1	Q9NSA1	false	2				quarantine	unmapped_in_pinned_uniprot_release
IntAct	2026-01-09	positive_evidence	UniProtKB_AC-ID	Q9NSA3	Q9NSA3	false	1				quarantine	unmapped_in_pinned_uniprot_release
IntAct	2026-01-09	positive_evidence	UniProtKB_AC-ID	Q9NSD9	Q9NSD9	false	1				quarantine	unmapped_in_pinned_uniprot_release
IntAct	2026-01-09	positive_evidence	UniProtKB_AC-ID	Q9NT62	Q9NT62	false	1				quarantine	unmapped_in_pinned_uniprot_release
IntAct	2026-01-09	positive_evidence	UniProtKB_AC-ID	Q9NUD5	Q9NUD5	false	1				quarantine	unmapped_in_pinned_uniprot_release
IntAct	2026-01-09	positive_evidence	UniProtKB_AC-ID	Q9NUX5-1	Q9NUX5	true	2				quarantine	isoform_specific_source_not_folded_to_canonical
IntAct	2026-01-09	positive_evidence	UniProtKB_AC-ID	Q9NV56	Q9NV56	false	3				quarantine	unmapped_in_pinned_uniprot_release
IntAct	2026-01-09	positive_evidence	UniProtKB_AC-ID	Q9NV70	Q9NV70	false	3				quarantine	unmapped_in_pinned_uniprot_release
IntAct	2026-01-09	positive_evidence	UniProtKB_AC-ID	Q9NV88	Q9NV88	false	1				quarantine	unmapped_in_pinned_uniprot_release
IntAct	2026-01-09	positive_evidence	UniProtKB_AC-ID	Q9NVD7-1	Q9NVD7	true	2				quarantine	isoform_specific_source_not_folded_to_canonical
IntAct	2026-01-09	positive_evidence	UniProtKB_AC-ID	Q9NVM9	Q9NVM9	false	1				quarantine	unmapped_in_pinned_uniprot_release
IntAct	2026-01-09	positive_evidence	UniProtKB_AC-ID	Q9NVP2	Q9NVP2	false	1				quarantine	unmapped_in_pinned_uniprot_release
IntAct	2026-01-09	positive_evidence	UniProtKB_AC-ID	Q9NWS0	Q9NWS0	false	8				quarantine	unmapped_in_pinned_uniprot_release
IntAct	2026-01-09	positive_evidence	UniProtKB_AC-ID	Q9NWT6	Q9NWT6	false	4				quarantine	unmapped_in_pinned_uniprot_release
IntAct	2026-01-09	positive_evidence	UniProtKB_AC-ID	Q9NWV8	Q9NWV8	false	2				quarantine	unmapped_in_pinned_uniprot_release
IntAct	2026-01-09	positive_evidence	UniProtKB_AC-ID	Q9NWZ3	Q9NWZ3	false	1				quarantine	unmapped_in_pinned_uniprot_release
IntAct	2026-01-09	positive_evidence	UniProtKB_AC-ID	Q9NY65	Q9NY65	false	1				quarantine	unmapped_in_pinned_uniprot_release
IntAct	2026-01-09	positive_evidence	UniProtKB_AC-ID	Q9NY99	Q9NY99	false	3				quarantine	unmapped_in_pinned_uniprot_release
IntAct	2026-01-09	positive_evidence	UniProtKB_AC-ID	Q9NYB0	Q9NYB0	false	3				quarantine	unmapped_in_pinned_uniprot_release
IntAct	2026-01-09	positive_evidence	UniProtKB_AC-ID	Q9NYB5	Q9NYB5	false	5				quarantine	unmapped_in_pinned_uniprot_release
IntAct	2026-01-09	positive_evidence	UniProtKB_AC-ID	Q9NYY1-PRO_0000015381	Q9NYY1-PRO_0000015381	false	3				quarantine	unmapped_in_pinned_uniprot_release
IntAct	2026-01-09	positive_evidence	UniProtKB_AC-ID	Q9NYZ4	Q9NYZ4	false	2				quarantine	unmapped_in_pinned_uniprot_release
IntAct	2026-01-09	positive_evidence	UniProtKB_AC-ID	Q9NZ52	Q9NZ52	false	2				quarantine	unmapped_in_pinned_uniprot_release
IntAct	2026-01-09	positive_evidence	UniProtKB_AC-ID	Q9NZC9	Q9NZC9	false	11				quarantine	unmapped_in_pinned_uniprot_release
IntAct	2026-01-09	positive_evidence	UniProtKB_AC-ID	Q9NZD4	Q9NZD4	false	2				quarantine	unmapped_in_pinned_uniprot_release
IntAct	2026-01-09	positive_evidence	UniProtKB_AC-ID	Q9NZL4	Q9NZL4	false	2				quarantine	unmapped_in_pinned_uniprot_release
IntAct	2026-01-09	positive_evidence	UniProtKB_AC-ID	Q9NZL6	Q9NZL6	false	2				quarantine	unmapped_in_pinned_uniprot_release
IntAct	2026-01-09	positive_evidence	UniProtKB_AC-ID	Q9NZN1	Q9NZN1	false	1				quarantine	unmapped_in_pinned_uniprot_release
IntAct	2026-01-09	positive_evidence	UniProtKB_AC-ID	Q9NZN3	Q9NZN3	false	1				quarantine	unmapped_in_pinned_uniprot_release
IntAct	2026-01-09	positive_evidence	UniProtKB_AC-ID	Q9NZN5	Q9NZN5	false	1				quarantine	unmapped_in_pinned_uniprot_release
IntAct	2026-01-09	positive_evidence	UniProtKB_AC-ID	Q9NZN5-2	Q9NZN5	true	2				quarantine	isoform_specific_source_not_folded_to_canonical
IntAct	2026-01-09	positive_evidence	UniProtKB_AC-ID	Q9NZQ7	Q9NZQ7	false	19				quarantine	unmapped_in_pinned_uniprot_release
IntAct	2026-01-09	positive_evidence	UniProtKB_AC-ID	Q9NZQ7-1	Q9NZQ7	true	1				quarantine	isoform_specific_source_not_folded_to_canonical
IntAct	2026-01-09	positive_evidence	UniProtKB_AC-ID	Q9NZU0	Q9NZU0	false	3				quarantine	unmapped_in_pinned_uniprot_release
IntAct	2026-01-09	positive_evidence	UniProtKB_AC-ID	Q9NZU7-2	Q9NZU7	true	1				quarantine	isoform_specific_source_not_folded_to_canonical
IntAct	2026-01-09	positive_evidence	UniProtKB_AC-ID	Q9NZZ3-1	Q9NZZ3	true	4				quarantine	isoform_specific_source_not_folded_to_canonical
IntAct	2026-01-09	positive_evidence	UniProtKB_AC-ID	Q9P021	Q9P021	false	3				quarantine	unmapped_in_pinned_uniprot_release
IntAct	2026-01-09	positive_evidence	UniProtKB_AC-ID	Q9P0K1-1	Q9P0K1	true	1				quarantine	isoform_specific_source_not_folded_to_canonical
IntAct	2026-01-09	positive_evidence	UniProtKB_AC-ID	Q9P0L0	Q9P0L0	false	1				quarantine	unmapped_in_pinned_uniprot_release
IntAct	2026-01-09	positive_evidence	UniProtKB_AC-ID	Q9P0U3	Q9P0U3	false	5				quarantine	unmapped_in_pinned_uniprot_release
IntAct	2026-01-09	positive_evidence	UniProtKB_AC-ID	Q9P0V3	Q9P0V3	false	1				quarantine	unmapped_in_pinned_uniprot_release
IntAct	2026-01-09	positive_evidence	UniProtKB_AC-ID	Q9P126-1	Q9P126	true	2				quarantine	isoform_specific_source_not_folded_to_canonical
IntAct	2026-01-09	positive_evidence	UniProtKB_AC-ID	Q9P202	Q9P202	false	1				quarantine	unmapped_in_pinned_uniprot_release
IntAct	2026-01-09	positive_evidence	UniProtKB_AC-ID	Q9P244	Q9P244	false	3				quarantine	unmapped_in_pinned_uniprot_release
IntAct	2026-01-09	positive_evidence	UniProtKB_AC-ID	Q9P289	Q9P289	false	3				quarantine	unmapped_in_pinned_uniprot_release
IntAct	2026-01-09	positive_evidence	UniProtKB_AC-ID	Q9P289-1	Q9P289	true	9				quarantine	isoform_specific_source_not_folded_to_canonical
IntAct	2026-01-09	positive_evidence	UniProtKB_AC-ID	Q9P2R3	Q9P2R3	false	1				quarantine	unmapped_in_pinned_uniprot_release
IntAct	2026-01-09	positive_evidence	UniProtKB_AC-ID	Q9UBB5	Q9UBB5	false	1				quarantine	unmapped_in_pinned_uniprot_release
IntAct	2026-01-09	positive_evidence	UniProtKB_AC-ID	Q9UBC2	Q9UBC2	false	1				quarantine	unmapped_in_pinned_uniprot_release
IntAct	2026-01-09	positive_evidence	UniProtKB_AC-ID	Q9UBD3	Q9UBD3	false	2				quarantine	unmapped_in_pinned_uniprot_release
IntAct	2026-01-09	positive_evidence	UniProtKB_AC-ID	Q9UBD9-PRO_0000015616	Q9UBD9-PRO_0000015616	false	1				quarantine	unmapped_in_pinned_uniprot_release
IntAct	2026-01-09	positive_evidence	UniProtKB_AC-ID	Q9UBE0	Q9UBE0	false	1				quarantine	unmapped_in_pinned_uniprot_release
IntAct	2026-01-09	positive_evidence	UniProtKB_AC-ID	Q9UBF8-2	Q9UBF8	true	2				quarantine	isoform_specific_source_not_folded_to_canonical
IntAct	2026-01-09	positive_evidence	UniProtKB_AC-ID	Q9UBK2	Q9UBK2	false	8				quarantine	unmapped_in_pinned_uniprot_release
IntAct	2026-01-09	positive_evidence	UniProtKB_AC-ID	Q9UBL3-3	Q9UBL3	true	2				quarantine	isoform_specific_source_not_folded_to_canonical
IntAct	2026-01-09	positive_evidence	UniProtKB_AC-ID	Q9UBN6	Q9UBN6	false	1				quarantine	unmapped_in_pinned_uniprot_release
IntAct	2026-01-09	positive_evidence	UniProtKB_AC-ID	Q9UBQ0	Q9UBQ0	false	2				quarantine	unmapped_in_pinned_uniprot_release
IntAct	2026-01-09	positive_evidence	UniProtKB_AC-ID	Q9UBS5-2	Q9UBS5	true	1				quarantine	isoform_specific_source_not_folded_to_canonical
IntAct	2026-01-09	positive_evidence	UniProtKB_AC-ID	Q9UBT2	Q9UBT2	false	3				quarantine	unmapped_in_pinned_uniprot_release
IntAct	2026-01-09	positive_evidence	UniProtKB_AC-ID	Q9UBU2	Q9UBU2	false	1				quarantine	unmapped_in_pinned_uniprot_release
IntAct	2026-01-09	positive_evidence	UniProtKB_AC-ID	Q9UBU7-1	Q9UBU7	true	1				quarantine	isoform_specific_source_not_folded_to_canonical
IntAct	2026-01-09	positive_evidence	UniProtKB_AC-ID	Q9UBU8-2	Q9UBU8	true	8				quarantine	isoform_specific_source_not_folded_to_canonical
IntAct	2026-01-09	positive_evidence	UniProtKB_AC-ID	Q9UBU9	Q9UBU9	false	1				quarantine	unmapped_in_pinned_uniprot_release
IntAct	2026-01-09	positive_evidence	UniProtKB_AC-ID	Q9UBX5	Q9UBX5	false	2				quarantine	unmapped_in_pinned_uniprot_release
IntAct	2026-01-09	positive_evidence	UniProtKB_AC-ID	Q9UBZ9	Q9UBZ9	false	2				quarantine	unmapped_in_pinned_uniprot_release
IntAct	2026-01-09	positive_evidence	UniProtKB_AC-ID	Q9UER7-1	Q9UER7	true	3				quarantine	isoform_specific_source_not_folded_to_canonical
IntAct	2026-01-09	positive_evidence	UniProtKB_AC-ID	Q9UEW8	Q9UEW8	false	3				quarantine	unmapped_in_pinned_uniprot_release
IntAct	2026-01-09	positive_evidence	UniProtKB_AC-ID	Q9UGI8	Q9UGI8	false	1				quarantine	unmapped_in_pinned_uniprot_release
IntAct	2026-01-09	positive_evidence	UniProtKB_AC-ID	Q9UH03	Q9UH03	false	4				quarantine	unmapped_in_pinned_uniprot_release
IntAct	2026-01-09	positive_evidence	UniProtKB_AC-ID	Q9UH99	Q9UH99	false	5				quarantine	unmapped_in_pinned_uniprot_release
IntAct	2026-01-09	positive_evidence	UniProtKB_AC-ID	Q9UHC3	Q9UHC3	false	4				quarantine	unmapped_in_pinned_uniprot_release
IntAct	2026-01-09	positive_evidence	UniProtKB_AC-ID	Q9UHD0-PRO_0000015379	Q9UHD0-PRO_0000015379	false	2				quarantine	unmapped_in_pinned_uniprot_release
IntAct	2026-01-09	positive_evidence	UniProtKB_AC-ID	Q9UHD2	Q9UHD2	false	2				quarantine	unmapped_in_pinned_uniprot_release
IntAct	2026-01-09	positive_evidence	UniProtKB_AC-ID	Q9UHD9	Q9UHD9	false	3				quarantine	unmapped_in_pinned_uniprot_release
IntAct	2026-01-09	positive_evidence	UniProtKB_AC-ID	Q9UHF4	Q9UHF4	false	1				quarantine	unmapped_in_pinned_uniprot_release
IntAct	2026-01-09	positive_evidence	UniProtKB_AC-ID	Q9UHN1	Q9UHN1	false	1				quarantine	unmapped_in_pinned_uniprot_release
IntAct	2026-01-09	positive_evidence	UniProtKB_AC-ID	Q9UHP3	Q9UHP3	false	1				quarantine	unmapped_in_pinned_uniprot_release
IntAct	2026-01-09	positive_evidence	UniProtKB_AC-ID	Q9UHP7-1	Q9UHP7	true	2				quarantine	isoform_specific_source_not_folded_to_canonical
IntAct	2026-01-09	positive_evidence	UniProtKB_AC-ID	Q9UHR4	Q9UHR4	false	2				quarantine	unmapped_in_pinned_uniprot_release
IntAct	2026-01-09	positive_evidence	UniProtKB_AC-ID	Q9UHX1-2	Q9UHX1	true	3				quarantine	isoform_specific_source_not_folded_to_canonical
IntAct	2026-01-09	positive_evidence	UniProtKB_AC-ID	Q9UHX3	Q9UHX3	false	1				quarantine	unmapped_in_pinned_uniprot_release
IntAct	2026-01-09	positive_evidence	UniProtKB_AC-ID	Q9UI95	Q9UI95	false	1				quarantine	unmapped_in_pinned_uniprot_release
IntAct	2026-01-09	positive_evidence	UniProtKB_AC-ID	Q9UID3-1	Q9UID3	true	5				quarantine	isoform_specific_source_not_folded_to_canonical
IntAct	2026-01-09	positive_evidence	UniProtKB_AC-ID	Q9UIQ6	Q9UIQ6	false	1				quarantine	unmapped_in_pinned_uniprot_release
IntAct	2026-01-09	positive_evidence	UniProtKB_AC-ID	Q9UIV1	Q9UIV1	false	3				quarantine	unmapped_in_pinned_uniprot_release
IntAct	2026-01-09	positive_evidence	UniProtKB_AC-ID	Q9UJ41-2	Q9UJ41	true	2				quarantine	isoform_specific_source_not_folded_to_canonical
IntAct	2026-01-09	positive_evidence	UniProtKB_AC-ID	Q9UJM3	Q9UJM3	false	4				quarantine	unmapped_in_pinned_uniprot_release
IntAct	2026-01-09	positive_evidence	UniProtKB_AC-ID	Q9UJW3	Q9UJW3	false	1				quarantine	unmapped_in_pinned_uniprot_release
IntAct	2026-01-09	positive_evidence	UniProtKB_AC-ID	Q9UJW3-1	Q9UJW3	true	1				quarantine	isoform_specific_source_not_folded_to_canonical
IntAct	2026-01-09	positive_evidence	UniProtKB_AC-ID	Q9UJY5	Q9UJY5	false	6				quarantine	unmapped_in_pinned_uniprot_release
IntAct	2026-01-09	positive_evidence	UniProtKB_AC-ID	Q9UK05-PRO_0000033903	Q9UK05-PRO_0000033903	false	4				quarantine	unmapped_in_pinned_uniprot_release
IntAct	2026-01-09	positive_evidence	UniProtKB_AC-ID	Q9UK55	Q9UK55	false	1				quarantine	unmapped_in_pinned_uniprot_release
IntAct	2026-01-09	positive_evidence	UniProtKB_AC-ID	Q9UKG1	Q9UKG1	false	1				quarantine	unmapped_in_pinned_uniprot_release
IntAct	2026-01-09	positive_evidence	UniProtKB_AC-ID	Q9UKJ1	Q9UKJ1	false	4				quarantine	unmapped_in_pinned_uniprot_release
IntAct	2026-01-09	positive_evidence	UniProtKB_AC-ID	Q9UKK6	Q9UKK6	false	1				quarantine	unmapped_in_pinned_uniprot_release
IntAct	2026-01-09	positive_evidence	UniProtKB_AC-ID	Q9UKV5	Q9UKV5	false	7				quarantine	unmapped_in_pinned_uniprot_release
IntAct	2026-01-09	positive_evidence	UniProtKB_AC-ID	Q9UKV8	Q9UKV8	false	7				quarantine	unmapped_in_pinned_uniprot_release
IntAct	2026-01-09	positive_evidence	UniProtKB_AC-ID	Q9UKW4	Q9UKW4	false	10				quarantine	unmapped_in_pinned_uniprot_release
IntAct	2026-01-09	positive_evidence	UniProtKB_AC-ID	Q9UL18	Q9UL18	false	2				quarantine	unmapped_in_pinned_uniprot_release
IntAct	2026-01-09	positive_evidence	UniProtKB_AC-ID	Q9UL25	Q9UL25	false	1				quarantine	unmapped_in_pinned_uniprot_release
IntAct	2026-01-09	positive_evidence	UniProtKB_AC-ID	Q9UL54	Q9UL54	false	1				quarantine	unmapped_in_pinned_uniprot_release
IntAct	2026-01-09	positive_evidence	UniProtKB_AC-ID	Q9ULH1	Q9ULH1	false	3				quarantine	unmapped_in_pinned_uniprot_release
IntAct	2026-01-09	positive_evidence	UniProtKB_AC-ID	Q9ULH4	Q9ULH4	false	3				quarantine	unmapped_in_pinned_uniprot_release
IntAct	2026-01-09	positive_evidence	UniProtKB_AC-ID	Q9ULI3	Q9ULI3	false	2				quarantine	unmapped_in_pinned_uniprot_release
IntAct	2026-01-09	positive_evidence	UniProtKB_AC-ID	Q9ULK2	Q9ULK2	false	1				quarantine	unmapped_in_pinned_uniprot_release
IntAct	2026-01-09	positive_evidence	UniProtKB_AC-ID	Q9ULT6	Q9ULT6	false	3				quarantine	unmapped_in_pinned_uniprot_release
IntAct	2026-01-09	positive_evidence	UniProtKB_AC-ID	Q9ULU4	Q9ULU4	false	2				quarantine	unmapped_in_pinned_uniprot_release
IntAct	2026-01-09	positive_evidence	UniProtKB_AC-ID	Q9ULW0	Q9ULW0	false	1				quarantine	unmapped_in_pinned_uniprot_release
IntAct	2026-01-09	positive_evidence	UniProtKB_AC-ID	Q9ULX9	Q9ULX9	false	21				quarantine	unmapped_in_pinned_uniprot_release
IntAct	2026-01-09	positive_evidence	UniProtKB_AC-ID	Q9ULZ2	Q9ULZ2	false	11				quarantine	unmapped_in_pinned_uniprot_release
IntAct	2026-01-09	positive_evidence	UniProtKB_AC-ID	Q9ULZ3	Q9ULZ3	false	7				quarantine	unmapped_in_pinned_uniprot_release
IntAct	2026-01-09	positive_evidence	UniProtKB_AC-ID	Q9UM73	Q9UM73	false	1				quarantine	unmapped_in_pinned_uniprot_release
IntAct	2026-01-09	positive_evidence	UniProtKB_AC-ID	Q9UMF0	Q9UMF0	false	7				quarantine	unmapped_in_pinned_uniprot_release
IntAct	2026-01-09	positive_evidence	UniProtKB_AC-ID	Q9UMN6	Q9UMN6	false	2				quarantine	unmapped_in_pinned_uniprot_release
IntAct	2026-01-09	positive_evidence	UniProtKB_AC-ID	Q9UMR2	Q9UMR2	false	1				quarantine	unmapped_in_pinned_uniprot_release
IntAct	2026-01-09	positive_evidence	UniProtKB_AC-ID	Q9UMR2-1	Q9UMR2	true	3				quarantine	isoform_specific_source_not_folded_to_canonical
IntAct	2026-01-09	positive_evidence	UniProtKB_AC-ID	Q9UMS0	Q9UMS0	false	2				quarantine	unmapped_in_pinned_uniprot_release
IntAct	2026-01-09	positive_evidence	UniProtKB_AC-ID	Q9UMX0	Q9UMX0	false	1				quarantine	unmapped_in_pinned_uniprot_release
IntAct	2026-01-09	positive_evidence	UniProtKB_AC-ID	Q9UMX1	Q9UMX1	false	6				quarantine	unmapped_in_pinned_uniprot_release
IntAct	2026-01-09	positive_evidence	UniProtKB_AC-ID	Q9UN37	Q9UN37	false	4				quarantine	unmapped_in_pinned_uniprot_release
IntAct	2026-01-09	positive_evidence	UniProtKB_AC-ID	Q9UN86	Q9UN86	false	1				quarantine	unmapped_in_pinned_uniprot_release
IntAct	2026-01-09	positive_evidence	UniProtKB_AC-ID	Q9UNE7	Q9UNE7	false	2				quarantine	unmapped_in_pinned_uniprot_release
IntAct	2026-01-09	positive_evidence	UniProtKB_AC-ID	Q9UNE7-1	Q9UNE7	true	3				quarantine	isoform_specific_source_not_folded_to_canonical
IntAct	2026-01-09	positive_evidence	UniProtKB_AC-ID	Q9UNG2	Q9UNG2	false	2				quarantine	unmapped_in_pinned_uniprot_release
IntAct	2026-01-09	positive_evidence	UniProtKB_AC-ID	Q9UNL4	Q9UNL4	false	3				quarantine	unmapped_in_pinned_uniprot_release
IntAct	2026-01-09	positive_evidence	UniProtKB_AC-ID	Q9UNN5-1	Q9UNN5	true	1				quarantine	isoform_specific_source_not_folded_to_canonical
IntAct	2026-01-09	positive_evidence	UniProtKB_AC-ID	Q9UNN8	Q9UNN8	false	1				quarantine	unmapped_in_pinned_uniprot_release
IntAct	2026-01-09	positive_evidence	UniProtKB_AC-ID	Q9UNP9	Q9UNP9	false	1				quarantine	unmapped_in_pinned_uniprot_release
IntAct	2026-01-09	positive_evidence	UniProtKB_AC-ID	Q9UNZ2	Q9UNZ2	false	2				quarantine	unmapped_in_pinned_uniprot_release
IntAct	2026-01-09	positive_evidence	UniProtKB_AC-ID	Q9UPQ7	Q9UPQ7	false	2				quarantine	unmapped_in_pinned_uniprot_release
IntAct	2026-01-09	positive_evidence	UniProtKB_AC-ID	Q9UPQ9	Q9UPQ9	false	3				quarantine	unmapped_in_pinned_uniprot_release
IntAct	2026-01-09	positive_evidence	UniProtKB_AC-ID	Q9UPT9	Q9UPT9	false	1				quarantine	unmapped_in_pinned_uniprot_release
IntAct	2026-01-09	positive_evidence	UniProtKB_AC-ID	Q9UPU3	Q9UPU3	false	3				quarantine	unmapped_in_pinned_uniprot_release
IntAct	2026-01-09	positive_evidence	UniProtKB_AC-ID	Q9UPY8	Q9UPY8	false	1				quarantine	unmapped_in_pinned_uniprot_release
IntAct	2026-01-09	positive_evidence	UniProtKB_AC-ID	Q9UQB8-4	Q9UQB8	true	6				quarantine	isoform_specific_source_not_folded_to_canonical
IntAct	2026-01-09	positive_evidence	UniProtKB_AC-ID	Q9UQC2-1	Q9UQC2	true	2				quarantine	isoform_specific_source_not_folded_to_canonical
IntAct	2026-01-09	positive_evidence	UniProtKB_AC-ID	Q9UQF2	Q9UQF2	false	1				quarantine	unmapped_in_pinned_uniprot_release
IntAct	2026-01-09	positive_evidence	UniProtKB_AC-ID	Q9UQN3	Q9UQN3	false	2				quarantine	unmapped_in_pinned_uniprot_release
IntAct	2026-01-09	positive_evidence	UniProtKB_AC-ID	Q9UQN3-1	Q9UQN3	true	3				quarantine	isoform_specific_source_not_folded_to_canonical
IntAct	2026-01-09	positive_evidence	UniProtKB_AC-ID	Q9UQQ2	Q9UQQ2	false	4				quarantine	unmapped_in_pinned_uniprot_release
IntAct	2026-01-09	positive_evidence	UniProtKB_AC-ID	Q9Y215	Q9Y215	false	1				quarantine	unmapped_in_pinned_uniprot_release
IntAct	2026-01-09	positive_evidence	UniProtKB_AC-ID	Q9Y223	Q9Y223	false	1				quarantine	unmapped_in_pinned_uniprot_release
IntAct	2026-01-09	positive_evidence	UniProtKB_AC-ID	Q9Y253	Q9Y253	false	2				quarantine	unmapped_in_pinned_uniprot_release
IntAct	2026-01-09	positive_evidence	UniProtKB_AC-ID	Q9Y258	Q9Y258	false	4				quarantine	unmapped_in_pinned_uniprot_release
IntAct	2026-01-09	positive_evidence	UniProtKB_AC-ID	Q9Y275	Q9Y275	false	1				quarantine	unmapped_in_pinned_uniprot_release
IntAct	2026-01-09	positive_evidence	UniProtKB_AC-ID	Q9Y285	Q9Y285	false	1				quarantine	unmapped_in_pinned_uniprot_release
IntAct	2026-01-09	positive_evidence	UniProtKB_AC-ID	Q9Y294	Q9Y294	false	2				quarantine	unmapped_in_pinned_uniprot_release
IntAct	2026-01-09	positive_evidence	UniProtKB_AC-ID	Q9Y2D1	Q9Y2D1	false	4				quarantine	unmapped_in_pinned_uniprot_release
IntAct	2026-01-09	positive_evidence	UniProtKB_AC-ID	Q9Y2H9	Q9Y2H9	false	2				quarantine	unmapped_in_pinned_uniprot_release
IntAct	2026-01-09	positive_evidence	UniProtKB_AC-ID	Q9Y2I2	Q9Y2I2	false	5				quarantine	unmapped_in_pinned_uniprot_release
IntAct	2026-01-09	positive_evidence	UniProtKB_AC-ID	Q9Y2K6	Q9Y2K6	false	2				quarantine	unmapped_in_pinned_uniprot_release
IntAct	2026-01-09	positive_evidence	UniProtKB_AC-ID	Q9Y2R2	Q9Y2R2	false	1				quarantine	unmapped_in_pinned_uniprot_release
IntAct	2026-01-09	positive_evidence	UniProtKB_AC-ID	Q9Y2R2-1	Q9Y2R2	true	3				quarantine	isoform_specific_source_not_folded_to_canonical
IntAct	2026-01-09	positive_evidence	UniProtKB_AC-ID	Q9Y2U5	Q9Y2U5	false	1				quarantine	unmapped_in_pinned_uniprot_release
IntAct	2026-01-09	positive_evidence	UniProtKB_AC-ID	Q9Y2W2	Q9Y2W2	false	8				quarantine	unmapped_in_pinned_uniprot_release
IntAct	2026-01-09	positive_evidence	UniProtKB_AC-ID	Q9Y2W6-2	Q9Y2W6	true	1				quarantine	isoform_specific_source_not_folded_to_canonical
IntAct	2026-01-09	positive_evidence	UniProtKB_AC-ID	Q9Y2Y0	Q9Y2Y0	false	1				quarantine	unmapped_in_pinned_uniprot_release
IntAct	2026-01-09	positive_evidence	UniProtKB_AC-ID	Q9Y2Z0	Q9Y2Z0	false	1				quarantine	unmapped_in_pinned_uniprot_release
IntAct	2026-01-09	positive_evidence	UniProtKB_AC-ID	Q9Y376	Q9Y376	false	15				quarantine	unmapped_in_pinned_uniprot_release
IntAct	2026-01-09	positive_evidence	UniProtKB_AC-ID	Q9Y3A5	Q9Y3A5	false	2				quarantine	unmapped_in_pinned_uniprot_release
IntAct	2026-01-09	positive_evidence	UniProtKB_AC-ID	Q9Y3B4	Q9Y3B4	false	1				quarantine	unmapped_in_pinned_uniprot_release
IntAct	2026-01-09	positive_evidence	UniProtKB_AC-ID	Q9Y3C5	Q9Y3C5	false	1				quarantine	unmapped_in_pinned_uniprot_release
IntAct	2026-01-09	positive_evidence	UniProtKB_AC-ID	Q9Y3C6	Q9Y3C6	false	1				quarantine	unmapped_in_pinned_uniprot_release
IntAct	2026-01-09	positive_evidence	UniProtKB_AC-ID	Q9Y3C8	Q9Y3C8	false	1				quarantine	unmapped_in_pinned_uniprot_release
IntAct	2026-01-09	positive_evidence	UniProtKB_AC-ID	Q9Y3E2	Q9Y3E2	false	3				quarantine	unmapped_in_pinned_uniprot_release
IntAct	2026-01-09	positive_evidence	UniProtKB_AC-ID	Q9Y3E7	Q9Y3E7	false	3				quarantine	unmapped_in_pinned_uniprot_release
IntAct	2026-01-09	positive_evidence	UniProtKB_AC-ID	Q9Y3E7-1	Q9Y3E7	true	4				quarantine	isoform_specific_source_not_folded_to_canonical
IntAct	2026-01-09	positive_evidence	UniProtKB_AC-ID	Q9Y3Q4	Q9Y3Q4	false	1				quarantine	unmapped_in_pinned_uniprot_release
IntAct	2026-01-09	positive_evidence	UniProtKB_AC-ID	Q9Y3Y4	Q9Y3Y4	false	3				quarantine	unmapped_in_pinned_uniprot_release
IntAct	2026-01-09	positive_evidence	UniProtKB_AC-ID	Q9Y490	Q9Y490	false	5				quarantine	unmapped_in_pinned_uniprot_release
IntAct	2026-01-09	positive_evidence	UniProtKB_AC-ID	Q9Y496	Q9Y496	false	2				quarantine	unmapped_in_pinned_uniprot_release
IntAct	2026-01-09	positive_evidence	UniProtKB_AC-ID	Q9Y4A8	Q9Y4A8	false	10				quarantine	unmapped_in_pinned_uniprot_release
IntAct	2026-01-09	positive_evidence	UniProtKB_AC-ID	Q9Y4D1	Q9Y4D1	false	1				quarantine	unmapped_in_pinned_uniprot_release
IntAct	2026-01-09	positive_evidence	UniProtKB_AC-ID	Q9Y4D7	Q9Y4D7	false	2				quarantine	unmapped_in_pinned_uniprot_release
IntAct	2026-01-09	positive_evidence	UniProtKB_AC-ID	Q9Y4K3	Q9Y4K3	false	5				quarantine	unmapped_in_pinned_uniprot_release
IntAct	2026-01-09	positive_evidence	UniProtKB_AC-ID	Q9Y4P1	Q9Y4P1	false	1				quarantine	unmapped_in_pinned_uniprot_release
IntAct	2026-01-09	positive_evidence	UniProtKB_AC-ID	Q9Y4R8	Q9Y4R8	false	7				quarantine	unmapped_in_pinned_uniprot_release
IntAct	2026-01-09	positive_evidence	UniProtKB_AC-ID	Q9Y4X3-PRO_0000005239	Q9Y4X3-PRO_0000005239	false	1				quarantine	unmapped_in_pinned_uniprot_release
IntAct	2026-01-09	positive_evidence	UniProtKB_AC-ID	Q9Y4X5	Q9Y4X5	false	1				quarantine	unmapped_in_pinned_uniprot_release
IntAct	2026-01-09	positive_evidence	UniProtKB_AC-ID	Q9Y566	Q9Y566	false	3				quarantine	unmapped_in_pinned_uniprot_release
IntAct	2026-01-09	positive_evidence	UniProtKB_AC-ID	Q9Y566-1	Q9Y566	true	1				quarantine	isoform_specific_source_not_folded_to_canonical
IntAct	2026-01-09	positive_evidence	UniProtKB_AC-ID	Q9Y572	Q9Y572	false	1				quarantine	unmapped_in_pinned_uniprot_release
IntAct	2026-01-09	positive_evidence	UniProtKB_AC-ID	Q9Y580	Q9Y580	false	2				quarantine	unmapped_in_pinned_uniprot_release
IntAct	2026-01-09	positive_evidence	UniProtKB_AC-ID	Q9Y5B0	Q9Y5B0	false	1				quarantine	unmapped_in_pinned_uniprot_release
IntAct	2026-01-09	positive_evidence	UniProtKB_AC-ID	Q9Y5K2	Q9Y5K2	false	4				quarantine	unmapped_in_pinned_uniprot_release
IntAct	2026-01-09	positive_evidence	UniProtKB_AC-ID	Q9Y5K6	Q9Y5K6	false	10				quarantine	unmapped_in_pinned_uniprot_release
IntAct	2026-01-09	positive_evidence	UniProtKB_AC-ID	Q9Y5L0	Q9Y5L0	false	2				quarantine	unmapped_in_pinned_uniprot_release
IntAct	2026-01-09	positive_evidence	UniProtKB_AC-ID	Q9Y5P4-1	Q9Y5P4	true	5				quarantine	isoform_specific_source_not_folded_to_canonical
IntAct	2026-01-09	positive_evidence	UniProtKB_AC-ID	Q9Y5P4-2	Q9Y5P4	true	2				quarantine	isoform_specific_source_not_folded_to_canonical
IntAct	2026-01-09	positive_evidence	UniProtKB_AC-ID	Q9Y5Q3	Q9Y5Q3	false	5				quarantine	unmapped_in_pinned_uniprot_release
IntAct	2026-01-09	positive_evidence	UniProtKB_AC-ID	Q9Y5S9	Q9Y5S9	false	1				quarantine	unmapped_in_pinned_uniprot_release
IntAct	2026-01-09	positive_evidence	UniProtKB_AC-ID	Q9Y5U5	Q9Y5U5	false	2				quarantine	unmapped_in_pinned_uniprot_release
IntAct	2026-01-09	positive_evidence	UniProtKB_AC-ID	Q9Y5V3	Q9Y5V3	false	1				quarantine	unmapped_in_pinned_uniprot_release
IntAct	2026-01-09	positive_evidence	UniProtKB_AC-ID	Q9Y5W5	Q9Y5W5	false	6				quarantine	unmapped_in_pinned_uniprot_release
IntAct	2026-01-09	positive_evidence	UniProtKB_AC-ID	Q9Y613	Q9Y613	false	1				quarantine	unmapped_in_pinned_uniprot_release
IntAct	2026-01-09	positive_evidence	UniProtKB_AC-ID	Q9Y615	Q9Y615	false	1				quarantine	unmapped_in_pinned_uniprot_release
IntAct	2026-01-09	positive_evidence	UniProtKB_AC-ID	Q9Y618	Q9Y618	false	28				quarantine	unmapped_in_pinned_uniprot_release
IntAct	2026-01-09	positive_evidence	UniProtKB_AC-ID	Q9Y6D9	Q9Y6D9	false	2				quarantine	unmapped_in_pinned_uniprot_release
IntAct	2026-01-09	positive_evidence	UniProtKB_AC-ID	Q9Y6E0	Q9Y6E0	false	1				quarantine	unmapped_in_pinned_uniprot_release
IntAct	2026-01-09	positive_evidence	UniProtKB_AC-ID	Q9Y6E2	Q9Y6E2	false	2				quarantine	unmapped_in_pinned_uniprot_release
IntAct	2026-01-09	positive_evidence	UniProtKB_AC-ID	Q9Y6H5	Q9Y6H5	false	3				quarantine	unmapped_in_pinned_uniprot_release
IntAct	2026-01-09	positive_evidence	UniProtKB_AC-ID	Q9Y6I3	Q9Y6I3	false	1				quarantine	unmapped_in_pinned_uniprot_release
IntAct	2026-01-09	positive_evidence	UniProtKB_AC-ID	Q9Y6K1	Q9Y6K1	false	7				quarantine	unmapped_in_pinned_uniprot_release
IntAct	2026-01-09	positive_evidence	UniProtKB_AC-ID	Q9Y6K9	Q9Y6K9	false	1				quarantine	unmapped_in_pinned_uniprot_release
IntAct	2026-01-09	positive_evidence	UniProtKB_AC-ID	Q9Y6N7	Q9Y6N7	false	6				quarantine	unmapped_in_pinned_uniprot_release
IntAct	2026-01-09	positive_evidence	UniProtKB_AC-ID	Q9Y6N9	Q9Y6N9	false	2				quarantine	unmapped_in_pinned_uniprot_release
IntAct	2026-01-09	positive_evidence	UniProtKB_AC-ID	Q9Y6N9-1	Q9Y6N9	true	7				quarantine	isoform_specific_source_not_folded_to_canonical
IntAct	2026-01-09	positive_evidence	UniProtKB_AC-ID	Q9Y6Q6	Q9Y6Q6	false	1				quarantine	unmapped_in_pinned_uniprot_release
IntAct	2026-01-09	positive_evidence	UniProtKB_AC-ID	Q9Y6W8	Q9Y6W8	false	1				quarantine	unmapped_in_pinned_uniprot_release
IntAct	2026-01-09	positive_evidence	UniProtKB_AC-ID	Q9Y6Y9	Q9Y6Y9	false	1				quarantine	unmapped_in_pinned_uniprot_release
Negatome 2.0	manual_stringent_site_file_2021-09-15	negative_evidence	UniProtKB_AC-ID	A1E347	A1E347	false	1	P14270			excluded	no_human_target_in_pinned_release
Negatome 2.0	manual_stringent_site_file_2021-09-15	negative_evidence	UniProtKB_AC-ID	A2AM29	A2AM29	false	1	A2AM29			excluded	no_human_target_in_pinned_release
Negatome 2.0	manual_stringent_site_file_2021-09-15	negative_evidence	UniProtKB_AC-ID	A2ASQ1	A2ASQ1	false	1	A2ASQ1			excluded	no_human_target_in_pinned_release
Negatome 2.0	manual_stringent_site_file_2021-09-15	negative_evidence	UniProtKB_AC-ID	A4IFA9	A4IFA9	false	1	A4IFA9			excluded	no_human_target_in_pinned_release
Negatome 2.0	manual_stringent_site_file_2021-09-15	negative_evidence	UniProtKB_AC-ID	B1P6E5	B1P6E5	false	1	B1P6E5			excluded	no_human_target_in_pinned_release
Negatome 2.0	manual_stringent_site_file_2021-09-15	negative_evidence	UniProtKB_AC-ID	B2RWS6	B2RWS6	false	2	B2RWS6			excluded	no_human_target_in_pinned_release
Negatome 2.0	manual_stringent_site_file_2021-09-15	negative_evidence	UniProtKB_AC-ID	B2ZZS9	B2ZZS9	false	3	B2ZZS9			excluded	no_human_target_in_pinned_release
Negatome 2.0	manual_stringent_site_file_2021-09-15	negative_evidence	UniProtKB_AC-ID	B3VK31	B3VK31	false	1	B3VK31			excluded	no_human_target_in_pinned_release
Negatome 2.0	manual_stringent_site_file_2021-09-15	negative_evidence	UniProtKB_AC-ID	B7SGZ7	B7SGZ7	false	2	B7SGZ7			excluded	no_human_target_in_pinned_release
Negatome 2.0	manual_stringent_site_file_2021-09-15	negative_evidence	UniProtKB_AC-ID	B7Z018	B7Z018	false	1	B7Z018			excluded	no_human_target_in_pinned_release
Negatome 2.0	manual_stringent_site_file_2021-09-15	negative_evidence	UniProtKB_AC-ID	B9EKI3	B9EKI3	false	1	B9EKI3			excluded	no_human_target_in_pinned_release
Negatome 2.0	manual_stringent_site_file_2021-09-15	negative_evidence	UniProtKB_AC-ID	C4ZQ83	C4ZQ83	false	1	C4ZQ83			deferred	target_record_missing_from_pinned_snapshot
Negatome 2.0	manual_stringent_site_file_2021-09-15	negative_evidence	UniProtKB_AC-ID	C6EGH1	C6EGH1	false	1	C6EGH1			deferred	target_record_missing_from_pinned_snapshot
Negatome 2.0	manual_stringent_site_file_2021-09-15	negative_evidence	UniProtKB_AC-ID	C7GKY3	C7GKY3	false	1	C7GKY3			deferred	target_record_missing_from_pinned_snapshot
Negatome 2.0	manual_stringent_site_file_2021-09-15	negative_evidence	UniProtKB_AC-ID	C7GP96	C7GP96	false	2	C7GP96			deferred	target_record_missing_from_pinned_snapshot
Negatome 2.0	manual_stringent_site_file_2021-09-15	negative_evidence	UniProtKB_AC-ID	C7GX20	C7GX20	false	1	C7GX20			deferred	target_record_missing_from_pinned_snapshot
Negatome 2.0	manual_stringent_site_file_2021-09-15	negative_evidence	UniProtKB_AC-ID	C9WF17	C9WF17	false	1	C9WF17			excluded	no_human_target_in_pinned_release
Negatome 2.0	manual_stringent_site_file_2021-09-15	negative_evidence	UniProtKB_AC-ID	D3ZUY8	D3ZUY8	false	1	D3ZUY8			excluded	no_human_target_in_pinned_release
Negatome 2.0	manual_stringent_site_file_2021-09-15	negative_evidence	UniProtKB_AC-ID	D3ZWB1	D3ZWB1	false	1	D3ZWB1			excluded	no_human_target_in_pinned_release
Negatome 2.0	manual_stringent_site_file_2021-09-15	negative_evidence	UniProtKB_AC-ID	E5LBX1	E5LBX1	false	1	E5LBX1			excluded	no_human_target_in_pinned_release
Negatome 2.0	manual_stringent_site_file_2021-09-15	negative_evidence	UniProtKB_AC-ID	F1NVD2	F1NVD2	false	2	F1NVD2			deferred	target_record_missing_from_pinned_snapshot
Negatome 2.0	manual_stringent_site_file_2021-09-15	negative_evidence	UniProtKB_AC-ID	F6IB71	F6IB71	false	2	F6IB71			excluded	no_human_target_in_pinned_release
Negatome 2.0	manual_stringent_site_file_2021-09-15	negative_evidence	UniProtKB_AC-ID	G0TQZ9	G0TQZ9	false	1	G0TQZ9			deferred	target_record_missing_from_pinned_snapshot
Negatome 2.0	manual_stringent_site_file_2021-09-15	negative_evidence	UniProtKB_AC-ID	G3V608	G3V608	false	1	G3V608			excluded	no_human_target_in_pinned_release
Negatome 2.0	manual_stringent_site_file_2021-09-15	negative_evidence	UniProtKB_AC-ID	G5DGD4	G5DGD4	false	1	G5DGD4			excluded	no_human_target_in_pinned_release
Negatome 2.0	manual_stringent_site_file_2021-09-15	negative_evidence	UniProtKB_AC-ID	G8JZS0	G8JZS0	false	1	G8JZS0			excluded	no_human_target_in_pinned_release
Negatome 2.0	manual_stringent_site_file_2021-09-15	negative_evidence	UniProtKB_AC-ID	H2L8A6	H2L8A6	false	1	H2L8A6			excluded	no_human_target_in_pinned_release
Negatome 2.0	manual_stringent_site_file_2021-09-15	negative_evidence	UniProtKB_AC-ID	H2LD76	H2LD76	false	1	H2LD76			excluded	no_human_target_in_pinned_release
Negatome 2.0	manual_stringent_site_file_2021-09-15	negative_evidence	UniProtKB_AC-ID	H2LUV9	H2LUV9	false	1	H2LUV9			excluded	no_human_target_in_pinned_release
Negatome 2.0	manual_stringent_site_file_2021-09-15	negative_evidence	UniProtKB_AC-ID	I0LJR4	I0LJR4	false	1	I0LJR4			deferred	target_record_missing_from_pinned_snapshot
Negatome 2.0	manual_stringent_site_file_2021-09-15	negative_evidence	UniProtKB_AC-ID	I0LL25	I0LL25	false	1	I0LL25			deferred	target_record_missing_from_pinned_snapshot
Negatome 2.0	manual_stringent_site_file_2021-09-15	negative_evidence	UniProtKB_AC-ID	K4CRX6	K4CRX6	false	1	K4CRX6			deferred	target_record_missing_from_pinned_snapshot
Negatome 2.0	manual_stringent_site_file_2021-09-15	negative_evidence	UniProtKB_AC-ID	O04291	O04291	false	2	O04291			excluded	no_human_target_in_pinned_release
Negatome 2.0	manual_stringent_site_file_2021-09-15	negative_evidence	UniProtKB_AC-ID	O04663	O04663	false	1	O04663			excluded	no_human_target_in_pinned_release
Negatome 2.0	manual_stringent_site_file_2021-09-15	negative_evidence	UniProtKB_AC-ID	O08584	O08584	false	1	O08584			excluded	no_human_target_in_pinned_release
Negatome 2.0	manual_stringent_site_file_2021-09-15	negative_evidence	UniProtKB_AC-ID	O08599	O08599	false	5	O08599			excluded	no_human_target_in_pinned_release
Negatome 2.0	manual_stringent_site_file_2021-09-15	negative_evidence	UniProtKB_AC-ID	O08674	O08674	false	5	O08674			excluded	no_human_target_in_pinned_release
Negatome 2.0	manual_stringent_site_file_2021-09-15	negative_evidence	UniProtKB_AC-ID	O08715	O08715	false	1	O08715			excluded	no_human_target_in_pinned_release
Negatome 2.0	manual_stringent_site_file_2021-09-15	negative_evidence	UniProtKB_AC-ID	O08734	O08734	false	1	O08734			excluded	no_human_target_in_pinned_release
Negatome 2.0	manual_stringent_site_file_2021-09-15	negative_evidence	UniProtKB_AC-ID	O08747	O08747	false	1	O08747			excluded	no_human_target_in_pinned_release
Negatome 2.0	manual_stringent_site_file_2021-09-15	negative_evidence	UniProtKB_AC-ID	O08785	O08785	false	1	O08785			excluded	no_human_target_in_pinned_release
Negatome 2.0	manual_stringent_site_file_2021-09-15	negative_evidence	UniProtKB_AC-ID	O08849	O08849	false	1	O08849			excluded	no_human_target_in_pinned_release
Negatome 2.0	manual_stringent_site_file_2021-09-15	negative_evidence	UniProtKB_AC-ID	O08915	O08915	false	1	O08915			excluded	no_human_target_in_pinned_release
Negatome 2.0	manual_stringent_site_file_2021-09-15	negative_evidence	UniProtKB_AC-ID	O08983	O08983	false	1	O08983			excluded	no_human_target_in_pinned_release
Negatome 2.0	manual_stringent_site_file_2021-09-15	negative_evidence	UniProtKB_AC-ID	O12161	O12161	false	3	O12161			excluded	no_human_target_in_pinned_release
Negatome 2.0	manual_stringent_site_file_2021-09-15	negative_evidence	UniProtKB_AC-ID	O15151-4	O15151	true	1	O15151	O15151		quarantine	isoform_specific_source_not_folded_to_canonical
Negatome 2.0	manual_stringent_site_file_2021-09-15	negative_evidence	UniProtKB_AC-ID	O24017	O24017	false	3	O24017			excluded	no_human_target_in_pinned_release
Negatome 2.0	manual_stringent_site_file_2021-09-15	negative_evidence	UniProtKB_AC-ID	O24456	O24456	false	1	O24456			excluded	no_human_target_in_pinned_release
Negatome 2.0	manual_stringent_site_file_2021-09-15	negative_evidence	UniProtKB_AC-ID	O26901	O26901	false	1	O26901			excluded	no_human_target_in_pinned_release
Negatome 2.0	manual_stringent_site_file_2021-09-15	negative_evidence	UniProtKB_AC-ID	O27798	O27798	false	1	O27798			excluded	no_human_target_in_pinned_release
Negatome 2.0	manual_stringent_site_file_2021-09-15	negative_evidence	UniProtKB_AC-ID	O30916	O30916	false	1	O30916			excluded	no_human_target_in_pinned_release
Negatome 2.0	manual_stringent_site_file_2021-09-15	negative_evidence	UniProtKB_AC-ID	O34580	O34580	false	1	O34580			excluded	no_human_target_in_pinned_release
Negatome 2.0	manual_stringent_site_file_2021-09-15	negative_evidence	UniProtKB_AC-ID	O35182	O35182	false	2	O35182			excluded	no_human_target_in_pinned_release
Negatome 2.0	manual_stringent_site_file_2021-09-15	negative_evidence	UniProtKB_AC-ID	O35253	O35253	false	1	O35253			excluded	no_human_target_in_pinned_release
Negatome 2.0	manual_stringent_site_file_2021-09-15	negative_evidence	UniProtKB_AC-ID	O35430	O35430	false	1	O35430			excluded	no_human_target_in_pinned_release
Negatome 2.0	manual_stringent_site_file_2021-09-15	negative_evidence	UniProtKB_AC-ID	O35516	O35516	false	1	O35516			excluded	no_human_target_in_pinned_release
Negatome 2.0	manual_stringent_site_file_2021-09-15	negative_evidence	UniProtKB_AC-ID	O35551	O35551	false	1	O35551			excluded	no_human_target_in_pinned_release
Negatome 2.0	manual_stringent_site_file_2021-09-15	negative_evidence	UniProtKB_AC-ID	O35625	O35625	false	1	O35625			excluded	no_human_target_in_pinned_release
Negatome 2.0	manual_stringent_site_file_2021-09-15	negative_evidence	UniProtKB_AC-ID	O35657	O35657	false	1	O35657			excluded	no_human_target_in_pinned_release
Negatome 2.0	manual_stringent_site_file_2021-09-15	negative_evidence	UniProtKB_AC-ID	O35717	O35717	false	1	O35717			excluded	no_human_target_in_pinned_release
Negatome 2.0	manual_stringent_site_file_2021-09-15	negative_evidence	UniProtKB_AC-ID	O35718	O35718	false	3	O35718			excluded	no_human_target_in_pinned_release
Negatome 2.0	manual_stringent_site_file_2021-09-15	negative_evidence	UniProtKB_AC-ID	O35984	O35984	false	1	O35984			excluded	no_human_target_in_pinned_release
Negatome 2.0	manual_stringent_site_file_2021-09-15	negative_evidence	UniProtKB_AC-ID	O35988	O35988	false	1	O35988			excluded	no_human_target_in_pinned_release
Negatome 2.0	manual_stringent_site_file_2021-09-15	negative_evidence	UniProtKB_AC-ID	O45379	O45379	false	2	O45379			excluded	no_human_target_in_pinned_release
Negatome 2.0	manual_stringent_site_file_2021-09-15	negative_evidence	UniProtKB_AC-ID	O54880	O54880	false	1	O54880			excluded	no_human_target_in_pinned_release
Negatome 2.0	manual_stringent_site_file_2021-09-15	negative_evidence	UniProtKB_AC-ID	O54968	O54968	false	1	O54968			excluded	no_human_target_in_pinned_release
Negatome 2.0	manual_stringent_site_file_2021-09-15	negative_evidence	UniProtKB_AC-ID	O55003	O55003	false	1	O55003			excluded	no_human_target_in_pinned_release
Negatome 2.0	manual_stringent_site_file_2021-09-15	negative_evidence	UniProtKB_AC-ID	O55055	O55055	false	1	O55055			excluded	no_human_target_in_pinned_release
Negatome 2.0	manual_stringent_site_file_2021-09-15	negative_evidence	UniProtKB_AC-ID	O55131	O55131	false	1	O55131			excluded	no_human_target_in_pinned_release
Negatome 2.0	manual_stringent_site_file_2021-09-15	negative_evidence	UniProtKB_AC-ID	O70355	O70355	false	10	O70355			excluded	no_human_target_in_pinned_release
Negatome 2.0	manual_stringent_site_file_2021-09-15	negative_evidence	UniProtKB_AC-ID	O70373	O70373	false	1	O70373			excluded	no_human_target_in_pinned_release
Negatome 2.0	manual_stringent_site_file_2021-09-15	negative_evidence	UniProtKB_AC-ID	O70433	O70433	false	1	O70433			excluded	no_human_target_in_pinned_release
Negatome 2.0	manual_stringent_site_file_2021-09-15	negative_evidence	UniProtKB_AC-ID	O70622	O70622	false	2	O70622			excluded	no_human_target_in_pinned_release
Negatome 2.0	manual_stringent_site_file_2021-09-15	negative_evidence	UniProtKB_AC-ID	O80809	O80809	false	3	O80809			excluded	no_human_target_in_pinned_release
Negatome 2.0	manual_stringent_site_file_2021-09-15	negative_evidence	UniProtKB_AC-ID	O82533	O82533	false	1	O82533			excluded	no_human_target_in_pinned_release
Negatome 2.0	manual_stringent_site_file_2021-09-15	negative_evidence	UniProtKB_AC-ID	O88346	O88346	false	2	O88346			excluded	no_human_target_in_pinned_release
Negatome 2.0	manual_stringent_site_file_2021-09-15	negative_evidence	UniProtKB_AC-ID	O88498-1	O88498	true	1				quarantine	isoform_specific_source_not_folded_to_canonical
Negatome 2.0	manual_stringent_site_file_2021-09-15	negative_evidence	UniProtKB_AC-ID	O88498-3	O88498	true	1				quarantine	isoform_specific_source_not_folded_to_canonical
Negatome 2.0	manual_stringent_site_file_2021-09-15	negative_evidence	UniProtKB_AC-ID	O88498-4	O88498	true	1				quarantine	isoform_specific_source_not_folded_to_canonical
Negatome 2.0	manual_stringent_site_file_2021-09-15	negative_evidence	UniProtKB_AC-ID	O88565	O88565	false	1	M0RC99			excluded	no_human_target_in_pinned_release
Negatome 2.0	manual_stringent_site_file_2021-09-15	negative_evidence	UniProtKB_AC-ID	O88618	O88618	false	1	O88618			excluded	no_human_target_in_pinned_release
Negatome 2.0	manual_stringent_site_file_2021-09-15	negative_evidence	UniProtKB_AC-ID	O88689	O88689	false	1	O88689			excluded	no_human_target_in_pinned_release
Negatome 2.0	manual_stringent_site_file_2021-09-15	negative_evidence	UniProtKB_AC-ID	O88777	O88777	false	1	O88777			excluded	no_human_target_in_pinned_release
Negatome 2.0	manual_stringent_site_file_2021-09-15	negative_evidence	UniProtKB_AC-ID	O88895	O88895	false	1	O88895			excluded	no_human_target_in_pinned_release
Negatome 2.0	manual_stringent_site_file_2021-09-15	negative_evidence	UniProtKB_AC-ID	O88974	O88974	false	1	O88974			excluded	no_human_target_in_pinned_release
Negatome 2.0	manual_stringent_site_file_2021-09-15	negative_evidence	UniProtKB_AC-ID	O89090	O89090	false	1	O89090			excluded	no_human_target_in_pinned_release
Negatome 2.0	manual_stringent_site_file_2021-09-15	negative_evidence	UniProtKB_AC-ID	O89100	O89100	false	1	O89100			excluded	no_human_target_in_pinned_release
Negatome 2.0	manual_stringent_site_file_2021-09-15	negative_evidence	UniProtKB_AC-ID	P00756	P00756	false	1	P00756			excluded	no_human_target_in_pinned_release
Negatome 2.0	manual_stringent_site_file_2021-09-15	negative_evidence	UniProtKB_AC-ID	P00757	P00757	false	1	P00757			excluded	no_human_target_in_pinned_release
Negatome 2.0	manual_stringent_site_file_2021-09-15	negative_evidence	UniProtKB_AC-ID	P00772	P00772	false	1	P00772			excluded	no_human_target_in_pinned_release
Negatome 2.0	manual_stringent_site_file_2021-09-15	negative_evidence	UniProtKB_AC-ID	P01108	P01108	false	1	P01108			excluded	no_human_target_in_pinned_release
Negatome 2.0	manual_stringent_site_file_2021-09-15	negative_evidence	UniProtKB_AC-ID	P01132	P01132	false	1	P01132			excluded	no_human_target_in_pinned_release
Negatome 2.0	manual_stringent_site_file_2021-09-15	negative_evidence	UniProtKB_AC-ID	P01139	P01139	false	2	P01139			excluded	no_human_target_in_pinned_release
Negatome 2.0	manual_stringent_site_file_2021-09-15	negative_evidence	UniProtKB_AC-ID	P01140	P01140	false	2	P01140			excluded	no_human_target_in_pinned_release
Negatome 2.0	manual_stringent_site_file_2021-09-15	negative_evidence	UniProtKB_AC-ID	P01186	P01186	false	1	P01186			excluded	no_human_target_in_pinned_release
Negatome 2.0	manual_stringent_site_file_2021-09-15	negative_evidence	UniProtKB_AC-ID	P01237	P01237	false	1	P01237			excluded	no_human_target_in_pinned_release
Negatome 2.0	manual_stringent_site_file_2021-09-15	negative_evidence	UniProtKB_AC-ID	P01346	P01346	false	1	P01346			excluded	no_human_target_in_pinned_release
Negatome 2.0	manual_stringent_site_file_2021-09-15	negative_evidence	UniProtKB_AC-ID	P01582	P01582	false	2	P01582			excluded	no_human_target_in_pinned_release
Negatome 2.0	manual_stringent_site_file_2021-09-15	negative_evidence	UniProtKB_AC-ID	P01586	P01586	false	1	P01586			excluded	no_human_target_in_pinned_release
Negatome 2.0	manual_stringent_site_file_2021-09-15	negative_evidence	UniProtKB_AC-ID	P01587	P01587	false	2	P01587			excluded	no_human_target_in_pinned_release
Negatome 2.0	manual_stringent_site_file_2021-09-15	negative_evidence	UniProtKB_AC-ID	P02340	P02340	false	4	P02340			excluded	no_human_target_in_pinned_release
Negatome 2.0	manual_stringent_site_file_2021-09-15	negative_evidence	UniProtKB_AC-ID	P02540	P02540	false	1	P02540			excluded	no_human_target_in_pinned_release
Negatome 2.0	manual_stringent_site_file_2021-09-15	negative_evidence	UniProtKB_AC-ID	P02554	P02554	false	1	P02554			excluded	no_human_target_in_pinned_release
Negatome 2.0	manual_stringent_site_file_2021-09-15	negative_evidence	UniProtKB_AC-ID	P02609	P02609	false	1	P02609			excluded	no_human_target_in_pinned_release
Negatome 2.0	manual_stringent_site_file_2021-09-15	negative_evidence	UniProtKB_AC-ID	P02710	P02710	false	1	P02710			excluded	no_human_target_in_pinned_release
Negatome 2.0	manual_stringent_site_file_2021-09-15	negative_evidence	UniProtKB_AC-ID	P02769	P02769	false	7	P02769			excluded	no_human_target_in_pinned_release
Negatome 2.0	manual_stringent_site_file_2021-09-15	negative_evidence	UniProtKB_AC-ID	P02866	P02866	false	2	P02866			excluded	no_human_target_in_pinned_release
Negatome 2.0	manual_stringent_site_file_2021-09-15	negative_evidence	UniProtKB_AC-ID	P02870	P02870	false	2	P02870			excluded	no_human_target_in_pinned_release
Negatome 2.0	manual_stringent_site_file_2021-09-15	negative_evidence	UniProtKB_AC-ID	P02925	P02925	false	1	P02925			excluded	no_human_target_in_pinned_release
Negatome 2.0	manual_stringent_site_file_2021-09-15	negative_evidence	UniProtKB_AC-ID	P03073	P03073	false	1	P03073			excluded	no_human_target_in_pinned_release
Negatome 2.0	manual_stringent_site_file_2021-09-15	negative_evidence	UniProtKB_AC-ID	P03169	P03169	false	2	P03169			excluded	no_human_target_in_pinned_release
Negatome 2.0	manual_stringent_site_file_2021-09-15	negative_evidence	UniProtKB_AC-ID	P03211	P03211	false	1	P03211			excluded	no_human_target_in_pinned_release
Negatome 2.0	manual_stringent_site_file_2021-09-15	negative_evidence	UniProtKB_AC-ID	P03244	P03244	false	2	P03244			excluded	no_human_target_in_pinned_release
Negatome 2.0	manual_stringent_site_file_2021-09-15	negative_evidence	UniProtKB_AC-ID	P03255	P03255	false	2	P03255			excluded	no_human_target_in_pinned_release
Negatome 2.0	manual_stringent_site_file_2021-09-15	negative_evidence	UniProtKB_AC-ID	P03393	P03393	false	1	P03393			excluded	no_human_target_in_pinned_release
Negatome 2.0	manual_stringent_site_file_2021-09-15	negative_evidence	UniProtKB_AC-ID	P03495	P03495	false	1	P03495			excluded	no_human_target_in_pinned_release
Negatome 2.0	manual_stringent_site_file_2021-09-15	negative_evidence	UniProtKB_AC-ID	P03682	P03682	false	1	P03682			excluded	no_human_target_in_pinned_release
Negatome 2.0	manual_stringent_site_file_2021-09-15	negative_evidence	UniProtKB_AC-ID	P03966	P03966	false	1	P03966			excluded	no_human_target_in_pinned_release
Negatome 2.0	manual_stringent_site_file_2021-09-15	negative_evidence	UniProtKB_AC-ID	P03969	P03969	false	1	P03969			excluded	no_human_target_in_pinned_release
Negatome 2.0	manual_stringent_site_file_2021-09-15	negative_evidence	UniProtKB_AC-ID	P03995	P03995	false	1	P03995			excluded	no_human_target_in_pinned_release
Negatome 2.0	manual_stringent_site_file_2021-09-15	negative_evidence	UniProtKB_AC-ID	P04163	P04163	false	1	P04163			excluded	no_human_target_in_pinned_release
Negatome 2.0	manual_stringent_site_file_2021-09-15	negative_evidence	UniProtKB_AC-ID	P04202	P04202	false	1	P04202			excluded	no_human_target_in_pinned_release
Negatome 2.0	manual_stringent_site_file_2021-09-15	negative_evidence	UniProtKB_AC-ID	P04351	P04351	false	1	P04351			excluded	no_human_target_in_pinned_release
Negatome 2.0	manual_stringent_site_file_2021-09-15	negative_evidence	UniProtKB_AC-ID	P04401	P04401	false	2	P04401			excluded	no_human_target_in_pinned_release
Negatome 2.0	manual_stringent_site_file_2021-09-15	negative_evidence	UniProtKB_AC-ID	P04578	P04578	false	1	P04578			excluded	no_human_target_in_pinned_release
Negatome 2.0	manual_stringent_site_file_2021-09-15	negative_evidence	UniProtKB_AC-ID	P04601	P04601	false	1	P04601			excluded	no_human_target_in_pinned_release
Negatome 2.0	manual_stringent_site_file_2021-09-15	negative_evidence	UniProtKB_AC-ID	P04608	P04608	false	2	P04608			excluded	no_human_target_in_pinned_release
Negatome 2.0	manual_stringent_site_file_2021-09-15	negative_evidence	UniProtKB_AC-ID	P04840	P04840	false	1	P04840			excluded	no_human_target_in_pinned_release
Negatome 2.0	manual_stringent_site_file_2021-09-15	negative_evidence	UniProtKB_AC-ID	P05017	P05017	false	1	P05017			excluded	no_human_target_in_pinned_release
Negatome 2.0	manual_stringent_site_file_2021-09-15	negative_evidence	UniProtKB_AC-ID	P05132	P05132	false	1	P05132			excluded	no_human_target_in_pinned_release
Negatome 2.0	manual_stringent_site_file_2021-09-15	negative_evidence	UniProtKB_AC-ID	P05532	P05532	false	2	P05532			excluded	no_human_target_in_pinned_release
Negatome 2.0	manual_stringent_site_file_2021-09-15	negative_evidence	UniProtKB_AC-ID	P05627	P05627	false	8	P05627			excluded	no_human_target_in_pinned_release
Negatome 2.0	manual_stringent_site_file_2021-09-15	negative_evidence	UniProtKB_AC-ID	P05696	P05696	false	1	P05696			excluded	no_human_target_in_pinned_release
Negatome 2.0	manual_stringent_site_file_2021-09-15	negative_evidence	UniProtKB_AC-ID	P05712	P05712	false	1	P05712			excluded	no_human_target_in_pinned_release
Negatome 2.0	manual_stringent_site_file_2021-09-15	negative_evidence	UniProtKB_AC-ID	P05943	P05943	false	1	P05943			excluded	no_human_target_in_pinned_release
Negatome 2.0	manual_stringent_site_file_2021-09-15	negative_evidence	UniProtKB_AC-ID	P06136	P06136	false	2	P06136			excluded	no_human_target_in_pinned_release
Negatome 2.0	manual_stringent_site_file_2021-09-15	negative_evidence	UniProtKB_AC-ID	P06537	P06537	false	1	P06537			excluded	no_human_target_in_pinned_release
Negatome 2.0	manual_stringent_site_file_2021-09-15	negative_evidence	UniProtKB_AC-ID	P06685	P06685	false	1	P06685			excluded	no_human_target_in_pinned_release
Negatome 2.0	manual_stringent_site_file_2021-09-15	negative_evidence	UniProtKB_AC-ID	P06750	P06750	false	1	P06750			excluded	no_human_target_in_pinned_release
Negatome 2.0	manual_stringent_site_file_2021-09-15	negative_evidence	UniProtKB_AC-ID	P06876	P06876	false	1	P06876			excluded	no_human_target_in_pinned_release
Negatome 2.0	manual_stringent_site_file_2021-09-15	negative_evidence	UniProtKB_AC-ID	P07200	P07200	false	1	P07200			excluded	no_human_target_in_pinned_release
Negatome 2.0	manual_stringent_site_file_2021-09-15	negative_evidence	UniProtKB_AC-ID	P07249	P07249	false	2	P07249			excluded	no_human_target_in_pinned_release
Negatome 2.0	manual_stringent_site_file_2021-09-15	negative_evidence	UniProtKB_AC-ID	P07321	P07321	false	1	P07321			excluded	no_human_target_in_pinned_release
Negatome 2.0	manual_stringent_site_file_2021-09-15	negative_evidence	UniProtKB_AC-ID	P07522	P07522	false	1	P07522			excluded	no_human_target_in_pinned_release
Negatome 2.0	manual_stringent_site_file_2021-09-15	negative_evidence	UniProtKB_AC-ID	P07620	P07620	false	10	P07620			excluded	no_human_target_in_pinned_release
Negatome 2.0	manual_stringent_site_file_2021-09-15	negative_evidence	UniProtKB_AC-ID	P07621	P07621	false	10	P07621			excluded	no_human_target_in_pinned_release
Negatome 2.0	manual_stringent_site_file_2021-09-15	negative_evidence	UniProtKB_AC-ID	P08081	P08081	false	1	P08081			excluded	no_human_target_in_pinned_release
Negatome 2.0	manual_stringent_site_file_2021-09-15	negative_evidence	UniProtKB_AC-ID	P08107	P08107	false	2	P0DMV8;P0DMV9	P0DMV8;P0DMV9		quarantine	multiple_reviewed_human_targets
Negatome 2.0	manual_stringent_site_file_2021-09-15	negative_evidence	UniProtKB_AC-ID	P08553	P08553	false	1	P08553			excluded	no_human_target_in_pinned_release
Negatome 2.0	manual_stringent_site_file_2021-09-15	negative_evidence	UniProtKB_AC-ID	P08603-2	P08603	true	3	P08603	P08603		quarantine	isoform_specific_source_not_folded_to_canonical
Negatome 2.0	manual_stringent_site_file_2021-09-15	negative_evidence	UniProtKB_AC-ID	P08646	P08646	false	1	P08646			excluded	no_human_target_in_pinned_release
Negatome 2.0	manual_stringent_site_file_2021-09-15	negative_evidence	UniProtKB_AC-ID	P08752	P08752	false	1	P08752			excluded	no_human_target_in_pinned_release
Negatome 2.0	manual_stringent_site_file_2021-09-15	negative_evidence	UniProtKB_AC-ID	P08956	P08956	false	2	P08956			excluded	no_human_target_in_pinned_release
Negatome 2.0	manual_stringent_site_file_2021-09-15	negative_evidence	UniProtKB_AC-ID	P08957	P08957	false	2	P08957			excluded	no_human_target_in_pinned_release
Negatome 2.0	manual_stringent_site_file_2021-09-15	negative_evidence	UniProtKB_AC-ID	P09056	P09056	false	1	P09056			excluded	no_human_target_in_pinned_release
Negatome 2.0	manual_stringent_site_file_2021-09-15	negative_evidence	UniProtKB_AC-ID	P09225	P09225	false	1	P09225			excluded	no_human_target_in_pinned_release
Negatome 2.0	manual_stringent_site_file_2021-09-15	negative_evidence	UniProtKB_AC-ID	P09712	P09712	false	1	P09712			excluded	no_human_target_in_pinned_release
Negatome 2.0	manual_stringent_site_file_2021-09-15	negative_evidence	UniProtKB_AC-ID	P09728	P09728	false	1	P09728			excluded	no_human_target_in_pinned_release
Negatome 2.0	manual_stringent_site_file_2021-09-15	negative_evidence	UniProtKB_AC-ID	P09729	P09729	false	1	P09729			excluded	no_human_target_in_pinned_release
Negatome 2.0	manual_stringent_site_file_2021-09-15	negative_evidence	UniProtKB_AC-ID	P09731	P09731	false	1	P09731			excluded	no_human_target_in_pinned_release
Negatome 2.0	manual_stringent_site_file_2021-09-15	negative_evidence	UniProtKB_AC-ID	P09793	P09793	false	6	P09793			excluded	no_human_target_in_pinned_release
Negatome 2.0	manual_stringent_site_file_2021-09-15	negative_evidence	UniProtKB_AC-ID	P09803	P09803	false	1	P09803			excluded	no_human_target_in_pinned_release
Negatome 2.0	manual_stringent_site_file_2021-09-15	negative_evidence	UniProtKB_AC-ID	P09866	P09866	false	1	P09866			excluded	no_human_target_in_pinned_release
Negatome 2.0	manual_stringent_site_file_2021-09-15	negative_evidence	UniProtKB_AC-ID	P09951	P09951	false	1	P09951			excluded	no_human_target_in_pinned_release
Negatome 2.0	manual_stringent_site_file_2021-09-15	negative_evidence	UniProtKB_AC-ID	P0A6A8	P0A6A8	false	1	P0A6A8			excluded	no_human_target_in_pinned_release
Negatome 2.0	manual_stringent_site_file_2021-09-15	negative_evidence	UniProtKB_AC-ID	P0A6F5	P0A6F5	false	1	P0A6F5			excluded	no_human_target_in_pinned_release
Negatome 2.0	manual_stringent_site_file_2021-09-15	negative_evidence	UniProtKB_AC-ID	P0A6S5	P0A6S5	false	2	P0A6S5			excluded	no_human_target_in_pinned_release
Negatome 2.0	manual_stringent_site_file_2021-09-15	negative_evidence	UniProtKB_AC-ID	P0A9A6	P0A9A6	false	2	P0A9A6			excluded	no_human_target_in_pinned_release
Negatome 2.0	manual_stringent_site_file_2021-09-15	negative_evidence	UniProtKB_AC-ID	P0A9H1	P0A9H1	false	2	P0A9H1			excluded	no_human_target_in_pinned_release
Negatome 2.0	manual_stringent_site_file_2021-09-15	negative_evidence	UniProtKB_AC-ID	P0A9X4	P0A9X4	false	2	P0A9X4			excluded	no_human_target_in_pinned_release
Negatome 2.0	manual_stringent_site_file_2021-09-15	negative_evidence	UniProtKB_AC-ID	P0ABG4	P0ABG4	false	2	P0ABG4			excluded	no_human_target_in_pinned_release
Negatome 2.0	manual_stringent_site_file_2021-09-15	negative_evidence	UniProtKB_AC-ID	P0ABH0	P0ABH0	false	2	P0ABH0			excluded	no_human_target_in_pinned_release
Negatome 2.0	manual_stringent_site_file_2021-09-15	negative_evidence	UniProtKB_AC-ID	P0AC30	P0AC30	false	2	P0AC30			excluded	no_human_target_in_pinned_release
Negatome 2.0	manual_stringent_site_file_2021-09-15	negative_evidence	UniProtKB_AC-ID	P0AD68	P0AD68	false	2	P0AD68			excluded	no_human_target_in_pinned_release
Negatome 2.0	manual_stringent_site_file_2021-09-15	negative_evidence	UniProtKB_AC-ID	P0AEN4	P0AEN4	false	2	P0AEN4			excluded	no_human_target_in_pinned_release
Negatome 2.0	manual_stringent_site_file_2021-09-15	negative_evidence	UniProtKB_AC-ID	P0AFS3	P0AFS3	false	1	P0AFS3			excluded	no_human_target_in_pinned_release
Negatome 2.0	manual_stringent_site_file_2021-09-15	negative_evidence	UniProtKB_AC-ID	P0AG20	P0AG20	false	1	P0AG20			excluded	no_human_target_in_pinned_release
Negatome 2.0	manual_stringent_site_file_2021-09-15	negative_evidence	UniProtKB_AC-ID	P0AG74	P0AG74	false	1	P0AG74			excluded	no_human_target_in_pinned_release
Negatome 2.0	manual_stringent_site_file_2021-09-15	negative_evidence	UniProtKB_AC-ID	P0AG86	P0AG86	false	1	P0AG86			excluded	no_human_target_in_pinned_release
Negatome 2.0	manual_stringent_site_file_2021-09-15	negative_evidence	UniProtKB_AC-ID	P0AGE0	P0AGE0	false	1	P0AGE0			excluded	no_human_target_in_pinned_release
Negatome 2.0	manual_stringent_site_file_2021-09-15	negative_evidence	UniProtKB_AC-ID	P0C605	P0C605	false	2	P0C605			excluded	no_human_target_in_pinned_release
Negatome 2.0	manual_stringent_site_file_2021-09-15	negative_evidence	UniProtKB_AC-ID	P0C746	P0C746	false	1	P0C746			excluded	no_human_target_in_pinned_release
Negatome 2.0	manual_stringent_site_file_2021-09-15	negative_evidence	UniProtKB_AC-ID	P0C8E7	P0C8E7	false	2	P0C8E7			excluded	no_human_target_in_pinned_release
Negatome 2.0	manual_stringent_site_file_2021-09-15	negative_evidence	UniProtKB_AC-ID	P0CL52	P0CL52	false	1	P0CL52			excluded	no_human_target_in_pinned_release
Negatome 2.0	manual_stringent_site_file_2021-09-15	negative_evidence	UniProtKB_AC-ID	P10166	P10166	false	1	P10166			excluded	no_human_target_in_pinned_release
Negatome 2.0	manual_stringent_site_file_2021-09-15	negative_evidence	UniProtKB_AC-ID	P10855	P10855	false	1	P10855			excluded	no_human_target_in_pinned_release
Negatome 2.0	manual_stringent_site_file_2021-09-15	negative_evidence	UniProtKB_AC-ID	P10993	P10993	false	2	P10993			excluded	no_human_target_in_pinned_release
Negatome 2.0	manual_stringent_site_file_2021-09-15	negative_evidence	UniProtKB_AC-ID	P10999	P10999	false	1	P10999			excluded	no_human_target_in_pinned_release
Negatome 2.0	manual_stringent_site_file_2021-09-15	negative_evidence	UniProtKB_AC-ID	P11084	P11084	false	1	P11084			excluded	no_human_target_in_pinned_release
Negatome 2.0	manual_stringent_site_file_2021-09-15	negative_evidence	UniProtKB_AC-ID	P11103	P11103	false	1	P11103			excluded	no_human_target_in_pinned_release
Negatome 2.0	manual_stringent_site_file_2021-09-15	negative_evidence	UniProtKB_AC-ID	P11276	P11276	false	1	P11276			excluded	no_human_target_in_pinned_release
Negatome 2.0	manual_stringent_site_file_2021-09-15	negative_evidence	UniProtKB_AC-ID	P11505	P11505	false	1	P11505			excluded	no_human_target_in_pinned_release
Negatome 2.0	manual_stringent_site_file_2021-09-15	negative_evidence	UniProtKB_AC-ID	P11627	P11627	false	1	P11627			excluded	no_human_target_in_pinned_release
Negatome 2.0	manual_stringent_site_file_2021-09-15	negative_evidence	UniProtKB_AC-ID	P11632	P11632	false	1	P11632			excluded	no_human_target_in_pinned_release
Negatome 2.0	manual_stringent_site_file_2021-09-15	negative_evidence	UniProtKB_AC-ID	P11655	P11655	false	1	P11655			excluded	no_human_target_in_pinned_release
Negatome 2.0	manual_stringent_site_file_2021-09-15	negative_evidence	UniProtKB_AC-ID	P11799-3	P11799	true	1				quarantine	isoform_specific_source_not_folded_to_canonical
Negatome 2.0	manual_stringent_site_file_2021-09-15	negative_evidence	UniProtKB_AC-ID	P12465	P12465	false	1	P12465			excluded	no_human_target_in_pinned_release
Negatome 2.0	manual_stringent_site_file_2021-09-15	negative_evidence	UniProtKB_AC-ID	P12962	P12962	false	1	P12962			excluded	no_human_target_in_pinned_release
Negatome 2.0	manual_stringent_site_file_2021-09-15	negative_evidence	UniProtKB_AC-ID	P12978	P12978	false	2	P12978			excluded	no_human_target_in_pinned_release
Negatome 2.0	manual_stringent_site_file_2021-09-15	negative_evidence	UniProtKB_AC-ID	P13213	P13213	false	1	P13213			excluded	no_human_target_in_pinned_release
Negatome 2.0	manual_stringent_site_file_2021-09-15	negative_evidence	UniProtKB_AC-ID	P13264	P13264	false	1	P13264			excluded	no_human_target_in_pinned_release
Negatome 2.0	manual_stringent_site_file_2021-09-15	negative_evidence	UniProtKB_AC-ID	P13405	P13405	false	1	P13405			excluded	no_human_target_in_pinned_release
Negatome 2.0	manual_stringent_site_file_2021-09-15	negative_evidence	UniProtKB_AC-ID	P13574	P13574	false	2	P13574			excluded	no_human_target_in_pinned_release
Negatome 2.0	manual_stringent_site_file_2021-09-15	negative_evidence	UniProtKB_AC-ID	P13595	P13595	false	1	P13595			excluded	no_human_target_in_pinned_release
Negatome 2.0	manual_stringent_site_file_2021-09-15	negative_evidence	UniProtKB_AC-ID	P13808	P13808	false	1	P13808			excluded	no_human_target_in_pinned_release
Negatome 2.0	manual_stringent_site_file_2021-09-15	negative_evidence	UniProtKB_AC-ID	P14097	P14097	false	1	P14097			excluded	no_human_target_in_pinned_release
Negatome 2.0	manual_stringent_site_file_2021-09-15	negative_evidence	UniProtKB_AC-ID	P14270-1	P14270	true	1				quarantine	isoform_specific_source_not_folded_to_canonical
Negatome 2.0	manual_stringent_site_file_2021-09-15	negative_evidence	UniProtKB_AC-ID	P14270-5	P14270	true	1				quarantine	isoform_specific_source_not_folded_to_canonical
Negatome 2.0	manual_stringent_site_file_2021-09-15	negative_evidence	UniProtKB_AC-ID	P14646-1	P14646	true	1				quarantine	isoform_specific_source_not_folded_to_canonical
Negatome 2.0	manual_stringent_site_file_2021-09-15	negative_evidence	UniProtKB_AC-ID	P14646-2	P14646	true	1				quarantine	isoform_specific_source_not_folded_to_canonical
Negatome 2.0	manual_stringent_site_file_2021-09-15	negative_evidence	UniProtKB_AC-ID	P14753	P14753	false	1	P14753			excluded	no_human_target_in_pinned_release
Negatome 2.0	manual_stringent_site_file_2021-09-15	negative_evidence	UniProtKB_AC-ID	P15205	P15205	false	3	P15205			excluded	no_human_target_in_pinned_release
Negatome 2.0	manual_stringent_site_file_2021-09-15	negative_evidence	UniProtKB_AC-ID	P15207	P15207	false	1	P15207			excluded	no_human_target_in_pinned_release
Negatome 2.0	manual_stringent_site_file_2021-09-15	negative_evidence	UniProtKB_AC-ID	P15208	P15208	false	1	P15208			excluded	no_human_target_in_pinned_release
Negatome 2.0	manual_stringent_site_file_2021-09-15	negative_evidence	UniProtKB_AC-ID	P15247	P15247	false	1	P15247			excluded	no_human_target_in_pinned_release
Negatome 2.0	manual_stringent_site_file_2021-09-15	negative_evidence	UniProtKB_AC-ID	P15307	P15307	false	1	P15307			excluded	no_human_target_in_pinned_release
Negatome 2.0	manual_stringent_site_file_2021-09-15	negative_evidence	UniProtKB_AC-ID	P15331	P15331	false	1	P15331			excluded	no_human_target_in_pinned_release
Negatome 2.0	manual_stringent_site_file_2021-09-15	negative_evidence	UniProtKB_AC-ID	P15337	P15337	false	1	P15337			excluded	no_human_target_in_pinned_release
Negatome 2.0	manual_stringent_site_file_2021-09-15	negative_evidence	UniProtKB_AC-ID	P15385	P15385	false	1	P15385			excluded	no_human_target_in_pinned_release
Negatome 2.0	manual_stringent_site_file_2021-09-15	negative_evidence	UniProtKB_AC-ID	P15499	P15499	false	1	P15499			excluded	no_human_target_in_pinned_release
Negatome 2.0	manual_stringent_site_file_2021-09-15	negative_evidence	UniProtKB_AC-ID	P15655	P15655	false	2	P15655			excluded	no_human_target_in_pinned_release
Negatome 2.0	manual_stringent_site_file_2021-09-15	negative_evidence	UniProtKB_AC-ID	P15692-8	P15692	true	1	P15692	P15692		quarantine	isoform_specific_source_not_folded_to_canonical
Negatome 2.0	manual_stringent_site_file_2021-09-15	negative_evidence	UniProtKB_AC-ID	P16054	P16054	false	1	P16054			excluded	no_human_target_in_pinned_release
Negatome 2.0	manual_stringent_site_file_2021-09-15	negative_evidence	UniProtKB_AC-ID	P16086	P16086	false	1	P16086			excluded	no_human_target_in_pinned_release
Negatome 2.0	manual_stringent_site_file_2021-09-15	negative_evidence	UniProtKB_AC-ID	P16092	P16092	false	1	P16092			excluded	no_human_target_in_pinned_release
Negatome 2.0	manual_stringent_site_file_2021-09-15	negative_evidence	UniProtKB_AC-ID	P16757	P16757	false	4	P16757			excluded	no_human_target_in_pinned_release
Negatome 2.0	manual_stringent_site_file_2021-09-15	negative_evidence	UniProtKB_AC-ID	P16778	P16778	false	2	P16778			excluded	no_human_target_in_pinned_release
Negatome 2.0	manual_stringent_site_file_2021-09-15	negative_evidence	UniProtKB_AC-ID	P17141	P17141	false	1	P17141			excluded	no_human_target_in_pinned_release
Negatome 2.0	manual_stringent_site_file_2021-09-15	negative_evidence	UniProtKB_AC-ID	P17560	P17560	false	1	P17560			excluded	no_human_target_in_pinned_release
Negatome 2.0	manual_stringent_site_file_2021-09-15	negative_evidence	UniProtKB_AC-ID	P17679	P17679	false	5	P17679			excluded	no_human_target_in_pinned_release
Negatome 2.0	manual_stringent_site_file_2021-09-15	negative_evidence	UniProtKB_AC-ID	P17839	P17839	false	2	P17839			excluded	no_human_target_in_pinned_release
Negatome 2.0	manual_stringent_site_file_2021-09-15	negative_evidence	UniProtKB_AC-ID	P17918	P17918	false	1	P17918			excluded	no_human_target_in_pinned_release
Negatome 2.0	manual_stringent_site_file_2021-09-15	negative_evidence	UniProtKB_AC-ID	P18064	P18064	false	3	P18064			excluded	no_human_target_in_pinned_release
Negatome 2.0	manual_stringent_site_file_2021-09-15	negative_evidence	UniProtKB_AC-ID	P18113	P18113	false	1	P18113			excluded	no_human_target_in_pinned_release
Negatome 2.0	manual_stringent_site_file_2021-09-15	negative_evidence	UniProtKB_AC-ID	P18508	P18508	false	1	P18508			excluded	no_human_target_in_pinned_release
Negatome 2.0	manual_stringent_site_file_2021-09-15	negative_evidence	UniProtKB_AC-ID	P18576	P18576	false	2	P18576			excluded	no_human_target_in_pinned_release
Negatome 2.0	manual_stringent_site_file_2021-09-15	negative_evidence	UniProtKB_AC-ID	P18653	P18653	false	1	P18653			excluded	no_human_target_in_pinned_release
Negatome 2.0	manual_stringent_site_file_2021-09-15	negative_evidence	UniProtKB_AC-ID	P18901	P18901	false	1	P18901			excluded	no_human_target_in_pinned_release
Negatome 2.0	manual_stringent_site_file_2021-09-15	negative_evidence	UniProtKB_AC-ID	P19366	P19366	false	1	P19366			excluded	no_human_target_in_pinned_release
Negatome 2.0	manual_stringent_site_file_2021-09-15	negative_evidence	UniProtKB_AC-ID	P19490	P19490	false	1	P19490			excluded	no_human_target_in_pinned_release
Negatome 2.0	manual_stringent_site_file_2021-09-15	negative_evidence	UniProtKB_AC-ID	P19491	P19491	false	2	P19491			excluded	no_human_target_in_pinned_release
Negatome 2.0	manual_stringent_site_file_2021-09-15	negative_evidence	UniProtKB_AC-ID	P19632	P19632	false	2	P19632			excluded	no_human_target_in_pinned_release
Negatome 2.0	manual_stringent_site_file_2021-09-15	negative_evidence	UniProtKB_AC-ID	P19934	P19934	false	1	P19934			excluded	no_human_target_in_pinned_release
Negatome 2.0	manual_stringent_site_file_2021-09-15	negative_evidence	UniProtKB_AC-ID	P19940	P19940	false	1	P19940			excluded	no_human_target_in_pinned_release
Negatome 2.0	manual_stringent_site_file_2021-09-15	negative_evidence	UniProtKB_AC-ID	P20153	P20153	false	2	P20153			excluded	no_human_target_in_pinned_release
Negatome 2.0	manual_stringent_site_file_2021-09-15	negative_evidence	UniProtKB_AC-ID	P20917	P20917	false	5	P20917			excluded	no_human_target_in_pinned_release
Negatome 2.0	manual_stringent_site_file_2021-09-15	negative_evidence	UniProtKB_AC-ID	P20942	P20942	false	1	P20942			excluded	no_human_target_in_pinned_release
Negatome 2.0	manual_stringent_site_file_2021-09-15	negative_evidence	UniProtKB_AC-ID	P21109	P21109	false	3	P21109			excluded	no_human_target_in_pinned_release
Negatome 2.0	manual_stringent_site_file_2021-09-15	negative_evidence	UniProtKB_AC-ID	P21183	P21183	false	1	P21183			excluded	no_human_target_in_pinned_release
Negatome 2.0	manual_stringent_site_file_2021-09-15	negative_evidence	UniProtKB_AC-ID	P21237	P21237	false	1	P21237			excluded	no_human_target_in_pinned_release
Negatome 2.0	manual_stringent_site_file_2021-09-15	negative_evidence	UniProtKB_AC-ID	P21274	P21274	false	1	P21274			excluded	no_human_target_in_pinned_release
Negatome 2.0	manual_stringent_site_file_2021-09-15	negative_evidence	UniProtKB_AC-ID	P21707	P21707	false	1	P21707			excluded	no_human_target_in_pinned_release
Negatome 2.0	manual_stringent_site_file_2021-09-15	negative_evidence	UniProtKB_AC-ID	P21803	P21803	false	1	P21803			excluded	no_human_target_in_pinned_release
Negatome 2.0	manual_stringent_site_file_2021-09-15	negative_evidence	UniProtKB_AC-ID	P21836	P21836	false	1	P21836			excluded	no_human_target_in_pinned_release
Negatome 2.0	manual_stringent_site_file_2021-09-15	negative_evidence	UniProtKB_AC-ID	P21981	P21981	false	1	P21981			excluded	no_human_target_in_pinned_release
Negatome 2.0	manual_stringent_site_file_2021-09-15	negative_evidence	UniProtKB_AC-ID	P22298	P22298	false	1	P22298			excluded	no_human_target_in_pinned_release
Negatome 2.0	manual_stringent_site_file_2021-09-15	negative_evidence	UniProtKB_AC-ID	P22561	P22561	false	2	P22561			excluded	no_human_target_in_pinned_release
Negatome 2.0	manual_stringent_site_file_2021-09-15	negative_evidence	UniProtKB_AC-ID	P22607-3	P22607	true	2	P22607	P22607		quarantine	isoform_specific_source_not_folded_to_canonical
Negatome 2.0	manual_stringent_site_file_2021-09-15	negative_evidence	UniProtKB_AC-ID	P23299	P23299	false	1	P23299			excluded	no_human_target_in_pinned_release
Negatome 2.0	manual_stringent_site_file_2021-09-15	negative_evidence	UniProtKB_AC-ID	P23514	P23514	false	1	P23514			excluded	no_human_target_in_pinned_release
Negatome 2.0	manual_stringent_site_file_2021-09-15	negative_evidence	UniProtKB_AC-ID	P23804-2	P23804	true	1				quarantine	isoform_specific_source_not_folded_to_canonical
Negatome 2.0	manual_stringent_site_file_2021-09-15	negative_evidence	UniProtKB_AC-ID	P23818	P23818	false	1	P23818			excluded	no_human_target_in_pinned_release
Negatome 2.0	manual_stringent_site_file_2021-09-15	negative_evidence	UniProtKB_AC-ID	P24230	P24230	false	1	P24230			excluded	no_human_target_in_pinned_release
Negatome 2.0	manual_stringent_site_file_2021-09-15	negative_evidence	UniProtKB_AC-ID	P24786	P24786	false	2	P24786			excluded	no_human_target_in_pinned_release
Negatome 2.0	manual_stringent_site_file_2021-09-15	negative_evidence	UniProtKB_AC-ID	P25206	P25206	false	1	P25206			excluded	no_human_target_in_pinned_release
Negatome 2.0	manual_stringent_site_file_2021-09-15	negative_evidence	UniProtKB_AC-ID	P25446	P25446	false	1	P25446			excluded	no_human_target_in_pinned_release
Negatome 2.0	manual_stringent_site_file_2021-09-15	negative_evidence	UniProtKB_AC-ID	P25697	P25697	false	1	P25697			excluded	no_human_target_in_pinned_release
Negatome 2.0	manual_stringent_site_file_2021-09-15	negative_evidence	UniProtKB_AC-ID	P25822	P25822	false	1	P25822			excluded	no_human_target_in_pinned_release
Negatome 2.0	manual_stringent_site_file_2021-09-15	negative_evidence	UniProtKB_AC-ID	P25856	P25856	false	1	P25856			excluded	no_human_target_in_pinned_release
Negatome 2.0	manual_stringent_site_file_2021-09-15	negative_evidence	UniProtKB_AC-ID	P25916	P25916	false	1	P25916			excluded	no_human_target_in_pinned_release
Negatome 2.0	manual_stringent_site_file_2021-09-15	negative_evidence	UniProtKB_AC-ID	P25976	P25976	false	1	P25976			excluded	no_human_target_in_pinned_release
Negatome 2.0	manual_stringent_site_file_2021-09-15	negative_evidence	UniProtKB_AC-ID	P26039	P26039	false	1	P26039			excluded	no_human_target_in_pinned_release
Negatome 2.0	manual_stringent_site_file_2021-09-15	negative_evidence	UniProtKB_AC-ID	P26151	P26151	false	1	P26151			excluded	no_human_target_in_pinned_release
Negatome 2.0	manual_stringent_site_file_2021-09-15	negative_evidence	UniProtKB_AC-ID	P26450	P26450	false	1	P26450			excluded	no_human_target_in_pinned_release
Negatome 2.0	manual_stringent_site_file_2021-09-15	negative_evidence	UniProtKB_AC-ID	P26955	P26955	false	9	P26955			excluded	no_human_target_in_pinned_release
Negatome 2.0	manual_stringent_site_file_2021-09-15	negative_evidence	UniProtKB_AC-ID	P27512	P27512	false	1	P27512			excluded	no_human_target_in_pinned_release
Negatome 2.0	manual_stringent_site_file_2021-09-15	negative_evidence	UniProtKB_AC-ID	P27548	P27548	false	1	P27548			excluded	no_human_target_in_pinned_release
Negatome 2.0	manual_stringent_site_file_2021-09-15	negative_evidence	UniProtKB_AC-ID	P27584	P27584	false	1	P27584			excluded	no_human_target_in_pinned_release
Negatome 2.0	manual_stringent_site_file_2021-09-15	negative_evidence	UniProtKB_AC-ID	P27601	P27601	false	1	P27601			excluded	no_human_target_in_pinned_release
Negatome 2.0	manual_stringent_site_file_2021-09-15	negative_evidence	UniProtKB_AC-ID	P27699	P27699	false	1	P27699			excluded	no_human_target_in_pinned_release
Negatome 2.0	manual_stringent_site_file_2021-09-15	negative_evidence	UniProtKB_AC-ID	P27815-1	P27815	true	1	P27815	P27815		quarantine	isoform_specific_source_not_folded_to_canonical
Negatome 2.0	manual_stringent_site_file_2021-09-15	negative_evidence	UniProtKB_AC-ID	P27882	P27882	false	1	P27882			excluded	no_human_target_in_pinned_release
Negatome 2.0	manual_stringent_site_file_2021-09-15	negative_evidence	UniProtKB_AC-ID	P28033	P28033	false	1	P28033			excluded	no_human_target_in_pinned_release
Negatome 2.0	manual_stringent_site_file_2021-09-15	negative_evidence	UniProtKB_AC-ID	P28494	P28494	false	1	P28494			excluded	no_human_target_in_pinned_release
Negatome 2.0	manual_stringent_site_file_2021-09-15	negative_evidence	UniProtKB_AC-ID	P28574	P28574	false	1	P28574			excluded	no_human_target_in_pinned_release
Negatome 2.0	manual_stringent_site_file_2021-09-15	negative_evidence	UniProtKB_AC-ID	P28651	P28651	false	1	P28651			excluded	no_human_target_in_pinned_release
Negatome 2.0	manual_stringent_site_file_2021-09-15	negative_evidence	UniProtKB_AC-ID	P28652	P28652	false	1	P28652			excluded	no_human_target_in_pinned_release
Negatome 2.0	manual_stringent_site_file_2021-09-15	negative_evidence	UniProtKB_AC-ID	P28738	P28738	false	1	P28738			excluded	no_human_target_in_pinned_release
Negatome 2.0	manual_stringent_site_file_2021-09-15	negative_evidence	UniProtKB_AC-ID	P29131	P29131	false	2	P29131			excluded	no_human_target_in_pinned_release
Negatome 2.0	manual_stringent_site_file_2021-09-15	negative_evidence	UniProtKB_AC-ID	P29150	P29150	false	1	P29150			excluded	no_human_target_in_pinned_release
Negatome 2.0	manual_stringent_site_file_2021-09-15	negative_evidence	UniProtKB_AC-ID	P29351	P29351	false	1	P29351			excluded	no_human_target_in_pinned_release
Negatome 2.0	manual_stringent_site_file_2021-09-15	negative_evidence	UniProtKB_AC-ID	P29476-3	P29476	true	1				quarantine	isoform_specific_source_not_folded_to_canonical
Negatome 2.0	manual_stringent_site_file_2021-09-15	negative_evidence	UniProtKB_AC-ID	P30117	P30117	false	1	P30117			excluded	no_human_target_in_pinned_release
Negatome 2.0	manual_stringent_site_file_2021-09-15	negative_evidence	UniProtKB_AC-ID	P30560	P30560	false	1	P30560			excluded	no_human_target_in_pinned_release
Negatome 2.0	manual_stringent_site_file_2021-09-15	negative_evidence	UniProtKB_AC-ID	P30658	P30658	false	4	P30658			excluded	no_human_target_in_pinned_release
Negatome 2.0	manual_stringent_site_file_2021-09-15	negative_evidence	UniProtKB_AC-ID	P30882	P30882	false	1	P30882			excluded	no_human_target_in_pinned_release
Negatome 2.0	manual_stringent_site_file_2021-09-15	negative_evidence	UniProtKB_AC-ID	P31007-7	P31007	true	1				quarantine	isoform_specific_source_not_folded_to_canonical
Negatome 2.0	manual_stringent_site_file_2021-09-15	negative_evidence	UniProtKB_AC-ID	P31016	P31016	false	2	P31016			excluded	no_human_target_in_pinned_release
Negatome 2.0	manual_stringent_site_file_2021-09-15	negative_evidence	UniProtKB_AC-ID	P31041	P31041	false	1	P31041			excluded	no_human_target_in_pinned_release
Negatome 2.0	manual_stringent_site_file_2021-09-15	negative_evidence	UniProtKB_AC-ID	P31324	P31324	false	1	P31324			excluded	no_human_target_in_pinned_release
Negatome 2.0	manual_stringent_site_file_2021-09-15	negative_evidence	UniProtKB_AC-ID	P31695	P31695	false	1	P31695			excluded	no_human_target_in_pinned_release
Negatome 2.0	manual_stringent_site_file_2021-09-15	negative_evidence	UniProtKB_AC-ID	P31750	P31750	false	1	P31750			excluded	no_human_target_in_pinned_release
Negatome 2.0	manual_stringent_site_file_2021-09-15	negative_evidence	UniProtKB_AC-ID	P31786	P31786	false	2	P31786			excluded	no_human_target_in_pinned_release
Negatome 2.0	manual_stringent_site_file_2021-09-15	negative_evidence	UniProtKB_AC-ID	P32298-2	P32298	true	1				quarantine	isoform_specific_source_not_folded_to_canonical
Negatome 2.0	manual_stringent_site_file_2021-09-15	negative_evidence	UniProtKB_AC-ID	P32298-3	P32298	true	1				quarantine	isoform_specific_source_not_folded_to_canonical
Negatome 2.0	manual_stringent_site_file_2021-09-15	negative_evidence	UniProtKB_AC-ID	P32298-4	P32298	true	1				quarantine	isoform_specific_source_not_folded_to_canonical
Negatome 2.0	manual_stringent_site_file_2021-09-15	negative_evidence	UniProtKB_AC-ID	P32481	P32481	false	1	P32481			excluded	no_human_target_in_pinned_release
Negatome 2.0	manual_stringent_site_file_2021-09-15	negative_evidence	UniProtKB_AC-ID	P32494	P32494	false	1	P32494			excluded	no_human_target_in_pinned_release
Negatome 2.0	manual_stringent_site_file_2021-09-15	negative_evidence	UniProtKB_AC-ID	P32851	P32851	false	2	P32851			excluded	no_human_target_in_pinned_release
Negatome 2.0	manual_stringent_site_file_2021-09-15	negative_evidence	UniProtKB_AC-ID	P32972	P32972	false	1	P32972			excluded	no_human_target_in_pinned_release
Negatome 2.0	manual_stringent_site_file_2021-09-15	negative_evidence	UniProtKB_AC-ID	P33175	P33175	false	1	P33175			excluded	no_human_target_in_pinned_release
Negatome 2.0	manual_stringent_site_file_2021-09-15	negative_evidence	UniProtKB_AC-ID	P34021	P34021	false	1	P34021			excluded	no_human_target_in_pinned_release
Negatome 2.0	manual_stringent_site_file_2021-09-15	negative_evidence	UniProtKB_AC-ID	P35213	P35213	false	1	P35213			excluded	no_human_target_in_pinned_release
Negatome 2.0	manual_stringent_site_file_2021-09-15	negative_evidence	UniProtKB_AC-ID	P35240-1	P35240	true	1	P35240	P35240		quarantine	isoform_specific_source_not_folded_to_canonical
Negatome 2.0	manual_stringent_site_file_2021-09-15	negative_evidence	UniProtKB_AC-ID	P35279	P35279	false	1	P35279			excluded	no_human_target_in_pinned_release
Negatome 2.0	manual_stringent_site_file_2021-09-15	negative_evidence	UniProtKB_AC-ID	P35285	P35285	false	2	P35285			excluded	no_human_target_in_pinned_release
Negatome 2.0	manual_stringent_site_file_2021-09-15	negative_evidence	UniProtKB_AC-ID	P35288	P35288	false	2	P35288			excluded	no_human_target_in_pinned_release
Negatome 2.0	manual_stringent_site_file_2021-09-15	negative_evidence	UniProtKB_AC-ID	P35292	P35292	false	2	P35292			excluded	no_human_target_in_pinned_release
Negatome 2.0	manual_stringent_site_file_2021-09-15	negative_evidence	UniProtKB_AC-ID	P35293	P35293	false	2	P35293			excluded	no_human_target_in_pinned_release
Negatome 2.0	manual_stringent_site_file_2021-09-15	negative_evidence	UniProtKB_AC-ID	P35295	P35295	false	2	P35295			excluded	no_human_target_in_pinned_release
Negatome 2.0	manual_stringent_site_file_2021-09-15	negative_evidence	UniProtKB_AC-ID	P35396	P35396	false	1	P35396			excluded	no_human_target_in_pinned_release
Negatome 2.0	manual_stringent_site_file_2021-09-15	negative_evidence	UniProtKB_AC-ID	P35439	P35439	false	1	P35439			excluded	no_human_target_in_pinned_release
Negatome 2.0	manual_stringent_site_file_2021-09-15	negative_evidence	UniProtKB_AC-ID	P35570	P35570	false	1	P35570			excluded	no_human_target_in_pinned_release
Negatome 2.0	manual_stringent_site_file_2021-09-15	negative_evidence	UniProtKB_AC-ID	P35872	P35872	false	1	P35872			excluded	no_human_target_in_pinned_release
Negatome 2.0	manual_stringent_site_file_2021-09-15	negative_evidence	UniProtKB_AC-ID	P35917	P35917	false	3	P35917			excluded	no_human_target_in_pinned_release
Negatome 2.0	manual_stringent_site_file_2021-09-15	negative_evidence	UniProtKB_AC-ID	P35918	P35918	false	2	P35918			excluded	no_human_target_in_pinned_release
Negatome 2.0	manual_stringent_site_file_2021-09-15	negative_evidence	UniProtKB_AC-ID	P36046	P36046	false	1	P36046			excluded	no_human_target_in_pinned_release
Negatome 2.0	manual_stringent_site_file_2021-09-15	negative_evidence	UniProtKB_AC-ID	P37238	P37238	false	1	P37238			excluded	no_human_target_in_pinned_release
Negatome 2.0	manual_stringent_site_file_2021-09-15	negative_evidence	UniProtKB_AC-ID	P37397	P37397	false	1	P37397			excluded	no_human_target_in_pinned_release
Negatome 2.0	manual_stringent_site_file_2021-09-15	negative_evidence	UniProtKB_AC-ID	P37455	P37455	false	2	P37455			excluded	no_human_target_in_pinned_release
Negatome 2.0	manual_stringent_site_file_2021-09-15	negative_evidence	UniProtKB_AC-ID	P37889	P37889	false	2	P37889			excluded	no_human_target_in_pinned_release
Negatome 2.0	manual_stringent_site_file_2021-09-15	negative_evidence	UniProtKB_AC-ID	P38431	P38431	false	1	P38431			excluded	no_human_target_in_pinned_release
Negatome 2.0	manual_stringent_site_file_2021-09-15	negative_evidence	UniProtKB_AC-ID	P38532	P38532	false	1	P38532			excluded	no_human_target_in_pinned_release
Negatome 2.0	manual_stringent_site_file_2021-09-15	negative_evidence	UniProtKB_AC-ID	P39052	P39052	false	1	P39052			excluded	no_human_target_in_pinned_release
Negatome 2.0	manual_stringent_site_file_2021-09-15	negative_evidence	UniProtKB_AC-ID	P39429	P39429	false	1	P39429			excluded	no_human_target_in_pinned_release
Negatome 2.0	manual_stringent_site_file_2021-09-15	negative_evidence	UniProtKB_AC-ID	P39447	P39447	false	1	P39447			excluded	no_human_target_in_pinned_release
Negatome 2.0	manual_stringent_site_file_2021-09-15	negative_evidence	UniProtKB_AC-ID	P41047	P41047	false	1	P41047			excluded	no_human_target_in_pinned_release
Negatome 2.0	manual_stringent_site_file_2021-09-15	negative_evidence	UniProtKB_AC-ID	P41155	P41155	false	1	P41155			excluded	no_human_target_in_pinned_release
Negatome 2.0	manual_stringent_site_file_2021-09-15	negative_evidence	UniProtKB_AC-ID	P41274	P41274	false	1	P41274			excluded	no_human_target_in_pinned_release
Negatome 2.0	manual_stringent_site_file_2021-09-15	negative_evidence	UniProtKB_AC-ID	P41350	P41350	false	1	P41350			excluded	no_human_target_in_pinned_release
Negatome 2.0	manual_stringent_site_file_2021-09-15	negative_evidence	UniProtKB_AC-ID	P41593	P41593	false	1	P41593			excluded	no_human_target_in_pinned_release
Negatome 2.0	manual_stringent_site_file_2021-09-15	negative_evidence	UniProtKB_AC-ID	P42208	P42208	false	1	P42208			excluded	no_human_target_in_pinned_release
Negatome 2.0	manual_stringent_site_file_2021-09-15	negative_evidence	UniProtKB_AC-ID	P42212	P42212	false	1	P42212			excluded	no_human_target_in_pinned_release
Negatome 2.0	manual_stringent_site_file_2021-09-15	negative_evidence	UniProtKB_AC-ID	P42225	P42225	false	1	P42225			excluded	no_human_target_in_pinned_release
Negatome 2.0	manual_stringent_site_file_2021-09-15	negative_evidence	UniProtKB_AC-ID	P42586	P42586	false	1	P42586			excluded	no_human_target_in_pinned_release
Negatome 2.0	manual_stringent_site_file_2021-09-15	negative_evidence	UniProtKB_AC-ID	P43407	P43407	false	1	P43407			excluded	no_human_target_in_pinned_release
Negatome 2.0	manual_stringent_site_file_2021-09-15	negative_evidence	UniProtKB_AC-ID	P43488	P43488	false	1	P43488			excluded	no_human_target_in_pinned_release
Negatome 2.0	manual_stringent_site_file_2021-09-15	negative_evidence	UniProtKB_AC-ID	P45481	P45481	false	2	P45481			excluded	no_human_target_in_pinned_release
Negatome 2.0	manual_stringent_site_file_2021-09-15	negative_evidence	UniProtKB_AC-ID	P46414	P46414	false	1	P46414			excluded	no_human_target_in_pinned_release
Negatome 2.0	manual_stringent_site_file_2021-09-15	negative_evidence	UniProtKB_AC-ID	P46630	P46630	false	1	P46630			excluded	no_human_target_in_pinned_release
Negatome 2.0	manual_stringent_site_file_2021-09-15	negative_evidence	UniProtKB_AC-ID	P46662	P46662	false	1	P46662			excluded	no_human_target_in_pinned_release
Negatome 2.0	manual_stringent_site_file_2021-09-15	negative_evidence	UniProtKB_AC-ID	P47708	P47708	false	1	P47708			excluded	no_human_target_in_pinned_release
Negatome 2.0	manual_stringent_site_file_2021-09-15	negative_evidence	UniProtKB_AC-ID	P47709	P47709	false	5	P47709			excluded	no_human_target_in_pinned_release
Negatome 2.0	manual_stringent_site_file_2021-09-15	negative_evidence	UniProtKB_AC-ID	P47825	P47825	false	1	P47825			excluded	no_human_target_in_pinned_release
Negatome 2.0	manual_stringent_site_file_2021-09-15	negative_evidence	UniProtKB_AC-ID	P48415	P48415	false	1	P48415			excluded	no_human_target_in_pinned_release
Negatome 2.0	manual_stringent_site_file_2021-09-15	negative_evidence	UniProtKB_AC-ID	P48540	P48540	false	1	P48540			excluded	no_human_target_in_pinned_release
Negatome 2.0	manual_stringent_site_file_2021-09-15	negative_evidence	UniProtKB_AC-ID	P48616	P48616	false	1	P48616			excluded	no_human_target_in_pinned_release
Negatome 2.0	manual_stringent_site_file_2021-09-15	negative_evidence	UniProtKB_AC-ID	P49177	P49177	false	1	P49177			excluded	no_human_target_in_pinned_release
Negatome 2.0	manual_stringent_site_file_2021-09-15	negative_evidence	UniProtKB_AC-ID	P49185	P49185	false	2	P49185			excluded	no_human_target_in_pinned_release
Negatome 2.0	manual_stringent_site_file_2021-09-15	negative_evidence	UniProtKB_AC-ID	P49597	P49597	false	1	P49597			excluded	no_human_target_in_pinned_release
Negatome 2.0	manual_stringent_site_file_2021-09-15	negative_evidence	UniProtKB_AC-ID	P49717	P49717	false	1	P49717			excluded	no_human_target_in_pinned_release
Negatome 2.0	manual_stringent_site_file_2021-09-15	negative_evidence	UniProtKB_AC-ID	P49799	P49799	false	1	P49799			excluded	no_human_target_in_pinned_release
Negatome 2.0	manual_stringent_site_file_2021-09-15	negative_evidence	UniProtKB_AC-ID	P50462	P50462	false	1	P50462			excluded	no_human_target_in_pinned_release
Negatome 2.0	manual_stringent_site_file_2021-09-15	negative_evidence	UniProtKB_AC-ID	P50538	P50538	false	1	P50538			excluded	no_human_target_in_pinned_release
Negatome 2.0	manual_stringent_site_file_2021-09-15	negative_evidence	UniProtKB_AC-ID	P50540	P50540	false	1	P50540			excluded	no_human_target_in_pinned_release
Negatome 2.0	manual_stringent_site_file_2021-09-15	negative_evidence	UniProtKB_AC-ID	P50592	P50592	false	1	P50592			excluded	no_human_target_in_pinned_release
Negatome 2.0	manual_stringent_site_file_2021-09-15	negative_evidence	UniProtKB_AC-ID	P51111	P51111	false	1	P51111			excluded	no_human_target_in_pinned_release
Negatome 2.0	manual_stringent_site_file_2021-09-15	negative_evidence	UniProtKB_AC-ID	P51141	P51141	false	1	P51141			excluded	no_human_target_in_pinned_release
Negatome 2.0	manual_stringent_site_file_2021-09-15	negative_evidence	UniProtKB_AC-ID	P51150	P51150	false	2	P51150			excluded	no_human_target_in_pinned_release
Negatome 2.0	manual_stringent_site_file_2021-09-15	negative_evidence	UniProtKB_AC-ID	P51167	P51167	false	1	P51167			excluded	no_human_target_in_pinned_release
Negatome 2.0	manual_stringent_site_file_2021-09-15	negative_evidence	UniProtKB_AC-ID	P51680	P51680	false	3	P51680			excluded	no_human_target_in_pinned_release
Negatome 2.0	manual_stringent_site_file_2021-09-15	negative_evidence	UniProtKB_AC-ID	P52205	P52205	false	1	P52205			excluded	no_human_target_in_pinned_release
Negatome 2.0	manual_stringent_site_file_2021-09-15	negative_evidence	UniProtKB_AC-ID	P52332	P52332	false	1	P52332			excluded	no_human_target_in_pinned_release
Negatome 2.0	manual_stringent_site_file_2021-09-15	negative_evidence	UniProtKB_AC-ID	P52603	P52603	false	2	P52603			excluded	no_human_target_in_pinned_release
Negatome 2.0	manual_stringent_site_file_2021-09-15	negative_evidence	UniProtKB_AC-ID	P53566	P53566	false	1	P53566			excluded	no_human_target_in_pinned_release
Negatome 2.0	manual_stringent_site_file_2021-09-15	negative_evidence	UniProtKB_AC-ID	P53762	P53762	false	1	P53762			excluded	no_human_target_in_pinned_release
Negatome 2.0	manual_stringent_site_file_2021-09-15	negative_evidence	UniProtKB_AC-ID	P53986	P53986	false	1	P53986			excluded	no_human_target_in_pinned_release
Negatome 2.0	manual_stringent_site_file_2021-09-15	negative_evidence	UniProtKB_AC-ID	P53994	P53994	false	2	P53994			excluded	no_human_target_in_pinned_release
Negatome 2.0	manual_stringent_site_file_2021-09-15	negative_evidence	UniProtKB_AC-ID	P54130	P54130	false	2	P54130			excluded	no_human_target_in_pinned_release
Negatome 2.0	manual_stringent_site_file_2021-09-15	negative_evidence	UniProtKB_AC-ID	P54256	P54256	false	1	P54256			excluded	no_human_target_in_pinned_release
Negatome 2.0	manual_stringent_site_file_2021-09-15	negative_evidence	UniProtKB_AC-ID	P54258	P54258	false	1	P54258			excluded	no_human_target_in_pinned_release
Negatome 2.0	manual_stringent_site_file_2021-09-15	negative_evidence	UniProtKB_AC-ID	P54282	P54282	false	1	P54282			excluded	no_human_target_in_pinned_release
Negatome 2.0	manual_stringent_site_file_2021-09-15	negative_evidence	UniProtKB_AC-ID	P54394	P54394	false	1	P54394			excluded	no_human_target_in_pinned_release
Negatome 2.0	manual_stringent_site_file_2021-09-15	negative_evidence	UniProtKB_AC-ID	P54645	P54645	false	1	P54645			excluded	no_human_target_in_pinned_release
Negatome 2.0	manual_stringent_site_file_2021-09-15	negative_evidence	UniProtKB_AC-ID	P54748-1	P54748	true	4				quarantine	isoform_specific_source_not_folded_to_canonical
Negatome 2.0	manual_stringent_site_file_2021-09-15	negative_evidence	UniProtKB_AC-ID	P54748-2	P54748	true	1				quarantine	isoform_specific_source_not_folded_to_canonical
Negatome 2.0	manual_stringent_site_file_2021-09-15	negative_evidence	UniProtKB_AC-ID	P54921	P54921	false	2	P54921			excluded	no_human_target_in_pinned_release
Negatome 2.0	manual_stringent_site_file_2021-09-15	negative_evidence	UniProtKB_AC-ID	P55002	P55002	false	5	P55002			excluded	no_human_target_in_pinned_release
Negatome 2.0	manual_stringent_site_file_2021-09-15	negative_evidence	UniProtKB_AC-ID	P55258	P55258	false	5	P55258			excluded	no_human_target_in_pinned_release
Negatome 2.0	manual_stringent_site_file_2021-09-15	negative_evidence	UniProtKB_AC-ID	P56371	P56371	false	3	P56371			excluded	no_human_target_in_pinned_release
Negatome 2.0	manual_stringent_site_file_2021-09-15	negative_evidence	UniProtKB_AC-ID	P56546	P56546	false	1	P56546			excluded	no_human_target_in_pinned_release
Negatome 2.0	manual_stringent_site_file_2021-09-15	negative_evidence	UniProtKB_AC-ID	P57776	P57776	false	1	P57776			excluded	no_human_target_in_pinned_release
Negatome 2.0	manual_stringent_site_file_2021-09-15	negative_evidence	UniProtKB_AC-ID	P58772	P58772	false	2	P58772			excluded	no_human_target_in_pinned_release
Negatome 2.0	manual_stringent_site_file_2021-09-15	negative_evidence	UniProtKB_AC-ID	P60042	P60042	false	1	P60042			excluded	no_human_target_in_pinned_release
Negatome 2.0	manual_stringent_site_file_2021-09-15	negative_evidence	UniProtKB_AC-ID	P60766	P60766	false	1	P60766			excluded	no_human_target_in_pinned_release
Negatome 2.0	manual_stringent_site_file_2021-09-15	negative_evidence	UniProtKB_AC-ID	P60881	P60881	false	2	P60881			excluded	no_human_target_in_pinned_release
Negatome 2.0	manual_stringent_site_file_2021-09-15	negative_evidence	UniProtKB_AC-ID	P61027	P61027	false	7	P61027			excluded	no_human_target_in_pinned_release
Negatome 2.0	manual_stringent_site_file_2021-09-15	negative_evidence	UniProtKB_AC-ID	P61588	P61588	false	1	P61588			excluded	no_human_target_in_pinned_release
Negatome 2.0	manual_stringent_site_file_2021-09-15	negative_evidence	UniProtKB_AC-ID	P61765	P61765	false	1	P61765			excluded	no_human_target_in_pinned_release
Negatome 2.0	manual_stringent_site_file_2021-09-15	negative_evidence	UniProtKB_AC-ID	P62149	P62149	false	1	P62149			excluded	no_human_target_in_pinned_release
Negatome 2.0	manual_stringent_site_file_2021-09-15	negative_evidence	UniProtKB_AC-ID	P62157	P62157	false	1	P62157			excluded	no_human_target_in_pinned_release
Negatome 2.0	manual_stringent_site_file_2021-09-15	negative_evidence	UniProtKB_AC-ID	P62158	P62158	false	31	P0DP23;P0DP24;P0DP25	P0DP23;P0DP24;P0DP25		quarantine	multiple_reviewed_human_targets
Negatome 2.0	manual_stringent_site_file_2021-09-15	negative_evidence	UniProtKB_AC-ID	P62160	P62160	false	1	P62160			excluded	no_human_target_in_pinned_release
Negatome 2.0	manual_stringent_site_file_2021-09-15	negative_evidence	UniProtKB_AC-ID	P62161	P62161	false	3	P0DP29;P0DP30;P0DP31			excluded	no_human_target_in_pinned_release
Negatome 2.0	manual_stringent_site_file_2021-09-15	negative_evidence	UniProtKB_AC-ID	P62199	P62199	false	1	P62199			excluded	no_human_target_in_pinned_release
Negatome 2.0	manual_stringent_site_file_2021-09-15	negative_evidence	UniProtKB_AC-ID	P62259	P62259	false	1	P62259			excluded	no_human_target_in_pinned_release
Negatome 2.0	manual_stringent_site_file_2021-09-15	negative_evidence	UniProtKB_AC-ID	P62331	P62331	false	1	P62331			excluded	no_human_target_in_pinned_release
Negatome 2.0	manual_stringent_site_file_2021-09-15	negative_evidence	UniProtKB_AC-ID	P62492	P62492	false	2	P62492			excluded	no_human_target_in_pinned_release
Negatome 2.0	manual_stringent_site_file_2021-09-15	negative_evidence	UniProtKB_AC-ID	P62500	P62500	false	2	P62500			excluded	no_human_target_in_pinned_release
Negatome 2.0	manual_stringent_site_file_2021-09-15	negative_evidence	UniProtKB_AC-ID	P62630	P62630	false	1	P62630			excluded	no_human_target_in_pinned_release
Negatome 2.0	manual_stringent_site_file_2021-09-15	negative_evidence	UniProtKB_AC-ID	P62813	P62813	false	1	P62813			excluded	no_human_target_in_pinned_release
Negatome 2.0	manual_stringent_site_file_2021-09-15	negative_evidence	UniProtKB_AC-ID	P62821	P62821	false	2	P62821			excluded	no_human_target_in_pinned_release
Negatome 2.0	manual_stringent_site_file_2021-09-15	negative_evidence	UniProtKB_AC-ID	P62880	P62880	false	1	P62880			excluded	no_human_target_in_pinned_release
Negatome 2.0	manual_stringent_site_file_2021-09-15	negative_evidence	UniProtKB_AC-ID	P62960	P62960	false	1	P62960			excluded	no_human_target_in_pinned_release
Negatome 2.0	manual_stringent_site_file_2021-09-15	negative_evidence	UniProtKB_AC-ID	P62988	P62988	false	1	P0CG47;P0CG48;P62979;P62987	P0CG47;P0CG48;P62979;P62987		quarantine	multiple_reviewed_human_targets
Negatome 2.0	manual_stringent_site_file_2021-09-15	negative_evidence	UniProtKB_AC-ID	P62994	P62994	false	1	P62994			excluded	no_human_target_in_pinned_release
Negatome 2.0	manual_stringent_site_file_2021-09-15	negative_evidence	UniProtKB_AC-ID	P63001	P63001	false	2	P63001			excluded	no_human_target_in_pinned_release
Negatome 2.0	manual_stringent_site_file_2021-09-15	negative_evidence	UniProtKB_AC-ID	P63006	P63006	false	1	P63006			excluded	no_human_target_in_pinned_release
Negatome 2.0	manual_stringent_site_file_2021-09-15	negative_evidence	UniProtKB_AC-ID	P63011	P63011	false	4	P63011			excluded	no_human_target_in_pinned_release
Negatome 2.0	manual_stringent_site_file_2021-09-15	negative_evidence	UniProtKB_AC-ID	P63045	P63045	false	1	P63045			excluded	no_human_target_in_pinned_release
Negatome 2.0	manual_stringent_site_file_2021-09-15	negative_evidence	UniProtKB_AC-ID	P63059	P63059	false	2	P63059			excluded	no_human_target_in_pinned_release
Negatome 2.0	manual_stringent_site_file_2021-09-15	negative_evidence	UniProtKB_AC-ID	P63079	P63079	false	1	P63079			excluded	no_human_target_in_pinned_release
Negatome 2.0	manual_stringent_site_file_2021-09-15	negative_evidence	UniProtKB_AC-ID	P63095	P63095	false	1	P63095			excluded	no_human_target_in_pinned_release
Negatome 2.0	manual_stringent_site_file_2021-09-15	negative_evidence	UniProtKB_AC-ID	P63101	P63101	false	1	P63101			excluded	no_human_target_in_pinned_release
Negatome 2.0	manual_stringent_site_file_2021-09-15	negative_evidence	UniProtKB_AC-ID	P63140	P63140	false	1	P63140			excluded	no_human_target_in_pinned_release
Negatome 2.0	manual_stringent_site_file_2021-09-15	negative_evidence	UniProtKB_AC-ID	P63170	P63170	false	1	P63170			excluded	no_human_target_in_pinned_release
Negatome 2.0	manual_stringent_site_file_2021-09-15	negative_evidence	UniProtKB_AC-ID	P63213	P63213	false	1	P63213			excluded	no_human_target_in_pinned_release
Negatome 2.0	manual_stringent_site_file_2021-09-15	negative_evidence	UniProtKB_AC-ID	P63239	P63239	false	1	P63239			excluded	no_human_target_in_pinned_release
Negatome 2.0	manual_stringent_site_file_2021-09-15	negative_evidence	UniProtKB_AC-ID	P63300	P63300	false	1	P63300			excluded	no_human_target_in_pinned_release
Negatome 2.0	manual_stringent_site_file_2021-09-15	negative_evidence	UniProtKB_AC-ID	P63329	P63329	false	1	P63329			excluded	no_human_target_in_pinned_release
Negatome 2.0	manual_stringent_site_file_2021-09-15	negative_evidence	UniProtKB_AC-ID	P63330	P63330	false	1	P63330			excluded	no_human_target_in_pinned_release
Negatome 2.0	manual_stringent_site_file_2021-09-15	negative_evidence	UniProtKB_AC-ID	P67930	P67930	false	1	P67930			excluded	no_human_target_in_pinned_release
Negatome 2.0	manual_stringent_site_file_2021-09-15	negative_evidence	UniProtKB_AC-ID	P68254	P68254	false	1	P68254			excluded	no_human_target_in_pinned_release
Negatome 2.0	manual_stringent_site_file_2021-09-15	negative_evidence	UniProtKB_AC-ID	P69908	P69908	false	1	P69908			excluded	no_human_target_in_pinned_release
Negatome 2.0	manual_stringent_site_file_2021-09-15	negative_evidence	UniProtKB_AC-ID	P70188	P70188	false	1	P70188			excluded	no_human_target_in_pinned_release
Negatome 2.0	manual_stringent_site_file_2021-09-15	negative_evidence	UniProtKB_AC-ID	P70196	P70196	false	3	P70196			excluded	no_human_target_in_pinned_release
Negatome 2.0	manual_stringent_site_file_2021-09-15	negative_evidence	UniProtKB_AC-ID	P70217	P70217	false	1	P70217			excluded	no_human_target_in_pinned_release
Negatome 2.0	manual_stringent_site_file_2021-09-15	negative_evidence	UniProtKB_AC-ID	P70323	P70323	false	3	P70323			excluded	no_human_target_in_pinned_release
Negatome 2.0	manual_stringent_site_file_2021-09-15	negative_evidence	UniProtKB_AC-ID	P70336	P70336	false	1	P70336			excluded	no_human_target_in_pinned_release
Negatome 2.0	manual_stringent_site_file_2021-09-15	negative_evidence	UniProtKB_AC-ID	P70339	P70339	false	1	P70339			excluded	no_human_target_in_pinned_release
Negatome 2.0	manual_stringent_site_file_2021-09-15	negative_evidence	UniProtKB_AC-ID	P70371	P70371	false	3	P70371			excluded	no_human_target_in_pinned_release
Negatome 2.0	manual_stringent_site_file_2021-09-15	negative_evidence	UniProtKB_AC-ID	P70434	P70434	false	1	P70434			excluded	no_human_target_in_pinned_release
Negatome 2.0	manual_stringent_site_file_2021-09-15	negative_evidence	UniProtKB_AC-ID	P70452	P70452	false	2	P70452			excluded	no_human_target_in_pinned_release
Negatome 2.0	manual_stringent_site_file_2021-09-15	negative_evidence	UniProtKB_AC-ID	P70644	P70644	false	2	P70644			excluded	no_human_target_in_pinned_release
Negatome 2.0	manual_stringent_site_file_2021-09-15	negative_evidence	UniProtKB_AC-ID	P70671	P70671	false	1	P70671			excluded	no_human_target_in_pinned_release
Negatome 2.0	manual_stringent_site_file_2021-09-15	negative_evidence	UniProtKB_AC-ID	P79348	P79348	false	1	P79348			excluded	no_human_target_in_pinned_release
Negatome 2.0	manual_stringent_site_file_2021-09-15	negative_evidence	UniProtKB_AC-ID	P80385	P80385	false	1	P80385			excluded	no_human_target_in_pinned_release
Negatome 2.0	manual_stringent_site_file_2021-09-15	negative_evidence	UniProtKB_AC-ID	P82471	P82471	false	1	P82471			excluded	no_human_target_in_pinned_release
Negatome 2.0	manual_stringent_site_file_2021-09-15	negative_evidence	UniProtKB_AC-ID	P92973	P92973	false	1	P92973			excluded	no_human_target_in_pinned_release
Negatome 2.0	manual_stringent_site_file_2021-09-15	negative_evidence	UniProtKB_AC-ID	P97287	P97287	false	1	P97287			excluded	no_human_target_in_pinned_release
Negatome 2.0	manual_stringent_site_file_2021-09-15	negative_evidence	UniProtKB_AC-ID	P97428	P97428	false	1	P97428			excluded	no_human_target_in_pinned_release
Negatome 2.0	manual_stringent_site_file_2021-09-15	negative_evidence	UniProtKB_AC-ID	P97454	P97454	false	1	P97454			excluded	no_human_target_in_pinned_release
Negatome 2.0	manual_stringent_site_file_2021-09-15	negative_evidence	UniProtKB_AC-ID	P97465	P97465	false	1	P97465			excluded	no_human_target_in_pinned_release
Negatome 2.0	manual_stringent_site_file_2021-09-15	negative_evidence	UniProtKB_AC-ID	P97471	P97471	false	4	P97471			excluded	no_human_target_in_pinned_release
Negatome 2.0	manual_stringent_site_file_2021-09-15	negative_evidence	UniProtKB_AC-ID	P97503	P97503	false	5	P97503			excluded	no_human_target_in_pinned_release
Negatome 2.0	manual_stringent_site_file_2021-09-15	negative_evidence	UniProtKB_AC-ID	P97797	P97797	false	1	P97797			excluded	no_human_target_in_pinned_release
Negatome 2.0	manual_stringent_site_file_2021-09-15	negative_evidence	UniProtKB_AC-ID	P97879	P97879	false	1	P97879			excluded	no_human_target_in_pinned_release
Negatome 2.0	manual_stringent_site_file_2021-09-15	negative_evidence	UniProtKB_AC-ID	P97946	P97946	false	1	P97946			excluded	no_human_target_in_pinned_release
Negatome 2.0	manual_stringent_site_file_2021-09-15	negative_evidence	UniProtKB_AC-ID	P98078-3	P98078	true	2				quarantine	isoform_specific_source_not_folded_to_canonical
Negatome 2.0	manual_stringent_site_file_2021-09-15	negative_evidence	UniProtKB_AC-ID	P98086	P98086	false	1	P98086			excluded	no_human_target_in_pinned_release
Negatome 2.0	manual_stringent_site_file_2021-09-15	negative_evidence	UniProtKB_AC-ID	Q00262	Q00262	false	4	Q00262			excluded	no_human_target_in_pinned_release
Negatome 2.0	manual_stringent_site_file_2021-09-15	negative_evidence	UniProtKB_AC-ID	Q00322	Q00322	false	1	Q00322			excluded	no_human_target_in_pinned_release
Negatome 2.0	manual_stringent_site_file_2021-09-15	negative_evidence	UniProtKB_AC-ID	Q00731	Q00731	false	2	Q00731			excluded	no_human_target_in_pinned_release
Negatome 2.0	manual_stringent_site_file_2021-09-15	negative_evidence	UniProtKB_AC-ID	Q00960	Q00960	false	1	Q00960			excluded	no_human_target_in_pinned_release
Negatome 2.0	manual_stringent_site_file_2021-09-15	negative_evidence	UniProtKB_AC-ID	Q01147	Q01147	false	1	Q01147			excluded	no_human_target_in_pinned_release
Negatome 2.0	manual_stringent_site_file_2021-09-15	negative_evidence	UniProtKB_AC-ID	Q01279	Q01279	false	1	Q01279			excluded	no_human_target_in_pinned_release
Negatome 2.0	manual_stringent_site_file_2021-09-15	negative_evidence	UniProtKB_AC-ID	Q01593	Q01593	false	1	Q01593			excluded	no_human_target_in_pinned_release
Negatome 2.0	manual_stringent_site_file_2021-09-15	negative_evidence	UniProtKB_AC-ID	Q01705	Q01705	false	2	Q01705			excluded	no_human_target_in_pinned_release
Negatome 2.0	manual_stringent_site_file_2021-09-15	negative_evidence	UniProtKB_AC-ID	Q01728	Q01728	false	4	Q01728			excluded	no_human_target_in_pinned_release
Negatome 2.0	manual_stringent_site_file_2021-09-15	negative_evidence	UniProtKB_AC-ID	Q02242	Q02242	false	1	Q02242			excluded	no_human_target_in_pinned_release
Negatome 2.0	manual_stringent_site_file_2021-09-15	negative_evidence	UniProtKB_AC-ID	Q02248	Q02248	false	2	Q02248			excluded	no_human_target_in_pinned_release
Negatome 2.0	manual_stringent_site_file_2021-09-15	negative_evidence	UniProtKB_AC-ID	Q02257	Q02257	false	1	Q02257			excluded	no_human_target_in_pinned_release
Negatome 2.0	manual_stringent_site_file_2021-09-15	negative_evidence	UniProtKB_AC-ID	Q02357	Q02357	false	1	Q02357			excluded	no_human_target_in_pinned_release
Negatome 2.0	manual_stringent_site_file_2021-09-15	negative_evidence	UniProtKB_AC-ID	Q02821	Q02821	false	1	Q02821			excluded	no_human_target_in_pinned_release
Negatome 2.0	manual_stringent_site_file_2021-09-15	negative_evidence	UniProtKB_AC-ID	Q02870	Q02870	false	1	Q02870			excluded	no_human_target_in_pinned_release
Negatome 2.0	manual_stringent_site_file_2021-09-15	negative_evidence	UniProtKB_AC-ID	Q03059	Q03059	false	1	Q03059			excluded	no_human_target_in_pinned_release
Negatome 2.0	manual_stringent_site_file_2021-09-15	negative_evidence	UniProtKB_AC-ID	Q03137	Q03137	false	1	Q03137			excluded	no_human_target_in_pinned_release
Negatome 2.0	manual_stringent_site_file_2021-09-15	negative_evidence	UniProtKB_AC-ID	Q03141	Q03141	false	1	Q03141			excluded	no_human_target_in_pinned_release
Negatome 2.0	manual_stringent_site_file_2021-09-15	negative_evidence	UniProtKB_AC-ID	Q03142	Q03142	false	1	Q03142			excluded	no_human_target_in_pinned_release
Negatome 2.0	manual_stringent_site_file_2021-09-15	negative_evidence	UniProtKB_AC-ID	Q03147	Q03147	false	1	Q03147			excluded	no_human_target_in_pinned_release
Negatome 2.0	manual_stringent_site_file_2021-09-15	negative_evidence	UniProtKB_AC-ID	Q04047	Q04047	false	1	Q04047			excluded	no_human_target_in_pinned_release
Negatome 2.0	manual_stringent_site_file_2021-09-15	negative_evidence	UniProtKB_AC-ID	Q04207	Q04207	false	1	Q04207			excluded	no_human_target_in_pinned_release
Negatome 2.0	manual_stringent_site_file_2021-09-15	negative_evidence	UniProtKB_AC-ID	Q04863	Q04863	false	2	Q04863			excluded	no_human_target_in_pinned_release
Negatome 2.0	manual_stringent_site_file_2021-09-15	negative_evidence	UniProtKB_AC-ID	Q05343	Q05343	false	1	Q05343			excluded	no_human_target_in_pinned_release
Negatome 2.0	manual_stringent_site_file_2021-09-15	negative_evidence	UniProtKB_AC-ID	Q05793	Q05793	false	1	Q05793			excluded	no_human_target_in_pinned_release
Negatome 2.0	manual_stringent_site_file_2021-09-15	negative_evidence	UniProtKB_AC-ID	Q07343-1	Q07343	true	1	Q07343	Q07343		quarantine	isoform_specific_source_not_folded_to_canonical
Negatome 2.0	manual_stringent_site_file_2021-09-15	negative_evidence	UniProtKB_AC-ID	Q07343-2	Q07343	true	1	Q07343	Q07343		quarantine	isoform_specific_source_not_folded_to_canonical
Negatome 2.0	manual_stringent_site_file_2021-09-15	negative_evidence	UniProtKB_AC-ID	Q07343-3	Q07343	true	1	Q07343	Q07343		quarantine	isoform_specific_source_not_folded_to_canonical
Negatome 2.0	manual_stringent_site_file_2021-09-15	negative_evidence	UniProtKB_AC-ID	Q07731	Q07731	false	2	Q07731			excluded	no_human_target_in_pinned_release
Negatome 2.0	manual_stringent_site_file_2021-09-15	negative_evidence	UniProtKB_AC-ID	Q07813	Q07813	false	1	Q07813			excluded	no_human_target_in_pinned_release
Negatome 2.0	manual_stringent_site_file_2021-09-15	negative_evidence	UniProtKB_AC-ID	Q07820-1	Q07820	true	5	Q07820	Q07820		quarantine	isoform_specific_source_not_folded_to_canonical
Negatome 2.0	manual_stringent_site_file_2021-09-15	negative_evidence	UniProtKB_AC-ID	Q07820-2	Q07820	true	10	Q07820	Q07820		quarantine	isoform_specific_source_not_folded_to_canonical
Negatome 2.0	manual_stringent_site_file_2021-09-15	negative_evidence	UniProtKB_AC-ID	Q07832	Q07832	false	1	Q07832			excluded	no_human_target_in_pinned_release
Negatome 2.0	manual_stringent_site_file_2021-09-15	negative_evidence	UniProtKB_AC-ID	Q08024	Q08024	false	1	Q08024			excluded	no_human_target_in_pinned_release
Negatome 2.0	manual_stringent_site_file_2021-09-15	negative_evidence	UniProtKB_AC-ID	Q08125	Q08125	false	1	Q08125			excluded	no_human_target_in_pinned_release
Negatome 2.0	manual_stringent_site_file_2021-09-15	negative_evidence	UniProtKB_AC-ID	Q08473	Q08473	false	1	Q08473			excluded	no_human_target_in_pinned_release
Negatome 2.0	manual_stringent_site_file_2021-09-15	negative_evidence	UniProtKB_AC-ID	Q08493-2	Q08493	true	1	Q08493	Q08493		quarantine	isoform_specific_source_not_folded_to_canonical
Negatome 2.0	manual_stringent_site_file_2021-09-15	negative_evidence	UniProtKB_AC-ID	Q08499-1	Q08499	true	1	Q08499	Q08499		quarantine	isoform_specific_source_not_folded_to_canonical
Negatome 2.0	manual_stringent_site_file_2021-09-15	negative_evidence	UniProtKB_AC-ID	Q08499-4	Q08499	true	1	Q08499	Q08499		quarantine	isoform_specific_source_not_folded_to_canonical
Negatome 2.0	manual_stringent_site_file_2021-09-15	negative_evidence	UniProtKB_AC-ID	Q08499-5	Q08499	true	1	Q08499	Q08499		quarantine	isoform_specific_source_not_folded_to_canonical
Negatome 2.0	manual_stringent_site_file_2021-09-15	negative_evidence	UniProtKB_AC-ID	Q08499-6	Q08499	true	2	Q08499	Q08499		quarantine	isoform_specific_source_not_folded_to_canonical
Negatome 2.0	manual_stringent_site_file_2021-09-15	negative_evidence	UniProtKB_AC-ID	Q08499-7	Q08499	true	1	Q08499	Q08499		quarantine	isoform_specific_source_not_folded_to_canonical
Negatome 2.0	manual_stringent_site_file_2021-09-15	negative_evidence	UniProtKB_AC-ID	Q08877	Q08877	false	1	Q08877			excluded	no_human_target_in_pinned_release
Negatome 2.0	manual_stringent_site_file_2021-09-15	negative_evidence	UniProtKB_AC-ID	Q08879	Q08879	false	2	Q08879			excluded	no_human_target_in_pinned_release
Negatome 2.0	manual_stringent_site_file_2021-09-15	negative_evidence	UniProtKB_AC-ID	Q09163	Q09163	false	1	Q09163			excluded	no_human_target_in_pinned_release
Negatome 2.0	manual_stringent_site_file_2021-09-15	negative_evidence	UniProtKB_AC-ID	Q0VC48	Q0VC48	false	2	Q0VC48			excluded	no_human_target_in_pinned_release
Negatome 2.0	manual_stringent_site_file_2021-09-15	negative_evidence	UniProtKB_AC-ID	Q10282	Q10282	false	1	Q10282			excluded	no_human_target_in_pinned_release
Negatome 2.0	manual_stringent_site_file_2021-09-15	negative_evidence	UniProtKB_AC-ID	Q15303-3	Q15303	true	1	Q15303	Q15303		quarantine	isoform_specific_source_not_folded_to_canonical
Negatome 2.0	manual_stringent_site_file_2021-09-15	negative_evidence	UniProtKB_AC-ID	Q15750-2	Q15750	true	1	Q15750	Q15750		quarantine	isoform_specific_source_not_folded_to_canonical
Negatome 2.0	manual_stringent_site_file_2021-09-15	negative_evidence	UniProtKB_AC-ID	Q1JU68	Q1JU68	false	1	Q1JU68			excluded	no_human_target_in_pinned_release
Negatome 2.0	manual_stringent_site_file_2021-09-15	negative_evidence	UniProtKB_AC-ID	Q1M168	Q1M168	false	1	Q1M168			excluded	no_human_target_in_pinned_release
Negatome 2.0	manual_stringent_site_file_2021-09-15	negative_evidence	UniProtKB_AC-ID	Q20024	Q20024	false	1	Q20024			excluded	no_human_target_in_pinned_release
Negatome 2.0	manual_stringent_site_file_2021-09-15	negative_evidence	UniProtKB_AC-ID	Q20758	Q20758	false	2	Q20758			excluded	no_human_target_in_pinned_release
Negatome 2.0	manual_stringent_site_file_2021-09-15	negative_evidence	UniProtKB_AC-ID	Q24311	Q24311	false	1	Q24311			excluded	no_human_target_in_pinned_release
Negatome 2.0	manual_stringent_site_file_2021-09-15	negative_evidence	UniProtKB_AC-ID	Q24468	Q24468	false	2	Q24468			excluded	no_human_target_in_pinned_release
Negatome 2.0	manual_stringent_site_file_2021-09-15	negative_evidence	UniProtKB_AC-ID	Q26807	Q26807	false	1	Q26807			excluded	no_human_target_in_pinned_release
Negatome 2.0	manual_stringent_site_file_2021-09-15	negative_evidence	UniProtKB_AC-ID	Q28177	Q28177	false	1	Q28177			excluded	no_human_target_in_pinned_release
Negatome 2.0	manual_stringent_site_file_2021-09-15	negative_evidence	UniProtKB_AC-ID	Q2EMV9	Q2EMV9	false	1	Q2EMV9			excluded	no_human_target_in_pinned_release
Negatome 2.0	manual_stringent_site_file_2021-09-15	negative_evidence	UniProtKB_AC-ID	Q32L40	Q32L40	false	1	Q32L40			excluded	no_human_target_in_pinned_release
Negatome 2.0	manual_stringent_site_file_2021-09-15	negative_evidence	UniProtKB_AC-ID	Q32NU6	Q32NU6	false	1	Q32NU6			excluded	no_human_target_in_pinned_release
Negatome 2.0	manual_stringent_site_file_2021-09-15	negative_evidence	UniProtKB_AC-ID	Q38898	Q38898	false	1	Q38898			excluded	no_human_target_in_pinned_release
Negatome 2.0	manual_stringent_site_file_2021-09-15	negative_evidence	UniProtKB_AC-ID	Q39128	Q39128	false	1	Q39128			excluded	no_human_target_in_pinned_release
Negatome 2.0	manual_stringent_site_file_2021-09-15	negative_evidence	UniProtKB_AC-ID	Q3T115	Q3T115	false	1	Q3T115			excluded	no_human_target_in_pinned_release
Negatome 2.0	manual_stringent_site_file_2021-09-15	negative_evidence	UniProtKB_AC-ID	Q3T1J5	Q3T1J5	false	1	Q3T1J5			excluded	no_human_target_in_pinned_release
Negatome 2.0	manual_stringent_site_file_2021-09-15	negative_evidence	UniProtKB_AC-ID	Q3UES3	Q3UES3	false	1	Q3UES3			excluded	no_human_target_in_pinned_release
Negatome 2.0	manual_stringent_site_file_2021-09-15	negative_evidence	UniProtKB_AC-ID	Q3UMR0	Q3UMR0	false	1	Q3UMR0			excluded	no_human_target_in_pinned_release
Negatome 2.0	manual_stringent_site_file_2021-09-15	negative_evidence	UniProtKB_AC-ID	Q3UPW8	Q3UPW8	false	8	Q3UPW8			excluded	no_human_target_in_pinned_release
Negatome 2.0	manual_stringent_site_file_2021-09-15	negative_evidence	UniProtKB_AC-ID	Q42545	Q42545	false	1	Q42545			excluded	no_human_target_in_pinned_release
Negatome 2.0	manual_stringent_site_file_2021-09-15	negative_evidence	UniProtKB_AC-ID	Q43373	Q43373	false	1	Q43373			excluded	no_human_target_in_pinned_release
Negatome 2.0	manual_stringent_site_file_2021-09-15	negative_evidence	UniProtKB_AC-ID	Q44790	Q44790	false	1	Q44790			excluded	no_human_target_in_pinned_release
Negatome 2.0	manual_stringent_site_file_2021-09-15	negative_evidence	UniProtKB_AC-ID	Q4G050	Q4G050	false	1	Q4G050			excluded	no_human_target_in_pinned_release
Negatome 2.0	manual_stringent_site_file_2021-09-15	negative_evidence	UniProtKB_AC-ID	Q4GWZ2	Q4GWZ2	false	1	Q4GWZ2			excluded	no_human_target_in_pinned_release
Negatome 2.0	manual_stringent_site_file_2021-09-15	negative_evidence	UniProtKB_AC-ID	Q505F1	Q505F1	false	1	Q505F1			excluded	no_human_target_in_pinned_release
Negatome 2.0	manual_stringent_site_file_2021-09-15	negative_evidence	UniProtKB_AC-ID	Q548T0	Q548T0	false	4	Q548T0			excluded	no_human_target_in_pinned_release
Negatome 2.0	manual_stringent_site_file_2021-09-15	negative_evidence	UniProtKB_AC-ID	Q549X6	Q549X6	false	5	Q549X6			excluded	no_human_target_in_pinned_release
Negatome 2.0	manual_stringent_site_file_2021-09-15	negative_evidence	UniProtKB_AC-ID	Q58A65	Q58A65	false	1	Q58A65			excluded	no_human_target_in_pinned_release
Negatome 2.0	manual_stringent_site_file_2021-09-15	negative_evidence	UniProtKB_AC-ID	Q58DJ8	Q58DJ8	false	1	Q58DJ8			excluded	no_human_target_in_pinned_release
Negatome 2.0	manual_stringent_site_file_2021-09-15	negative_evidence	UniProtKB_AC-ID	Q5FWY5	Q5FWY5	false	7	Q5FWY5			excluded	no_human_target_in_pinned_release
Negatome 2.0	manual_stringent_site_file_2021-09-15	negative_evidence	UniProtKB_AC-ID	Q5M9N9	Q5M9N9	false	1	Q5M9N9			excluded	no_human_target_in_pinned_release
Negatome 2.0	manual_stringent_site_file_2021-09-15	negative_evidence	UniProtKB_AC-ID	Q5SJE9	Q5SJE9	false	1	Q5SJE9			excluded	no_human_target_in_pinned_release
Negatome 2.0	manual_stringent_site_file_2021-09-15	negative_evidence	UniProtKB_AC-ID	Q5SNZ0	Q5SNZ0	false	3	Q5SNZ0			excluded	no_human_target_in_pinned_release
Negatome 2.0	manual_stringent_site_file_2021-09-15	negative_evidence	UniProtKB_AC-ID	Q5U2N4	Q5U2N4	false	1	Q5U2N4			excluded	no_human_target_in_pinned_release
Negatome 2.0	manual_stringent_site_file_2021-09-15	negative_evidence	UniProtKB_AC-ID	Q5U2T9	Q5U2T9	false	1	Q5U2T9			excluded	no_human_target_in_pinned_release
Negatome 2.0	manual_stringent_site_file_2021-09-15	negative_evidence	UniProtKB_AC-ID	Q5UEC5	Q5UEC5	false	2	Q5UEC5			excluded	no_human_target_in_pinned_release
Negatome 2.0	manual_stringent_site_file_2021-09-15	negative_evidence	UniProtKB_AC-ID	Q60749	Q60749	false	1	Q60749			excluded	no_human_target_in_pinned_release
Negatome 2.0	manual_stringent_site_file_2021-09-15	negative_evidence	UniProtKB_AC-ID	Q60770	Q60770	false	3	Q60770			excluded	no_human_target_in_pinned_release
Negatome 2.0	manual_stringent_site_file_2021-09-15	negative_evidence	UniProtKB_AC-ID	Q60841	Q60841	false	1	Q60841			excluded	no_human_target_in_pinned_release
Negatome 2.0	manual_stringent_site_file_2021-09-15	negative_evidence	UniProtKB_AC-ID	Q60948	Q60948	false	1	Q60948			excluded	no_human_target_in_pinned_release
Negatome 2.0	manual_stringent_site_file_2021-09-15	negative_evidence	UniProtKB_AC-ID	Q60953	Q60953	false	1	Q60953			excluded	no_human_target_in_pinned_release
Negatome 2.0	manual_stringent_site_file_2021-09-15	negative_evidence	UniProtKB_AC-ID	Q60954	Q60954	false	1	Q60954			excluded	no_human_target_in_pinned_release
Negatome 2.0	manual_stringent_site_file_2021-09-15	negative_evidence	UniProtKB_AC-ID	Q60972	Q60972	false	1	Q60972			excluded	no_human_target_in_pinned_release
Negatome 2.0	manual_stringent_site_file_2021-09-15	negative_evidence	UniProtKB_AC-ID	Q60974	Q60974	false	2	Q60974			excluded	no_human_target_in_pinned_release
Negatome 2.0	manual_stringent_site_file_2021-09-15	negative_evidence	UniProtKB_AC-ID	Q61037	Q61037	false	2	Q61037			excluded	no_human_target_in_pinned_release
Negatome 2.0	manual_stringent_site_file_2021-09-15	negative_evidence	UniProtKB_AC-ID	Q61097	Q61097	false	2	Q61097			excluded	no_human_target_in_pinned_release
Negatome 2.0	manual_stringent_site_file_2021-09-15	negative_evidence	UniProtKB_AC-ID	Q61146	Q61146	false	1	Q61146			excluded	no_human_target_in_pinned_release
Negatome 2.0	manual_stringent_site_file_2021-09-15	negative_evidence	UniProtKB_AC-ID	Q61205	Q61205	false	1	Q61205			excluded	no_human_target_in_pinned_release
Negatome 2.0	manual_stringent_site_file_2021-09-15	negative_evidence	UniProtKB_AC-ID	Q61206	Q61206	false	1	Q61206			excluded	no_human_target_in_pinned_release
Negatome 2.0	manual_stringent_site_file_2021-09-15	negative_evidence	UniProtKB_AC-ID	Q61391	Q61391	false	1	Q61391			excluded	no_human_target_in_pinned_release
Negatome 2.0	manual_stringent_site_file_2021-09-15	negative_evidence	UniProtKB_AC-ID	Q61410	Q61410	false	2	Q61410			excluded	no_human_target_in_pinned_release
Negatome 2.0	manual_stringent_site_file_2021-09-15	negative_evidence	UniProtKB_AC-ID	Q61501	Q61501	false	2	Q61501			excluded	no_human_target_in_pinned_release
Negatome 2.0	manual_stringent_site_file_2021-09-15	negative_evidence	UniProtKB_AC-ID	Q61502	Q61502	false	1	Q61502			excluded	no_human_target_in_pinned_release
Negatome 2.0	manual_stringent_site_file_2021-09-15	negative_evidence	UniProtKB_AC-ID	Q61508	Q61508	false	1	Q61508			excluded	no_human_target_in_pinned_release
Negatome 2.0	manual_stringent_site_file_2021-09-15	negative_evidence	UniProtKB_AC-ID	Q61559	Q61559	false	1	Q61559			excluded	no_human_target_in_pinned_release
Negatome 2.0	manual_stringent_site_file_2021-09-15	negative_evidence	UniProtKB_AC-ID	Q61584	Q61584	false	1	Q61584			excluded	no_human_target_in_pinned_release
Negatome 2.0	manual_stringent_site_file_2021-09-15	negative_evidence	UniProtKB_AC-ID	Q61635	Q61635	false	1	Q61635			excluded	no_human_target_in_pinned_release
Negatome 2.0	manual_stringent_site_file_2021-09-15	negative_evidence	UniProtKB_AC-ID	Q61730	Q61730	false	2	Q61730			excluded	no_human_target_in_pinned_release
Negatome 2.0	manual_stringent_site_file_2021-09-15	negative_evidence	UniProtKB_AC-ID	Q61768	Q61768	false	1	Q61768			excluded	no_human_target_in_pinned_release
Negatome 2.0	manual_stringent_site_file_2021-09-15	negative_evidence	UniProtKB_AC-ID	Q61881	Q61881	false	1	Q61881			excluded	no_human_target_in_pinned_release
Negatome 2.0	manual_stringent_site_file_2021-09-15	negative_evidence	UniProtKB_AC-ID	Q61982	Q61982	false	1	Q61982			excluded	no_human_target_in_pinned_release
Negatome 2.0	manual_stringent_site_file_2021-09-15	negative_evidence	UniProtKB_AC-ID	Q62009	Q62009	false	1	Q62009			excluded	no_human_target_in_pinned_release
Negatome 2.0	manual_stringent_site_file_2021-09-15	negative_evidence	UniProtKB_AC-ID	Q62106	Q62106	false	1	P05143			excluded	no_human_target_in_pinned_release
Negatome 2.0	manual_stringent_site_file_2021-09-15	negative_evidence	UniProtKB_AC-ID	Q62108	Q62108	false	2	Q62108			excluded	no_human_target_in_pinned_release
Negatome 2.0	manual_stringent_site_file_2021-09-15	negative_evidence	UniProtKB_AC-ID	Q62120	Q62120	false	1	Q62120			excluded	no_human_target_in_pinned_release
Negatome 2.0	manual_stringent_site_file_2021-09-15	negative_evidence	UniProtKB_AC-ID	Q62132	Q62132	false	2	Q62132			excluded	no_human_target_in_pinned_release
Negatome 2.0	manual_stringent_site_file_2021-09-15	negative_evidence	UniProtKB_AC-ID	Q62219	Q62219	false	1	Q62219			excluded	no_human_target_in_pinned_release
Negatome 2.0	manual_stringent_site_file_2021-09-15	negative_evidence	UniProtKB_AC-ID	Q62227	Q62227	false	1	Q62227			excluded	no_human_target_in_pinned_release
Negatome 2.0	manual_stringent_site_file_2021-09-15	negative_evidence	UniProtKB_AC-ID	Q62312	Q62312	false	2	Q62312			excluded	no_human_target_in_pinned_release
Negatome 2.0	manual_stringent_site_file_2021-09-15	negative_evidence	UniProtKB_AC-ID	Q62414	Q62414	false	1	Q62414			excluded	no_human_target_in_pinned_release
Negatome 2.0	manual_stringent_site_file_2021-09-15	negative_evidence	UniProtKB_AC-ID	Q62417-3	Q62417	true	1				quarantine	isoform_specific_source_not_folded_to_canonical
Negatome 2.0	manual_stringent_site_file_2021-09-15	negative_evidence	UniProtKB_AC-ID	Q62424	Q62424	false	1	Q62424			excluded	no_human_target_in_pinned_release
Negatome 2.0	manual_stringent_site_file_2021-09-15	negative_evidence	UniProtKB_AC-ID	Q62432	Q62432	false	1	Q62432			excluded	no_human_target_in_pinned_release
Negatome 2.0	manual_stringent_site_file_2021-09-15	negative_evidence	UniProtKB_AC-ID	Q62523	Q62523	false	2	Q62523			excluded	no_human_target_in_pinned_release
Negatome 2.0	manual_stringent_site_file_2021-09-15	negative_evidence	UniProtKB_AC-ID	Q62600	Q62600	false	2	Q62600			excluded	no_human_target_in_pinned_release
Negatome 2.0	manual_stringent_site_file_2021-09-15	negative_evidence	UniProtKB_AC-ID	Q62725	Q62725	false	2	Q62725			excluded	no_human_target_in_pinned_release
Negatome 2.0	manual_stringent_site_file_2021-09-15	negative_evidence	UniProtKB_AC-ID	Q62768	Q62768	false	2	Q62768			excluded	no_human_target_in_pinned_release
Negatome 2.0	manual_stringent_site_file_2021-09-15	negative_evidence	UniProtKB_AC-ID	Q62824	Q62824	false	3	Q62824			excluded	no_human_target_in_pinned_release
Negatome 2.0	manual_stringent_site_file_2021-09-15	negative_evidence	UniProtKB_AC-ID	Q62915	Q62915	false	1	Q62915			excluded	no_human_target_in_pinned_release
Negatome 2.0	manual_stringent_site_file_2021-09-15	negative_evidence	UniProtKB_AC-ID	Q62936	Q62936	false	1	Q62936			excluded	no_human_target_in_pinned_release
Negatome 2.0	manual_stringent_site_file_2021-09-15	negative_evidence	UniProtKB_AC-ID	Q63158	Q63158	false	1	A6KDM5			excluded	no_human_target_in_pinned_release
Negatome 2.0	manual_stringent_site_file_2021-09-15	negative_evidence	UniProtKB_AC-ID	Q63210	Q63210	false	1	Q63210			excluded	no_human_target_in_pinned_release
Negatome 2.0	manual_stringent_site_file_2021-09-15	negative_evidence	UniProtKB_AC-ID	Q63666	Q63666	false	1	Q63666			excluded	no_human_target_in_pinned_release
Negatome 2.0	manual_stringent_site_file_2021-09-15	negative_evidence	UniProtKB_AC-ID	Q63912	Q63912	false	2	Q63912			excluded	no_human_target_in_pinned_release
Negatome 2.0	manual_stringent_site_file_2021-09-15	negative_evidence	UniProtKB_AC-ID	Q64008	Q64008	false	1	Q64008			excluded	no_human_target_in_pinned_release
Negatome 2.0	manual_stringent_site_file_2021-09-15	negative_evidence	UniProtKB_AC-ID	Q64092	Q64092	false	1	Q64092			excluded	no_human_target_in_pinned_release
Negatome 2.0	manual_stringent_site_file_2021-09-15	negative_evidence	UniProtKB_AC-ID	Q64289	Q64289	false	1	Q64289			excluded	no_human_target_in_pinned_release
Negatome 2.0	manual_stringent_site_file_2021-09-15	negative_evidence	UniProtKB_AC-ID	Q64343	Q64343	false	1	Q64343			excluded	no_human_target_in_pinned_release
Negatome 2.0	manual_stringent_site_file_2021-09-15	negative_evidence	UniProtKB_AC-ID	Q64701	Q64701	false	1	Q64701			excluded	no_human_target_in_pinned_release
Negatome 2.0	manual_stringent_site_file_2021-09-15	negative_evidence	UniProtKB_AC-ID	Q64704	Q64704	false	5	Q64704			excluded	no_human_target_in_pinned_release
Negatome 2.0	manual_stringent_site_file_2021-09-15	negative_evidence	UniProtKB_AC-ID	Q64729	Q64729	false	2	Q64729			excluded	no_human_target_in_pinned_release
Negatome 2.0	manual_stringent_site_file_2021-09-15	negative_evidence	UniProtKB_AC-ID	Q66100	Q66100	false	1	Q66100			excluded	no_human_target_in_pinned_release
Negatome 2.0	manual_stringent_site_file_2021-09-15	negative_evidence	UniProtKB_AC-ID	Q66H76	Q66H76	false	1	Q66H76			excluded	no_human_target_in_pinned_release
Negatome 2.0	manual_stringent_site_file_2021-09-15	negative_evidence	UniProtKB_AC-ID	Q66HA7	Q66HA7	false	2	Q66HA7			excluded	no_human_target_in_pinned_release
Negatome 2.0	manual_stringent_site_file_2021-09-15	negative_evidence	UniProtKB_AC-ID	Q66T02	Q66T02	false	2	Q66T02			excluded	no_human_target_in_pinned_release
Negatome 2.0	manual_stringent_site_file_2021-09-15	negative_evidence	UniProtKB_AC-ID	Q68396	Q68396	false	13	Q68396			excluded	no_human_target_in_pinned_release
Negatome 2.0	manual_stringent_site_file_2021-09-15	negative_evidence	UniProtKB_AC-ID	Q68CL8	Q68CL8	false	1	Q68CL8			excluded	no_human_target_in_pinned_release
Negatome 2.0	manual_stringent_site_file_2021-09-15	negative_evidence	UniProtKB_AC-ID	Q6DQH2	Q6DQH2	false	4	Q6DQH2			excluded	no_human_target_in_pinned_release
Negatome 2.0	manual_stringent_site_file_2021-09-15	negative_evidence	UniProtKB_AC-ID	Q6I6G8	Q6I6G8	false	1	Q6I6G8			excluded	no_human_target_in_pinned_release
Negatome 2.0	manual_stringent_site_file_2021-09-15	negative_evidence	UniProtKB_AC-ID	Q6NXK8	Q6NXK8	false	1	Q6NXK8			excluded	no_human_target_in_pinned_release
Negatome 2.0	manual_stringent_site_file_2021-09-15	negative_evidence	UniProtKB_AC-ID	Q6PDY0	Q6PDY0	false	2	Q6PDY0			excluded	no_human_target_in_pinned_release
Negatome 2.0	manual_stringent_site_file_2021-09-15	negative_evidence	UniProtKB_AC-ID	Q6PER3	Q6PER3	false	1	Q6PER3			excluded	no_human_target_in_pinned_release
Negatome 2.0	manual_stringent_site_file_2021-09-15	negative_evidence	UniProtKB_AC-ID	Q6PFX9	Q6PFX9	false	1	Q6PFX9			excluded	no_human_target_in_pinned_release
Negatome 2.0	manual_stringent_site_file_2021-09-15	negative_evidence	UniProtKB_AC-ID	Q6Q7Y5	Q6Q7Y5	false	1	Q6Q7Y5			excluded	no_human_target_in_pinned_release
Negatome 2.0	manual_stringent_site_file_2021-09-15	negative_evidence	UniProtKB_AC-ID	Q6QLM7	Q6QLM7	false	1	Q6QLM7			excluded	no_human_target_in_pinned_release
Negatome 2.0	manual_stringent_site_file_2021-09-15	negative_evidence	UniProtKB_AC-ID	Q6R0H1	Q6R0H1	false	1	Q6R0H1			excluded	no_human_target_in_pinned_release
Negatome 2.0	manual_stringent_site_file_2021-09-15	negative_evidence	UniProtKB_AC-ID	Q6R0H7	Q6R0H7	false	1	Q6R0H7			excluded	no_human_target_in_pinned_release
Negatome 2.0	manual_stringent_site_file_2021-09-15	negative_evidence	UniProtKB_AC-ID	Q6TDP3	Q6TDP3	false	1	Q6TDP3			excluded	no_human_target_in_pinned_release
Negatome 2.0	manual_stringent_site_file_2021-09-15	negative_evidence	UniProtKB_AC-ID	Q6Y5D8	Q6Y5D8	false	1	Q6Y5D8			excluded	no_human_target_in_pinned_release
Negatome 2.0	manual_stringent_site_file_2021-09-15	negative_evidence	UniProtKB_AC-ID	Q71VB4	Q71VB4	false	1	Q71VB4			excluded	no_human_target_in_pinned_release
Negatome 2.0	manual_stringent_site_file_2021-09-15	negative_evidence	UniProtKB_AC-ID	Q76MZ3	Q76MZ3	false	3	Q76MZ3			excluded	no_human_target_in_pinned_release
Negatome 2.0	manual_stringent_site_file_2021-09-15	negative_evidence	UniProtKB_AC-ID	Q76RI8	Q76RI8	false	2	Q76RI8			excluded	no_human_target_in_pinned_release
Negatome 2.0	manual_stringent_site_file_2021-09-15	negative_evidence	UniProtKB_AC-ID	Q789F3	Q789F3	false	1	Q789F3			excluded	no_human_target_in_pinned_release
Negatome 2.0	manual_stringent_site_file_2021-09-15	negative_evidence	UniProtKB_AC-ID	Q78NN4	Q78NN4	false	1	Q78NN4			excluded	no_human_target_in_pinned_release
Negatome 2.0	manual_stringent_site_file_2021-09-15	negative_evidence	UniProtKB_AC-ID	Q7JWH5	Q7JWH5	false	2	Q7JWH5			excluded	no_human_target_in_pinned_release
Negatome 2.0	manual_stringent_site_file_2021-09-15	negative_evidence	UniProtKB_AC-ID	Q7KT06	Q7KT06	false	1	Q7KT06			excluded	no_human_target_in_pinned_release
Negatome 2.0	manual_stringent_site_file_2021-09-15	negative_evidence	UniProtKB_AC-ID	Q7M6Z0	Q7M6Z0	false	5	Q7M6Z0			excluded	no_human_target_in_pinned_release
Negatome 2.0	manual_stringent_site_file_2021-09-15	negative_evidence	UniProtKB_AC-ID	Q7TMS5	Q7TMS5	false	1	Q7TMS5			excluded	no_human_target_in_pinned_release
Negatome 2.0	manual_stringent_site_file_2021-09-15	negative_evidence	UniProtKB_AC-ID	Q7TPV4	Q7TPV4	false	2	Q7TPV4			excluded	no_human_target_in_pinned_release
Negatome 2.0	manual_stringent_site_file_2021-09-15	negative_evidence	UniProtKB_AC-ID	Q7TSA3	Q7TSA3	false	1	Q7TSA3			excluded	no_human_target_in_pinned_release
Negatome 2.0	manual_stringent_site_file_2021-09-15	negative_evidence	UniProtKB_AC-ID	Q7ZX24	Q7ZX24	false	1	Q7ZX24			excluded	no_human_target_in_pinned_release
Negatome 2.0	manual_stringent_site_file_2021-09-15	negative_evidence	UniProtKB_AC-ID	Q80824	Q80824	false	2	Q80824			excluded	no_human_target_in_pinned_release
Negatome 2.0	manual_stringent_site_file_2021-09-15	negative_evidence	UniProtKB_AC-ID	Q80T23	Q80T23	false	21	Q80T23			excluded	no_human_target_in_pinned_release
Negatome 2.0	manual_stringent_site_file_2021-09-15	negative_evidence	UniProtKB_AC-ID	Q80US8	Q80US8	false	1	Q80US8			excluded	no_human_target_in_pinned_release
Negatome 2.0	manual_stringent_site_file_2021-09-15	negative_evidence	UniProtKB_AC-ID	Q80WE1	Q80WE1	false	1	Q80WE1			excluded	no_human_target_in_pinned_release
Negatome 2.0	manual_stringent_site_file_2021-09-15	negative_evidence	UniProtKB_AC-ID	Q80X44	Q80X44	false	1	Q80X44			excluded	no_human_target_in_pinned_release
Negatome 2.0	manual_stringent_site_file_2021-09-15	negative_evidence	UniProtKB_AC-ID	Q80YQ2	Q80YQ2	false	1	Q80YQ2			excluded	no_human_target_in_pinned_release
Negatome 2.0	manual_stringent_site_file_2021-09-15	negative_evidence	UniProtKB_AC-ID	Q86Y07-2	Q86Y07	true	2	Q86Y07	Q86Y07		quarantine	isoform_specific_source_not_folded_to_canonical
Negatome 2.0	manual_stringent_site_file_2021-09-15	negative_evidence	UniProtKB_AC-ID	Q8AVZ3	Q8AVZ3	false	1	Q8AVZ3			excluded	no_human_target_in_pinned_release
Negatome 2.0	manual_stringent_site_file_2021-09-15	negative_evidence	UniProtKB_AC-ID	Q8AZK7	Q8AZK7	false	1	Q8AZK7			excluded	no_human_target_in_pinned_release
Negatome 2.0	manual_stringent_site_file_2021-09-15	negative_evidence	UniProtKB_AC-ID	Q8BFW7	Q8BFW7	false	1	Q8BFW7			excluded	no_human_target_in_pinned_release
Negatome 2.0	manual_stringent_site_file_2021-09-15	negative_evidence	UniProtKB_AC-ID	Q8BGS1	Q8BGS1	false	1	Q8BGS1			excluded	no_human_target_in_pinned_release
Negatome 2.0	manual_stringent_site_file_2021-09-15	negative_evidence	UniProtKB_AC-ID	Q8BH43	Q8BH43	false	1	Q8BH43			excluded	no_human_target_in_pinned_release
Negatome 2.0	manual_stringent_site_file_2021-09-15	negative_evidence	UniProtKB_AC-ID	Q8BN78	Q8BN78	false	3	Q8BN78			excluded	no_human_target_in_pinned_release
Negatome 2.0	manual_stringent_site_file_2021-09-15	negative_evidence	UniProtKB_AC-ID	Q8BP92	Q8BP92	false	1	Q8BP92			excluded	no_human_target_in_pinned_release
Negatome 2.0	manual_stringent_site_file_2021-09-15	negative_evidence	UniProtKB_AC-ID	Q8BPB5	Q8BPB5	false	2	Q8BPB5			excluded	no_human_target_in_pinned_release
Negatome 2.0	manual_stringent_site_file_2021-09-15	negative_evidence	UniProtKB_AC-ID	Q8BUN5	Q8BUN5	false	1	Q8BUN5			excluded	no_human_target_in_pinned_release
Negatome 2.0	manual_stringent_site_file_2021-09-15	negative_evidence	UniProtKB_AC-ID	Q8C129	Q8C129	false	3	Q8C129			excluded	no_human_target_in_pinned_release
Negatome 2.0	manual_stringent_site_file_2021-09-15	negative_evidence	UniProtKB_AC-ID	Q8C180	Q8C180	false	1	Q8C180			excluded	no_human_target_in_pinned_release
Negatome 2.0	manual_stringent_site_file_2021-09-15	negative_evidence	UniProtKB_AC-ID	Q8C2B3	Q8C2B3	false	1	Q8C2B3			excluded	no_human_target_in_pinned_release
Negatome 2.0	manual_stringent_site_file_2021-09-15	negative_evidence	UniProtKB_AC-ID	Q8CBD1	Q8CBD1	false	2	Q8CBD1			excluded	no_human_target_in_pinned_release
Negatome 2.0	manual_stringent_site_file_2021-09-15	negative_evidence	UniProtKB_AC-ID	Q8CF89	Q8CF89	false	2	Q8CF89			excluded	no_human_target_in_pinned_release
Negatome 2.0	manual_stringent_site_file_2021-09-15	negative_evidence	UniProtKB_AC-ID	Q8CFN2	Q8CFN2	false	1	Q8CFN2			excluded	no_human_target_in_pinned_release
Negatome 2.0	manual_stringent_site_file_2021-09-15	negative_evidence	UniProtKB_AC-ID	Q8CGN5	Q8CGN5	false	1	Q8CGN5			excluded	no_human_target_in_pinned_release
Negatome 2.0	manual_stringent_site_file_2021-09-15	negative_evidence	UniProtKB_AC-ID	Q8CGY6	Q8CGY6	false	1	Q8CGY6			excluded	no_human_target_in_pinned_release
Negatome 2.0	manual_stringent_site_file_2021-09-15	negative_evidence	UniProtKB_AC-ID	Q8CIN4	Q8CIN4	false	5	Q8CIN4			excluded	no_human_target_in_pinned_release
Negatome 2.0	manual_stringent_site_file_2021-09-15	negative_evidence	UniProtKB_AC-ID	Q8CJ26	Q8CJ26	false	1	Q8CJ26			excluded	no_human_target_in_pinned_release
Negatome 2.0	manual_stringent_site_file_2021-09-15	negative_evidence	UniProtKB_AC-ID	Q8HY58	Q8HY58	false	1	Q8HY58			excluded	no_human_target_in_pinned_release
Negatome 2.0	manual_stringent_site_file_2021-09-15	negative_evidence	UniProtKB_AC-ID	Q8IP45	Q8IP45	false	1	Q8IP45			excluded	no_human_target_in_pinned_release
Negatome 2.0	manual_stringent_site_file_2021-09-15	negative_evidence	UniProtKB_AC-ID	Q8IQW0	Q8IQW0	false	1	Q8IQW0			excluded	no_human_target_in_pinned_release
Negatome 2.0	manual_stringent_site_file_2021-09-15	negative_evidence	UniProtKB_AC-ID	Q8IRY7	Q8IRY7	false	1	Q8IRY7			excluded	no_human_target_in_pinned_release
Negatome 2.0	manual_stringent_site_file_2021-09-15	negative_evidence	UniProtKB_AC-ID	Q8K094	Q8K094	false	1	Q8K094			excluded	no_human_target_in_pinned_release
Negatome 2.0	manual_stringent_site_file_2021-09-15	negative_evidence	UniProtKB_AC-ID	Q8K0S5	Q8K0S5	false	6	Q8K0S5			excluded	no_human_target_in_pinned_release
Negatome 2.0	manual_stringent_site_file_2021-09-15	negative_evidence	UniProtKB_AC-ID	Q8K0T0	Q8K0T0	false	3	Q8K0T0			excluded	no_human_target_in_pinned_release
Negatome 2.0	manual_stringent_site_file_2021-09-15	negative_evidence	UniProtKB_AC-ID	Q8K1E0	Q8K1E0	false	2	Q8K1E0			excluded	no_human_target_in_pinned_release
Negatome 2.0	manual_stringent_site_file_2021-09-15	negative_evidence	UniProtKB_AC-ID	Q8K1S3	Q8K1S3	false	1	Q8K1S3			excluded	no_human_target_in_pinned_release
Negatome 2.0	manual_stringent_site_file_2021-09-15	negative_evidence	UniProtKB_AC-ID	Q8K1S4	Q8K1S4	false	1	Q8K1S4			excluded	no_human_target_in_pinned_release
Negatome 2.0	manual_stringent_site_file_2021-09-15	negative_evidence	UniProtKB_AC-ID	Q8K430	Q8K430	false	3	Q8K430			excluded	no_human_target_in_pinned_release
Negatome 2.0	manual_stringent_site_file_2021-09-15	negative_evidence	UniProtKB_AC-ID	Q8K4N8	Q8K4N8	false	1	Q8K4N8			excluded	no_human_target_in_pinned_release
Negatome 2.0	manual_stringent_site_file_2021-09-15	negative_evidence	UniProtKB_AC-ID	Q8L500	Q8L500	false	1	Q8L500			excluded	no_human_target_in_pinned_release
Negatome 2.0	manual_stringent_site_file_2021-09-15	negative_evidence	UniProtKB_AC-ID	Q8NI70	Q8NI70	false	14	Q8NI70			deferred	target_record_missing_from_pinned_snapshot
Negatome 2.0	manual_stringent_site_file_2021-09-15	negative_evidence	UniProtKB_AC-ID	Q8QHK8	Q8QHK8	false	1	Q8QHK8			excluded	no_human_target_in_pinned_release
Negatome 2.0	manual_stringent_site_file_2021-09-15	negative_evidence	UniProtKB_AC-ID	Q8R0K9	Q8R0K9	false	1	Q8R0K9			excluded	no_human_target_in_pinned_release
Negatome 2.0	manual_stringent_site_file_2021-09-15	negative_evidence	UniProtKB_AC-ID	Q8R0L9	Q8R0L9	false	1	Q8R0L9			excluded	no_human_target_in_pinned_release
Negatome 2.0	manual_stringent_site_file_2021-09-15	negative_evidence	UniProtKB_AC-ID	Q8R4G0	Q8R4G0	false	3	Q8R4G0			excluded	no_human_target_in_pinned_release
Negatome 2.0	manual_stringent_site_file_2021-09-15	negative_evidence	UniProtKB_AC-ID	Q8R4I4	Q8R4I4	false	1	Q8R4I4			excluded	no_human_target_in_pinned_release
Negatome 2.0	manual_stringent_site_file_2021-09-15	negative_evidence	UniProtKB_AC-ID	Q8T3B2	Q8T3B2	false	1	Q8T3B2			deferred	target_record_missing_from_pinned_snapshot
Negatome 2.0	manual_stringent_site_file_2021-09-15	negative_evidence	UniProtKB_AC-ID	Q8UVW8	Q8UVW8	false	1	Q8UVW8			excluded	no_human_target_in_pinned_release
Negatome 2.0	manual_stringent_site_file_2021-09-15	negative_evidence	UniProtKB_AC-ID	Q8VHG2	Q8VHG2	false	2	Q8VHG2			excluded	no_human_target_in_pinned_release
Negatome 2.0	manual_stringent_site_file_2021-09-15	negative_evidence	UniProtKB_AC-ID	Q8VHK1	Q8VHK1	false	1	Q8VHK1			excluded	no_human_target_in_pinned_release
Negatome 2.0	manual_stringent_site_file_2021-09-15	negative_evidence	UniProtKB_AC-ID	Q8VHK2	Q8VHK2	false	1	Q8VHK2			excluded	no_human_target_in_pinned_release
Negatome 2.0	manual_stringent_site_file_2021-09-15	negative_evidence	UniProtKB_AC-ID	Q8VHQ7	Q8VHQ7	false	1	Q8VHQ7			excluded	no_human_target_in_pinned_release
Negatome 2.0	manual_stringent_site_file_2021-09-15	negative_evidence	UniProtKB_AC-ID	Q8VHZ5	Q8VHZ5	false	2	Q8VHZ5			excluded	no_human_target_in_pinned_release
Negatome 2.0	manual_stringent_site_file_2021-09-15	negative_evidence	UniProtKB_AC-ID	Q8VY16	Q8VY16	false	2	Q8VY16			excluded	no_human_target_in_pinned_release
Negatome 2.0	manual_stringent_site_file_2021-09-15	negative_evidence	UniProtKB_AC-ID	Q8W420	Q8W420	false	5	Q8W420			excluded	no_human_target_in_pinned_release
Negatome 2.0	manual_stringent_site_file_2021-09-15	negative_evidence	UniProtKB_AC-ID	Q90681	Q90681	false	1	Q90681			excluded	no_human_target_in_pinned_release
Negatome 2.0	manual_stringent_site_file_2021-09-15	negative_evidence	UniProtKB_AC-ID	Q91783	Q91783	false	2	Q91783			excluded	no_human_target_in_pinned_release
Negatome 2.0	manual_stringent_site_file_2021-09-15	negative_evidence	UniProtKB_AC-ID	Q91V27	Q91V27	false	20	Q91V27			excluded	no_human_target_in_pinned_release
Negatome 2.0	manual_stringent_site_file_2021-09-15	negative_evidence	UniProtKB_AC-ID	Q91XD2	Q91XD2	false	1	Q91XD2			excluded	no_human_target_in_pinned_release
Negatome 2.0	manual_stringent_site_file_2021-09-15	negative_evidence	UniProtKB_AC-ID	Q91YM2	Q91YM2	false	1	Q91YM2			excluded	no_human_target_in_pinned_release
Negatome 2.0	manual_stringent_site_file_2021-09-15	negative_evidence	UniProtKB_AC-ID	Q920R0	Q920R0	false	1	Q920R0			excluded	no_human_target_in_pinned_release
Negatome 2.0	manual_stringent_site_file_2021-09-15	negative_evidence	UniProtKB_AC-ID	Q922H7	Q922H7	false	5	Q922H7			excluded	no_human_target_in_pinned_release
Negatome 2.0	manual_stringent_site_file_2021-09-15	negative_evidence	UniProtKB_AC-ID	Q924H2	Q924H2	false	1	Q924H2			excluded	no_human_target_in_pinned_release
Negatome 2.0	manual_stringent_site_file_2021-09-15	negative_evidence	UniProtKB_AC-ID	Q924X6	Q924X6	false	2	Q924X6			excluded	no_human_target_in_pinned_release
Negatome 2.0	manual_stringent_site_file_2021-09-15	negative_evidence	UniProtKB_AC-ID	Q93WK5	Q93WK5	false	1	Q93WK5			excluded	no_human_target_in_pinned_release
Negatome 2.0	manual_stringent_site_file_2021-09-15	negative_evidence	UniProtKB_AC-ID	Q95JH1	Q95JH1	false	1	Q95JH1			excluded	no_human_target_in_pinned_release
Negatome 2.0	manual_stringent_site_file_2021-09-15	negative_evidence	UniProtKB_AC-ID	Q965M2	Q965M2	false	1	Q965M2			excluded	no_human_target_in_pinned_release
Negatome 2.0	manual_stringent_site_file_2021-09-15	negative_evidence	UniProtKB_AC-ID	Q96TL7	Q96TL7	false	1	Q96TL7			excluded	no_human_target_in_pinned_release
Negatome 2.0	manual_stringent_site_file_2021-09-15	negative_evidence	UniProtKB_AC-ID	Q96UP3	Q96UP3	false	1	Q96UP3			excluded	no_human_target_in_pinned_release
Negatome 2.0	manual_stringent_site_file_2021-09-15	negative_evidence	UniProtKB_AC-ID	Q99104	Q99104	false	1	Q99104			excluded	no_human_target_in_pinned_release
Negatome 2.0	manual_stringent_site_file_2021-09-15	negative_evidence	UniProtKB_AC-ID	Q99459	Q99459	false	1				quarantine	unmapped_in_pinned_uniprot_release
Negatome 2.0	manual_stringent_site_file_2021-09-15	negative_evidence	UniProtKB_AC-ID	Q99497	Q99497	false	1				quarantine	unmapped_in_pinned_uniprot_release
Negatome 2.0	manual_stringent_site_file_2021-09-15	negative_evidence	UniProtKB_AC-ID	Q99547	Q99547	false	10				quarantine	unmapped_in_pinned_uniprot_release
Negatome 2.0	manual_stringent_site_file_2021-09-15	negative_evidence	UniProtKB_AC-ID	Q99569	Q99569	false	1				quarantine	unmapped_in_pinned_uniprot_release
Negatome 2.0	manual_stringent_site_file_2021-09-15	negative_evidence	UniProtKB_AC-ID	Q99575	Q99575	false	1				quarantine	unmapped_in_pinned_uniprot_release
Negatome 2.0	manual_stringent_site_file_2021-09-15	negative_evidence	UniProtKB_AC-ID	Q99576	Q99576	false	1				quarantine	unmapped_in_pinned_uniprot_release
Negatome 2.0	manual_stringent_site_file_2021-09-15	negative_evidence	UniProtKB_AC-ID	Q99613	Q99613	false	1				quarantine	unmapped_in_pinned_uniprot_release
Negatome 2.0	manual_stringent_site_file_2021-09-15	negative_evidence	UniProtKB_AC-ID	Q99626	Q99626	false	2				quarantine	unmapped_in_pinned_uniprot_release
Negatome 2.0	manual_stringent_site_file_2021-09-15	negative_evidence	UniProtKB_AC-ID	Q99650	Q99650	false	1				quarantine	unmapped_in_pinned_uniprot_release
Negatome 2.0	manual_stringent_site_file_2021-09-15	negative_evidence	UniProtKB_AC-ID	Q99708	Q99708	false	1				quarantine	unmapped_in_pinned_uniprot_release
Negatome 2.0	manual_stringent_site_file_2021-09-15	negative_evidence	UniProtKB_AC-ID	Q99717	Q99717	false	1				quarantine	unmapped_in_pinned_uniprot_release
Negatome 2.0	manual_stringent_site_file_2021-09-15	negative_evidence	UniProtKB_AC-ID	Q99728	Q99728	false	1				quarantine	unmapped_in_pinned_uniprot_release
Negatome 2.0	manual_stringent_site_file_2021-09-15	negative_evidence	UniProtKB_AC-ID	Q99733	Q99733	false	1				quarantine	unmapped_in_pinned_uniprot_release
Negatome 2.0	manual_stringent_site_file_2021-09-15	negative_evidence	UniProtKB_AC-ID	Q99759	Q99759	false	1				quarantine	unmapped_in_pinned_uniprot_release
Negatome 2.0	manual_stringent_site_file_2021-09-15	negative_evidence	UniProtKB_AC-ID	Q99814	Q99814	false	1				quarantine	unmapped_in_pinned_uniprot_release
Negatome 2.0	manual_stringent_site_file_2021-09-15	negative_evidence	UniProtKB_AC-ID	Q99909	Q99909	false	2				quarantine	unmapped_in_pinned_uniprot_release
Negatome 2.0	manual_stringent_site_file_2021-09-15	negative_evidence	UniProtKB_AC-ID	Q99J85	Q99J85	false	1				quarantine	unmapped_in_pinned_uniprot_release
Negatome 2.0	manual_stringent_site_file_2021-09-15	negative_evidence	UniProtKB_AC-ID	Q99JI6	Q99JI6	false	1				quarantine	unmapped_in_pinned_uniprot_release
Negatome 2.0	manual_stringent_site_file_2021-09-15	negative_evidence	UniProtKB_AC-ID	Q99K43	Q99K43	false	1				quarantine	unmapped_in_pinned_uniprot_release
Negatome 2.0	manual_stringent_site_file_2021-09-15	negative_evidence	UniProtKB_AC-ID	Q99KG7	Q99KG7	false	1				quarantine	unmapped_in_pinned_uniprot_release
Negatome 2.0	manual_stringent_site_file_2021-09-15	negative_evidence	UniProtKB_AC-ID	Q99KL7	Q99KL7	false	2				quarantine	unmapped_in_pinned_uniprot_release
Negatome 2.0	manual_stringent_site_file_2021-09-15	negative_evidence	UniProtKB_AC-ID	Q99MA9	Q99MA9	false	1				quarantine	unmapped_in_pinned_uniprot_release
Negatome 2.0	manual_stringent_site_file_2021-09-15	negative_evidence	UniProtKB_AC-ID	Q99N11	Q99N11	false	1				quarantine	unmapped_in_pinned_uniprot_release
Negatome 2.0	manual_stringent_site_file_2021-09-15	negative_evidence	UniProtKB_AC-ID	Q99N48	Q99N48	false	7				quarantine	unmapped_in_pinned_uniprot_release
Negatome 2.0	manual_stringent_site_file_2021-09-15	negative_evidence	UniProtKB_AC-ID	Q99N50	Q99N50	false	7				quarantine	unmapped_in_pinned_uniprot_release
Negatome 2.0	manual_stringent_site_file_2021-09-15	negative_evidence	UniProtKB_AC-ID	Q99N80	Q99N80	false	3				quarantine	unmapped_in_pinned_uniprot_release
Negatome 2.0	manual_stringent_site_file_2021-09-15	negative_evidence	UniProtKB_AC-ID	Q99P72	Q99P72	false	2				quarantine	unmapped_in_pinned_uniprot_release
Negatome 2.0	manual_stringent_site_file_2021-09-15	negative_evidence	UniProtKB_AC-ID	Q99PI8	Q99PI8	false	1				quarantine	unmapped_in_pinned_uniprot_release
Negatome 2.0	manual_stringent_site_file_2021-09-15	negative_evidence	UniProtKB_AC-ID	Q9AVB0	Q9AVB0	false	1				quarantine	unmapped_in_pinned_uniprot_release
Negatome 2.0	manual_stringent_site_file_2021-09-15	negative_evidence	UniProtKB_AC-ID	Q9BQ52	Q9BQ52	false	2				quarantine	unmapped_in_pinned_uniprot_release
Negatome 2.0	manual_stringent_site_file_2021-09-15	negative_evidence	UniProtKB_AC-ID	Q9BQ87	Q9BQ87	false	1				quarantine	unmapped_in_pinned_uniprot_release
Negatome 2.0	manual_stringent_site_file_2021-09-15	negative_evidence	UniProtKB_AC-ID	Q9BQB4	Q9BQB4	false	1				quarantine	unmapped_in_pinned_uniprot_release
Negatome 2.0	manual_stringent_site_file_2021-09-15	negative_evidence	UniProtKB_AC-ID	Q9BQG0	Q9BQG0	false	2				quarantine	unmapped_in_pinned_uniprot_release
Negatome 2.0	manual_stringent_site_file_2021-09-15	negative_evidence	UniProtKB_AC-ID	Q9BQY9	Q9BQY9	false	1				quarantine	unmapped_in_pinned_uniprot_release
Negatome 2.0	manual_stringent_site_file_2021-09-15	negative_evidence	UniProtKB_AC-ID	Q9BR65	Q9BR65	false	2				quarantine	unmapped_in_pinned_uniprot_release
Negatome 2.0	manual_stringent_site_file_2021-09-15	negative_evidence	UniProtKB_AC-ID	Q9BUB5	Q9BUB5	false	2				quarantine	unmapped_in_pinned_uniprot_release
Negatome 2.0	manual_stringent_site_file_2021-09-15	negative_evidence	UniProtKB_AC-ID	Q9BUQ8	Q9BUQ8	false	4				quarantine	unmapped_in_pinned_uniprot_release
Negatome 2.0	manual_stringent_site_file_2021-09-15	negative_evidence	UniProtKB_AC-ID	Q9BUZ4	Q9BUZ4	false	2				quarantine	unmapped_in_pinned_uniprot_release
Negatome 2.0	manual_stringent_site_file_2021-09-15	negative_evidence	UniProtKB_AC-ID	Q9BV47	Q9BV47	false	1				quarantine	unmapped_in_pinned_uniprot_release
Negatome 2.0	manual_stringent_site_file_2021-09-15	negative_evidence	UniProtKB_AC-ID	Q9BXW9	Q9BXW9	false	9				quarantine	unmapped_in_pinned_uniprot_release
Negatome 2.0	manual_stringent_site_file_2021-09-15	negative_evidence	UniProtKB_AC-ID	Q9BYM8	Q9BYM8	false	2				quarantine	unmapped_in_pinned_uniprot_release
Negatome 2.0	manual_stringent_site_file_2021-09-15	negative_evidence	UniProtKB_AC-ID	Q9BYV2	Q9BYV2	false	1				quarantine	unmapped_in_pinned_uniprot_release
Negatome 2.0	manual_stringent_site_file_2021-09-15	negative_evidence	UniProtKB_AC-ID	Q9BYX4	Q9BYX4	false	1				quarantine	unmapped_in_pinned_uniprot_release
Negatome 2.0	manual_stringent_site_file_2021-09-15	negative_evidence	UniProtKB_AC-ID	Q9BZM4	Q9BZM4	false	1				quarantine	unmapped_in_pinned_uniprot_release
Negatome 2.0	manual_stringent_site_file_2021-09-15	negative_evidence	UniProtKB_AC-ID	Q9CQA5	Q9CQA5	false	1				quarantine	unmapped_in_pinned_uniprot_release
Negatome 2.0	manual_stringent_site_file_2021-09-15	negative_evidence	UniProtKB_AC-ID	Q9CQD1	Q9CQD1	false	2				quarantine	unmapped_in_pinned_uniprot_release
Negatome 2.0	manual_stringent_site_file_2021-09-15	negative_evidence	UniProtKB_AC-ID	Q9CZA6	Q9CZA6	false	1				quarantine	unmapped_in_pinned_uniprot_release
Negatome 2.0	manual_stringent_site_file_2021-09-15	negative_evidence	UniProtKB_AC-ID	Q9CZB6	Q9CZB6	false	1				quarantine	unmapped_in_pinned_uniprot_release
Negatome 2.0	manual_stringent_site_file_2021-09-15	negative_evidence	UniProtKB_AC-ID	Q9D0C1	Q9D0C1	false	1				quarantine	unmapped_in_pinned_uniprot_release
Negatome 2.0	manual_stringent_site_file_2021-09-15	negative_evidence	UniProtKB_AC-ID	Q9D666	Q9D666	false	1				quarantine	unmapped_in_pinned_uniprot_release
Negatome 2.0	manual_stringent_site_file_2021-09-15	negative_evidence	UniProtKB_AC-ID	Q9D7W5	Q9D7W5	false	1				quarantine	unmapped_in_pinned_uniprot_release
Negatome 2.0	manual_stringent_site_file_2021-09-15	negative_evidence	UniProtKB_AC-ID	Q9D8D0	Q9D8D0	false	1				quarantine	unmapped_in_pinned_uniprot_release
Negatome 2.0	manual_stringent_site_file_2021-09-15	negative_evidence	UniProtKB_AC-ID	Q9DBM0	Q9DBM0	false	2				quarantine	unmapped_in_pinned_uniprot_release
Negatome 2.0	manual_stringent_site_file_2021-09-15	negative_evidence	UniProtKB_AC-ID	Q9DVL1	Q9DVL1	false	1				quarantine	unmapped_in_pinned_uniprot_release
Negatome 2.0	manual_stringent_site_file_2021-09-15	negative_evidence	UniProtKB_AC-ID	Q9EP53	Q9EP53	false	2				quarantine	unmapped_in_pinned_uniprot_release
Negatome 2.0	manual_stringent_site_file_2021-09-15	negative_evidence	UniProtKB_AC-ID	Q9EQW6	Q9EQW6	false	1				quarantine	unmapped_in_pinned_uniprot_release
Negatome 2.0	manual_stringent_site_file_2021-09-15	negative_evidence	UniProtKB_AC-ID	Q9ERI2	Q9ERI2	false	1				quarantine	unmapped_in_pinned_uniprot_release
Negatome 2.0	manual_stringent_site_file_2021-09-15	negative_evidence	UniProtKB_AC-ID	Q9ERP3	Q9ERP3	false	2				quarantine	unmapped_in_pinned_uniprot_release
Negatome 2.0	manual_stringent_site_file_2021-09-15	negative_evidence	UniProtKB_AC-ID	Q9ES97	Q9ES97	false	2				quarantine	unmapped_in_pinned_uniprot_release
Negatome 2.0	manual_stringent_site_file_2021-09-15	negative_evidence	UniProtKB_AC-ID	Q9ESN9	Q9ESN9	false	1				quarantine	unmapped_in_pinned_uniprot_release
Negatome 2.0	manual_stringent_site_file_2021-09-15	negative_evidence	UniProtKB_AC-ID	Q9ESU6	Q9ESU6	false	1				quarantine	unmapped_in_pinned_uniprot_release
Negatome 2.0	manual_stringent_site_file_2021-09-15	negative_evidence	UniProtKB_AC-ID	Q9FEG2	Q9FEG2	false	2				quarantine	unmapped_in_pinned_uniprot_release
Negatome 2.0	manual_stringent_site_file_2021-09-15	negative_evidence	UniProtKB_AC-ID	Q9FIG9	Q9FIG9	false	1				quarantine	unmapped_in_pinned_uniprot_release
Negatome 2.0	manual_stringent_site_file_2021-09-15	negative_evidence	UniProtKB_AC-ID	Q9FK13	Q9FK13	false	1				quarantine	unmapped_in_pinned_uniprot_release
Negatome 2.0	manual_stringent_site_file_2021-09-15	negative_evidence	UniProtKB_AC-ID	Q9GZX6	Q9GZX6	false	1				quarantine	unmapped_in_pinned_uniprot_release
Negatome 2.0	manual_stringent_site_file_2021-09-15	negative_evidence	UniProtKB_AC-ID	Q9H204	Q9H204	false	1				quarantine	unmapped_in_pinned_uniprot_release
Negatome 2.0	manual_stringent_site_file_2021-09-15	negative_evidence	UniProtKB_AC-ID	Q9H213	Q9H213	false	16				quarantine	unmapped_in_pinned_uniprot_release
Negatome 2.0	manual_stringent_site_file_2021-09-15	negative_evidence	UniProtKB_AC-ID	Q9H2B2	Q9H2B2	false	2				quarantine	unmapped_in_pinned_uniprot_release
Negatome 2.0	manual_stringent_site_file_2021-09-15	negative_evidence	UniProtKB_AC-ID	Q9H2S9	Q9H2S9	false	26				quarantine	unmapped_in_pinned_uniprot_release
Negatome 2.0	manual_stringent_site_file_2021-09-15	negative_evidence	UniProtKB_AC-ID	Q9H2X6	Q9H2X6	false	1				quarantine	unmapped_in_pinned_uniprot_release
Negatome 2.0	manual_stringent_site_file_2021-09-15	negative_evidence	UniProtKB_AC-ID	Q9H469	Q9H469	false	2				quarantine	unmapped_in_pinned_uniprot_release
Negatome 2.0	manual_stringent_site_file_2021-09-15	negative_evidence	UniProtKB_AC-ID	Q9H6S3	Q9H6S3	false	28				quarantine	unmapped_in_pinned_uniprot_release
Negatome 2.0	manual_stringent_site_file_2021-09-15	negative_evidence	UniProtKB_AC-ID	Q9H840	Q9H840	false	1				quarantine	unmapped_in_pinned_uniprot_release
Negatome 2.0	manual_stringent_site_file_2021-09-15	negative_evidence	UniProtKB_AC-ID	Q9H9D4	Q9H9D4	false	22				quarantine	unmapped_in_pinned_uniprot_release
Negatome 2.0	manual_stringent_site_file_2021-09-15	negative_evidence	UniProtKB_AC-ID	Q9H9E3	Q9H9E3	false	3				quarantine	unmapped_in_pinned_uniprot_release
Negatome 2.0	manual_stringent_site_file_2021-09-15	negative_evidence	UniProtKB_AC-ID	Q9HAU4	Q9HAU4	false	2				quarantine	unmapped_in_pinned_uniprot_release
Negatome 2.0	manual_stringent_site_file_2021-09-15	negative_evidence	UniProtKB_AC-ID	Q9HAV0	Q9HAV0	false	1				quarantine	unmapped_in_pinned_uniprot_release
Negatome 2.0	manual_stringent_site_file_2021-09-15	negative_evidence	UniProtKB_AC-ID	Q9HAV4	Q9HAV4	false	1				quarantine	unmapped_in_pinned_uniprot_release
Negatome 2.0	manual_stringent_site_file_2021-09-15	negative_evidence	UniProtKB_AC-ID	Q9HB40	Q9HB40	false	1				quarantine	unmapped_in_pinned_uniprot_release
Negatome 2.0	manual_stringent_site_file_2021-09-15	negative_evidence	UniProtKB_AC-ID	Q9HBI1	Q9HBI1	false	2				quarantine	unmapped_in_pinned_uniprot_release
Negatome 2.0	manual_stringent_site_file_2021-09-15	negative_evidence	UniProtKB_AC-ID	Q9J2K2	Q9J2K2	false	1				quarantine	unmapped_in_pinned_uniprot_release
Negatome 2.0	manual_stringent_site_file_2021-09-15	negative_evidence	UniProtKB_AC-ID	Q9J5U5	Q9J5U5	false	2				quarantine	unmapped_in_pinned_uniprot_release
Negatome 2.0	manual_stringent_site_file_2021-09-15	negative_evidence	UniProtKB_AC-ID	Q9JHR9	Q9JHR9	false	2				quarantine	unmapped_in_pinned_uniprot_release
Negatome 2.0	manual_stringent_site_file_2021-09-15	negative_evidence	UniProtKB_AC-ID	Q9JIF0	Q9JIF0	false	1				quarantine	unmapped_in_pinned_uniprot_release
Negatome 2.0	manual_stringent_site_file_2021-09-15	negative_evidence	UniProtKB_AC-ID	Q9JJZ9	Q9JJZ9	false	1				quarantine	unmapped_in_pinned_uniprot_release
Negatome 2.0	manual_stringent_site_file_2021-09-15	negative_evidence	UniProtKB_AC-ID	Q9JK37	Q9JK37	false	1				quarantine	unmapped_in_pinned_uniprot_release
Negatome 2.0	manual_stringent_site_file_2021-09-15	negative_evidence	UniProtKB_AC-ID	Q9JKM7	Q9JKM7	false	2				quarantine	unmapped_in_pinned_uniprot_release
Negatome 2.0	manual_stringent_site_file_2021-09-15	negative_evidence	UniProtKB_AC-ID	Q9JLG9	Q9JLG9	false	1				quarantine	unmapped_in_pinned_uniprot_release
Negatome 2.0	manual_stringent_site_file_2021-09-15	negative_evidence	UniProtKB_AC-ID	Q9JM90	Q9JM90	false	2				quarantine	unmapped_in_pinned_uniprot_release
Negatome 2.0	manual_stringent_site_file_2021-09-15	negative_evidence	UniProtKB_AC-ID	Q9JMB0	Q9JMB0	false	3				quarantine	unmapped_in_pinned_uniprot_release
Negatome 2.0	manual_stringent_site_file_2021-09-15	negative_evidence	UniProtKB_AC-ID	Q9LHE5	Q9LHE5	false	3				quarantine	unmapped_in_pinned_uniprot_release
Negatome 2.0	manual_stringent_site_file_2021-09-15	negative_evidence	UniProtKB_AC-ID	Q9LVG4	Q9LVG4	false	1				quarantine	unmapped_in_pinned_uniprot_release
Negatome 2.0	manual_stringent_site_file_2021-09-15	negative_evidence	UniProtKB_AC-ID	Q9LZP8	Q9LZP8	false	1				quarantine	unmapped_in_pinned_uniprot_release
Negatome 2.0	manual_stringent_site_file_2021-09-15	negative_evidence	UniProtKB_AC-ID	Q9N3C8	Q9N3C8	false	2				quarantine	unmapped_in_pinned_uniprot_release
Negatome 2.0	manual_stringent_site_file_2021-09-15	negative_evidence	UniProtKB_AC-ID	Q9NNX6	Q9NNX6	false	6				quarantine	unmapped_in_pinned_uniprot_release
Negatome 2.0	manual_stringent_site_file_2021-09-15	negative_evidence	UniProtKB_AC-ID	Q9NPD3	Q9NPD3	false	8				quarantine	unmapped_in_pinned_uniprot_release
Negatome 2.0	manual_stringent_site_file_2021-09-15	negative_evidence	UniProtKB_AC-ID	Q9NPY3	Q9NPY3	false	1				quarantine	unmapped_in_pinned_uniprot_release
Negatome 2.0	manual_stringent_site_file_2021-09-15	negative_evidence	UniProtKB_AC-ID	Q9NQT4	Q9NQT4	false	9				quarantine	unmapped_in_pinned_uniprot_release
Negatome 2.0	manual_stringent_site_file_2021-09-15	negative_evidence	UniProtKB_AC-ID	Q9NQT5	Q9NQT5	false	1				quarantine	unmapped_in_pinned_uniprot_release
Negatome 2.0	manual_stringent_site_file_2021-09-15	negative_evidence	UniProtKB_AC-ID	Q9NQX6	Q9NQX6	false	24				quarantine	unmapped_in_pinned_uniprot_release
Negatome 2.0	manual_stringent_site_file_2021-09-15	negative_evidence	UniProtKB_AC-ID	Q9NR28	Q9NR28	false	1				quarantine	unmapped_in_pinned_uniprot_release
Negatome 2.0	manual_stringent_site_file_2021-09-15	negative_evidence	UniProtKB_AC-ID	Q9NR31	Q9NR31	false	1				quarantine	unmapped_in_pinned_uniprot_release
Negatome 2.0	manual_stringent_site_file_2021-09-15	negative_evidence	UniProtKB_AC-ID	Q9NRA1	Q9NRA1	false	1				quarantine	unmapped_in_pinned_uniprot_release
Negatome 2.0	manual_stringent_site_file_2021-09-15	negative_evidence	UniProtKB_AC-ID	Q9NTI2	Q9NTI2	false	1				quarantine	unmapped_in_pinned_uniprot_release
Negatome 2.0	manual_stringent_site_file_2021-09-15	negative_evidence	UniProtKB_AC-ID	Q9NV70	Q9NV70	false	1				quarantine	unmapped_in_pinned_uniprot_release
Negatome 2.0	manual_stringent_site_file_2021-09-15	negative_evidence	UniProtKB_AC-ID	Q9NV88	Q9NV88	false	2				quarantine	unmapped_in_pinned_uniprot_release
Negatome 2.0	manual_stringent_site_file_2021-09-15	negative_evidence	UniProtKB_AC-ID	Q9NW38	Q9NW38	false	1				quarantine	unmapped_in_pinned_uniprot_release
Negatome 2.0	manual_stringent_site_file_2021-09-15	negative_evidence	UniProtKB_AC-ID	Q9NX02	Q9NX02	false	1				quarantine	unmapped_in_pinned_uniprot_release
Negatome 2.0	manual_stringent_site_file_2021-09-15	negative_evidence	UniProtKB_AC-ID	Q9NY72	Q9NY72	false	1				quarantine	unmapped_in_pinned_uniprot_release
Negatome 2.0	manual_stringent_site_file_2021-09-15	negative_evidence	UniProtKB_AC-ID	Q9NYB0	Q9NYB0	false	1				quarantine	unmapped_in_pinned_uniprot_release
Negatome 2.0	manual_stringent_site_file_2021-09-15	negative_evidence	UniProtKB_AC-ID	Q9NZM6	Q9NZM6	false	1				quarantine	unmapped_in_pinned_uniprot_release
Negatome 2.0	manual_stringent_site_file_2021-09-15	negative_evidence	UniProtKB_AC-ID	Q9NZQ7	Q9NZQ7	false	5				quarantine	unmapped_in_pinned_uniprot_release
Negatome 2.0	manual_stringent_site_file_2021-09-15	negative_evidence	UniProtKB_AC-ID	Q9P055	Q9P055	false	1				quarantine	unmapped_in_pinned_uniprot_release
Negatome 2.0	manual_stringent_site_file_2021-09-15	negative_evidence	UniProtKB_AC-ID	Q9P0N9	Q9P0N9	false	1				quarantine	unmapped_in_pinned_uniprot_release
Negatome 2.0	manual_stringent_site_file_2021-09-15	negative_evidence	UniProtKB_AC-ID	Q9P1Z0	Q9P1Z0	false	1				quarantine	unmapped_in_pinned_uniprot_release
Negatome 2.0	manual_stringent_site_file_2021-09-15	negative_evidence	UniProtKB_AC-ID	Q9P2H0	Q9P2H0	false	12				quarantine	unmapped_in_pinned_uniprot_release
Negatome 2.0	manual_stringent_site_file_2021-09-15	negative_evidence	UniProtKB_AC-ID	Q9QPN3	Q9QPN3	false	1				quarantine	unmapped_in_pinned_uniprot_release
Negatome 2.0	manual_stringent_site_file_2021-09-15	negative_evidence	UniProtKB_AC-ID	Q9QUL0	Q9QUL0	false	1				quarantine	unmapped_in_pinned_uniprot_release
Negatome 2.0	manual_stringent_site_file_2021-09-15	negative_evidence	UniProtKB_AC-ID	Q9QUL6	Q9QUL6	false	1				quarantine	unmapped_in_pinned_uniprot_release
Negatome 2.0	manual_stringent_site_file_2021-09-15	negative_evidence	UniProtKB_AC-ID	Q9QUQ5	Q9QUQ5	false	1				quarantine	unmapped_in_pinned_uniprot_release
Negatome 2.0	manual_stringent_site_file_2021-09-15	negative_evidence	UniProtKB_AC-ID	Q9QVC8	Q9QVC8	false	1				quarantine	unmapped_in_pinned_uniprot_release
Negatome 2.0	manual_stringent_site_file_2021-09-15	negative_evidence	UniProtKB_AC-ID	Q9QVP9	Q9QVP9	false	1				quarantine	unmapped_in_pinned_uniprot_release
Negatome 2.0	manual_stringent_site_file_2021-09-15	negative_evidence	UniProtKB_AC-ID	Q9QWV9	Q9QWV9	false	1				quarantine	unmapped_in_pinned_uniprot_release
Negatome 2.0	manual_stringent_site_file_2021-09-15	negative_evidence	UniProtKB_AC-ID	Q9QXX8	Q9QXX8	false	2				quarantine	unmapped_in_pinned_uniprot_release
Negatome 2.0	manual_stringent_site_file_2021-09-15	negative_evidence	UniProtKB_AC-ID	Q9QZ85	Q9QZ85	false	1				quarantine	unmapped_in_pinned_uniprot_release
Negatome 2.0	manual_stringent_site_file_2021-09-15	negative_evidence	UniProtKB_AC-ID	Q9QZJ6	Q9QZJ6	false	5				quarantine	unmapped_in_pinned_uniprot_release
Negatome 2.0	manual_stringent_site_file_2021-09-15	negative_evidence	UniProtKB_AC-ID	Q9QZQ1	Q9QZQ1	false	1				quarantine	unmapped_in_pinned_uniprot_release
Negatome 2.0	manual_stringent_site_file_2021-09-15	negative_evidence	UniProtKB_AC-ID	Q9R0M6	Q9R0M6	false	2				quarantine	unmapped_in_pinned_uniprot_release
Negatome 2.0	manual_stringent_site_file_2021-09-15	negative_evidence	UniProtKB_AC-ID	Q9R0Q1	Q9R0Q1	false	1				quarantine	unmapped_in_pinned_uniprot_release
Negatome 2.0	manual_stringent_site_file_2021-09-15	negative_evidence	UniProtKB_AC-ID	Q9R0T4	Q9R0T4	false	1				quarantine	unmapped_in_pinned_uniprot_release
Negatome 2.0	manual_stringent_site_file_2021-09-15	negative_evidence	UniProtKB_AC-ID	Q9S036	Q9S036	false	1				quarantine	unmapped_in_pinned_uniprot_release
Negatome 2.0	manual_stringent_site_file_2021-09-15	negative_evidence	UniProtKB_AC-ID	Q9SRH5	Q9SRH5	false	1				quarantine	unmapped_in_pinned_uniprot_release
Negatome 2.0	manual_stringent_site_file_2021-09-15	negative_evidence	UniProtKB_AC-ID	Q9SYQ8	Q9SYQ8	false	3				quarantine	unmapped_in_pinned_uniprot_release
Negatome 2.0	manual_stringent_site_file_2021-09-15	negative_evidence	UniProtKB_AC-ID	Q9SYV0	Q9SYV0	false	1				quarantine	unmapped_in_pinned_uniprot_release
Negatome 2.0	manual_stringent_site_file_2021-09-15	negative_evidence	UniProtKB_AC-ID	Q9TVM2	Q9TVM2	false	1				quarantine	unmapped_in_pinned_uniprot_release
Negatome 2.0	manual_stringent_site_file_2021-09-15	negative_evidence	UniProtKB_AC-ID	Q9U377	Q9U377	false	3				quarantine	unmapped_in_pinned_uniprot_release
Negatome 2.0	manual_stringent_site_file_2021-09-15	negative_evidence	UniProtKB_AC-ID	Q9U6W1	Q9U6W1	false	1				quarantine	unmapped_in_pinned_uniprot_release
Negatome 2.0	manual_stringent_site_file_2021-09-15	negative_evidence	UniProtKB_AC-ID	Q9UBB5	Q9UBB5	false	1				quarantine	unmapped_in_pinned_uniprot_release
Negatome 2.0	manual_stringent_site_file_2021-09-15	negative_evidence	UniProtKB_AC-ID	Q9UBB6	Q9UBB6	false	1				quarantine	unmapped_in_pinned_uniprot_release
Negatome 2.0	manual_stringent_site_file_2021-09-15	negative_evidence	UniProtKB_AC-ID	Q9UBD5	Q9UBD5	false	10				quarantine	unmapped_in_pinned_uniprot_release
Negatome 2.0	manual_stringent_site_file_2021-09-15	negative_evidence	UniProtKB_AC-ID	Q9UBF6	Q9UBF6	false	1				quarantine	unmapped_in_pinned_uniprot_release
Negatome 2.0	manual_stringent_site_file_2021-09-15	negative_evidence	UniProtKB_AC-ID	Q9UBK2	Q9UBK2	false	1				quarantine	unmapped_in_pinned_uniprot_release
Negatome 2.0	manual_stringent_site_file_2021-09-15	negative_evidence	UniProtKB_AC-ID	Q9UBN4	Q9UBN4	false	1				quarantine	unmapped_in_pinned_uniprot_release
Negatome 2.0	manual_stringent_site_file_2021-09-15	negative_evidence	UniProtKB_AC-ID	Q9UBN7	Q9UBN7	false	1				quarantine	unmapped_in_pinned_uniprot_release
Negatome 2.0	manual_stringent_site_file_2021-09-15	negative_evidence	UniProtKB_AC-ID	Q9UBP5	Q9UBP5	false	2				quarantine	unmapped_in_pinned_uniprot_release
Negatome 2.0	manual_stringent_site_file_2021-09-15	negative_evidence	UniProtKB_AC-ID	Q9UBT7	Q9UBT7	false	2				quarantine	unmapped_in_pinned_uniprot_release
Negatome 2.0	manual_stringent_site_file_2021-09-15	negative_evidence	UniProtKB_AC-ID	Q9UBU3	Q9UBU3	false	1				quarantine	unmapped_in_pinned_uniprot_release
Negatome 2.0	manual_stringent_site_file_2021-09-15	negative_evidence	UniProtKB_AC-ID	Q9UBW7	Q9UBW7	false	1				quarantine	unmapped_in_pinned_uniprot_release
Negatome 2.0	manual_stringent_site_file_2021-09-15	negative_evidence	UniProtKB_AC-ID	Q9UBY5	Q9UBY5	false	1				quarantine	unmapped_in_pinned_uniprot_release
Negatome 2.0	manual_stringent_site_file_2021-09-15	negative_evidence	UniProtKB_AC-ID	Q9UDV6	Q9UDV6	false	11				quarantine	unmapped_in_pinned_uniprot_release
Negatome 2.0	manual_stringent_site_file_2021-09-15	negative_evidence	UniProtKB_AC-ID	Q9UH92	Q9UH92	false	27				quarantine	unmapped_in_pinned_uniprot_release
Negatome 2.0	manual_stringent_site_file_2021-09-15	negative_evidence	UniProtKB_AC-ID	Q9UHJ6	Q9UHJ6	false	1				quarantine	unmapped_in_pinned_uniprot_release
Negatome 2.0	manual_stringent_site_file_2021-09-15	negative_evidence	UniProtKB_AC-ID	Q9UHR5	Q9UHR5	false	24				quarantine	unmapped_in_pinned_uniprot_release
Negatome 2.0	manual_stringent_site_file_2021-09-15	negative_evidence	UniProtKB_AC-ID	Q9UHX1	Q9UHX1	false	25				quarantine	unmapped_in_pinned_uniprot_release
Negatome 2.0	manual_stringent_site_file_2021-09-15	negative_evidence	UniProtKB_AC-ID	Q9UI95	Q9UI95	false	1				quarantine	unmapped_in_pinned_uniprot_release
Negatome 2.0	manual_stringent_site_file_2021-09-15	negative_evidence	UniProtKB_AC-ID	Q9UIL1	Q9UIL1	false	3				quarantine	unmapped_in_pinned_uniprot_release
Negatome 2.0	manual_stringent_site_file_2021-09-15	negative_evidence	UniProtKB_AC-ID	Q9UIS9	Q9UIS9	false	1				quarantine	unmapped_in_pinned_uniprot_release
Negatome 2.0	manual_stringent_site_file_2021-09-15	negative_evidence	UniProtKB_AC-ID	Q9UJ41	Q9UJ41	false	1				quarantine	unmapped_in_pinned_uniprot_release
Negatome 2.0	manual_stringent_site_file_2021-09-15	negative_evidence	UniProtKB_AC-ID	Q9UJU2	Q9UJU2	false	1				quarantine	unmapped_in_pinned_uniprot_release
Negatome 2.0	manual_stringent_site_file_2021-09-15	negative_evidence	UniProtKB_AC-ID	Q9UJV9	Q9UJV9	false	1				quarantine	unmapped_in_pinned_uniprot_release
Negatome 2.0	manual_stringent_site_file_2021-09-15	negative_evidence	UniProtKB_AC-ID	Q9UJW0	Q9UJW0	false	1				quarantine	unmapped_in_pinned_uniprot_release
Negatome 2.0	manual_stringent_site_file_2021-09-15	negative_evidence	UniProtKB_AC-ID	Q9UJW3	Q9UJW3	false	3				quarantine	unmapped_in_pinned_uniprot_release
Negatome 2.0	manual_stringent_site_file_2021-09-15	negative_evidence	UniProtKB_AC-ID	Q9UK45	Q9UK45	false	3				quarantine	unmapped_in_pinned_uniprot_release
Negatome 2.0	manual_stringent_site_file_2021-09-15	negative_evidence	UniProtKB_AC-ID	Q9UK97	Q9UK97	false	2				quarantine	unmapped_in_pinned_uniprot_release
Negatome 2.0	manual_stringent_site_file_2021-09-15	negative_evidence	UniProtKB_AC-ID	Q9UKC9	Q9UKC9	false	2				quarantine	unmapped_in_pinned_uniprot_release
Negatome 2.0	manual_stringent_site_file_2021-09-15	negative_evidence	UniProtKB_AC-ID	Q9UKF6	Q9UKF6	false	1				quarantine	unmapped_in_pinned_uniprot_release
Negatome 2.0	manual_stringent_site_file_2021-09-15	negative_evidence	UniProtKB_AC-ID	Q9UKG1	Q9UKG1	false	3				quarantine	unmapped_in_pinned_uniprot_release
Negatome 2.0	manual_stringent_site_file_2021-09-15	negative_evidence	UniProtKB_AC-ID	Q9UKL0	Q9UKL0	false	1				quarantine	unmapped_in_pinned_uniprot_release
Negatome 2.0	manual_stringent_site_file_2021-09-15	negative_evidence	UniProtKB_AC-ID	Q9UKT4	Q9UKT4	false	2				quarantine	unmapped_in_pinned_uniprot_release
Negatome 2.0	manual_stringent_site_file_2021-09-15	negative_evidence	UniProtKB_AC-ID	Q9UKV8	Q9UKV8	false	1				quarantine	unmapped_in_pinned_uniprot_release
Negatome 2.0	manual_stringent_site_file_2021-09-15	negative_evidence	UniProtKB_AC-ID	Q9UKW4	Q9UKW4	false	1				quarantine	unmapped_in_pinned_uniprot_release
Negatome 2.0	manual_stringent_site_file_2021-09-15	negative_evidence	UniProtKB_AC-ID	Q9UKY1	Q9UKY1	false	14				quarantine	unmapped_in_pinned_uniprot_release
Negatome 2.0	manual_stringent_site_file_2021-09-15	negative_evidence	UniProtKB_AC-ID	Q9ULX6	Q9ULX6	false	2				quarantine	unmapped_in_pinned_uniprot_release
Negatome 2.0	manual_stringent_site_file_2021-09-15	negative_evidence	UniProtKB_AC-ID	Q9ULZ3	Q9ULZ3	false	1				quarantine	unmapped_in_pinned_uniprot_release
Negatome 2.0	manual_stringent_site_file_2021-09-15	negative_evidence	UniProtKB_AC-ID	Q9UM11	Q9UM11	false	1				quarantine	unmapped_in_pinned_uniprot_release
Negatome 2.0	manual_stringent_site_file_2021-09-15	negative_evidence	UniProtKB_AC-ID	Q9UM13	Q9UM13	false	2				quarantine	unmapped_in_pinned_uniprot_release
Negatome 2.0	manual_stringent_site_file_2021-09-15	negative_evidence	UniProtKB_AC-ID	Q9UM73	Q9UM73	false	1				quarantine	unmapped_in_pinned_uniprot_release
Negatome 2.0	manual_stringent_site_file_2021-09-15	negative_evidence	UniProtKB_AC-ID	Q9UP83	Q9UP83	false	3				quarantine	unmapped_in_pinned_uniprot_release
Negatome 2.0	manual_stringent_site_file_2021-09-15	negative_evidence	UniProtKB_AC-ID	Q9UPN9	Q9UPN9	false	4				quarantine	unmapped_in_pinned_uniprot_release
Negatome 2.0	manual_stringent_site_file_2021-09-15	negative_evidence	UniProtKB_AC-ID	Q9UPT6	Q9UPT6	false	1				quarantine	unmapped_in_pinned_uniprot_release
Negatome 2.0	manual_stringent_site_file_2021-09-15	negative_evidence	UniProtKB_AC-ID	Q9VEN9	Q9VEN9	false	2				quarantine	unmapped_in_pinned_uniprot_release
Negatome 2.0	manual_stringent_site_file_2021-09-15	negative_evidence	UniProtKB_AC-ID	Q9VR21	Q9VR21	false	1				quarantine	unmapped_in_pinned_uniprot_release
Negatome 2.0	manual_stringent_site_file_2021-09-15	negative_evidence	UniProtKB_AC-ID	Q9VTZ0	Q9VTZ0	false	1				quarantine	unmapped_in_pinned_uniprot_release
Negatome 2.0	manual_stringent_site_file_2021-09-15	negative_evidence	UniProtKB_AC-ID	Q9VVI2	Q9VVI2	false	1				quarantine	unmapped_in_pinned_uniprot_release
Negatome 2.0	manual_stringent_site_file_2021-09-15	negative_evidence	UniProtKB_AC-ID	Q9VZ23	Q9VZ23	false	2				quarantine	unmapped_in_pinned_uniprot_release
Negatome 2.0	manual_stringent_site_file_2021-09-15	negative_evidence	UniProtKB_AC-ID	Q9W2K2	Q9W2K2	false	1				quarantine	unmapped_in_pinned_uniprot_release
Negatome 2.0	manual_stringent_site_file_2021-09-15	negative_evidence	UniProtKB_AC-ID	Q9WTJ5	Q9WTJ5	false	1				quarantine	unmapped_in_pinned_uniprot_release
Negatome 2.0	manual_stringent_site_file_2021-09-15	negative_evidence	UniProtKB_AC-ID	Q9WTL2	Q9WTL2	false	2				quarantine	unmapped_in_pinned_uniprot_release
Negatome 2.0	manual_stringent_site_file_2021-09-15	negative_evidence	UniProtKB_AC-ID	Q9WTL8	Q9WTL8	false	1				quarantine	unmapped_in_pinned_uniprot_release
Negatome 2.0	manual_stringent_site_file_2021-09-15	negative_evidence	UniProtKB_AC-ID	Q9WTV5	Q9WTV5	false	1				quarantine	unmapped_in_pinned_uniprot_release
Negatome 2.0	manual_stringent_site_file_2021-09-15	negative_evidence	UniProtKB_AC-ID	Q9WTW1	Q9WTW1	false	1				quarantine	unmapped_in_pinned_uniprot_release
Negatome 2.0	manual_stringent_site_file_2021-09-15	negative_evidence	UniProtKB_AC-ID	Q9WTW2	Q9WTW2	false	1				quarantine	unmapped_in_pinned_uniprot_release
Negatome 2.0	manual_stringent_site_file_2021-09-15	negative_evidence	UniProtKB_AC-ID	Q9WTX6	Q9WTX6	false	1				quarantine	unmapped_in_pinned_uniprot_release
Negatome 2.0	manual_stringent_site_file_2021-09-15	negative_evidence	UniProtKB_AC-ID	Q9WU42	Q9WU42	false	1				quarantine	unmapped_in_pinned_uniprot_release
Negatome 2.0	manual_stringent_site_file_2021-09-15	negative_evidence	UniProtKB_AC-ID	Q9WU82	Q9WU82	false	1				quarantine	unmapped_in_pinned_uniprot_release
Negatome 2.0	manual_stringent_site_file_2021-09-15	negative_evidence	UniProtKB_AC-ID	Q9WUD9	Q9WUD9	false	1				quarantine	unmapped_in_pinned_uniprot_release
Negatome 2.0	manual_stringent_site_file_2021-09-15	negative_evidence	UniProtKB_AC-ID	Q9WV60	Q9WV60	false	1				quarantine	unmapped_in_pinned_uniprot_release
Negatome 2.0	manual_stringent_site_file_2021-09-15	negative_evidence	UniProtKB_AC-ID	Q9WVB9	Q9WVB9	false	1				quarantine	unmapped_in_pinned_uniprot_release
Negatome 2.0	manual_stringent_site_file_2021-09-15	negative_evidence	UniProtKB_AC-ID	Q9WVH9	Q9WVH9	false	2				quarantine	unmapped_in_pinned_uniprot_release
Negatome 2.0	manual_stringent_site_file_2021-09-15	negative_evidence	UniProtKB_AC-ID	Q9WVJ9	Q9WVJ9	false	2				quarantine	unmapped_in_pinned_uniprot_release
Negatome 2.0	manual_stringent_site_file_2021-09-15	negative_evidence	UniProtKB_AC-ID	Q9WVR4	Q9WVR4	false	1				quarantine	unmapped_in_pinned_uniprot_release
Negatome 2.0	manual_stringent_site_file_2021-09-15	negative_evidence	UniProtKB_AC-ID	Q9WVS0	Q9WVS0	false	1				quarantine	unmapped_in_pinned_uniprot_release
Negatome 2.0	manual_stringent_site_file_2021-09-15	negative_evidence	UniProtKB_AC-ID	Q9Y210	Q9Y210	false	1				quarantine	unmapped_in_pinned_uniprot_release
Negatome 2.0	manual_stringent_site_file_2021-09-15	negative_evidence	UniProtKB_AC-ID	Q9Y294	Q9Y294	false	1				quarantine	unmapped_in_pinned_uniprot_release
Negatome 2.0	manual_stringent_site_file_2021-09-15	negative_evidence	UniProtKB_AC-ID	Q9Y297	Q9Y297	false	2				quarantine	unmapped_in_pinned_uniprot_release
Negatome 2.0	manual_stringent_site_file_2021-09-15	negative_evidence	UniProtKB_AC-ID	Q9Y2D8	Q9Y2D8	false	4				quarantine	unmapped_in_pinned_uniprot_release
Negatome 2.0	manual_stringent_site_file_2021-09-15	negative_evidence	UniProtKB_AC-ID	Q9Y2K7	Q9Y2K7	false	2				quarantine	unmapped_in_pinned_uniprot_release
Negatome 2.0	manual_stringent_site_file_2021-09-15	negative_evidence	UniProtKB_AC-ID	Q9Y2L1	Q9Y2L1	false	11				quarantine	unmapped_in_pinned_uniprot_release
Negatome 2.0	manual_stringent_site_file_2021-09-15	negative_evidence	UniProtKB_AC-ID	Q9Y2Q0	Q9Y2Q0	false	1				quarantine	unmapped_in_pinned_uniprot_release
Negatome 2.0	manual_stringent_site_file_2021-09-15	negative_evidence	UniProtKB_AC-ID	Q9Y2Q3	Q9Y2Q3	false	1				quarantine	unmapped_in_pinned_uniprot_release
Negatome 2.0	manual_stringent_site_file_2021-09-15	negative_evidence	UniProtKB_AC-ID	Q9Y2U5	Q9Y2U5	false	1				quarantine	unmapped_in_pinned_uniprot_release
Negatome 2.0	manual_stringent_site_file_2021-09-15	negative_evidence	UniProtKB_AC-ID	Q9Y2V7	Q9Y2V7	false	4				quarantine	unmapped_in_pinned_uniprot_release
Negatome 2.0	manual_stringent_site_file_2021-09-15	negative_evidence	UniProtKB_AC-ID	Q9Y333	Q9Y333	false	5				quarantine	unmapped_in_pinned_uniprot_release
Negatome 2.0	manual_stringent_site_file_2021-09-15	negative_evidence	UniProtKB_AC-ID	Q9Y3B2	Q9Y3B2	false	6				quarantine	unmapped_in_pinned_uniprot_release
Negatome 2.0	manual_stringent_site_file_2021-09-15	negative_evidence	UniProtKB_AC-ID	Q9Y3M2	Q9Y3M2	false	1				quarantine	unmapped_in_pinned_uniprot_release
Negatome 2.0	manual_stringent_site_file_2021-09-15	negative_evidence	UniProtKB_AC-ID	Q9Y4K3	Q9Y4K3	false	3				quarantine	unmapped_in_pinned_uniprot_release
Negatome 2.0	manual_stringent_site_file_2021-09-15	negative_evidence	UniProtKB_AC-ID	Q9Y4Y9	Q9Y4Y9	false	6				quarantine	unmapped_in_pinned_uniprot_release
Negatome 2.0	manual_stringent_site_file_2021-09-15	negative_evidence	UniProtKB_AC-ID	Q9Y4Z0	Q9Y4Z0	false	6				quarantine	unmapped_in_pinned_uniprot_release
Negatome 2.0	manual_stringent_site_file_2021-09-15	negative_evidence	UniProtKB_AC-ID	Q9Y5C1	Q9Y5C1	false	2				quarantine	unmapped_in_pinned_uniprot_release
Negatome 2.0	manual_stringent_site_file_2021-09-15	negative_evidence	UniProtKB_AC-ID	Q9Y5X1	Q9Y5X1	false	1				quarantine	unmapped_in_pinned_uniprot_release
Negatome 2.0	manual_stringent_site_file_2021-09-15	negative_evidence	UniProtKB_AC-ID	Q9Y5Y5	Q9Y5Y5	false	9				quarantine	unmapped_in_pinned_uniprot_release
Negatome 2.0	manual_stringent_site_file_2021-09-15	negative_evidence	UniProtKB_AC-ID	Q9Y613	Q9Y613	false	4				quarantine	unmapped_in_pinned_uniprot_release
Negatome 2.0	manual_stringent_site_file_2021-09-15	negative_evidence	UniProtKB_AC-ID	Q9Y618	Q9Y618	false	3				quarantine	unmapped_in_pinned_uniprot_release
Negatome 2.0	manual_stringent_site_file_2021-09-15	negative_evidence	UniProtKB_AC-ID	Q9Y620	Q9Y620	false	1				quarantine	unmapped_in_pinned_uniprot_release
Negatome 2.0	manual_stringent_site_file_2021-09-15	negative_evidence	UniProtKB_AC-ID	Q9Y624	Q9Y624	false	1				quarantine	unmapped_in_pinned_uniprot_release
Negatome 2.0	manual_stringent_site_file_2021-09-15	negative_evidence	UniProtKB_AC-ID	Q9Y6D9	Q9Y6D9	false	1				quarantine	unmapped_in_pinned_uniprot_release
Negatome 2.0	manual_stringent_site_file_2021-09-15	negative_evidence	UniProtKB_AC-ID	Q9Y6F6	Q9Y6F6	false	1				quarantine	unmapped_in_pinned_uniprot_release
Negatome 2.0	manual_stringent_site_file_2021-09-15	negative_evidence	UniProtKB_AC-ID	Q9Y6K9	Q9Y6K9	false	2				quarantine	unmapped_in_pinned_uniprot_release
Negatome 2.0	manual_stringent_site_file_2021-09-15	negative_evidence	UniProtKB_AC-ID	Q9Y6Q1	Q9Y6Q1	false	1				quarantine	unmapped_in_pinned_uniprot_release
Negatome 2.0	manual_stringent_site_file_2021-09-15	negative_evidence	UniProtKB_AC-ID	Q9Y6W8	Q9Y6W8	false	1				quarantine	unmapped_in_pinned_uniprot_release
Negatome 2.0	manual_stringent_site_file_2021-09-15	negative_evidence	UniProtKB_AC-ID	Q9Y6X1	Q9Y6X1	false	1				quarantine	unmapped_in_pinned_uniprot_release
Negatome 2.0	manual_stringent_site_file_2021-09-15	negative_evidence	UniProtKB_AC-ID	Q9Y6X2	Q9Y6X2	false	1				quarantine	unmapped_in_pinned_uniprot_release
Negatome 2.0	manual_stringent_site_file_2021-09-15	negative_evidence	UniProtKB_AC-ID	Q9YP87	Q9YP87	false	16				quarantine	unmapped_in_pinned_uniprot_release
Negatome 2.0	manual_stringent_site_file_2021-09-15	negative_evidence	UniProtKB_AC-ID	Q9Z0G0	Q9Z0G0	false	4				quarantine	unmapped_in_pinned_uniprot_release
Negatome 2.0	manual_stringent_site_file_2021-09-15	negative_evidence	UniProtKB_AC-ID	Q9Z136	Q9Z136	false	1				quarantine	unmapped_in_pinned_uniprot_release
Negatome 2.0	manual_stringent_site_file_2021-09-15	negative_evidence	UniProtKB_AC-ID	Q9Z1P2	Q9Z1P2	false	1				quarantine	unmapped_in_pinned_uniprot_release
Negatome 2.0	manual_stringent_site_file_2021-09-15	negative_evidence	UniProtKB_AC-ID	Q9Z1S8	Q9Z1S8	false	1				quarantine	unmapped_in_pinned_uniprot_release
Negatome 2.0	manual_stringent_site_file_2021-09-15	negative_evidence	UniProtKB_AC-ID	Q9Z2V6	Q9Z2V6	false	1				quarantine	unmapped_in_pinned_uniprot_release
