source_database	source_version	evidence_role	namespace	raw_identifier	mapping_query_id	isoform_specific	occurrence_count	all_uniprot_targets	reviewed_human_targets	resolved_accession	resolution_status	resolution_reason
Luck2020	Nature_supplement_2020-04-08	negative_evidence	Ensembl	ENSG00000000457	ENSG00000000457	false	3	A0ACI8RLT7;A0ACI8SG46;A0ACI8VH11;Q8IZE3;X6RHX1	Q8IZE3	Q8IZE3	accepted	unique_reviewed_human_target
Luck2020	Nature_supplement_2020-04-08	negative_evidence	Ensembl	ENSG00000000938	ENSG00000000938	false	2	A0ACI8PC72;A0ACI8Q049;A0ACI8QW34;A0ACI8VMN1;A0ACI8VMN8;A0ACI8VN48;P09769;Q5TGY6	P09769	P09769	accepted	unique_reviewed_human_target
Luck2020	Nature_supplement_2020-04-08	negative_evidence	Ensembl	ENSG00000002330	ENSG00000002330	false	6	A0ACI8R2F3;A8MXU7;F5GYS3;F5H1R6;F5H3B1;Q92934	Q92934	Q92934	accepted	unique_reviewed_human_target
Luck2020	Nature_supplement_2020-04-08	negative_evidence	Ensembl	ENSG00000003756	ENSG00000003756	false	3	A0ACI8P7B9;A0ACI8P8S3;A0ACI8PEJ0;A0ACI8PJT1;A0ACI8PSG6;A0ACI8Q0P4;A0ACI8Q9Z6;A0ACI8QB32;A0ACI8QI36;A0ACI8RDS1;A0ACI8RJG4;A0ACI8TWY3;A0ACI8TX25;A0ACI8TX72;A0ACI8TXJ6;A0ACI8UQ90;A0ACI8UQ92;A0ACI8UQB8;C9J9P7;C9JFQ5;C9JR02;F8W910;F8WE23;H7BYM9;P52756	P52756	P52756	accepted	unique_reviewed_human_target
Luck2020	Nature_supplement_2020-04-08	negative_evidence	Ensembl	ENSG00000004142	ENSG00000004142	false	3	A0ACI8QW38;A0ACI8R6U9;A0ACI8RCV0;A0ACI8RGI5;A0ACI8S5W5;A0ACI8SBY9;A0ACI8TGC8;A0ACI8UTC5;A0ACI8UTD6;A0ACI8UTF0;A0ACM8QGA3;Q9Y2S7	Q9Y2S7	Q9Y2S7	accepted	unique_reviewed_human_target
Luck2020	Nature_supplement_2020-04-08	negative_evidence	Ensembl	ENSG00000004534	ENSG00000004534	false	2	A0ACI8PIE2;A0ACI8RPL8;A0ACI8UFL0;C9J250;C9JII0;C9JMC8;C9JSL1;E9PGM9;F8WCA5;F8WCT0;F8WF63;P78332	P78332	P78332	accepted	unique_reviewed_human_target
Luck2020	Nature_supplement_2020-04-08	negative_evidence	Ensembl	ENSG00000004660	ENSG00000004660	false	3	A0ACI8QJQ7;J3KPJ3;Q8N5S9	Q8N5S9	Q8N5S9	accepted	unique_reviewed_human_target
Luck2020	Nature_supplement_2020-04-08	negative_evidence	Ensembl	ENSG00000004846	ENSG00000004846	false	2	H7C165;Q2M3G0	Q2M3G0	Q2M3G0	accepted	unique_reviewed_human_target
Luck2020	Nature_supplement_2020-04-08	negative_evidence	Ensembl	ENSG00000005801	ENSG00000005801	false	1	A0A087WT67;A0ACI8R9N4;A0ACI8TGC1;A0ACI8TGC2;A0ACI8U5F7;A0ACI8U5K5;C9JG37;E9PIN4;E9PIT0;E9PIY8;E9PLF5;E9PLW9;E9PMX5;E9PNM0;E9PPF8;E9PSE6;H0YDV1;O14628	O14628	O14628	accepted	unique_reviewed_human_target
Luck2020	Nature_supplement_2020-04-08	negative_evidence	Ensembl	ENSG00000005893	ENSG00000005893	false	3	A0A9L9PXQ4;A0ACI8PJS7;A0ACI8PUI3;A0ACI8QK78;A0ACI8R7H8;A0ACI8RBJ5;A0ACI8S0S8;A0ACI8TV86;A0ACI8UNL3;A0ACI8UNM5;A0ACI8UNQ1;A0ACI8UNY8;A0ACI8USA3;A0ACI8USA5;A0ACI8USZ5;H0YCG2;P13473	P13473	P13473	accepted	unique_reviewed_human_target
Luck2020	Nature_supplement_2020-04-08	negative_evidence	Ensembl	ENSG00000006128	ENSG00000006128	false	3	P20366	P20366	P20366	accepted	unique_reviewed_human_target
Luck2020	Nature_supplement_2020-04-08	negative_evidence	Ensembl	ENSG00000006534	ENSG00000006534	false	3	A0A087WTE0;A0A087WU54;A0A087WUF8;A0A087X192;A0A087X2D4;A0ACI8RGC8;A0ACI8RVV6;P43353	P43353	P43353	accepted	unique_reviewed_human_target
Luck2020	Nature_supplement_2020-04-08	negative_evidence	Ensembl	ENSG00000006659	ENSG00000006659	false	4	M0R163;Q8TCE9	Q8TCE9	Q8TCE9	accepted	unique_reviewed_human_target
Luck2020	Nature_supplement_2020-04-08	negative_evidence	Ensembl	ENSG00000008517	ENSG00000008517	false	3	A0ACI8S5Q2;A0ACI8UKR0;E9PIV2;E9PK07;F6XF19;F8VSD2;F8VVN4;F8W1V1;P24001	P24001	P24001	accepted	unique_reviewed_human_target
Luck2020	Nature_supplement_2020-04-08	negative_evidence	Ensembl	ENSG00000010319	ENSG00000010319	false	2	A0ACI8UIG0;C9JXB2;H7C5M7;Q9NS98	Q9NS98	Q9NS98	accepted	unique_reviewed_human_target
Luck2020	Nature_supplement_2020-04-08	negative_evidence	Ensembl	ENSG00000010379	ENSG00000010379	false	2	A0ACI8QW40;A0ACI8VFV6;F5GZA5;F5H5D9;F5H6S9;Q9NSD5	Q9NSD5	Q9NSD5	accepted	unique_reviewed_human_target
Luck2020	Nature_supplement_2020-04-08	negative_evidence	Ensembl	ENSG00000019102	ENSG00000019102	false	3	A0ACI8R3V6;A0ACI8RSA5;A0ACI8SC35;Q96IQ7	Q96IQ7	Q96IQ7	accepted	unique_reviewed_human_target
Luck2020	Nature_supplement_2020-04-08	negative_evidence	Ensembl	ENSG00000019169	ENSG00000019169	false	6	A0ACI8PRT1;A0ACI8Q2U2;A0ACI8Q6W9;A0ACI8QV27;A0ACI8R3F8;A0ACI8R581;A0ACI8RG24;A0ACI8RJJ0;A0ACI8RTN8;A0ACI8RZ22;A0ACI8S5R0;A0ACI8V0C4;A0ACI8V0D5;A0ACI8V0F2;A0ACI8V0F9;A0ACI8V0G0;A0ACI8V0T1;A0ACI8V3G7;A0ACI8V3I1;A0ACI8V3S5;A0ACI8V457;A0ACI8V5N0;A0ACI8V5Q1;C9JKT8;Q9UEW3	Q9UEW3	Q9UEW3	accepted	unique_reviewed_human_target
Luck2020	Nature_supplement_2020-04-08	negative_evidence	Ensembl	ENSG00000020426	ENSG00000020426	false	6	A0ACI8TKS5;A0ACI8TKT1;A0ACI8TKW3;A0ACI8V5C4;A0ACI8V5E0;A0ACI8V5M2;H0YJ92;H0YJF2;P51948	P51948	P51948	accepted	unique_reviewed_human_target
Luck2020	Nature_supplement_2020-04-08	negative_evidence	Ensembl	ENSG00000026103	ENSG00000026103	false	4	A0A087WTM9;A0A499FID1;A0A8I5KWV4;A0A8Q3SIR6;A0A8Q3SIY4;A0A8Q3SJI5;A0A8Q3WLI5;A0A8Q3WLK1;A0A8Q3WLK6;A0A8Q3WLL4;A0A8Q3WM13;A0A8V8TKJ0;A0A8V8TKN4;A0A8V8TM64;P25445	P25445	P25445	accepted	unique_reviewed_human_target
Luck2020	Nature_supplement_2020-04-08	negative_evidence	Ensembl	ENSG00000033011	ENSG00000033011	false	1	A0A804HHW1;A0A804HIG6;A0A804HJE3;A0A804HJL6;A0A804HJQ1;A0A804HKJ4;A0A804HKK4;A0A804HKU4;A0A804HKX7;A0A804HLB7;A0ACI8QVT3;A0ACI8RPR2;A0ACI8S1X9;A0ACI8U3G5;A0ACI8U3J8;A0ACI8U3K0;A0ACI8V5L1;A0ACI8V5L2;K7EID2;K7EPU3;K7EQK1;Q9BT22	Q9BT22	Q9BT22	accepted	unique_reviewed_human_target
Luck2020	Nature_supplement_2020-04-08	negative_evidence	Ensembl	ENSG00000034152	ENSG00000034152	false	1	A0ACI8SI78;A0ACI8SI87;A0ACI8SIC3;A0ACI8SID0;A0ACI8UNQ2;E9PMA8;E9PRZ0;J3KRV4;J3QL77;J3QR49;P46734;X6RB39	P46734	P46734	accepted	unique_reviewed_human_target
Luck2020	Nature_supplement_2020-04-08	negative_evidence	Ensembl	ENSG00000035115	ENSG00000035115	false	5	A0ACI8QCX4;A0ACI8SDT9;A0ACI8TX78;A0ACI8TXB2;A0ACI8VN96;A0ACI8VN97;A0ACI8VNA7;C9J4Z8;C9JJI3;F5GYQ6;H7C1B8;H7C499;Q96HL8;S4R3I7	Q96HL8	Q96HL8	accepted	unique_reviewed_human_target
Luck2020	Nature_supplement_2020-04-08	negative_evidence	Ensembl	ENSG00000037474	ENSG00000037474	false	2	A0A140T9Y7;A0A140T9Z1;A0ACI8QWE4;A0ACI8QWE9;A0ACI8QX22;A0ACI8QXA3;A0ACI8QXM9;A0ACI8RDL5;A0ACI8RHA3;A0ACI8SAU4;A0ACI8SC80;A0ACI8SE37;A0ACI8U0I8;A0ACI8U0M3;A0ACI8U160;A0ACI8U1E1;A0ACI8U4M8;Q08J23	Q08J23	Q08J23	accepted	unique_reviewed_human_target
Luck2020	Nature_supplement_2020-04-08	negative_evidence	Ensembl	ENSG00000043514	ENSG00000043514	false	3	A0A3B3ITK2;F6YA19;Q9H3H1;S4R2X1;S4R2Y2;S4R2Z0;S4R3C5;S4R3F4;S4R3U8	Q9H3H1	Q9H3H1	accepted	unique_reviewed_human_target
Luck2020	Nature_supplement_2020-04-08	negative_evidence	Ensembl	ENSG00000048162	ENSG00000048162	false	3	A0A087WU10;A0A0C4DGU5;A0ACI8PS06;A0ACI8TTW1;A0ACI8TU73;A0ACI8TUA8;A0ACI8TV42;A0ACI8TVI8;A0ACI8TVJ8;D6RC60;D6RIC3;Q9Y3C1	Q9Y3C1	Q9Y3C1	accepted	unique_reviewed_human_target
Luck2020	Nature_supplement_2020-04-08	negative_evidence	Ensembl	ENSG00000050327	ENSG00000050327	false	2	C9J591;H0Y895;Q12774	Q12774	Q12774	accepted	unique_reviewed_human_target
Luck2020	Nature_supplement_2020-04-08	negative_evidence	Ensembl	ENSG00000050344	ENSG00000050344	false	5	A0ACI8TFJ6;A0ACI8TFL7;A0ACI8TFM4;A0ACI8TFM9;Q9Y4A8;U3KQ19	Q9Y4A8	Q9Y4A8	accepted	unique_reviewed_human_target
Luck2020	Nature_supplement_2020-04-08	negative_evidence	Ensembl	ENSG00000052749	ENSG00000052749	false	2	A0A087WYW2;A0A087X0G0;A0A087X1U8;H7C1M8;Q5JTH9	Q5JTH9	Q5JTH9	accepted	unique_reviewed_human_target
Luck2020	Nature_supplement_2020-04-08	negative_evidence	Ensembl	ENSG00000054116	ENSG00000054116	false	2	A0A087WWM0;A0A087WYS5;A0ACI8RBZ4;A0ACI8SEZ0;A0ACI8T775;A0ACI8T7A6;A6NKE1;O43617	O43617	O43617	accepted	unique_reviewed_human_target
Luck2020	Nature_supplement_2020-04-08	negative_evidence	Ensembl	ENSG00000054967	ENSG00000054967	false	1	A0ACI8RIZ6;A0ACI8T9J0;A0ACI8U3U6;A0ACI8U468;A0ACI8U5V9;F5GYS9;F5H2T5;Q969Z4	Q969Z4	Q969Z4	accepted	unique_reviewed_human_target
Luck2020	Nature_supplement_2020-04-08	negative_evidence	Ensembl	ENSG00000055070	ENSG00000055070	false	3	A0ACI8RFS0;A0ACI8SND0;A0ACI8U7A2;A0ACI8U7F1;A0ACI8U7N6;F8WDF4;Q7Z422	Q7Z422	Q7Z422	accepted	unique_reviewed_human_target
Luck2020	Nature_supplement_2020-04-08	negative_evidence	Ensembl	ENSG00000055208	ENSG00000055208	false	2	A0A1B0GV57;A0A8V8TQR7;A0ACI8SYR3;Q9NYJ8;U3KQ62;U3KQR0	Q9NYJ8	Q9NYJ8	accepted	unique_reviewed_human_target
Luck2020	Nature_supplement_2020-04-08	negative_evidence	Ensembl	ENSG00000056487	ENSG00000056487	false	6	A0ACI8T9H7;B0QYW2;B1AHC5;B1AHC6;Q96EK2	Q96EK2	Q96EK2	accepted	unique_reviewed_human_target
Luck2020	Nature_supplement_2020-04-08	negative_evidence	Ensembl	ENSG00000057149	ENSG00000057149	false	3	A0ACI8PHE5;A0ACI8QDU7;P29508	P29508	P29508	accepted	unique_reviewed_human_target
Luck2020	Nature_supplement_2020-04-08	negative_evidence	Ensembl	ENSG00000058404	ENSG00000058404	false	2	A0A8V8TPG1;A0A8V8TPG6;A0A8V8TPH1;A0A8V8TPJ7;A0A8V8TPW6;A0A8V8TPX2;A0A8V8TPX9;A0A8V8TQ05;A0A8V8TQ06;A0A8V8TQ12;A0A8V8TQ13;A0A8V8TQ39;A0A8V8TQR5;A0A8V8TQS2;A0A8V8TQU0;A0A8V8TQU4;A0A8V8TR22;A0A8V8TR26;A0A8V8TR45;A0ACI8QLD4;A0ACI8QLD5;A0ACI8QLH1;A0ACI8QLL9;A0ACI8QLY3;A0ACI8QN38;A0ACI8QPA7;A0ACI8QYJ0;A0ACI8R5W9;A0ACI8RAG8;A0ACI8RCL9;A0ACI8RIY3;A0ACI8RMW7;A0ACI8RSG5;A0ACI8RUM5;A0ACI8RXU1;A0ACI8S238;A0ACI8S3D3;A0ACI8S828;A0ACI8S9I3;A0ACI8SC65;A0ACI8SEC2;A0ACI8SFK1;A0ACI8U7S8;A0ACI8U7V2;A0ACI8U7W2;A0ACI8U7W3;A0ACI8U7W9;A0ACI8U7X5;A0ACI8U7X7;A0ACI8U7Y8;A0ACI8U7Z1;A0ACI8U7Z3;A0ACI8U814;A0ACI8U818;A0ACI8U820;A0ACI8U821;A0ACI8U832;A0ACI8U845;A0ACI8U870;A0ACI8U8E1;A0ACI8U982;A0ACI8U994;A0ACI8UA20;A0ACI8UAB7;A0ACI8UAJ6;A0ACI8UAQ0;A0ACI8UAT0;A0ACI8UB28;A0ACI8UB56;A0ACI8UB62;A0ACI8UB65;A0ACI8UB78;A0ACI8UBA2;A0ACI8UBB0;A0ACI8UBC5;A0ACI8UBJ1;A0ACI8UBL2;E7EQE4;E7ERS6;E9PBE8;H7BXS4;H7BZC6;Q13554	Q13554	Q13554	accepted	unique_reviewed_human_target
Luck2020	Nature_supplement_2020-04-08	negative_evidence	Ensembl	ENSG00000062822	ENSG00000062822	false	2	A0A087WYJ2;A0A2R8Y705;A0A2R8Y7K6;A0ACI8PXI7;A0ACI8RPI1;A0ACI8TUG3;A0ACI8TUH4;A0ACI8TUI1;A0ACI8TVZ8;A0ACI8TW27;A0ACI8TWI6;A0ACI8TWJ8;M0QXE6;M0QXQ2;M0QZR8;M0R2B7;M0R2J2;P28340	P28340	P28340	accepted	unique_reviewed_human_target
Luck2020	Nature_supplement_2020-04-08	negative_evidence	Ensembl	ENSG00000064763	ENSG00000064763	false	3	A0A8I5KQJ4;A0A8I5KS86;A0A8I5KUM2;A0A8I5KVC4;A0A8I5KXF4;A0ACI8SHK8;A0ACI8TUZ9;A0ACI8UHX2;F8VPF2;F8VX60;H0YHP1;H0YIE0;Q96K12	Q96K12	Q96K12	accepted	unique_reviewed_human_target
Luck2020	Nature_supplement_2020-04-08	negative_evidence	Ensembl	ENSG00000065328	ENSG00000065328	false	3	A0ACI8T338;A0ACI8T348;C9J600;Q5T670;Q7L590	Q7L590	Q7L590	accepted	unique_reviewed_human_target
Luck2020	Nature_supplement_2020-04-08	negative_evidence	Ensembl	ENSG00000065361	ENSG00000065361	false	2	A0A087WYT2;A0A2R8Y6T4;A0ACI8QBF2;A0ACI8R8A2;A0ACI8RF02;F8VRI5;F8VRL0;F8VRW8;F8VRZ1;F8VW48;F8VYK4;P21860	P21860	P21860	accepted	unique_reviewed_human_target
Luck2020	Nature_supplement_2020-04-08	negative_evidence	Ensembl	ENSG00000065911	ENSG00000065911	false	2	A0A7I2V2G4;A0A7I2V2U6;A0A7I2V3T1;A0A7I2V482;A0A7I2YQD4;B8ZZU9;B9A062;F8WF06;F8WF89;P13995	P13995	P13995	accepted	unique_reviewed_human_target
Luck2020	Nature_supplement_2020-04-08	negative_evidence	Ensembl	ENSG00000066117	ENSG00000066117	false	2	A0ACI8PXW5;A0ACI8SRF8;A0ACI8SRH4;A0ACI8SRI7;A0ACI8SRI8;A0ACI8SRI9;A0ACI8SRL4;F8VRQ4;F8VUB0;F8VW95;F8VZ70;H0YHV1;Q96GM5	Q96GM5	Q96GM5	accepted	unique_reviewed_human_target
Luck2020	Nature_supplement_2020-04-08	negative_evidence	Ensembl	ENSG00000066336	ENSG00000066336	false	2	A0AAA9YHK5;A0AAA9YHU6;A0ACI8RRX7;F5GZ94;F5H3K6;P17947	P17947	P17947	accepted	unique_reviewed_human_target
Luck2020	Nature_supplement_2020-04-08	negative_evidence	Ensembl	ENSG00000066855	ENSG00000066855	false	3	A0ACI8RSJ0;A0ACI8TW96;A0ACI8VLR4;E5RIB6;H0YBZ4;H0YF01;H7C5V5;Q15390	Q15390	Q15390	accepted	unique_reviewed_human_target
Luck2020	Nature_supplement_2020-04-08	negative_evidence	Ensembl	ENSG00000066923	ENSG00000066923	false	3	A0ACI8U142;C9J3T3;C9JTG4;C9JYW5;D6W5U7;H7C0H6;Q9UJ98	Q9UJ98	Q9UJ98	accepted	unique_reviewed_human_target
Luck2020	Nature_supplement_2020-04-08	negative_evidence	Ensembl	ENSG00000067177	ENSG00000067177	false	3	A0ACI8QP96;A0ACI8RBZ0;A0ACI8TIW5;A0ACI8TJ03;A0ACI8V0H9;A0ACI8V0W5;A0ACI8V3J5;A0ACI8V3K2;A0ACI8V3U9;A6NIT2;A6NMN0;P46020	P46020	P46020	accepted	unique_reviewed_human_target
Luck2020	Nature_supplement_2020-04-08	negative_evidence	Ensembl	ENSG00000067560	ENSG00000067560	false	2	A0A7I2V3G1;A0A7I2V5E6;A0A7I2YQV1;A0ACI8QNY9;A0ACI8S703;A0ACI8SWE8;A0ACI8SWG3;A0ACI8SWG8;A0ACI8SWI0;A0ACI8SWK4;C9JNR4;C9JRM1;C9JX21;P61586	P61586	P61586	accepted	unique_reviewed_human_target
Luck2020	Nature_supplement_2020-04-08	negative_evidence	Ensembl	ENSG00000067606	ENSG00000067606	false	3	A0ACI8PVI3;A0ACI8QCV2;A0ACI8QK71;A0ACI8TDD3;A0ACI8VF48;D6RAN5;D6RAU1;D6RBD4;D6RC84;D6RCN4;D6RD31;D6RDM0;D6REZ8;D6RG01;D6RGG1;D6RJG4;E9PBE1;F2Z2H9;F2Z3C5;J3KRP7;Q05513	Q05513	Q05513	accepted	unique_reviewed_human_target
Luck2020	Nature_supplement_2020-04-08	negative_evidence	Ensembl	ENSG00000067955	ENSG00000067955	false	5	A0A494C0A9;A0ACI8PEX2;A0ACI8PI00;A0ACI8PI36;A0ACI8RCK6;A0ACI8TGF9;A0ACI8V3A1;H3BSC0;J3KRT0;J3KS23;J3KTD8;Q13951	Q13951	Q13951	accepted	unique_reviewed_human_target
Luck2020	Nature_supplement_2020-04-08	negative_evidence	Ensembl	ENSG00000068697	ENSG00000068697	false	3	A0ACI8PCK2;A0ACI8QHQ4;A0ACI8RTN3;A0ACI8SJA4;A0ACI8SJD4;A0ACI8U5K8;Q15012	Q15012	Q15012	accepted	unique_reviewed_human_target
Luck2020	Nature_supplement_2020-04-08	negative_evidence	Ensembl	ENSG00000069206	ENSG00000069206	false	3	C9JK28;E5RK87;Q9H2U9	Q9H2U9	Q9H2U9	accepted	unique_reviewed_human_target
Luck2020	Nature_supplement_2020-04-08	negative_evidence	Ensembl	ENSG00000069493	ENSG00000069493	false	6	A0A0C4DG81;A0A0C4DGG4;F5H0P0;F5H5U4;F8WF99;H0YGG6;H0YH49;Q9UHP7	Q9UHP7	Q9UHP7	accepted	unique_reviewed_human_target
Luck2020	Nature_supplement_2020-04-08	negative_evidence	Ensembl	ENSG00000069535	ENSG00000069535	false	6	A0ACI8QCG7;A0ACI8QP57;A0ACI8QWJ3;A0ACI8R297;A0ACI8RGJ6;A0ACI8RXE4;A0ACI8S665;A0ACI8S8Z5;A0ACI8VC08;A0ACI8VC48;A0ACI8VC63;A0ACI8VC68;P27338	P27338	P27338	accepted	unique_reviewed_human_target
Luck2020	Nature_supplement_2020-04-08	negative_evidence	Ensembl	ENSG00000070882	ENSG00000070882	false	2	A0ACI8QNZ9;A0ACI8QRL7;A0ACI8U5T2;A0ACI8U5V2;A0ACI8U5X8;A0ACI8VPD4;C9J8P4;C9JEF2;C9JZ19;Q9H4L5	Q9H4L5	Q9H4L5	accepted	unique_reviewed_human_target
Luck2020	Nature_supplement_2020-04-08	negative_evidence	Ensembl	ENSG00000072041	ENSG00000072041	false	3	A0A7P0T826;A0A7P0T8B7;A0A7P0T8I1;A0A7P0T9G8;A0A7P0T9P8;A0A7P0T9Z9;A0A7P0TA72;A0A7P0TAT1;A0A7P0TAZ8;A0A7P0TB05;A0A7P0TB74;A0A7P0TBL2;A0A7P0Z4F0;A0A7P0Z4M4;F8VSG1;F8WJN6;Q9H2J7	Q9H2J7	Q9H2J7	accepted	unique_reviewed_human_target
Luck2020	Nature_supplement_2020-04-08	negative_evidence	Ensembl	ENSG00000073060	ENSG00000073060	false	6	A0A7P0T8Y8;A0A7P0T913;A0A7P0T9B3;A0A7P0T9I2;A0A7P0Z4E3;A0A7P0Z4J8;A0ACI8PVF7;A0ACI8PXK0;A0ACI8Q6Q6;A0ACI8QCT4;A0ACI8QK51;A0ACI8QZS8;A0ACI8RJL7;A0ACI8RMV6;A0ACI8RWI8;A0ACI8S0P5;A0ACI8TVA3;A0ACI8TVB9;A0ACI8TVD4;A0ACI8TVD6;A0ACI8VG85;A0ACI8VG92;A0ACI8VGC6;A0ACI8VGE2;F5H4X0;F5H5E8;Q8WTV0	Q8WTV0	Q8WTV0	accepted	unique_reviewed_human_target
Luck2020	Nature_supplement_2020-04-08	negative_evidence	Ensembl	ENSG00000073578	ENSG00000073578	false	3	A0ACI8PRG4;A0ACI8PRJ6;A0ACI8PTE4;A0ACI8PTS9;A0ACI8PXI2;A0ACI8Q2Q1;A0ACI8Q8I7;A0ACI8QFX3;A0ACI8QUW7;A0ACI8RFX1;A0ACI8RJE6;A0ACI8RQI4;A0ACI8RTJ9;A0ACI8RXY5;A0ACI8S372;A0ACI8S5N5;A0ACI8TA64;A0ACI8UPL1;A0ACI8UPL6;A0ACI8UPL8;A0ACI8UPN5;A0ACI8UPQ1;A0ACI8UPS2;A0ACI8UQ40;A0ACI8US70;A0ACI8US85;A0ACI8USK0;D6REB7;D6RFM5;H0Y8S2;H0Y8X1;P31040	P31040	P31040	accepted	unique_reviewed_human_target
Luck2020	Nature_supplement_2020-04-08	negative_evidence	Ensembl	ENSG00000073754	ENSG00000073754	false	2	O43866	O43866	O43866	accepted	unique_reviewed_human_target
Luck2020	Nature_supplement_2020-04-08	negative_evidence	Ensembl	ENSG00000075188	ENSG00000075188	false	3	A0ACI8SR04;F8VTY2;F8VXF5;H0YHK8;Q8NFH4	Q8NFH4	Q8NFH4	accepted	unique_reviewed_human_target
Luck2020	Nature_supplement_2020-04-08	negative_evidence	Ensembl	ENSG00000077157	ENSG00000077157	false	6	A0A0U1RQD3;A0A0U1RQI8;A0A0U1RQP2;A0A994J7P4;A0ACI8VPH2;A0ACI8VPM6;A0ACI8VQ04;F6U9E3;H7C4R6;O60237	O60237	O60237	accepted	unique_reviewed_human_target
Luck2020	Nature_supplement_2020-04-08	negative_evidence	Ensembl	ENSG00000078043	ENSG00000078043	false	3	A0A087WUY7;A0A0A0MS92;A0ACI8PUA7;A0ACI8QBQ3;A0ACI8QWE8;F6XCG3;K7EJT4;K7EMP6;K7EQX5;K7ER97;O75928	O75928	O75928	accepted	unique_reviewed_human_target
Luck2020	Nature_supplement_2020-04-08	negative_evidence	Ensembl	ENSG00000078070	ENSG00000078070	false	6	A0ACI8R5C3;A0ACI8RDT5;A0ACI8RYL6;A0ACI8S264;A0ACI8S3E0;A0ACI8S950;A0ACI8S9T4;A0ACI8SE99;A0ACI8SFZ2;A0ACI8SHA9;A0ACI8UEU9;A0ACI8UEV3;A0ACI8UEX7;E9PG35;E9PHF7;F2Z2Z7;F2Z3E2;F8WDI3;F8WF46;G5E9X5;Q96RQ3	Q96RQ3	Q96RQ3	accepted	unique_reviewed_human_target
Luck2020	Nature_supplement_2020-04-08	negative_evidence	Ensembl	ENSG00000078596	ENSG00000078596	false	1	A0ACI8TS28;A0ACI8TS96;A0ACI8TSC7;A0ACI8TSE5;A0ACI8UA51;O43736	O43736	O43736	accepted	unique_reviewed_human_target
Luck2020	Nature_supplement_2020-04-08	negative_evidence	Ensembl	ENSG00000079393	ENSG00000079393	false	2	A0A9L9PXN7;E9PSD4;Q9UII6;U3KQA1	Q9UII6	Q9UII6	accepted	unique_reviewed_human_target
Luck2020	Nature_supplement_2020-04-08	negative_evidence	Ensembl	ENSG00000083454	ENSG00000083454	false	3	A0ACI8PEY8;A0ACI8VMK3;A0ACI8VR83;A0ACI8VRM7;F8VPP4;H0YHT9;H0YII8;K7EQ78;Q93086	Q93086	Q93086	accepted	unique_reviewed_human_target
Luck2020	Nature_supplement_2020-04-08	negative_evidence	Ensembl	ENSG00000085514	ENSG00000085514	false	2	C9JGG1;C9JJ79;Q9UKJ1	Q9UKJ1	Q9UKJ1	accepted	unique_reviewed_human_target
Luck2020	Nature_supplement_2020-04-08	negative_evidence	Ensembl	ENSG00000086061	ENSG00000086061	false	6	A0ACI8P7E7;A0ACI8PAH4;A0ACI8PDP3;A0ACI8PRC6;A0ACI8RI55;A0ACI8TAG0;A0ACI8TAM2;A0ACI8TAQ1;A0ACI8TAQ3;A0ACI8V1B5;P31689	P31689	P31689	accepted	unique_reviewed_human_target
Luck2020	Nature_supplement_2020-04-08	negative_evidence	Ensembl	ENSG00000086289	ENSG00000086289	false	2	Q9UM22	Q9UM22	Q9UM22	accepted	unique_reviewed_human_target
Luck2020	Nature_supplement_2020-04-08	negative_evidence	Ensembl	ENSG00000087053	ENSG00000087053	false	3	A0A6Q8PF46;A0A6Q8PFL3;A0A6Q8PG25;A0A6Q8PGS5;A0A6Q8PGT1;A0A6Q8PGV9;A0A6Q8PHC4;A0A6Q8PHL9;A0A6Q8PHS7;C9JEX3;Q13614	Q13614	Q13614	accepted	unique_reviewed_human_target
Luck2020	Nature_supplement_2020-04-08	negative_evidence	Ensembl	ENSG00000087263	ENSG00000087263	false	2	A0A0A0MTR2;A0ACI8Q0Q1;A0ACI8S575;A0ACI8T7G1;A0ACI8T7I8;A0ACI8VJP0;H3BP48;H3BR02;H3BR79;H3BUA6;J3KNR5;Q8N543	Q8N543	Q8N543	accepted	unique_reviewed_human_target
Luck2020	Nature_supplement_2020-04-08	negative_evidence	Ensembl	ENSG00000088881	ENSG00000088881	false	2	A0A0A0MSW2;A0A6I8PL90;A0A6I8PR97;A0A6I8PRX3;E9PEI2;Q9BQW3	Q9BQW3	Q9BQW3	accepted	unique_reviewed_human_target
Luck2020	Nature_supplement_2020-04-08	negative_evidence	Ensembl	ENSG00000089050	ENSG00000089050	false	2	A0ACI8VE36;O75884	O75884	O75884	accepted	unique_reviewed_human_target
Luck2020	Nature_supplement_2020-04-08	negative_evidence	Ensembl	ENSG00000089327	ENSG00000089327	false	3	A0ABB0MVH5;A0ACI8PU59;A0ACI8QTE8;A0ACI8S4R4;A0ACI8T4D0;A0ACI8T4E8;A0ACI8T4G2;A0ACI8T512;A0ACI8T550;A0ACI8T551;A0ACI8T554;A0ACI8T567;A0ACI8T590;A0ACI8T593;A0ACI8T5A6;A8MVG1;F5H4X8;K7EJH6;K7ER99;Q96DB9	Q96DB9	Q96DB9	accepted	unique_reviewed_human_target
Luck2020	Nature_supplement_2020-04-08	negative_evidence	Ensembl	ENSG00000089775	ENSG00000089775	false	6	A0ACI8UXG7;G3V2K3;G3V351;P24278	P24278	P24278	accepted	unique_reviewed_human_target
Luck2020	Nature_supplement_2020-04-08	negative_evidence	Ensembl	ENSG00000090447	ENSG00000090447	false	5	A0ACI8QF83;A0ACI8RBE8;A0ACI8RHV9;A0ACI8S3T2;I3L254;I3L301;I3L4L6;Q01664	Q01664	Q01664	accepted	unique_reviewed_human_target
Luck2020	Nature_supplement_2020-04-08	negative_evidence	Ensembl	ENSG00000090989	ENSG00000090989	false	2	A0ACI8QEZ1;A0ACI8QRS2;A0ACI8RIG0;A0ACI8RNE7;A0ACI8SAE5;A0ACI8SEB8;A0ACI8T720;A0ACI8VK56;A0ACI8VK58;A0ACI8VK76;A0ACI8VKG4;A0ACI8VNU7;A0ACI8VP51;A0ACI8VPD0;A0ACI8VPK4;A0ACI8VQS7;A0ACI8VQU8;A0ACI8VR77;Q9NV70	Q9NV70	Q9NV70	accepted	unique_reviewed_human_target
Luck2020	Nature_supplement_2020-04-08	negative_evidence	Ensembl	ENSG00000091527	ENSG00000091527	false	2	A0A8I5KX85;A0ACI8SWM5;A0ACI8UHT7;D6R973;D6R9V8;D6RAV0;D6RDN0;D6RFH2;H0Y8K3;Q9UKY7	Q9UKY7	Q9UKY7	accepted	unique_reviewed_human_target
Luck2020	Nature_supplement_2020-04-08	negative_evidence	Ensembl	ENSG00000091542	ENSG00000091542	false	2	K7ER58;Q6P6C2	Q6P6C2	Q6P6C2	accepted	unique_reviewed_human_target
Luck2020	Nature_supplement_2020-04-08	negative_evidence	Ensembl	ENSG00000091732	ENSG00000091732	false	6	A0AAQ5BHD0;A0AAQ5BHE3;A0AAQ5BHH3;A0AAQ5BHH8;A0AAQ5BHI5;A0AAQ5BHJ1;A0AAQ5BHJ6;A0ACI8PSK7;A0ACI8TSP8;A0ACI8TT38;A0ACI8TTA7;A0ACI8ULK4;A0ACI8ULQ7;C9J0I9;F8WAU5;F8WBD7;F8WDK5;F8WF13;Q86WB0	Q86WB0	Q86WB0	accepted	unique_reviewed_human_target
Luck2020	Nature_supplement_2020-04-08	negative_evidence	Ensembl	ENSG00000092094	ENSG00000092094	false	1	A0ACI8Q369;A0ACI8S1G1;A0ACI8T7T4;A0ACI8UWB9;G3V249;G3V445;Q9NPF4	Q9NPF4	Q9NPF4	accepted	unique_reviewed_human_target
Luck2020	Nature_supplement_2020-04-08	negative_evidence	Ensembl	ENSG00000092445	ENSG00000092445	false	3	A0ACI8PLL2;A0ACI8QAN0;A0ACI8RAH2;A0ACI8RP89;A0ACI8TYE3;A0ACI8TYI8;A0ACI8TYJ4;A0ACI8U8F3;A0ACI8U8H3;A0ACI8U8K9;A0ACI8U8L1;H0YKZ2;H0YN24;H0YNK6;H3BPR7;Q06418	Q06418	Q06418	accepted	unique_reviewed_human_target
Luck2020	Nature_supplement_2020-04-08	negative_evidence	Ensembl	ENSG00000092470	ENSG00000092470	false	3	A0A0C4DFX7;A0ACI8RSP6;A0ACI8U4H6;A0ACI8U4V4;A0ACI8VBA9;C9JE56;Q9H967	Q9H967	Q9H967	accepted	unique_reviewed_human_target
Luck2020	Nature_supplement_2020-04-08	negative_evidence	Ensembl	ENSG00000092847	ENSG00000092847	false	3	A0A0U1RQZ8;A0A6I8PTZ8;A0A8V8TNY0;A0A8V8TPF2;A0A8V8TQA7;A0A8V8TQN5;A0ACI8SHJ5;A0ACI8SHK0;A0ACI8SHK2;A0ACI8TNF9;A0ACI8TNI9;Q5TA58;Q9UL18	Q9UL18	Q9UL18	accepted	unique_reviewed_human_target
Luck2020	Nature_supplement_2020-04-08	negative_evidence	Ensembl	ENSG00000093183	ENSG00000093183	false	4	A0ACI8S9P2;A0ACI8SRU3;C9J2R1;C9J448;C9J9A4;C9JNW1;F8VQT7;F8WBN1;F8WDR5;H7C479;Q9BRL7	Q9BRL7	Q9BRL7	accepted	unique_reviewed_human_target
Luck2020	Nature_supplement_2020-04-08	negative_evidence	Ensembl	ENSG00000095261	ENSG00000095261	false	11	A0ACI8QSL5;A0ACI8VE37;F2Z3J2;Q16401;Q4VXH0	Q16401	Q16401	accepted	unique_reviewed_human_target
Luck2020	Nature_supplement_2020-04-08	negative_evidence	Ensembl	ENSG00000095485	ENSG00000095485	false	6	A0A286YEP9;A0A286YF56;A0A286YF74;A0ACI8R0M6;A0ACI8RSE4;A0ACI8T2S1;A0ACI8UMZ0;A0ACI8UN76;A0ACI8UPD4;Q69YN2	Q69YN2	Q69YN2	accepted	unique_reviewed_human_target
Luck2020	Nature_supplement_2020-04-08	negative_evidence	Ensembl	ENSG00000096696	ENSG00000096696	false	2	A0A804HL18;A0AAQ5BH17;A0AAQ5BH21;A0AAQ5BH40;A0AAQ5BH43;A0AAQ5BH50;A0AAQ5BH53;A0AAQ5BH65;A0AAQ5BH69;P15924	P15924	P15924	accepted	unique_reviewed_human_target
Luck2020	Nature_supplement_2020-04-08	negative_evidence	Ensembl	ENSG00000099284	ENSG00000099284	false	3	A0A7I2V2N7;A0A7I2V3B3;A0A7I2V3C2;A0A7I2V3M7;A0A7I2V3R0;A0A7I2V3Z8;A0A7I2V412;A0A7I2V423;A0A7I2V4D9;A0A7I2V4W8;A0A7I2V522;A0A7I2V583;A0A7I2V5A9;A0A7I2V5G0;A0A7I2V633;A0A7I2V6E9;A0A7I2YQB9;A0A7I2YQD6;A0A7I2YQF0;A0A7I2YQR8;Q5SQT3;Q9P0M6	Q9P0M6	Q9P0M6	accepted	unique_reviewed_human_target
Luck2020	Nature_supplement_2020-04-08	negative_evidence	Ensembl	ENSG00000099326	ENSG00000099326	false	2	A0ACI8QHW6;A0ACI8QL93;A0ACI8S6T8;M0R1U5;M0R2C0;P28698	P28698	P28698	accepted	unique_reviewed_human_target
Luck2020	Nature_supplement_2020-04-08	negative_evidence	Ensembl	ENSG00000099783	ENSG00000099783	false	3	A0ACI8RUV3;A0ACI8S7H4;A0ACI8TZS7;A0ACI8TZS9;A0ACI8TZT0;A0ACI8TZW2;A0ACI8U6Y0;M0QY96;M0QYL3;M0QYQ7;M0QZM1;M0R019;M0R0N3;M0R0Y6;M0R2I7;M0R2T0;P52272	P52272	P52272	accepted	unique_reviewed_human_target
Luck2020	Nature_supplement_2020-04-08	negative_evidence	Ensembl	ENSG00000099940	ENSG00000099940	false	1	A0ACI8QAU6;A0ACI8R4Y1;A0ACI8RR45;A0ACI8TZ01;C9JAF7;O95721	O95721	O95721	accepted	unique_reviewed_human_target
Luck2020	Nature_supplement_2020-04-08	negative_evidence	Ensembl	ENSG00000099985	ENSG00000099985	false	6	B5MC70;B5MCX1;P13725	P13725	P13725	accepted	unique_reviewed_human_target
Luck2020	Nature_supplement_2020-04-08	negative_evidence	Ensembl	ENSG00000099995	ENSG00000099995	false	3	A0ACI8PPZ4;A0ACI8PS49;F8WB66;F8WC79;H7C1L2;Q15459	Q15459	Q15459	accepted	unique_reviewed_human_target
Luck2020	Nature_supplement_2020-04-08	negative_evidence	Ensembl	ENSG00000100055	ENSG00000100055	false	1	A0ACI8RYP8;B1AHH4;B1AHH5;B1AHH6;H0Y724;Q9UIA0	Q9UIA0	Q9UIA0	accepted	unique_reviewed_human_target
Luck2020	Nature_supplement_2020-04-08	negative_evidence	Ensembl	ENSG00000100060	ENSG00000100060	false	3	A0A1B0GX02;A0ACI8SGA6;A0ACI8VHE1;A0ACI8VHM6;A0ACI8VL23;A9UJP9;A9UJQ1;F8WE05;F8WE21;H0Y6Q9;O00587	O00587	O00587	accepted	unique_reviewed_human_target
Luck2020	Nature_supplement_2020-04-08	negative_evidence	Ensembl	ENSG00000100139	ENSG00000100139	false	2	A0A7P0T7Z5;A0A7P0T8A6;A0A7P0T9P2;A0A7P0Z427;A0A7P0Z4L3;A0ACI8PWP4;A0ACI8QN35;A0ACI8RDT3;A0ACI8SZH1;B0QY86;B0QY91;H0Y6J8;Q8N3F8	Q8N3F8	Q8N3F8	accepted	unique_reviewed_human_target
Luck2020	Nature_supplement_2020-04-08	negative_evidence	Ensembl	ENSG00000100242	ENSG00000100242	false	2	A0A8I5QKM0;A0ACI8PN38;A0ACI8PNC2;A0ACI8PNF4;A0ACI8PU94;A0ACI8QBU7;A0ACI8QL88;A0ACI8R085;A0ACI8R7F2;A0ACI8RC58;A0ACI8RFX3;A0ACI8RW75;A0ACI8S0Q3;A0ACI8UWX4;A0ACI8UWY1;A0ACI8UWY2;A0ACI8UWY3;A0ACI8UWZ8;A0ACI8UX14;A0ACI8UX27;A0ACI8UX31;A0ACI8UXG9;A0ACI8V137;B0QY60;B0QY63;B0QY64;B0QY66;B0QY67;B0QY68;B0QY69;Q9UH99	Q9UH99	Q9UH99	accepted	unique_reviewed_human_target
Luck2020	Nature_supplement_2020-04-08	negative_evidence	Ensembl	ENSG00000100284	ENSG00000100284	false	2	A0ACI8Q3P7;A0ACI8Q3Q1;A0ACI8Q3S6;A0ACI8Q3T3;A0ACI8Q5K6;A0ACI8Q8P5;A0ACI8QLT5;A0ACI8QTR0;A0ACI8QUZ5;A0ACI8R465;A0ACI8RZD0;A0ACI8S5G4;A0ACI8S998;A0ACI8TJR0;A0ACI8UQR9;A0ACI8UQT3;A0ACI8UQU2;A0ACI8UR19;A0ACI8UUH3;A0ACI8UUN9;A0ACI8UV93;A0ACI8UVD2;A0ACI8UVG8;B0QY01;B0QY02;F8WAW7;F8WB30;F8WBB0;F8WE29;H7BYN7;O60784;V9GYF4;V9GZ68	O60784	O60784	accepted	unique_reviewed_human_target
Luck2020	Nature_supplement_2020-04-08	negative_evidence	Ensembl	ENSG00000100299	ENSG00000100299	false	5	A0A0C4DFZ2;A0ACI8PER3;A0ACI8PHU7;A0ACI8PHZ0;A0ACI8PLF4;A0ACI8Q1D9;A0ACI8RCF1;A0ACI8RM05;A0ACI8RT58;A0ACI8V885;P15289;V9GYR0	P15289	P15289	accepted	unique_reviewed_human_target
Luck2020	Nature_supplement_2020-04-08	negative_evidence	Ensembl	ENSG00000100321	ENSG00000100321	false	1	A0ACI8RE59;A0ACI8RUG0;A0ACI8TRP0;A0ACI8TRR2;A0ACI8VL48;A0ACI8VLG7;A0ACI8VMR1;A2A283;B5MCD7;F8WCE4;O43759	O43759	O43759	accepted	unique_reviewed_human_target
Luck2020	Nature_supplement_2020-04-08	negative_evidence	Ensembl	ENSG00000100335	ENSG00000100335	false	6	B0QY94;B0QY95;Q9NQG6	Q9NQG6	Q9NQG6	accepted	unique_reviewed_human_target
Luck2020	Nature_supplement_2020-04-08	negative_evidence	Ensembl	ENSG00000100360	ENSG00000100360	false	5	A0ACI8PK01;A0ACI8Q7T6;A0ACI8RY32;A0ACI8SUC4;A0ACI8SUC7;A0ACI8SUC9;A0ACI8SUD9;A0ACI8SUF6;A0ACI8SUJ4;B1AH56;B1AH58;F5GZ09;H0Y6C7;Q9BW83	Q9BW83	Q9BW83	accepted	unique_reviewed_human_target
Luck2020	Nature_supplement_2020-04-08	negative_evidence	Ensembl	ENSG00000100387	ENSG00000100387	false	3	A0ACI8Q4A4;A0ACI8R0K5;A0ACI8R900;A0ACI8T001;A0ACI8T045;P62877	P62877	P62877	accepted	unique_reviewed_human_target
Luck2020	Nature_supplement_2020-04-08	negative_evidence	Ensembl	ENSG00000100395	ENSG00000100395	false	6	A0ACI8QFK3;A0ACI8QHI1;A0ACI8S5T4;A0ACI8T529;A0ACI8T541;A0ACI8T560;A0ACI8VI70;A0ACI8VI87;A0ACI8VI89;A0ACI8VI98;A0ACI8VIA2;H0Y5M2;H7C228;Q969R5	Q969R5	Q969R5	accepted	unique_reviewed_human_target
Luck2020	Nature_supplement_2020-04-08	negative_evidence	Ensembl	ENSG00000100442	ENSG00000100442	false	6	A0ACI8QYI4;A0ACI8RR72;A0ACI8TLD9;A0ACI8TM37;A0ACI8TM50;G3V5F2;Q00688	Q00688	Q00688	accepted	unique_reviewed_human_target
Luck2020	Nature_supplement_2020-04-08	negative_evidence	Ensembl	ENSG00000100554	ENSG00000100554	false	6	G3V2S6;G3V2V6;G3V341;G3V3T8;G3V559;G3V5S7;H0YJ55;H0YJH8;H0YJS0;Q9Y5K8	Q9Y5K8	Q9Y5K8	accepted	unique_reviewed_human_target
Luck2020	Nature_supplement_2020-04-08	negative_evidence	Ensembl	ENSG00000100577	ENSG00000100577	false	6	A0A0A0MR33;A0A0C4DFM0;A0ACI8PZX2;A0ACI8RRZ1;A0ACI8TXD0;A0ACI8TXD7;A0ACI8TXG1;A0ACI8TYV0;G3V267;G3V3B9;G3V4T6;G3V5G8;G3V5T0;G3V5U6;H0YJN8;O43708	O43708	O43708	accepted	unique_reviewed_human_target
Luck2020	Nature_supplement_2020-04-08	negative_evidence	Ensembl	ENSG00000100605	ENSG00000100605	false	6	A0ACI8UBI2;G3V3C0;G3V4M9;G3V588;G3V5A3;Q13572	Q13572	Q13572	accepted	unique_reviewed_human_target
Luck2020	Nature_supplement_2020-04-08	negative_evidence	Ensembl	ENSG00000100625	ENSG00000100625	false	3	G3V2N2;Q9UIU6	Q9UIU6	Q9UIU6	accepted	unique_reviewed_human_target
Luck2020	Nature_supplement_2020-04-08	negative_evidence	Ensembl	ENSG00000100647	ENSG00000100647	false	3	A0ACI8PBG3;A0ACI8R279;A0ACI8UJ85;Q92537	Q92537	Q92537	accepted	unique_reviewed_human_target
Luck2020	Nature_supplement_2020-04-08	negative_evidence	Ensembl	ENSG00000100804	ENSG00000100804	false	3	A0ACI8S3E3;A0ACI8TB90;G3V3K3;G8JLC2;H0YJM8;P28074	P28074	P28074	accepted	unique_reviewed_human_target
Luck2020	Nature_supplement_2020-04-08	negative_evidence	Ensembl	ENSG00000100883	ENSG00000100883	false	2	A0A7I2V584;A0A7I2V591;A0A7I2V5K0;A0A7I2V5S0;A0A7P0PJI2;A0ACI8PQS5;A0ACI8Q7W8;A0ACI8QRP7;A0ACI8THI4;A0ACI8VG51;A0ACI8VG56;G3V346;G3V3L9;G3V480;G3V4F7;P61011	P61011	P61011	accepted	unique_reviewed_human_target
Luck2020	Nature_supplement_2020-04-08	negative_evidence	Ensembl	ENSG00000101057	ENSG00000101057	false	3	A0ACI8S1Y7;A0ACI8SNF1;A0ACI8SNF3;A0ACI8SNF5;A0ACI8SNF8;A0ACI8SNH8;A0ACI8SNI6;A0ACI8SNJ6;A0ACI8SNK0;A0ACI8SNK2;A0ACI8SNK6;A0ACI8SNP4;A0ACI8SNP7;A0ACI8SNQ0;A0ACI8SNQ1;A0ACI8SNQ2;A0ACI8SNQ9;A0ACI8SNR9;A0ACI8SNS7;A0ACI8SNS8;A0ACI8SNT4;A0ACI8SNT7;A0ACI8SNU2;A0ACI8SNV4;A0ACI8SNW3;A0ACI8SNX2;A0ACI8SNZ0;P10244	P10244	P10244	accepted	unique_reviewed_human_target
Luck2020	Nature_supplement_2020-04-08	negative_evidence	Ensembl	ENSG00000101152	ENSG00000101152	false	2	Q9H3Z4	Q9H3Z4	Q9H3Z4	accepted	unique_reviewed_human_target
Luck2020	Nature_supplement_2020-04-08	negative_evidence	Ensembl	ENSG00000101417	ENSG00000101417	false	2	A0ACI8UEF0;F8W990;Q9Y6I8	Q9Y6I8	Q9Y6I8	accepted	unique_reviewed_human_target
Luck2020	Nature_supplement_2020-04-08	negative_evidence	Ensembl	ENSG00000101938	ENSG00000101938	false	6	A0A452Q6Z9;A0ACI8Q0K8;A0ACI8RX13;A0ACI8S7N6;A0ACI8TPF4;A0ACI8UB47;A0ACI8UBA4;Q9BU40	Q9BU40	Q9BU40	accepted	unique_reviewed_human_target
Luck2020	Nature_supplement_2020-04-08	negative_evidence	Ensembl	ENSG00000101955	ENSG00000101955	false	3	A0ACI8QPT1;A0ACI8RF26;A0ACI8VJ26;A0ACI8VJ63;A0ACI8VJ66;A0ACI8VNW1;A0ACI8VPD2;P78539	P78539	P78539	accepted	unique_reviewed_human_target
Luck2020	Nature_supplement_2020-04-08	negative_evidence	Ensembl	ENSG00000102100	ENSG00000102100	false	2	A0A0U1RR48;A0A0U1RR61;A0A0U1RRB4;A0A0U1RRG4;A0A0U1RRN1;A0A0X1KG77;A0AAG2UWE1;A0AAG2UXR6;A0ACI8PTR8;A6NFI1;A6NGW4;A6NKM8;C9JCV5;P78381	P78381	P78381	accepted	unique_reviewed_human_target
Luck2020	Nature_supplement_2020-04-08	negative_evidence	Ensembl	ENSG00000102119	ENSG00000102119	false	3	A0A804HIG7;A0A804HIV7;A0A804HLA2;A0ACI8QN90;A0ACI8TPW8;A0ACI8TPX1;F8WEQ1;P50402;Q5HY57	P50402	P50402	accepted	unique_reviewed_human_target
Luck2020	Nature_supplement_2020-04-08	negative_evidence	Ensembl	ENSG00000102218	ENSG00000102218	false	2	A0ACI8UJS0;O75695	O75695	O75695	accepted	unique_reviewed_human_target
Luck2020	Nature_supplement_2020-04-08	negative_evidence	Ensembl	ENSG00000102317	ENSG00000102317	false	3	A0ACI8SQU7;A0ACI8SQU9;A0ACI8SQV4;F6W5Y1;P98179	P98179	P98179	accepted	unique_reviewed_human_target
Luck2020	Nature_supplement_2020-04-08	negative_evidence	Ensembl	ENSG00000102974	ENSG00000102974	false	6	A0A2R8Y595;A0A2R8Y6C1;A0A2R8Y6Z6;A0A2R8YFL0;A0ACI8T394;P49711	P49711	P49711	accepted	unique_reviewed_human_target
Luck2020	Nature_supplement_2020-04-08	negative_evidence	Ensembl	ENSG00000103197	ENSG00000103197	false	3	A0A2R8Y5B2;A0A2R8Y5F1;A0A2R8Y670;A0A2R8Y692;A0A2R8Y6C9;A0A2R8Y7C8;A0A2R8Y7X5;A0A2R8YCP8;A0A2R8YCR8;A0A2R8YDR3;A0A2R8YDZ2;A0A2R8YEJ8;A0A2R8YGD6;A0A2R8YGE6;A0A2R8YGU4;A0A2R8YHA2;A0ACI8QX34;A0ACI8QX66;A0ACI8RCV4;A0ACI8RKE6;A0ACI8RQF3;A0ACI8RY40;A0ACI8RZV9;A0ACI8S2I9;A0ACI8S761;A0ACI8SEI9;A0ACI8SGR5;A0ACI8T1L2;A0ACI8T1S8;A0ACI8U600;A0ACI8U606;A0ACI8U737;A0ACI8U7N4;F6VK09;H3BMQ0;H3BQK4;H3BQY7;I3L134;I3L3B1;P49815	P49815	P49815	accepted	unique_reviewed_human_target
Luck2020	Nature_supplement_2020-04-08	negative_evidence	Ensembl	ENSG00000103275	ENSG00000103275	false	2	A0AAA9YHD0;A0AAA9YHE7;A0AAA9YHF5;A0AAA9YHJ6;A0AAA9YHJ9;A0AAA9YHK4;A0AAA9YHQ4;A0AAA9YHQ8;A0AAA9YHV5;A0AAA9YHW0;A0AAA9YHW2;H3BPC4;H3BQQ9;H3BRD1;P63279	P63279	P63279	accepted	unique_reviewed_human_target
Luck2020	Nature_supplement_2020-04-08	negative_evidence	Ensembl	ENSG00000103653	ENSG00000103653	false	3	A0ACI8PBG0;H3BN15;H3BU69;H3BUM9;P41240	P41240	P41240	accepted	unique_reviewed_human_target
Luck2020	Nature_supplement_2020-04-08	negative_evidence	Ensembl	ENSG00000103852	ENSG00000103852	false	2	A0ACI8QSI4;A0ACI8V4G2;H0YET0;H0YKN9;H0YM10;H0YMN1;H0YN45;H0YNH7;H0YNV8;H7BZG4;Q5W5X9	Q5W5X9	Q5W5X9	accepted	unique_reviewed_human_target
Luck2020	Nature_supplement_2020-04-08	negative_evidence	Ensembl	ENSG00000104064	ENSG00000104064	false	3	A0ACI8QT55;A0ACI8QT68;A0ACI8RHK4;A0ACI8SFM9;A0ACI8TFT3;A0ACI8UDN7;F5H7I4;H0YMZ5;H0YNZ0;I3L0J4;Q06547	Q06547	Q06547	accepted	unique_reviewed_human_target
Luck2020	Nature_supplement_2020-04-08	negative_evidence	Ensembl	ENSG00000104267	ENSG00000104267	false	6	A0ACI8V264;E5RID5;E5RK37;P00918	P00918	P00918	accepted	unique_reviewed_human_target
Luck2020	Nature_supplement_2020-04-08	negative_evidence	Ensembl	ENSG00000104442	ENSG00000104442	false	3	A0ACI8QCQ2;A0ACI8R2F8;E5RHK3;E5RJ86;E9PR92;Q9NVT9	Q9NVT9	Q9NVT9	accepted	unique_reviewed_human_target
Luck2020	Nature_supplement_2020-04-08	negative_evidence	Ensembl	ENSG00000104635	ENSG00000104635	false	3	A0ACI8P6I8;A0ACI8PA70;A0ACI8PG20;A0ACI8PL58;A0ACI8PSN3;A0ACI8Q216;A0ACI8Q8L5;A0ACI8Q9Q5;A0ACI8QRG9;A0ACI8RAI8;A0ACI8RCK4;A0ACI8RMM7;A0ACI8TKP4;A0ACI8U571;E5RFF5;E5RFT1;E5RFZ8;E5RGA7;E5RIP4;E5RJ40;E5RJG5;Q15043	Q15043	Q15043	accepted	unique_reviewed_human_target
Luck2020	Nature_supplement_2020-04-08	negative_evidence	Ensembl	ENSG00000104671	ENSG00000104671	false	3	A0ACI8Q249;A0ACI8Q452;A0ACI8RYF2;E5RFU3;E5RGW9;E5RIK5;E5RK00;O00399	O00399	O00399	accepted	unique_reviewed_human_target
Luck2020	Nature_supplement_2020-04-08	negative_evidence	Ensembl	ENSG00000104825	ENSG00000104825	false	3	A0ACI8SXA1;A0ACI8UK97;G5E9C2;H0YFH0;I3L1A4;I3L4X3;Q15653	Q15653	Q15653	accepted	unique_reviewed_human_target
Luck2020	Nature_supplement_2020-04-08	negative_evidence	Ensembl	ENSG00000104853	ENSG00000104853	false	6	A0ACI8PMF8;A0ACI8PY73;A0ACI8QBP0;A0ACI8RBG4;A0ACI8RQ33;A0ACI8T0A6;A0ACI8VQ67;K7EJ16;K7EKQ7;K7EQQ1;K7ERL5;O96005	O96005	O96005	accepted	unique_reviewed_human_target
Luck2020	Nature_supplement_2020-04-08	negative_evidence	Ensembl	ENSG00000104915	ENSG00000104915	false	2	A0ACI8V9J1;A0ACI8V9K0;A0ACI8V9K6;A0ACI8V9M3;F6RTM7;K7EIY4;K7EJ05;K7EK02;K7EK75;K7ELY2;K7EPP9;K7EQ84;O60499;X6R2W0	O60499	O60499	accepted	unique_reviewed_human_target
Luck2020	Nature_supplement_2020-04-08	negative_evidence	Ensembl	ENSG00000105223	ENSG00000105223	false	3	A0A0A0MS28;A0A8V8TPY8;A0A8V8TQH4;A0A8V8TQH6;A0A8V8TRD4;A0ACI8P924;A0ACI8T982;A0ACI8UT12;E2QRG1;M0QX50;M0QX99;M0QY94;M0QYJ4;M0QZK2;M0R1F7;M0R2E7;M0R2W7;M0R3G9;Q8IV08	Q8IV08	Q8IV08	accepted	unique_reviewed_human_target
Luck2020	Nature_supplement_2020-04-08	negative_evidence	Ensembl	ENSG00000105364	ENSG00000105364	false	3	A0ACI8R2W9;A0ACI8RKU9;A0ACI8S809;A0ACI8SDK9;A0ACI8TID2;A0ACI8TIK0;K7EJ73;K7EKI4;K7ELF1;K7ELQ0;K7ES61;Q9BYD3;X6RAY8	Q9BYD3	Q9BYD3	accepted	unique_reviewed_human_target
Luck2020	Nature_supplement_2020-04-08	negative_evidence	Ensembl	ENSG00000105393	ENSG00000105393	false	2	A0ACI8PJC6;A0ACI8Q397;A0ACI8T3S6;A0ACI8T3V6;A0ACI8T3X4;A0ACI8T429;A0ACI8T490;A0ACI8T4D8;A0ACI8T4F9;A0ACI8T4G9;A0ACI8T4J0;A0ACI8USG7;A0ACI8USN2;J3KQS6;M0QXG9;M0QYV1;M0QZ44;M0R0I0;M0R193;M0R2A4;M0R2I2;M0R2K3;M0R3F4;M0R3H9;Q9NWV8	Q9NWV8	Q9NWV8	accepted	unique_reviewed_human_target
Luck2020	Nature_supplement_2020-04-08	negative_evidence	Ensembl	ENSG00000105426	ENSG00000105426	false	6	A0ABJ7H8K3;A0ACI8SZ92;A0ACI8SZC5;G8JL96;K7EJI5;Q13332	Q13332	Q13332	accepted	unique_reviewed_human_target
Luck2020	Nature_supplement_2020-04-08	negative_evidence	Ensembl	ENSG00000105618	ENSG00000105618	false	2	A0ACI8PSJ8;A0ACI8Q9R8;A0ACI8QL81;A0ACI8QU71;A0ACI8THA9;A0ACI8THB1;A0ACI8THB5;A0ACI8UM09;E7EN72;E7ESX0;E7EU94;E7EVX8;Q8WWY3	Q8WWY3	Q8WWY3	accepted	unique_reviewed_human_target
Luck2020	Nature_supplement_2020-04-08	negative_evidence	Ensembl	ENSG00000105639	ENSG00000105639	false	6	A0A8V8TKK0;P52333	P52333	P52333	accepted	unique_reviewed_human_target
Luck2020	Nature_supplement_2020-04-08	negative_evidence	Ensembl	ENSG00000105668	ENSG00000105668	false	3	O00322	O00322	O00322	accepted	unique_reviewed_human_target
Luck2020	Nature_supplement_2020-04-08	negative_evidence	Ensembl	ENSG00000105829	ENSG00000105829	false	2	A0A3B3IU16;C9JTT8;F6V1J2;H7C1N3;O15155	O15155	O15155	accepted	unique_reviewed_human_target
Luck2020	Nature_supplement_2020-04-08	negative_evidence	Ensembl	ENSG00000105894	ENSG00000105894	false	2	A0A8V8TNI1;C9JR52;P21246	P21246	P21246	accepted	unique_reviewed_human_target
Luck2020	Nature_supplement_2020-04-08	negative_evidence	Ensembl	ENSG00000105971	ENSG00000105971	false	2	A0ACI8S053;E9PCT3;P51636	P51636	P51636	accepted	unique_reviewed_human_target
Luck2020	Nature_supplement_2020-04-08	negative_evidence	Ensembl	ENSG00000106066	ENSG00000106066	false	2	A0ACI8RTW6;A0ACI8S3I9;A0ACI8TS61;A0ACI8TSC3;A0ACI8TSF0;A0ACI8TSG4;A0ACI8TSU8;A0ACI8V1K5;A0ACI8V1L4;A0ACI8V1L6;A0ACI8V232;A0ACI8V4S2;A0ACI8V4T7;A0ACI8V534;C9J6L4;C9JI22;C9JLV0;C9JVI2;C9JZ94;H7C0X5;H7C218;Q9H3G5	Q9H3G5	Q9H3G5	accepted	unique_reviewed_human_target
Luck2020	Nature_supplement_2020-04-08	negative_evidence	Ensembl	ENSG00000106077	ENSG00000106077	false	3	A0ACI8R348;A0ACI8RH77;A0ACI8RP95;A0ACI8RTK6;A0ACI8S118;A0ACI8S4V7;A0ACI8SFJ7;A0ACI8TQD2;A0ACI8TQH5;C9J7Q4;H0YC52;H7BZ58;H7C396;Q8NFV4	Q8NFV4	Q8NFV4	accepted	unique_reviewed_human_target
Luck2020	Nature_supplement_2020-04-08	negative_evidence	Ensembl	ENSG00000106258	ENSG00000106258	false	3	A0ACI8Q207;A0ACI8Q272;A0ACI8Q6W8;A0ACI8QI59;A0ACI8QSV3;A0ACI8R215;A0ACI8RDF8;A0ACI8RK23;A0ACI8S8F4;F6RCE4;P20815	P20815	P20815	accepted	unique_reviewed_human_target
Luck2020	Nature_supplement_2020-04-08	negative_evidence	Ensembl	ENSG00000106609	ENSG00000106609	false	4	A0ACI8RT17;A0ACI8TC68;A0ACI8TCD4;A0ACI8V816;C9J3C8;C9JKP5;F8WE75;Q9NWD8;U3KQ21	Q9NWD8	Q9NWD8	accepted	unique_reviewed_human_target
Luck2020	Nature_supplement_2020-04-08	negative_evidence	Ensembl	ENSG00000106692	ENSG00000106692	false	3	A0A2R8Y4L5;A0A2R8Y6X6;A0A2R8Y768;A0A2R8Y7E3;A0A2R8YDW9;A0A6Q8PEY6;A0A6Q8PF14;A0A6Q8PG65;A0A6Q8PG93;A0A6Q8PGS8;A0A6Q8PGV4;A0A6Q8PHN1;A0ACI8R2G4;A0ACI8SF75;A0ACI8T3S1;H7C3W5;I7HPB4;O75072;R4GMU0	O75072	O75072	accepted	unique_reviewed_human_target
Luck2020	Nature_supplement_2020-04-08	negative_evidence	Ensembl	ENSG00000106823	ENSG00000106823	false	2	A0ACI8PHQ0;A0ACI8PRZ9;A0ACI8VKU9;O94769;Q5T9F3;Q5T9F4	O94769	O94769	accepted	unique_reviewed_human_target
Luck2020	Nature_supplement_2020-04-08	negative_evidence	Ensembl	ENSG00000107165	ENSG00000107165	false	2	C9JZ52;E7EQI3;P17643	P17643	P17643	accepted	unique_reviewed_human_target
Luck2020	Nature_supplement_2020-04-08	negative_evidence	Ensembl	ENSG00000107281	ENSG00000107281	false	6	A0A087WYK7;A0ACI8PQ55;A0ACI8Q195;A0ACI8Q6X8;A0ACI8QEP2;A0ACI8QT57;A0ACI8REF0;A0ACI8RI15;A0ACI8RSK1;A0ACI8RWY5;A0ACI8UPI8;A0ACI8UPJ7;Q5SPY9;Q9NQX5	Q9NQX5	Q9NQX5	accepted	unique_reviewed_human_target
Luck2020	Nature_supplement_2020-04-08	negative_evidence	Ensembl	ENSG00000107882	ENSG00000107882	false	1	A0ACI8QGD2;A0ACI8R0K6;A0ACI8R6B5;A0ACI8SAC3;A0ACI8TJ15;A0ACI8TJ67;A0ACI8TJ93;Q9UMX1	Q9UMX1	Q9UMX1	accepted	unique_reviewed_human_target
Luck2020	Nature_supplement_2020-04-08	negative_evidence	Ensembl	ENSG00000108039	ENSG00000108039	false	2	A0ACI8QDH1;A0ACI8QFF1;A0ACI8QXP3;A0ACI8S4T7;A0ACI8S9E9;A0ACI8TFF8;A0ACI8TFM6;A0ACI8TFQ3;A0ACI8TFQ7;A0ACI8U680;A0ACI8U687;A0ACI8U6C0;A0ACI8U6J0;A0ACI8U8C3;A0ACI8U8V0;A0ACI8U9A6;A0ACI8U9E9;Q5T6H2;Q5T6H3;Q5T6H7;Q9NQW7	Q9NQW7	Q9NQW7	accepted	unique_reviewed_human_target
Luck2020	Nature_supplement_2020-04-08	negative_evidence	Ensembl	ENSG00000108091	ENSG00000108091	false	4	A0ACI8QF22;A0ACI8TXC0;A0ACI8TXS2;A0ACI8TY04;Q16204	Q16204	Q16204	accepted	unique_reviewed_human_target
Luck2020	Nature_supplement_2020-04-08	negative_evidence	Ensembl	ENSG00000108298	ENSG00000108298	false	3	A0A7I2V2L0;A0A7I2V4U6;A0A7I2V512;A0A7I2V638;A0A7I2YQG2;A0ACI8Q2P6;A0ACI8QA93;A0ACI8SKW4;A0ACI8SKW6;A0ACI8SKX9;A0ACI8SKY4;A0ACI8SL01;A0ACI8SL03;A0ACI8SL30;A0ACI8SL48;A0ACI8SL49;A0ACI8SL57;J3KTE4;J3QR09;P84098	P84098	P84098	accepted	unique_reviewed_human_target
Luck2020	Nature_supplement_2020-04-08	negative_evidence	Ensembl	ENSG00000108479	ENSG00000108479	false	6	A0ACI8PW40;A0ACI8QDP4;A0ACI8QQJ3;A0ACI8QRA5;A0ACI8QYF6;A0ACI8RQN1;A0ACI8TXM3;A0ACI8TXP4;A0ACI8UWS4;A0ACI8UWU9;K7EII7;K7ERJ9;K7ERN9;P51570	P51570	P51570	accepted	unique_reviewed_human_target
Luck2020	Nature_supplement_2020-04-08	negative_evidence	Ensembl	ENSG00000108604	ENSG00000108604	false	6	A0A8V8TLC9;A0A8V8TLF4;A0A8V8TLV3;A0A8V8TN45;A0ACI8PMH0;A0ACI8QYL5;A0ACI8TU04;A0ACI8TU77;A0ACI8TUK0;A0ACI8TUM3;A0ACI8TV24;A0ACI8UNH9;J3KMX2;J3KT18;J3QQL7;J3QS33;J3QWB6;Q92925	Q92925	Q92925	accepted	unique_reviewed_human_target
Luck2020	Nature_supplement_2020-04-08	negative_evidence	Ensembl	ENSG00000108963	ENSG00000108963	false	3	A0A0A0MTR4;I3L1H5;I3L3X9;K7EQQ6;Q9BZG8;U3KQN3;V9GYC0;V9GYS2	Q9BZG8	Q9BZG8	accepted	unique_reviewed_human_target
Luck2020	Nature_supplement_2020-04-08	negative_evidence	Ensembl	ENSG00000109016	ENSG00000109016	false	3	A0A0C4DGQ8;A0ACI8RZL9;A0ACI8SVH8;J3KRS1;J3QKT1;J3QLJ8;J3QLK1;Q6IAN0	Q6IAN0	Q6IAN0	accepted	unique_reviewed_human_target
Luck2020	Nature_supplement_2020-04-08	negative_evidence	Ensembl	ENSG00000109113	ENSG00000109113	false	2	A0A0D9SG59;A0A1B0GTQ2;A0A1B0GVI6;A0A1B0GWB1;A0A1C7CYW6;A0ACI8S028;A0ACI8SAB3;A0ACI8T7Z8;A0ACI8T909;A0ACI8T920;A0ACI8V0T7;A0ACI8V625;A0ACI8V630;A0ACI8V642;A0ACI8V647;C9JBG0;C9JY26;E7ES60;H7C0Y7;J3QLC6;K7EIF2;K7EJW7;P0DI83;Q9BZG1;V9GY61	P0DI83;Q9BZG1		quarantine	multiple_reviewed_human_targets
Luck2020	Nature_supplement_2020-04-08	negative_evidence	Ensembl	ENSG00000109205	ENSG00000109205	false	2	A0ACI8QJJ1;A1E959;D6RA81;H0Y8T7;H0YA46	A1E959	A1E959	accepted	unique_reviewed_human_target
Luck2020	Nature_supplement_2020-04-08	negative_evidence	Ensembl	ENSG00000109670	ENSG00000109670	false	2	A0A2R8YEM7;A0A994J3P3;A0A994J3V4;A0A994J497;A0A994J6F2;A0A994J6T8;Q969H0;S4R3N3;S4R3U4	Q969H0	Q969H0	accepted	unique_reviewed_human_target
Luck2020	Nature_supplement_2020-04-08	negative_evidence	Ensembl	ENSG00000109771	ENSG00000109771	false	2	A0ACI8RIW9;D6RGF6;G5E9Z9;Q9P2M1	Q9P2M1	Q9P2M1	accepted	unique_reviewed_human_target
Luck2020	Nature_supplement_2020-04-08	negative_evidence	Ensembl	ENSG00000109794	ENSG00000109794	false	2	A0A0A0MRZ3;A5PLN7;D6RAL4;D6RC92;D6RGX1;H0Y8Y9;H0Y909;H0Y965	A5PLN7	A5PLN7	accepted	unique_reviewed_human_target
Luck2020	Nature_supplement_2020-04-08	negative_evidence	Ensembl	ENSG00000110047	ENSG00000110047	false	2	A0A024R571;C9IZH1;C9J2Z4;C9JC03;C9JDQ8;C9JIJ3;Q9H4M9	Q9H4M9	Q9H4M9	accepted	unique_reviewed_human_target
Luck2020	Nature_supplement_2020-04-08	negative_evidence	Ensembl	ENSG00000110400	ENSG00000110400	false	3	A0A8V8TKI1;Q15223	Q15223	Q15223	accepted	unique_reviewed_human_target
Luck2020	Nature_supplement_2020-04-08	negative_evidence	Ensembl	ENSG00000110651	ENSG00000110651	false	6	A0ACI8R001;A0ACI8R012;A0ACI8R0F1;A0ACI8RG37;A0ACI8RJK5;A0ACI8SBM2;A0ACI8SEU5;A0ACI8TWA0;A0ACI8UT37;A0ACI8UTC4;A6NMH8;E9PIF1;E9PJK1;E9PPF5;E9PQV4;E9PRJ8;H0YDJ9;H0YDL9;H0YEE2;P60033	P60033	P60033	accepted	unique_reviewed_human_target
Luck2020	Nature_supplement_2020-04-08	negative_evidence	Ensembl	ENSG00000110697	ENSG00000110697	false	1	A0ACI8RVD3;A0ACI8SCI5;A0ACI8TQL8;A0ACI8UN51;E9PMS0;E9PMZ6;E9PNU6;E9PSD1;O00562	O00562	O00562	accepted	unique_reviewed_human_target
Luck2020	Nature_supplement_2020-04-08	negative_evidence	Ensembl	ENSG00000110801	ENSG00000110801	false	1	A0ACI8PC10;A0ACI8PSN7;A0ACI8PZX8;A0ACI8QVT7;A0ACI8RDM1;A0ACI8RIT4;A0ACI8T4S1;A0ACI8T4T5;A0ACI8T4Y0;A0ACI8T4Y1;A0ACI8T4Y2;A0ACI8T4Y3;A0ACI8T510;A0ACI8VQZ6;A0ACI8VR13;F5GX23;F5H169;F5H5V4;F5H7X1;J3KN29;O00233	O00233	O00233	accepted	unique_reviewed_human_target
Luck2020	Nature_supplement_2020-04-08	negative_evidence	Ensembl	ENSG00000110881	ENSG00000110881	false	4	A0ACI8QJN2;A0ACI8RB69;A0ACI8SDY7;A0ACI8VA37;F8VSK4;H0YHD6;H7C1W9;P78348	P78348	P78348	accepted	unique_reviewed_human_target
Luck2020	Nature_supplement_2020-04-08	negative_evidence	Ensembl	ENSG00000110958	ENSG00000110958	false	3	A0A087WYT3;A0ACI8QL25;A0ACI8S5U1;A0ACI8U1J7;A0ACI8U2M0;A0ACI8U356;A0ACI8V1C7;F6RM87;Q15185	Q15185	Q15185	accepted	unique_reviewed_human_target
Luck2020	Nature_supplement_2020-04-08	negative_evidence	Ensembl	ENSG00000110987	ENSG00000110987	false	3	A0ACI8SWY8;A0ACI8SX00;Q4VC05	Q4VC05	Q4VC05	accepted	unique_reviewed_human_target
Luck2020	Nature_supplement_2020-04-08	negative_evidence	Ensembl	ENSG00000111012	ENSG00000111012	false	3	A0AAA9YHN9;A0AAA9YHZ6;A0ABB0MVF9;A0ABB0MVH2;O15528	O15528	O15528	accepted	unique_reviewed_human_target
Luck2020	Nature_supplement_2020-04-08	negative_evidence	Ensembl	ENSG00000111186	ENSG00000111186	false	2	A0ACI8VIL3;F5GYM2;F5H034;F5H364;F5H7Q6;Q9H1J7	Q9H1J7	Q9H1J7	accepted	unique_reviewed_human_target
Luck2020	Nature_supplement_2020-04-08	negative_evidence	Ensembl	ENSG00000111224	ENSG00000111224	false	2	A0ACI8U3E2;F5H8L8;F8WFA3;G3V0I3;Q9NR21	Q9NR21	Q9NR21	accepted	unique_reviewed_human_target
Luck2020	Nature_supplement_2020-04-08	negative_evidence	Ensembl	ENSG00000111321	ENSG00000111321	false	3	A0ACI8QKH4;A0ACI8RF63;A0ACI8RLU8;A0ACI8S607;A0ACI8UYD3;A0ACI8UYD4;A0ACI8UYE5;A0ACI8UYF3;A0ACI8UYJ1;A0ACI8UYT2;A0ACI8V1H2;A0ACI8V1H5;F5H1S5;F5H2E7;F5H627;F5H6F8;P36941	P36941	P36941	accepted	unique_reviewed_human_target
Luck2020	Nature_supplement_2020-04-08	negative_evidence	Ensembl	ENSG00000111605	ENSG00000111605	false	2	A0A3B3ISW1;A0ACI8Q748;A0ACI8Q749;A0ACI8QBU1;A0ACI8QYW5;A0ACI8R7T7;A0ACI8SAP6;A0ACI8TD40;A0ACI8TDA0;A0ACI8TDU4;A0ACI8TE45;A0ACI8TEE5;A0ACI8TEF6;A0ACI8TEM3;A0ACI8TER2;A0ACI8TEU7;A0ACI8U6K8;F8VNP8;F8W084;F8WJN3;Q16630	Q16630	Q16630	accepted	unique_reviewed_human_target
Luck2020	Nature_supplement_2020-04-08	negative_evidence	Ensembl	ENSG00000111641	ENSG00000111641	false	2	A0ACI8PVZ2;A0ACI8TU98;A0ACI8TUP0;A0ACI8TUW0;A0ACI8TUY5;A0ACI8TW89;A0ACI8TWA3;A0ACI8V763;A0ACI8V796;A0ACI8V7A5;F5GWB7;F5GYR3;F5H359;F5H5X6;F5H709;F5H8G6;P46087	P46087	P46087	accepted	unique_reviewed_human_target
Luck2020	Nature_supplement_2020-04-08	negative_evidence	Ensembl	ENSG00000111843	ENSG00000111843	false	3	A0ACI8PEN4;A0ACI8STT4;Q9P0S9	Q9P0S9	Q9P0S9	accepted	unique_reviewed_human_target
Luck2020	Nature_supplement_2020-04-08	negative_evidence	Ensembl	ENSG00000112175	ENSG00000112175	false	6	P22003	P22003	P22003	accepted	unique_reviewed_human_target
Luck2020	Nature_supplement_2020-04-08	negative_evidence	Ensembl	ENSG00000112210	ENSG00000112210	false	2	A0ACI8VAB2;A0ACI8VAD2;Q9ULC3	Q9ULC3	Q9ULC3	accepted	unique_reviewed_human_target
Luck2020	Nature_supplement_2020-04-08	negative_evidence	Ensembl	ENSG00000112539	ENSG00000112539	false	2	Q5T5N4	Q5T5N4	Q5T5N4	accepted	unique_reviewed_human_target
Luck2020	Nature_supplement_2020-04-08	negative_evidence	Ensembl	ENSG00000113387	ENSG00000113387	false	1	A0ACI8RL41;A0ACI8RXL6;A0ACI8T3P8;A0ACI8T3R9;A0ACI8T3S3;A0ACI8T3S4;A0ACI8T3S9;D6R970;D6RC37;P53999	P53999	P53999	accepted	unique_reviewed_human_target
Luck2020	Nature_supplement_2020-04-08	negative_evidence	Ensembl	ENSG00000113532	ENSG00000113532	false	5	A0ACI8QHR8;A0ACI8S3L2;A0ACI8V1E4;E5RFK3;Q92187	Q92187	Q92187	accepted	unique_reviewed_human_target
Luck2020	Nature_supplement_2020-04-08	negative_evidence	Ensembl	ENSG00000113558	ENSG00000113558	false	2	A0ACI8Q048;A0ACI8Q4S6;A0ACI8TRY7;A0ACI8TS07;A0ACI8TS58;A0ACI8TSB5;A0ACI8VHE3;E5RGM3;E5RGM4;E5RHM3;E5RJR5;E5RK33;E7ERH2;F8W8N3;P63208	P63208	P63208	accepted	unique_reviewed_human_target
Luck2020	Nature_supplement_2020-04-08	negative_evidence	Ensembl	ENSG00000113758	ENSG00000113758	false	5	A0ACI8PKK3;A0ACI8QB40;A0ACI8QCA7;A0ACI8QJ44;A0ACI8REQ0;A0ACI8UPG3;A0ACI8UPH0;A0ACI8UPL2;A0ACI8UPL3;D6R9Q9;D6R9W4;D6RCR4;D6RFI1;Q16643	Q16643	Q16643	accepted	unique_reviewed_human_target
Luck2020	Nature_supplement_2020-04-08	negative_evidence	Ensembl	ENSG00000114346	ENSG00000114346	false	3	A0ACI8RKG6;A0ACI8S1K6;A0ACI8T373;A0ACI8T392;A0ACI8T3B6;A0ACI8T3C9;A0ACI8T3H2;C9J0L6;C9J1C4;C9JB41;C9JDB4;C9JDV9;C9JTI2;H7C103;H7C3G1;Q9H8V3	Q9H8V3	Q9H8V3	accepted	unique_reviewed_human_target
Luck2020	Nature_supplement_2020-04-08	negative_evidence	Ensembl	ENSG00000114416	ENSG00000114416	false	2	A0A8V8TM97;A0A8V8TMQ1;A0A8V8TNP6;A0ACI8SW54;A0ACI8SWH0;A0ACI8SWH1;A0ACI8SWH6;A0ACI8SWI2;A0ACI8SWI4;A0ACI8SWI8;A0ACI8SWJ5;A0ACI8SWK0;A0ACI8VDN5;A0ACI8VDP3;A0ACI8VDS9;C9IZ22;C9J5B4;C9JAJ4;C9JY20;C9JYQ6;C9JZE0;E7EU85;E9PFF5;F6U8N9;H7C4S4;P51114	P51114	P51114	accepted	unique_reviewed_human_target
Luck2020	Nature_supplement_2020-04-08	negative_evidence	Ensembl	ENSG00000114646	ENSG00000114646	false	3	A0A087WUT8;O95196	O95196	O95196	accepted	unique_reviewed_human_target
Luck2020	Nature_supplement_2020-04-08	negative_evidence	Ensembl	ENSG00000115159	ENSG00000115159	false	6	A0ACI8QGT9;A0ACI8S6C7;E7EM56;E9PDK4;F5GYK7;P43304	P43304	P43304	accepted	unique_reviewed_human_target
Luck2020	Nature_supplement_2020-04-08	negative_evidence	Ensembl	ENSG00000115170	ENSG00000115170	false	6	A0A1B0GXA9;A0A804HHZ2;A0A804HJQ0;A0ACI8PHA5;A0ACI8TPS1;A0ACI8UCI3;C9JHJ7;C9JW28;Q04771	Q04771	Q04771	accepted	unique_reviewed_human_target
Luck2020	Nature_supplement_2020-04-08	negative_evidence	Ensembl	ENSG00000115226	ENSG00000115226	false	3	A0ACI8TQW4;Q9H6D8	Q9H6D8	Q9H6D8	accepted	unique_reviewed_human_target
Luck2020	Nature_supplement_2020-04-08	negative_evidence	Ensembl	ENSG00000115263	ENSG00000115263	false	3	P01275	P01275	P01275	accepted	unique_reviewed_human_target
Luck2020	Nature_supplement_2020-04-08	negative_evidence	Ensembl	ENSG00000115289	ENSG00000115289	false	2	A0ACI8PUS4;A0ACI8SM04;A0ACI8SM22;A0ACI8SM31;A0ACI8SM40;A0ACI8SM66;A0ACI8UI67;Q9BSM1	Q9BSM1	Q9BSM1	accepted	unique_reviewed_human_target
Luck2020	Nature_supplement_2020-04-08	negative_evidence	Ensembl	ENSG00000115392	ENSG00000115392	false	2	A0A087X0C0;A0A8Q3SIE7;A0A8Q3SIH1;A0A8Q3SIH3;A0A8Q3SIK5;A0A8Q3SIK6;A0A8Q3SIK9;A0A8Q3SIL3;A0A8Q3SIM1;A0A8Q3SIM8;A0A8Q3SIP2;A0A8Q3SIP3;A0A8Q3SIQ5;A0A8Q3SIQ9;A0A8Q3SIR8;A0A8Q3SIR9;A0A8Q3SIS2;A0A8Q3SIS7;A0A8Q3SIV1;A0A8Q3SIV2;A0A8Q3SIX5;A0A8Q3SJE4;A0A8Q3WL63;A0A8Q3WL68;A0A8Q3WL81;A0A8Q3WL86;A0A8Q3WL92;A0A8Q3WL94;A0A8Q3WL96;A0A8Q3WLA1;A0A8Q3WLA2;A0A8Q3WLA4;A0A8Q3WLA5;A0A8Q3WLA7;A0A8Q3WLB5;A0A8Q3WLB8;A0A8Q3WLC1;A0A8Q3WLC2;A0A8Q3WLD6;A0A8Q3WLE2;A0A8Q3WLF1;A0A8Q3WLF5;A0A8Q3WLH7;A0A8Q3WLU8;A0A8Q3WLW1;A0A8Q3WM82;A0A8Q3WM87;A0A8Q3WM99;A0A8Q3WMB2;A0A8Q3WMB7;A0A8Q3WMD3;A0A8Q3WMD8;A0A8Q3WMF1;A0A8Q3WMF8;A0A8Q3WMH1;A0ACI8RS11;A0ACI8SH53;A0ACI8STX1;A0ACI8STX8;B5MC31;B5MCZ6;C9J512;C9JZA9;H7C1M0;Q9NW38	Q9NW38	Q9NW38	accepted	unique_reviewed_human_target
Luck2020	Nature_supplement_2020-04-08	negative_evidence	Ensembl	ENSG00000115694	ENSG00000115694	false	4	A0ACI8QY87;A0ACI8RKI6;A0ACI8SG88;A0ACI8TLV3;C9J232;C9J6L2;C9J8E8;C9JCC0;C9JDH9;C9JFA1;C9JIH8;C9JJV0;C9JN58;C9K0M6;E7EM58;H7C279;O00506	O00506	O00506	accepted	unique_reviewed_human_target
Luck2020	Nature_supplement_2020-04-08	negative_evidence	Ensembl	ENSG00000115808	ENSG00000115808	false	2	A0ACI8PRZ4;A0ACI8QGD6;A0ACI8TFF0;A0ACI8UM91;A0ACI8UME7;A0ACI8UMX0;A0ACI8UN52;O43815	O43815	O43815	accepted	unique_reviewed_human_target
Luck2020	Nature_supplement_2020-04-08	negative_evidence	Ensembl	ENSG00000116005	ENSG00000116005	false	2	A0ACI8RZS5;A0ACI8T6B5;A0ACI8V0E9;A0ACI8V0F8;C9JGT6;C9JM55;C9K055;F8W8W4;Q9UHG3	Q9UHG3	Q9UHG3	accepted	unique_reviewed_human_target
Luck2020	Nature_supplement_2020-04-08	negative_evidence	Ensembl	ENSG00000116062	ENSG00000116062	false	2	A0A494C0M1;A0A8V8TPJ4;A0A8V8TPR2;A0A8V8TQJ0;A0A8V8TQW9;A0ACI8QWG9;A0ACI8RLM0;A0ACI8S2F0;A0ACI8TXW4;A0ACI8TY01;A0ACI8TY03;A0ACI8TYH3;F8W7G9;F8WAX8;P52701	P52701	P52701	accepted	unique_reviewed_human_target
Luck2020	Nature_supplement_2020-04-08	negative_evidence	Ensembl	ENSG00000116141	ENSG00000116141	false	2	A0A087X0I6;A0A0A0MSF1;A0A7I2V4P8;A0A7I2V550;A0A7I2V624;A0A7I2YQC1;A0ACI8P8T8;A0ACI8PBP6;A0ACI8PC34;A0ACI8R2Q6;A0ACI8SS30;A0ACI8SS39;A0ACI8SS47;A0ACI8UHD5;A0ACI8UHS6;A0ACI8UI71;A0ACI8UI79;A0ACI8UI81;A0ACI8UIL5;Q9P0L2	Q9P0L2	Q9P0L2	accepted	unique_reviewed_human_target
Luck2020	Nature_supplement_2020-04-08	negative_evidence	Ensembl	ENSG00000116329	ENSG00000116329	false	3	P41143	P41143	P41143	accepted	unique_reviewed_human_target
Luck2020	Nature_supplement_2020-04-08	negative_evidence	Ensembl	ENSG00000116525	ENSG00000116525	false	2	Q9BVG3	Q9BVG3	Q9BVG3	accepted	unique_reviewed_human_target
Luck2020	Nature_supplement_2020-04-08	negative_evidence	Ensembl	ENSG00000116691	ENSG00000116691	false	6	A0ACI8PB12;A0ACI8T2M0;A0ACI8VML0;Q5JXC2	Q5JXC2	Q5JXC2	accepted	unique_reviewed_human_target
Luck2020	Nature_supplement_2020-04-08	negative_evidence	Ensembl	ENSG00000116809	ENSG00000116809	false	3	A0ACI8QIP0;A0ACI8QV97;A0ACI8R8A0;A0ACI8RKU0;A0ACI8S0M6;A0ACI8S1U5;A0ACI8SF12;A0ACI8USA0;A0ACI8USB0;A0ACI8USB5;A0ACI8USD5;H0Y6X2;H7C1K8;Q13105	Q13105	Q13105	accepted	unique_reviewed_human_target
Luck2020	Nature_supplement_2020-04-08	negative_evidence	Ensembl	ENSG00000116830	ENSG00000116830	false	3	A0ACI8TLX6;A0ACI8TMB4;A0ACI8TMC1;A0ACI8TME3;A0ACI8TMF6;A0ACI8TMI4;A0ACI8TML7;Q9UNY4;X6RI15	Q9UNY4	Q9UNY4	accepted	unique_reviewed_human_target
Luck2020	Nature_supplement_2020-04-08	negative_evidence	Ensembl	ENSG00000116983	ENSG00000116983	false	6	A0A087X1C8;A0ACI8PQB1;A0ACI8R1F3;Q9UM19	Q9UM19	Q9UM19	accepted	unique_reviewed_human_target
Luck2020	Nature_supplement_2020-04-08	negative_evidence	Ensembl	ENSG00000117010	ENSG00000117010	false	3	A0ACI8QRQ3;A0ACI8T467;A0ACI8T471;A0ACI8UDR3;Q5T5D7;Q5T5D8;Q5T5D9	Q5T5D7	Q5T5D7	accepted	unique_reviewed_human_target
Luck2020	Nature_supplement_2020-04-08	negative_evidence	Ensembl	ENSG00000117266	ENSG00000117266	false	2	A0A0A0MSJ6;A0ACI8S1Y6;A0ACI8S8N9;A0ACI8SFD3;A0ACI8SH42;A0ACI8TDS2;A0ACI8TE27;A0ACI8U9Q5;A0ACI8U9U1;D6R9B0;Q07002	Q07002	Q07002	accepted	unique_reviewed_human_target
Luck2020	Nature_supplement_2020-04-08	negative_evidence	Ensembl	ENSG00000117281	ENSG00000117281	false	3	A0ACI8R409;A0ACI8RPV6;A0ACI8UV32;O95971	O95971	O95971	accepted	unique_reviewed_human_target
Luck2020	Nature_supplement_2020-04-08	negative_evidence	Ensembl	ENSG00000117308	ENSG00000117308	false	2	A0ACI8P8T3;A0ACI8R9H1;Q14376;Q5QPP1;Q5QPP3;Q5QPP4;Q5QPP9	Q14376	Q14376	accepted	unique_reviewed_human_target
Luck2020	Nature_supplement_2020-04-08	negative_evidence	Ensembl	ENSG00000117385	ENSG00000117385	false	2	A0ACI8R4S0;A0ACI8RQB9;A0ACI8RUF8;A0ACI8S5F5;A0ACI8SGX0;A0ACI8TFB0;A0ACI8TFC1;A0ACI8TFD7;A0ACI8TFL6;A0ACI8VEV5;E2QRI1;H7C2W6;Q32P28	Q32P28	Q32P28	accepted	unique_reviewed_human_target
Luck2020	Nature_supplement_2020-04-08	negative_evidence	Ensembl	ENSG00000117475	ENSG00000117475	false	2	A0ACI8QQV8;A0ACI8RX12;Q5T532;Q5T534;Q9H2G9	Q9H2G9	Q9H2G9	accepted	unique_reviewed_human_target
Luck2020	Nature_supplement_2020-04-08	negative_evidence	Ensembl	ENSG00000117586	ENSG00000117586	false	2	A0AAQ5BI34;P23510	P23510	P23510	accepted	unique_reviewed_human_target
Luck2020	Nature_supplement_2020-04-08	negative_evidence	Ensembl	ENSG00000117682	ENSG00000117682	false	2	A0A8V8TQ81;A0A8V8TQ96;A0A8V8TQQ9;A0A8V8TQS0;A0A8V8TQU2;A0A8V8TR89;A0A8V8TRI4;A0ACI8Q2A3;A0ACI8RX66;A0ACI8S3P1;A0ACI8SY71;A0ACI8SYB2;A0ACI8SYC8;A0ACI8SYD6;A0ACI8V476;A0ACI8V481;A0ACI8V488;E9PI09;E9PI64;E9PKJ5;E9PL99;E9PR24;E9PRS7;E9PSH7;H0Y4T1;Q5T0A0;Q5T0A1;Q5T0A2;Q5T0A3;Q5T0A6;Q86SQ9	Q86SQ9	Q86SQ9	accepted	unique_reviewed_human_target
Luck2020	Nature_supplement_2020-04-08	negative_evidence	Ensembl	ENSG00000118113	ENSG00000118113	false	2	E9PIY7;E9PJB3;E9PL87;H7C1M3;P22894	P22894	P22894	accepted	unique_reviewed_human_target
Luck2020	Nature_supplement_2020-04-08	negative_evidence	Ensembl	ENSG00000118260	ENSG00000118260	false	2	A0ACI8RSK9;A0ACI8SC82;A0ACI8V5G2;C9J276;C9J4L5;C9J896;C9JBT4;C9JCI4;E7EWP8;H7C1R5;H7C3I0;P16220	P16220	P16220	accepted	unique_reviewed_human_target
Luck2020	Nature_supplement_2020-04-08	negative_evidence	Ensembl	ENSG00000118298	ENSG00000118298	false	2	A0ACI8RMI7;A0ACI8TTE1;A0ACI8TTK6;A0ACI8UXJ2;A0ACI8UXJ3;A0ACI8UXM3;Q9ULX7;U3KPU6;U3KQH0	Q9ULX7	Q9ULX7	accepted	unique_reviewed_human_target
Luck2020	Nature_supplement_2020-04-08	negative_evidence	Ensembl	ENSG00000118495	ENSG00000118495	false	3	A0A0D9SEQ4;A0A0D9SFI7;A0A0D9SFL4;A0A0D9SFM8;A0A0D9SFN6;A0A0D9SGF7;A0A3B3IRN7;Q9UM63	Q9UM63	Q9UM63	accepted	unique_reviewed_human_target
Luck2020	Nature_supplement_2020-04-08	negative_evidence	Ensembl	ENSG00000118514	ENSG00000118514	false	2	A0ACI8Q4Y7;A0ACI8QXM4;A0ACI8RHX4;A0ACI8RLC9;A0ACI8RV79;A0ACI8S6Q8;E9PKV1;H0YF40;Q9H2A2	Q9H2A2	Q9H2A2	accepted	unique_reviewed_human_target
Luck2020	Nature_supplement_2020-04-08	negative_evidence	Ensembl	ENSG00000118894	ENSG00000118894	false	2	A0ACI8RXL7;A0ACI8U4D3;A0ACI8U4F1;A0ACI8U4H0;A0ACI8V1T4;K7EIJ3;K7EQE4;K7ES84;Q96G04	Q96G04	Q96G04	accepted	unique_reviewed_human_target
Luck2020	Nature_supplement_2020-04-08	negative_evidence	Ensembl	ENSG00000118961	ENSG00000118961	false	2	A0A0A0MSH6;A0ACI8SJR4;A0ACM8QBN3;B5MCE2;B5MCU4;B5MDU6;C9JHU6;C9JUM0;D3YTH1;Q9H6V9	Q9H6V9	Q9H6V9	accepted	unique_reviewed_human_target
Luck2020	Nature_supplement_2020-04-08	negative_evidence	Ensembl	ENSG00000119285	ENSG00000119285	false	3	A0ACI8TEI8;F6SQN4;Q5T3Q7;Q9H583	Q9H583	Q9H583	accepted	unique_reviewed_human_target
Luck2020	Nature_supplement_2020-04-08	negative_evidence	Ensembl	ENSG00000119414	ENSG00000119414	false	5	A0ACI8RYH5;A0ACI8SZF9;A0ACI8SZI2;O00743;Q5T1S7	O00743	O00743	accepted	unique_reviewed_human_target
Luck2020	Nature_supplement_2020-04-08	negative_evidence	Ensembl	ENSG00000119471	ENSG00000119471	false	2	A0ACI8PDH4;A0ACI8PGV0;A0ACI8PKD1;A0ACI8PRS5;A0ACI8PZZ3;A0ACI8Q8T0;A0ACI8QK74;A0ACI8QKK8;A0ACI8QT20;A0ACI8RLP7;A0ACI8RS03;A0ACI8THC4;A0ACI8U6B8;A0ACI8U6S7;A0ACI8U6U6;A0ACI8U7V0;A0ACI8U8C8;A0ACI8U8W3;A0ACI8U8Z8;Q6YN16	Q6YN16	Q6YN16	accepted	unique_reviewed_human_target
Luck2020	Nature_supplement_2020-04-08	negative_evidence	Ensembl	ENSG00000119574	ENSG00000119574	false	2	A0ACI8QNM9;A0ACI8TEV4;M0QZ57;M0R1I4;Q96K62	Q96K62	Q96K62	accepted	unique_reviewed_human_target
Luck2020	Nature_supplement_2020-04-08	negative_evidence	Ensembl	ENSG00000119636	ENSG00000119636	false	3	A0A0B4J2D7;A0ACI8QT78;A0ACI8QT86;G3V488;Q8ND07	Q8ND07	Q8ND07	accepted	unique_reviewed_human_target
Luck2020	Nature_supplement_2020-04-08	negative_evidence	Ensembl	ENSG00000119655	ENSG00000119655	false	6	A0ACI8PDZ2;A0ACI8TNK9;A0ACI8TPZ1;E7EMS2;G3V2V8;G3V3D1;G3V3E8;H0YIZ1;H0YJE2;J3KMY5;P61916	P61916	P61916	accepted	unique_reviewed_human_target
Luck2020	Nature_supplement_2020-04-08	negative_evidence	Ensembl	ENSG00000119737	ENSG00000119737	false	3	O95800	O95800	O95800	accepted	unique_reviewed_human_target
Luck2020	Nature_supplement_2020-04-08	negative_evidence	Ensembl	ENSG00000119878	ENSG00000119878	false	6	A0ABB0MV94;Q9P021	Q9P021	Q9P021	accepted	unique_reviewed_human_target
Luck2020	Nature_supplement_2020-04-08	negative_evidence	Ensembl	ENSG00000119917	ENSG00000119917	false	2	A0A7P0T7D6;A0A7P0T855;A0A7P0TA20;A0A7P0Z4G0;O14879	O14879	O14879	accepted	unique_reviewed_human_target
Luck2020	Nature_supplement_2020-04-08	negative_evidence	Ensembl	ENSG00000120008	ENSG00000120008	false	3	Q9BZH6;S4R3P9;S4R3Z0;S4R451	Q9BZH6	Q9BZH6	accepted	unique_reviewed_human_target
Luck2020	Nature_supplement_2020-04-08	negative_evidence	Ensembl	ENSG00000120071	ENSG00000120071	false	3	A0A0G2JQP8;A0A1W2PPV8;A0A1W2PQT4;A0A1W2PRA9;A0A1W2PRB5;A0A1W2PRR3;A0A1W2PS83;A0A3B3IT55;A0A9S7M8F4;A0ACI8QWV5;A0ACI8QWY8;A0ACI8SXW2;I3L233;Q7Z3B3	Q7Z3B3	Q7Z3B3	accepted	unique_reviewed_human_target
Luck2020	Nature_supplement_2020-04-08	negative_evidence	Ensembl	ENSG00000120563	ENSG00000120563	false	2	H0YDZ2;Q6UWQ5	Q6UWQ5	Q6UWQ5	accepted	unique_reviewed_human_target
Luck2020	Nature_supplement_2020-04-08	negative_evidence	Ensembl	ENSG00000120658	ENSG00000120658	false	3	A0ACI8PQR3;A0ACI8PUL6;A0ACI8U577;A0ACI8U5A1;A0ACI8U5N3;A0ACI8U7C4;Q8TC92	Q8TC92	Q8TC92	accepted	unique_reviewed_human_target
Luck2020	Nature_supplement_2020-04-08	negative_evidence	Ensembl	ENSG00000121075	ENSG00000121075	false	2	K7EPY2;P57082	P57082	P57082	accepted	unique_reviewed_human_target
Luck2020	Nature_supplement_2020-04-08	negative_evidence	Ensembl	ENSG00000121351	ENSG00000121351	false	2	F5H0S1;F5H1F0;H0YF85;P10997	P10997	P10997	accepted	unique_reviewed_human_target
Luck2020	Nature_supplement_2020-04-08	negative_evidence	Ensembl	ENSG00000121851	ENSG00000121851	false	3	A0ACI8QDQ1;A0ACI8RGP9;A6NGX6;Q9BT43	Q9BT43	Q9BT43	accepted	unique_reviewed_human_target
Luck2020	Nature_supplement_2020-04-08	negative_evidence	Ensembl	ENSG00000121858	ENSG00000121858	false	3	A0ACI8P9S5;A0ACI8PDG1;A0ACI8PGS7;A0ACI8PV96;A0ACI8RMI2;A0ACI8VIV8;H7C246;P50591	P50591	P50591	accepted	unique_reviewed_human_target
Luck2020	Nature_supplement_2020-04-08	negative_evidence	Ensembl	ENSG00000122218	ENSG00000122218	false	2	A0A3B3IS23;A0A3B3IS84;A0A3B3ISC6;A0A3B3ISK1;A0A3B3IT15;A0A3B3ITI7;A0A3B3ITV3;A0A3B3ITX2;A0A3B3IU78;A0A3B3IU84;A0A3B3IU89;A0ACI8QC35;A0ACI8QC60;A0ACI8SJX2;A0ACI8SJZ8;A0ACI8SK06;A0ACI8SK39;A0ACI8VR66;A0ACI8VRL6;A0ACI8VS51;A0ACI8VS92;A0ACI8VS97;A0ACI8VS99;A0ACI8VSF0;A0ACI8VSI8;A0ACI8VSJ5;P53621	P53621	P53621	accepted	unique_reviewed_human_target
Luck2020	Nature_supplement_2020-04-08	negative_evidence	Ensembl	ENSG00000122299	ENSG00000122299	false	3	I3L1Y3;I3L282;I3L2K5;I3L2N8;I3L323;I3L382;I3L3F9;I3L3S2;Q8IWR0	Q8IWR0	Q8IWR0	accepted	unique_reviewed_human_target
Luck2020	Nature_supplement_2020-04-08	negative_evidence	Ensembl	ENSG00000123144	ENSG00000123144	false	2	K7ELS0;K7EN60;K7ERU7;Q9BQ61	Q9BQ61	Q9BQ61	accepted	unique_reviewed_human_target
Luck2020	Nature_supplement_2020-04-08	negative_evidence	Ensembl	ENSG00000123353	ENSG00000123353	false	2	F8VWV8;F8VXD5;Q53FV1	Q53FV1	Q53FV1	accepted	unique_reviewed_human_target
Luck2020	Nature_supplement_2020-04-08	negative_evidence	Ensembl	ENSG00000123415	ENSG00000123415	false	1	A0A0U1RRE6;D6RA25;D6RA78;D6RAI1;D6RAS0;D6RD88;D6RI04;D6RIA4;H0YA95;Q53HV7	Q53HV7	Q53HV7	accepted	unique_reviewed_human_target
Luck2020	Nature_supplement_2020-04-08	negative_evidence	Ensembl	ENSG00000123444	ENSG00000123444	false	3	A0ACI8SQV9;A0ACI8VB88;E9PJ66;E9PJY1;E9PL18;E9PM58;E9PQ38;E9PSA4;Q9NVX7	Q9NVX7	Q9NVX7	accepted	unique_reviewed_human_target
Luck2020	Nature_supplement_2020-04-08	negative_evidence	Ensembl	ENSG00000123560	ENSG00000123560	false	2	A0ACI8PK40;A0ACI8PZF7;A0ACI8Q7Z7;A0ACI8QHB1;A0ACI8R2X2;A0ACI8RY52;B1B1G1;B1B1G2;B1B1G3;B1B1G4;B1B1G6;P60201	P60201	P60201	accepted	unique_reviewed_human_target
Luck2020	Nature_supplement_2020-04-08	negative_evidence	Ensembl	ENSG00000124074	ENSG00000124074	false	2	A0A087X0D0;A0ACI8QZT6;Q9H0I2;R4GN60	Q9H0I2	Q9H0I2	accepted	unique_reviewed_human_target
Luck2020	Nature_supplement_2020-04-08	negative_evidence	Ensembl	ENSG00000124104	ENSG00000124104	false	5	A0A087WU61;Q5JZH3;Q5JZH4;Q969T3	Q969T3	Q969T3	accepted	unique_reviewed_human_target
Luck2020	Nature_supplement_2020-04-08	negative_evidence	Ensembl	ENSG00000124209	ENSG00000124209	false	2	A0ACI8PN56;A0ACI8PQE4;Q9UL26	Q9UL26	Q9UL26	accepted	unique_reviewed_human_target
Luck2020	Nature_supplement_2020-04-08	negative_evidence	Ensembl	ENSG00000124214	ENSG00000124214	false	2	A0ACI8P699;F6UDC6;O95793;Q5JW28;Q5JW30	O95793	O95793	accepted	unique_reviewed_human_target
Luck2020	Nature_supplement_2020-04-08	negative_evidence	Ensembl	ENSG00000124357	ENSG00000124357	false	2	A0ACI8Q038;A0ACI8R3L9;A0ACI8TWI4;A0ACI8UN72;C9JEV6;C9JMR7;E9PPU6;H0YC94;H0YE82;H0YEB7;H0YF44;H7C1L7;H7C286;H7C3G9;Q9UJ70	Q9UJ70	Q9UJ70	accepted	unique_reviewed_human_target
Luck2020	Nature_supplement_2020-04-08	negative_evidence	Ensembl	ENSG00000124380	ENSG00000124380	false	3	A0ACI8SJT7;A0ACI8SJU8;A0ACI8UZC6;B8ZZ98;H0YBW5;Q8WVK2	Q8WVK2	Q8WVK2	accepted	unique_reviewed_human_target
Luck2020	Nature_supplement_2020-04-08	negative_evidence	Ensembl	ENSG00000124444	ENSG00000124444	false	1	A0ACI8S8X2;Q9H609	Q9H609	Q9H609	accepted	unique_reviewed_human_target
Luck2020	Nature_supplement_2020-04-08	negative_evidence	Ensembl	ENSG00000124535	ENSG00000124535	false	3	A0ACI8T430;A0ACI8T475;Q96S55	Q96S55	Q96S55	accepted	unique_reviewed_human_target
Luck2020	Nature_supplement_2020-04-08	negative_evidence	Ensembl	ENSG00000124564	ENSG00000124564	false	3	A0ACI8PDZ1;A0ACI8PKS2;A0ACI8QKU1;A0ACI8QTN9;A0ACI8R445;A0ACI8RSE9;A0ACI8RW05;E9PBQ8;H0Y8R7;H0Y9F7;O00476	O00476	O00476	accepted	unique_reviewed_human_target
Luck2020	Nature_supplement_2020-04-08	negative_evidence	Ensembl	ENSG00000124588	ENSG00000124588	false	6	A0ACI8QXC8;A0ACI8TGP5;A0ACI8TGP9;A0ACI8TGQ0;A0ACI8TGQ8;A0ACI8TGU8;A0ACI8TGV2;A0ACI8UP68;A2A2U4;P16083;Q5TD05;Q5TD07;U3KQG7	P16083	P16083	accepted	unique_reviewed_human_target
Luck2020	Nature_supplement_2020-04-08	negative_evidence	Ensembl	ENSG00000124827	ENSG00000124827	false	3	O75603	O75603	O75603	accepted	unique_reviewed_human_target
Luck2020	Nature_supplement_2020-04-08	negative_evidence	Ensembl	ENSG00000125245	ENSG00000125245	false	3	Q14330;Q5JUH9	Q14330	Q14330	accepted	unique_reviewed_human_target
Luck2020	Nature_supplement_2020-04-08	negative_evidence	Ensembl	ENSG00000125449	ENSG00000125449	false	2	A0ACI8USE6;J3KST7;J3KTE5;Q9H6L4	Q9H6L4	Q9H6L4	accepted	unique_reviewed_human_target
Luck2020	Nature_supplement_2020-04-08	negative_evidence	Ensembl	ENSG00000125450	ENSG00000125450	false	1	A0ACI8QP22;A0ACI8RKM3;A0ACI8STL1;A0ACI8VJY2;F5H0W7;J3KRC0;J3KS87;J3KSH3;J3KT10;J3KTC7;J3QL49;J3QL54;J3QL91;J3QLD4;J3QLH0;J3QLV0;J3QRY3;J3QS63;Q9BW27	Q9BW27	Q9BW27	accepted	unique_reviewed_human_target
Luck2020	Nature_supplement_2020-04-08	negative_evidence	Ensembl	ENSG00000125458	ENSG00000125458	false	3	A0ACI8Q9J4;A0ACI8R6E5;A0ACI8S0Q4;A0ACI8UXF6;J3KRC4;J3KSF0;J3KSX6;J3KSY6;J3QQX8;Q8TCD5	Q8TCD5	Q8TCD5	accepted	unique_reviewed_human_target
Luck2020	Nature_supplement_2020-04-08	negative_evidence	Ensembl	ENSG00000125459	ENSG00000125459	false	1	A0A3B3IUD2;A0A8V8TLP0;A0ACI8PH92;A0ACI8QPN7;A0ACI8QQG5;A0ACI8RQ46;A0ACI8RYK3;A0ACI8TP67;A0ACI8TP86;A0ACI8TPG7;A0ACI8U578;A0ACI8U5L2;A0ACI8U789;A0ACI8U7R0;A0ACI8U881;Q9BUK6;V9GYF2	Q9BUK6	Q9BUK6	accepted	unique_reviewed_human_target
Luck2020	Nature_supplement_2020-04-08	negative_evidence	Ensembl	ENSG00000125652	ENSG00000125652	false	2	A0ACI8RQ08;M0QZH2;M0QZI0;Q9BT30	Q9BT30	Q9BT30	accepted	unique_reviewed_human_target
Luck2020	Nature_supplement_2020-04-08	negative_evidence	Ensembl	ENSG00000125863	ENSG00000125863	false	2	Q9NPJ1	Q9NPJ1	Q9NPJ1	accepted	unique_reviewed_human_target
Luck2020	Nature_supplement_2020-04-08	negative_evidence	Ensembl	ENSG00000125864	ENSG00000125864	false	2	A0ACI8TJ05;Q12934	Q12934	Q12934	accepted	unique_reviewed_human_target
Luck2020	Nature_supplement_2020-04-08	negative_evidence	Ensembl	ENSG00000125871	ENSG00000125871	false	4	A0ACI8QLR0;A0ACI8QX14;A0ACI8SBD6;A0ACI8UHW2;A0ACI8UI91;A0ACI8ULC3;Q5QPE7;Q5QPE8;Q9BQP7	Q9BQP7	Q9BQP7	accepted	unique_reviewed_human_target
Luck2020	Nature_supplement_2020-04-08	negative_evidence	Ensembl	ENSG00000125879	ENSG00000125879	false	3	Q9NRC9	Q9NRC9	Q9NRC9	accepted	unique_reviewed_human_target
Luck2020	Nature_supplement_2020-04-08	negative_evidence	Ensembl	ENSG00000125975	ENSG00000125975	false	2	Q4VXR9;Q96LM9	Q96LM9	Q96LM9	accepted	unique_reviewed_human_target
Luck2020	Nature_supplement_2020-04-08	negative_evidence	Ensembl	ENSG00000125999	ENSG00000125999	false	1	A0ACI8PL91;A0ACI8PPU4;A0ACI8PXJ9;A0ACI8Q5Z0;A0ACI8QF52;A0ACI8QSA3;A0ACI8R080;A0ACI8RRS9;A0ACI8RWR6;A0ACI8V7Q0;A0ACI8V8P8;A0ACI8V8T4;A0ACI8V8U2;A2A2R0;Q8TDL5	Q8TDL5	Q8TDL5	accepted	unique_reviewed_human_target
Luck2020	Nature_supplement_2020-04-08	negative_evidence	Ensembl	ENSG00000126070	ENSG00000126070	false	3	A0A0U1RR19;A0ACI8Q313;A0ACI8QZ33;A0ACI8RWA9;A0ACI8VJM2;Q5TA56;Q9H9G7	Q9H9G7	Q9H9G7	accepted	unique_reviewed_human_target
Luck2020	Nature_supplement_2020-04-08	negative_evidence	Ensembl	ENSG00000126522	ENSG00000126522	false	6	A0A5F9ZHC6;A0A5F9ZHM8;A0A5F9ZI35;A0ACI8R311;A0ACI8R325;A0ACI8R366;A0ACI8R449;A0ACI8RCC4;A0ACI8RHB1;A0ACI8RI64;A0ACI8RLL4;A0ACI8RPB2;A0ACI8RXL3;A0ACI8S142;A0ACI8S4W6;A0ACI8S4X4;A0ACI8S8E3;A0ACI8S929;A0ACI8SCA6;A0ACI8SDU5;A0ACI8SFB8;A0ACI8SFK0;A0ACI8SFK2;A0ACI8SGS5;A0ACI8SH78;A0ACI8TK52;A0ACI8TKG7;A0ACI8UPK6;A0ACI8UTC3;A0ACI8UTI4;A0ACI8UU14;A0ACI8UU96;A0ACI8UUL6;F8W943;P04424	P04424	P04424	accepted	unique_reviewed_human_target
Luck2020	Nature_supplement_2020-04-08	negative_evidence	Ensembl	ENSG00000126803	ENSG00000126803	false	2	P54652	P54652	P54652	accepted	unique_reviewed_human_target
Luck2020	Nature_supplement_2020-04-08	negative_evidence	Ensembl	ENSG00000127022	ENSG00000127022	false	6	A0A7P0T840;A0A7P0T8G1;A0A7P0T8N1;A0A7P0T937;A0A7P0T9L0;A0A7P0T9S1;A0A7P0T9S4;A0A7P0TA04;A0A7P0TAE9;A0A7P0TAN9;A0A7P0TAR9;A0A7P0TB65;A0A7P0Z484;A0A7P0Z4D6;A0A7P0Z4H2;A0ACI8QY59;A0ACI8R8M8;A0ACI8REA5;A0ACI8SEB2;A0ACI8TYC2;A0ACI8TYD8;A0ACI8U014;A0ACI8U0A9;A0ACI8U0S7;A0ACI8U0U8;A0ACI8U122;A0ACI8UKT2;A0ACI8ULB1;A0ACI8ULP9;A0ACI8UMP6;A0ACI8UMQ6;D6RAQ8;D6RAU8;D6RD16;D6RFL1;D6RFW4;D6RGY2;P27824	P27824	P27824	accepted	unique_reviewed_human_target
Luck2020	Nature_supplement_2020-04-08	negative_evidence	Ensembl	ENSG00000127129	ENSG00000127129	false	2	A0ACI8PUZ3;A0ACI8Q0M1;A0ACI8QJL4;A0ACI8S561;P20800	P20800	P20800	accepted	unique_reviewed_human_target
Luck2020	Nature_supplement_2020-04-08	negative_evidence	Ensembl	ENSG00000127252	ENSG00000127252	false	3	A0ACI8VSR6;H7C3Y1;Q9HDD0	Q9HDD0	Q9HDD0	accepted	unique_reviewed_human_target
Luck2020	Nature_supplement_2020-04-08	negative_evidence	Ensembl	ENSG00000127418	ENSG00000127418	false	3	A0ACI8U2W0;D6RBN8;D6REM7;Q8N441	Q8N441	Q8N441	accepted	unique_reviewed_human_target
Luck2020	Nature_supplement_2020-04-08	negative_evidence	Ensembl	ENSG00000127452	ENSG00000127452	false	5	K7EIK3;K7EIR3;K7EK37;K7ELM5;K7EPN7;K7EPT3;K7EQJ7;K7EQY7;K7ESL6;Q9NXK8	Q9NXK8	Q9NXK8	accepted	unique_reviewed_human_target
Luck2020	Nature_supplement_2020-04-08	negative_evidence	Ensembl	ENSG00000128039	ENSG00000128039	false	3	A0A7I2V5I5;A0A7P0TBH6;A0ACI8QY50;A0ACI8RVR0;A0ACI8SXW9;H0Y9P9;Q9H8P0	Q9H8P0	Q9H8P0	accepted	unique_reviewed_human_target
Luck2020	Nature_supplement_2020-04-08	negative_evidence	Ensembl	ENSG00000128218	ENSG00000128218	false	1	A8MX21;Q9UKI3	Q9UKI3	Q9UKI3	accepted	unique_reviewed_human_target
Luck2020	Nature_supplement_2020-04-08	negative_evidence	Ensembl	ENSG00000128272	ENSG00000128272	false	3	A0A6Q8PFH6;A0A6Q8PG17;A0A6Q8PGY1;A0A6Q8PHB3;A0A7P0TBM4;A0A7P0Z4J5;P18848	P18848	P18848	accepted	unique_reviewed_human_target
Luck2020	Nature_supplement_2020-04-08	negative_evidence	Ensembl	ENSG00000128609	ENSG00000128609	false	2	A0A024R772;A0A087WXR5;A0A087X1G1;A0A7I2V2W4;A0A7I2V3L8;A0ACI8RSM2;A0ACI8SC88;A0ACI8UDC2;A0ACI8UDD7;A0ACI8UDQ6;C9IZN5;F8WAS3;H7BYD0;Q16718	Q16718	Q16718	accepted	unique_reviewed_human_target
Luck2020	Nature_supplement_2020-04-08	negative_evidence	Ensembl	ENSG00000129083	ENSG00000129083	false	9	A0ACI8QUL9;A0ACI8RLJ7;A0ACI8RSS5;A0ACI8SLQ6;A0ACI8VF31;A0ACI8VFA1;E9PKQ1;E9PP63;E9PP73;P53618	P53618	P53618	accepted	unique_reviewed_human_target
Luck2020	Nature_supplement_2020-04-08	negative_evidence	Ensembl	ENSG00000129315	ENSG00000129315	false	5	A0ACI8QPC9;A0ACI8QPD2;A0ACI8QRX2;A0ACI8RET1;A0ACI8SEY5;O60563	O60563	O60563	accepted	unique_reviewed_human_target
Luck2020	Nature_supplement_2020-04-08	negative_evidence	Ensembl	ENSG00000129493	ENSG00000129493	false	2	A0ACI8QXQ3;A0ACI8RE89;A0ACI8RNK5;A0ACI8RUH3;A0ACI8SAH8;A0ACI8T9R3;A0ACI8T9R8;A0ACI8T9R9;A0ACI8T9S5;A0ACI8T9S8;F5H619;F8VQQ6;H0YHE0;H0YHS5;H0YIW3;H7C5W6;Q86XA9	Q86XA9	Q86XA9	accepted	unique_reviewed_human_target
Luck2020	Nature_supplement_2020-04-08	negative_evidence	Ensembl	ENSG00000129675	ENSG00000129675	false	3	A0ACI8QBK6;A0ACI8R5T2;A0ACI8RNY7;A0ACI8RRL5;A0ACI8S9Q9;A0ACI8UZ72;Q15052	Q15052	Q15052	accepted	unique_reviewed_human_target
Luck2020	Nature_supplement_2020-04-08	negative_evidence	Ensembl	ENSG00000130158	ENSG00000130158	false	3	K7EKT0;K7EP20;K7EP51;K7ERK2;K7ESB7;Q96HP0	Q96HP0	Q96HP0	accepted	unique_reviewed_human_target
Luck2020	Nature_supplement_2020-04-08	negative_evidence	Ensembl	ENSG00000130176	ENSG00000130176	false	6	A0ACI8PR73;A0ACI8QUB1;A0ACI8R4F3;A0ACI8RIZ1;A0ACI8S5F2;A0ACI8VA94;F6WH23;K7ENC5;K7EQ72;K7ER02;K7ERK4;K7ERM8;K7ESJ2;P51911	P51911	P51911	accepted	unique_reviewed_human_target
Luck2020	Nature_supplement_2020-04-08	negative_evidence	Ensembl	ENSG00000130202	ENSG00000130202	false	6	A0ACI8Q388;A0ACI8Q390;A0ACI8Q830;A0ACI8QUB8;A0ACI8R3H6;A0ACI8S907;A0ACI8SWJ0;A0ACI8SWM8;A0ACI8UG70;K7EK87;K7EKE8;K7ERL3;Q92692	Q92692	Q92692	accepted	unique_reviewed_human_target
Luck2020	Nature_supplement_2020-04-08	negative_evidence	Ensembl	ENSG00000130254	ENSG00000130254	false	2	A0ABB0MVL3;A0ACI8SKG3;A0ACI8SKG7;K7EQU4;K7ERX3;Q14151	Q14151	Q14151	accepted	unique_reviewed_human_target
Luck2020	Nature_supplement_2020-04-08	negative_evidence	Ensembl	ENSG00000130299	ENSG00000130299	false	5	A0ACI8TRT7;A0ACI8TSH1;M0QXA1;M0QYW1;M0R0S9;M0R161;M0R1X0;Q969Y2	Q969Y2	Q969Y2	accepted	unique_reviewed_human_target
Luck2020	Nature_supplement_2020-04-08	negative_evidence	Ensembl	ENSG00000130528	ENSG00000130528	false	2	A0ACI8PUW1;A0ACI8R802;A0ACI8VJJ5;A0ACI8VJK1;M0QY84;M0QZ43;P23327	P23327	P23327	accepted	unique_reviewed_human_target
Luck2020	Nature_supplement_2020-04-08	negative_evidence	Ensembl	ENSG00000130595	ENSG00000130595	false	3	A0A286YFB1;A0A9L9PY19;A0ACI8U8W0;A0ACI8U8W9;A0ACI8U8X2;A0ACI8U8Z0;A0ACI8U8Z3;A0ACI8U900;A0ACI8U918;A0ACI8U920;A0ACI8U930;A0ACI8U937;A0ACI8U941;A0ACI8U942;A0ACI8U965;A0ACI8U9B2;A0ACI8UAA7;A0ACI8UB17;A0ACI8UBD9;A0ACI8UBH2;A0ACI8UBK0;A0ACI8UBU9;A0ACI8UCA9;A0ACI8UCC9;A0ACI8UCJ1;A0ACI8UCS8;C9JCA5;C9JZN9;F8WA37;H9KVA2;P45378	P45378	P45378	accepted	unique_reviewed_human_target
Luck2020	Nature_supplement_2020-04-08	negative_evidence	Ensembl	ENSG00000130656	ENSG00000130656	false	4	A0A494C057;P02008	P02008	P02008	accepted	unique_reviewed_human_target
Luck2020	Nature_supplement_2020-04-08	negative_evidence	Ensembl	ENSG00000130723	ENSG00000130723	false	6				quarantine	unmapped_in_pinned_uniprot_release
Luck2020	Nature_supplement_2020-04-08	negative_evidence	Ensembl	ENSG00000130812	ENSG00000130812	false	2	A0ACI8RM73;A0ACI8S9T1;K7EKF6;Q8NI99	Q8NI99	Q8NI99	accepted	unique_reviewed_human_target
Luck2020	Nature_supplement_2020-04-08	negative_evidence	Ensembl	ENSG00000131196	ENSG00000131196	false	2	F5H4S8;K7EQ04;K7ER53;O95644	O95644	O95644	accepted	unique_reviewed_human_target
Luck2020	Nature_supplement_2020-04-08	negative_evidence	Ensembl	ENSG00000131242	ENSG00000131242	false	2	A0ACI8V9V8;J3QKR9;J3QLM3;K7EL58;K7EMK3;Q86YS3	Q86YS3	Q86YS3	accepted	unique_reviewed_human_target
Luck2020	Nature_supplement_2020-04-08	negative_evidence	Ensembl	ENSG00000131368	ENSG00000131368	false	6	A0A8Q3SHT9;A0A8Q3SHU8;A0A8Q3WKE1;A0A8Q3WKE3;A0A8Q3WKH6;A0A8Q3WKJ5;A0A8Q3WLJ1;A0ACI8RWF8;A0ACI8SCI1;A0ACI8U4L0;E7EPW2;P82663	P82663	P82663	accepted	unique_reviewed_human_target
Luck2020	Nature_supplement_2020-04-08	negative_evidence	Ensembl	ENSG00000131507	ENSG00000131507	false	5	A0ACI8PAS5;A0ACI8PDX8;A0ACI8PE84;A0ACI8PQS1;A0ACI8R6Q4;A0ACI8RGK2;A0ACI8TE78;A0ACI8UCH3;A0ACI8UCY5;Q9BT67	Q9BT67	Q9BT67	accepted	unique_reviewed_human_target
Luck2020	Nature_supplement_2020-04-08	negative_evidence	Ensembl	ENSG00000131626	ENSG00000131626	false	3	A0A1B0GVT3;A0A2R8Y7R9;A0A3B3ITS2;A0ACI8PFS2;A0ACI8QKG3;A0ACI8R4J5;A0ACI8SRK1;A0ACI8SRV7;A0ACI8SRZ1;A0ACI8SS01;A0ACI8VCZ7;A0ACI8VDA4;E9PID5;E9PJZ7;E9PPF6;H0YD39;H0YD72;H0YDW2;H0YDZ8;H0YEF9;H0YEK0;H0YF15;Q13136	Q13136	Q13136	accepted	unique_reviewed_human_target
Luck2020	Nature_supplement_2020-04-08	negative_evidence	Ensembl	ENSG00000131808	ENSG00000131808	false	5	P01225	P01225	P01225	accepted	unique_reviewed_human_target
Luck2020	Nature_supplement_2020-04-08	negative_evidence	Ensembl	ENSG00000132010	ENSG00000132010	false	1	C9JIP4;F8WDZ5;M0QYR3;P17024	P17024	P17024	accepted	unique_reviewed_human_target
Luck2020	Nature_supplement_2020-04-08	negative_evidence	Ensembl	ENSG00000132031	ENSG00000132031	false	1	A0ACI8PDR5;O15232	O15232	O15232	accepted	unique_reviewed_human_target
Luck2020	Nature_supplement_2020-04-08	negative_evidence	Ensembl	ENSG00000132274	ENSG00000132274	false	2	A0A8V8TN39;A0A8V8TP25;A0ACI8TNJ4;A0ACI8TNJ9;C9J060;C9JIU5;C9JWC5;H7BZD3;H7C262;H7C2K0;H7C376;Q8IYM9	Q8IYM9	Q8IYM9	accepted	unique_reviewed_human_target
Luck2020	Nature_supplement_2020-04-08	negative_evidence	Ensembl	ENSG00000132383	ENSG00000132383	false	3	A0ACI8P6U7;A0ACI8P7N5;A0ACI8PAH0;A0ACI8PAQ9;A0ACI8PE22;A0ACI8PLJ9;A0ACI8PRU4;A0ACI8R0B6;A0ACI8RB15;A0ACI8RIT3;A0ACI8TPJ1;A0ACI8TR63;A0ACI8TR92;A0ACI8TRN3;A0ACI8TRU4;A0ACI8VC81;I3L2M5;I3L4R8;I3L524;P27694	P27694	P27694	accepted	unique_reviewed_human_target
Luck2020	Nature_supplement_2020-04-08	negative_evidence	Ensembl	ENSG00000132485	ENSG00000132485	false	5	A0ACI8PGD8;A0ACI8Q2G9;A0ACI8QLG3;A0ACI8TI98;A0ACI8TIC6;A0ACI8TJ28;O95218	O95218	O95218	accepted	unique_reviewed_human_target
Luck2020	Nature_supplement_2020-04-08	negative_evidence	Ensembl	ENSG00000132563	ENSG00000132563	false	3	A0ACI8RCX6;A0ACI8RQH0;A0ACI8S2K3;A0ACI8SV45;A0ACI8SV77;A0ACI8SV88;D6RB42;F6R0J4;H0YAC5;Q9BRK0	Q9BRK0	Q9BRK0	accepted	unique_reviewed_human_target
Luck2020	Nature_supplement_2020-04-08	negative_evidence	Ensembl	ENSG00000132631	ENSG00000132631	false	2	Q9UJQ7	Q9UJQ7	Q9UJQ7	accepted	unique_reviewed_human_target
Luck2020	Nature_supplement_2020-04-08	negative_evidence	Ensembl	ENSG00000132932	ENSG00000132932	false	1	A0A804HI09;A0A804HJ19;A0A804HKN1;A0A804HKW9;A0A804HLG3;F8W9B3;Q9NTI2	Q9NTI2	Q9NTI2	accepted	unique_reviewed_human_target
Luck2020	Nature_supplement_2020-04-08	negative_evidence	Ensembl	ENSG00000133026	ENSG00000133026	false	3	A0A8I5KSC2;A0A8I5KTT7;A0A8I5KZ38;A0ACI8SSG1;A0ACI8SSR4;A0ACI8SSS0;A0ACI8SSS8;A0ACI8SST0;A0ACI8SST4;A0ACI8UY88;P35580	P35580	P35580	accepted	unique_reviewed_human_target
Luck2020	Nature_supplement_2020-04-08	negative_evidence	Ensembl	ENSG00000133059	ENSG00000133059	false	5	A0ACI8QGB4;A0ACI8QYU1;A0ACI8R8M3;A0ACI8RF62;A0ACI8RPC6;A0ACI8RV31;A0ACI8V2D0;A0ACI8V2E5;Q6XUX3	Q6XUX3	Q6XUX3	accepted	unique_reviewed_human_target
Luck2020	Nature_supplement_2020-04-08	negative_evidence	Ensembl	ENSG00000133065	ENSG00000133065	false	1	A0ACI8SIN6;A0ACI8SIQ9;A0ACI8SIS0;A0ACI8SIS6;A0ACI8ULK6;A0ACI8ULL2;A0ACI8ULU4;Q8IVJ1	Q8IVJ1	Q8IVJ1	accepted	unique_reviewed_human_target
Luck2020	Nature_supplement_2020-04-08	negative_evidence	Ensembl	ENSG00000133067	ENSG00000133067	false	3	A0ACI8QZ93;A0ACI8QZA1;A0ACI8QZA4;A0ACI8QZD5;A0ACI8QZZ6;A0ACI8R052;A0ACI8R9T9;A0ACI8REI0;A0ACI8RFG7;A0ACI8RJ34;A0ACI8RLX7;A0ACI8RRM2;A0ACI8RVL3;A0ACI8RZA4;A0ACI8S0W4;A0ACI8S3G5;A0ACI8S787;A0ACI8S7V4;A0ACI8SCY2;A0ACI8SEZ3;A0ACI8SGG4;A0ACI8SGX7;A0ACI8UZI0;A0ACI8V0V7;A0ACI8V118;A0ACI8V175;D6R9F0;Q5T508;Q9HBX8	Q9HBX8	Q9HBX8	accepted	unique_reviewed_human_target
Luck2020	Nature_supplement_2020-04-08	negative_evidence	Ensembl	ENSG00000133317	ENSG00000133317	false	3	A0A6Q8JG94;A0ACI8V4H3;A0ACI8V623;Q96DT0	Q96DT0	Q96DT0	accepted	unique_reviewed_human_target
Luck2020	Nature_supplement_2020-04-08	negative_evidence	Ensembl	ENSG00000133433	ENSG00000133433	false	3	A0ACI8S8P4;A0ACI8TPQ7;A0ACI8VA20;F6QZV2;P0CG30	P0CG30	P0CG30	accepted	unique_reviewed_human_target
Luck2020	Nature_supplement_2020-04-08	negative_evidence	Ensembl	ENSG00000133710	ENSG00000133710	false	1	E5RFU9;E5RG22;E7EWP9;Q9NQ38	Q9NQ38	Q9NQ38	accepted	unique_reviewed_human_target
Luck2020	Nature_supplement_2020-04-08	negative_evidence	Ensembl	ENSG00000133789	ENSG00000133789	false	2	A0ACI8PL69;A0ACI8PSC3;A0ACI8Q995;A0ACI8RZ40;A0ACI8VHD3;A0ACI8VHX9;E7EMB1;E9PJK8;E9PJM7;H0YDK5;Q9UH65	Q9UH65	Q9UH65	accepted	unique_reviewed_human_target
Luck2020	Nature_supplement_2020-04-08	negative_evidence	Ensembl	ENSG00000134121	ENSG00000134121	false	5	A0A087X0M8;C9J905;C9JEY3;C9JH37;C9JW79;F8WEP4;H7C0J0;O00533	O00533	O00533	accepted	unique_reviewed_human_target
Luck2020	Nature_supplement_2020-04-08	negative_evidence	Ensembl	ENSG00000134769	ENSG00000134769	false	3	A0A7P0T818;A0A7P0T8G2;A0A7P0T8J4;A0A7P0T8Y5;A0A7P0T9L1;A0A7P0TAN3;A0A7P0TAU5;A0A7P0TBG1;A0A7P0TBH9;A0A7P0Z4D7;A0A804HHT6;A0A804HHU2;A0A804HII3;A0A804HII4;A0A804HJU0;A0A804HKS8;A0A804HKZ4;A0A804HLB1;A0ACI8P943;A0ACI8VQR2;K7EIV1;K7EJ84;K7EMN1;K7ENJ7;K7ERZ2;K7ESB2;M0QZ28;M0R021;Q9Y4J8	Q9Y4J8	Q9Y4J8	accepted	unique_reviewed_human_target
Luck2020	Nature_supplement_2020-04-08	negative_evidence	Ensembl	ENSG00000134853	ENSG00000134853	false	5	A0ACI8V0A7;A0ACI8V0B0;D6RDX0;D6RG11;D6RIG5;D6RJH0;P16234	P16234	P16234	accepted	unique_reviewed_human_target
Luck2020	Nature_supplement_2020-04-08	negative_evidence	Ensembl	ENSG00000135046	ENSG00000135046	false	3	A0ACI8PKY7;A0ACI8QU45;A0ACI8UTE3;A0ACI8UTF2;A0ACI8UTG8;P04083;Q5T3N0;Q5T3N1	P04083	P04083	accepted	unique_reviewed_human_target
Luck2020	Nature_supplement_2020-04-08	negative_evidence	Ensembl	ENSG00000135048	ENSG00000135048	false	1	A0ACI8Q3W8;A0ACI8VSG2;F5GZC1;F5H6B2;F6SQ45;H3BLX9;H3BLY0;Q9UHN6	Q9UHN6	Q9UHN6	accepted	unique_reviewed_human_target
Luck2020	Nature_supplement_2020-04-08	negative_evidence	Ensembl	ENSG00000135083	ENSG00000135083	false	3	A0A2R8Y754;A0A2R8Y7P8;A0A2R8YFU1;A0ACI8QQD3;A0ACI8RFQ9;A0ACI8SVB4;A0ACM8QGC6;E5RFJ6;E7EN43;Q8IV13	Q8IV13	Q8IV13	accepted	unique_reviewed_human_target
Luck2020	Nature_supplement_2020-04-08	negative_evidence	Ensembl	ENSG00000135097	ENSG00000135097	false	5	A0ACI8PLN4;A0ACI8T823;A0ACI8T881;A0ACI8T898;A0ACI8T8E0;H0YHB7;O43347	O43347	O43347	accepted	unique_reviewed_human_target
Luck2020	Nature_supplement_2020-04-08	negative_evidence	Ensembl	ENSG00000135218	ENSG00000135218	false	2	A0ACI8PA22;A0ACI8PD46;A0ACI8PDH1;A0ACI8PPY2;A0ACI8R595;A0ACI8RFF8;A0ACI8UX81;A0ACI8UXE5;A0ACI8UXS0;A0ACI8V074;E7ERZ9;E7EU05;E7EVU1;E7EWI4;E7EX47;E9PC45;E9PJX8;E9PLT1;H0YEE7;P16671	P16671	P16671	accepted	unique_reviewed_human_target
Luck2020	Nature_supplement_2020-04-08	negative_evidence	Ensembl	ENSG00000135447	ENSG00000135447	false	6	A0ACI8P8L1;A0ACI8QPQ9;A0ACI8R977;A0ACI8VGV9;F8VR76;H0YIU4;Q13522;R4GMQ8	Q13522	Q13522	accepted	unique_reviewed_human_target
Luck2020	Nature_supplement_2020-04-08	negative_evidence	Ensembl	ENSG00000135486	ENSG00000135486	false	2	A0A7I2V2F1;A0A7I2V2L6;A0A7I2V2M7;A0A7I2V2Q7;A0A7I2V2R4;A0A7I2V2W8;A0A7I2V2X1;A0A7I2V2Z4;A0A7I2V334;A0A7I2V360;A0A7I2V3C7;A0A7I2V3F4;A0A7I2V3J5;A0A7I2V3K5;A0A7I2V3R8;A0A7I2V3S1;A0A7I2V3U8;A0A7I2V3U9;A0A7I2V3W0;A0A7I2V3W4;A0A7I2V434;A0A7I2V453;A0A7I2V459;A0A7I2V497;A0A7I2V4E2;A0A7I2V4F8;A0A7I2V4M0;A0A7I2V4P7;A0A7I2V4R7;A0A7I2V520;A0A7I2V595;A0A7I2V5H0;A0A7I2V5L7;A0A7I2V5N7;A0A7I2V5P1;A0A7I2V5T1;A0A7I2V5U9;A0A7I2V5W8;A0A7I2V661;A0A7I2V666;A0A7I2YQ85;A0A7I2YQJ2;A0A7I2YQR6;A0A7I2YQU4;A0A7I2YQV3;A0A7I2YQV6;A0A7I2YQW0;A0A7I2YQX9;A0A7I2YQY2;A0ACI8PX57;A0ACI8TYK4;A0ACI8TZ12;F8VTQ5;F8VYN5;F8VZ49;F8W646;F8W6I7;H0YH80;P09651	P09651	P09651	accepted	unique_reviewed_human_target
Luck2020	Nature_supplement_2020-04-08	negative_evidence	Ensembl	ENSG00000135517	ENSG00000135517	false	2	P30301	P30301	P30301	accepted	unique_reviewed_human_target
Luck2020	Nature_supplement_2020-04-08	negative_evidence	Ensembl	ENSG00000135617	ENSG00000135617	false	1	A0ACI8UMB1;Q9BSG0	Q9BSG0	Q9BSG0	accepted	unique_reviewed_human_target
Luck2020	Nature_supplement_2020-04-08	negative_evidence	Ensembl	ENSG00000135624	ENSG00000135624	false	2	A0ACI8Q297;A0ACI8QIG6;A0ACI8QT75;A0ACI8R2D6;A0ACI8RK96;A0ACI8SQL6;A0ACI8SQM5;A0ACI8SQM9;A0ACI8SQN0;A0ACI8SQN5;A0ACI8SQN6;A0ACI8SQP1;A0ACI8SQP3;A0ACI8SQR4;A0ACI8SQV8;A0ACI8SQW9;A0ACI8SQZ0;A0ACI8SQZ2;A0ACI8SR02;A0ACI8V6X8;A0ACI8V6Y8;A0ACI8V700;A0ACI8V706;F8WAM2;F8WBP8;Q99832	Q99832	Q99832	accepted	unique_reviewed_human_target
Luck2020	Nature_supplement_2020-04-08	negative_evidence	Ensembl	ENSG00000135678	ENSG00000135678	false	3	A0ACI8QI66;A0ACI8QLG2;A0ACI8SDP3;A0ACI8V4Z2;A0ACI8V512;F8VR29;F8VU13;F8VVI6;F8W111;H0YHG6;H0YHN7;P14384	P14384	P14384	accepted	unique_reviewed_human_target
Luck2020	Nature_supplement_2020-04-08	negative_evidence	Ensembl	ENSG00000135821	ENSG00000135821	false	3	A0A2R8YDT1;A0ABJ7BD24;P15104	P15104	P15104	accepted	unique_reviewed_human_target
Luck2020	Nature_supplement_2020-04-08	negative_evidence	Ensembl	ENSG00000135845	ENSG00000135845	false	3	Q92535	Q92535	Q92535	accepted	unique_reviewed_human_target
Luck2020	Nature_supplement_2020-04-08	negative_evidence	Ensembl	ENSG00000135902	ENSG00000135902	false	2	A0ACI8UXM7;C9JJV8;F6XHC5;F8WB46;F8WBS0;Q07001	Q07001	Q07001	accepted	unique_reviewed_human_target
Luck2020	Nature_supplement_2020-04-08	negative_evidence	Ensembl	ENSG00000135917	ENSG00000135917	false	2	A0A2R8Y655;A0A2R8Y694;A0A2R8YFC5;A0A2R8YHG5;A0ACI8PJ08;A0ACI8V3Z7;B8ZZ39;B8ZZW1;C9IZI1;C9J4J5;E7EM61;Q9BZV2	Q9BZV2	Q9BZV2	accepted	unique_reviewed_human_target
Luck2020	Nature_supplement_2020-04-08	negative_evidence	Ensembl	ENSG00000135924	ENSG00000135924	false	2	C9J1G2;C9JRD2;C9JX00;C9JXB9;E7ETU0;P25686	P25686	P25686	accepted	unique_reviewed_human_target
Luck2020	Nature_supplement_2020-04-08	negative_evidence	Ensembl	ENSG00000136040	ENSG00000136040	false	2	F5H3A2;F8VUW4;F8W095;F8W0N4;F8W1K6;O60486	O60486	O60486	accepted	unique_reviewed_human_target
Luck2020	Nature_supplement_2020-04-08	negative_evidence	Ensembl	ENSG00000136449	ENSG00000136449	false	3	A0ACI8PXQ9;A0ACI8S8Q7;A0ACI8SJA6;C9JXR6;C9JZX1;H0Y7R1;H7C0Z8;K7EJ23;K7EJV4;K7EKR6;Q8TBZ2	Q8TBZ2	Q8TBZ2	accepted	unique_reviewed_human_target
Luck2020	Nature_supplement_2020-04-08	negative_evidence	Ensembl	ENSG00000136682	ENSG00000136682	false	3	A0ACI8Q2N3;A0ACI8Q2X4;A0ACI8Q4N4;A0ACI8Q7N5;A0ACI8QKQ2;A0ACI8QSS1;A0ACI8QTW7;A0ACI8RYR8;A0ACI8S4Z0;A0ACI8S8U3;A0ACI8T1G8;A0ACI8T1G9;A0ACI8T1H3;A0ACI8T1H9;A0ACI8T1I2;A0ACI8T1J0;A0ACI8T1K4;A0ACI8UJ34;A0ACI8UJZ3;A0ACI8UK37;C9J3G2;F8WEU0;F8WFD0;Q8IUF1	Q8IUF1	Q8IUF1	accepted	unique_reviewed_human_target
Luck2020	Nature_supplement_2020-04-08	negative_evidence	Ensembl	ENSG00000136859	ENSG00000136859	false	3	Q9UKU9	Q9UKU9	Q9UKU9	accepted	unique_reviewed_human_target
Luck2020	Nature_supplement_2020-04-08	negative_evidence	Ensembl	ENSG00000137055	ENSG00000137055	false	5	A0ACI8QND5;A0ACI8RDZ7;A0ACI8RK39;A0ACI8SEQ7;A0ACI8TJC2;A0ACI8TJH4;A0ACI8VJR7;A0ACI8VK48;A0ACI8VNH4;A0ACI8VNU4;A0ACI8VP03;A0ACI8VP45;A0ACI8VQK6;E5RIM3;H0YAU9;H0YBW4;H0YC16;Q9Y263	Q9Y263	Q9Y263	accepted	unique_reviewed_human_target
Luck2020	Nature_supplement_2020-04-08	negative_evidence	Ensembl	ENSG00000137198	ENSG00000137198	false	3	A0ACI8PHC8;A0ACI8PKF0;A0ACI8PYA1;A0ACI8Q5V6;A0ACI8RPZ0;A0ACI8VIT3;A0ACI8VJ17;A0ACI8VJF0;A0ACI8VJF4;P36959	P36959	P36959	accepted	unique_reviewed_human_target
Luck2020	Nature_supplement_2020-04-08	negative_evidence	Ensembl	ENSG00000137507	ENSG00000137507	false	3	A0ACI8Q657;C9JYU3;Q14392	Q14392	Q14392	accepted	unique_reviewed_human_target
Luck2020	Nature_supplement_2020-04-08	negative_evidence	Ensembl	ENSG00000137642	ENSG00000137642	false	2	A0ACI8RW67;A0ACI8S861;E9PKB0;E9PP43;E9PPB3;E9PS32;Q92673	Q92673	Q92673	accepted	unique_reviewed_human_target
Luck2020	Nature_supplement_2020-04-08	negative_evidence	Ensembl	ENSG00000137815	ENSG00000137815	false	3	A0ACI8T9A2;A0ACI8T9A3;H0YKX1;Q92541	Q92541	Q92541	accepted	unique_reviewed_human_target
Luck2020	Nature_supplement_2020-04-08	negative_evidence	Ensembl	ENSG00000137869	ENSG00000137869	false	4	A0ACI8UPP7;E7EPL6;E7EQ08;E9PGZ6;H0YK57;H0YKN1;H0YLP1;H0YLS2;H0YNJ7;P11511	P11511	P11511	accepted	unique_reviewed_human_target
Luck2020	Nature_supplement_2020-04-08	negative_evidence	Ensembl	ENSG00000138386	ENSG00000138386	false	5	A0ACI8RU83;A0ACI8SCB7;B8ZZS2;C9J3V0;C9JFF6;C9JID4;C9JJ42;C9JL92;H0Y4C5;Q13506	Q13506	Q13506	accepted	unique_reviewed_human_target
Luck2020	Nature_supplement_2020-04-08	negative_evidence	Ensembl	ENSG00000138587	ENSG00000138587	false	3	A0ACI8PVF8;A0ACI8V2B3;Q8NEH6	Q8NEH6	Q8NEH6	accepted	unique_reviewed_human_target
Luck2020	Nature_supplement_2020-04-08	negative_evidence	Ensembl	ENSG00000138615	ENSG00000138615	false	3	A0ACI8RK41;A0ACI8S8L3;A0ACI8U4J9;O75339	O75339	O75339	accepted	unique_reviewed_human_target
Luck2020	Nature_supplement_2020-04-08	negative_evidence	Ensembl	ENSG00000138641	ENSG00000138641	false	4	A0ACI8RQB3;A0ACI8UPC1;A0ACI8UPM5;A0ACI8UQT1;A0ACI8UQU9;C9J6Z1;C9J8E7;C9JFL2;C9JKA7;H0Y8G9;Q15034	Q15034	Q15034	accepted	unique_reviewed_human_target
Luck2020	Nature_supplement_2020-04-08	negative_evidence	Ensembl	ENSG00000138750	ENSG00000138750	false	1	A0A8Q3SHX2;A0A8Q3SI16;A0A8Q3WKJ4;A0A8Q3WKK2;A0A8Q3WKL3;A0A8Q3WKP8;A0A8Q3WL42;A0A8Q3WLP2;A0A8Q3WLY5;A0A8Z5F6C8;A0ACI8PM93;A0ACI8Q1K1;A0ACI8QXA7;A0ACI8QY85;A0ACI8RV26;A0ACI8TBZ9;A0ACI8TC10;D6RB65;D6RBF7;D6RFI8;Q7Z3B4	Q7Z3B4	Q7Z3B4	accepted	unique_reviewed_human_target
Luck2020	Nature_supplement_2020-04-08	negative_evidence	Ensembl	ENSG00000138767	ENSG00000138767	false	4	A0ACI8RPS0;D6RIW9;H0Y9C1;H0Y9Z5;Q96LI5	Q96LI5	Q96LI5	accepted	unique_reviewed_human_target
Luck2020	Nature_supplement_2020-04-08	negative_evidence	Ensembl	ENSG00000138795	ENSG00000138795	false	1	A0ACI8RC34;A0ACI8RSX0;A0ACI8UGJ2;A0ACI8UGJ6;D6RAB1;D6RID7;D6RIV1;Q9UJU2	Q9UJU2	Q9UJU2	accepted	unique_reviewed_human_target
Luck2020	Nature_supplement_2020-04-08	negative_evidence	Ensembl	ENSG00000138801	ENSG00000138801	false	3	A0ACI8S2I4;A0ACI8TL68;A0ACI8TL72;A0ACI8TL86;A0ACI8TL92;A0ACI8TLE9;A0ACI8VKK6;A0ACI8VKM4;A0ACI8VKP9;O43252	O43252	O43252	accepted	unique_reviewed_human_target
Luck2020	Nature_supplement_2020-04-08	negative_evidence	Ensembl	ENSG00000139211	ENSG00000139211	false	3	Q86SJ2	Q86SJ2	Q86SJ2	accepted	unique_reviewed_human_target
Luck2020	Nature_supplement_2020-04-08	negative_evidence	Ensembl	ENSG00000139291	ENSG00000139291	false	3	A0ACI8R2X8;A0ACI8RRS2;A0ACI8TYL6;F8VRE8;F8VS20;H0YHY1;H0YIS8;Q96HH6	Q96HH6	Q96HH6	accepted	unique_reviewed_human_target
Luck2020	Nature_supplement_2020-04-08	negative_evidence	Ensembl	ENSG00000139445	ENSG00000139445	false	2	A0A0C4DG65;Q96NZ1;S4R3U5	Q96NZ1	Q96NZ1	accepted	unique_reviewed_human_target
Luck2020	Nature_supplement_2020-04-08	negative_evidence	Ensembl	ENSG00000139572	ENSG00000139572	false	3	Q9NQS5	Q9NQS5	Q9NQS5	accepted	unique_reviewed_human_target
Luck2020	Nature_supplement_2020-04-08	negative_evidence	Ensembl	ENSG00000139697	ENSG00000139697	false	2	A0ACI8TRI5;A0ACI8TRK9;A0ACI8TRZ0;A0ACI8TSC4;A3KN83	A3KN83	A3KN83	accepted	unique_reviewed_human_target
Luck2020	Nature_supplement_2020-04-08	negative_evidence	Ensembl	ENSG00000139890	ENSG00000139890	false	5	A0ACI8SI11;Q8IYK8	Q8IYK8	Q8IYK8	accepted	unique_reviewed_human_target
Luck2020	Nature_supplement_2020-04-08	negative_evidence	Ensembl	ENSG00000139988	ENSG00000139988	false	2	Q96NR8	Q96NR8	Q96NR8	accepted	unique_reviewed_human_target
Luck2020	Nature_supplement_2020-04-08	negative_evidence	Ensembl	ENSG00000140374	ENSG00000140374	false	3	A0A8I5KSA0;A0A8I5KT03;A0A8I5KU27;A0A8I5KUF3;A0A8I5KUR2;A0A8I5KVC9;A0A8I5KVL5;A0A8I5KWN3;A0A8I5KYH4;A0A8I5KYP7;A0ACI8QU22;A0ACI8RSI4;A0ACI8S646;A0ACI8SGI2;A0ACI8TBN0;H0YK49;H0YKF0;H0YL83;H0YLU7;H0YM12;H0YMU8;H3BV91;J3KN60;P13804	P13804	P13804	accepted	unique_reviewed_human_target
Luck2020	Nature_supplement_2020-04-08	negative_evidence	Ensembl	ENSG00000140505	ENSG00000140505	false	1	A0ACI8PPN5;A0ACI8PRW8;A0ACI8PS59;A0ACI8RNS6;A0ACI8RWM5;P05177	P05177	P05177	accepted	unique_reviewed_human_target
Luck2020	Nature_supplement_2020-04-08	negative_evidence	Ensembl	ENSG00000140525	ENSG00000140525	false	2	A0A6Q8PGF4;A0A6Q8PH09;A0A8Q3SIW9;A0A8Q3SIZ6;A0ACI8Q6V0;A0ACI8RJZ8;A0ACI8U3I8;A0ACI8U3J2;A0ACI8U3J5;A0ACI8U3L1;A0ACI8U3Q2;A0ACI8U4C4;A0ACI8U4F0;A0ACI8U5Z7;A0ACI8U6H5;A0ACI8U6M7;A0ACI8U6Q8;A0ACI8U6S6;F8W7R3;H3BMG4;H3BN35;H3BP78;H3BQE2;H3BS60;H3BT54;Q9NVI1	Q9NVI1	Q9NVI1	accepted	unique_reviewed_human_target
Luck2020	Nature_supplement_2020-04-08	negative_evidence	Ensembl	ENSG00000141012	ENSG00000141012	false	4	A0ACI8QBK4;A0ACI8QW92;A0ACI8TF04;A0ACI8UMT9;H3BMP8;H3BNU2;H3BP66;H3BSU9;H3BV24;P34059	P34059	P34059	accepted	unique_reviewed_human_target
Luck2020	Nature_supplement_2020-04-08	negative_evidence	Ensembl	ENSG00000141179	ENSG00000141179	false	3	I3L2M9;I3L3H0;I3L4Z8;J3QT99;Q9UKL6	Q9UKL6	Q9UKL6	accepted	unique_reviewed_human_target
Luck2020	Nature_supplement_2020-04-08	negative_evidence	Ensembl	ENSG00000141279	ENSG00000141279	false	2	A0A7I2V389;A0A7I2V3D7;A0A7I2V3W8;A0A7I2V5D4;A0A7I2V5M8;A0A7I2V604;A0A7I2YQS3;A0A8V8TQ95;A0ACI8T4W9;A0ACI8VSG5;E9PI82;E9PJF9;E9PJY4;E9PLK3;E9PP11;E9PPD4;E9PPZ2;H0YCQ5;H0YDG0;P55786	P55786	P55786	accepted	unique_reviewed_human_target
Luck2020	Nature_supplement_2020-04-08	negative_evidence	Ensembl	ENSG00000141499	ENSG00000141499	false	4	A0A8V8TM44;A0A8V8TM47;A0A8V8TM74;A0A8V8TMM9;A0A8V8TNM2;A0A8V8TNY4;A0ACI8PLL5;A0ACI8S272;A0ACI8TN20;A0ACI8TN24;E9PMG4;E9PMR3;K7EJ50;Q9BUR4	Q9BUR4	Q9BUR4	accepted	unique_reviewed_human_target
Luck2020	Nature_supplement_2020-04-08	negative_evidence	Ensembl	ENSG00000141506	ENSG00000141506	false	3	A0ACI8TUQ5;J3KRE9;J3KSW1;J3KT66;Q8WYR1;X6R3K3	Q8WYR1	Q8WYR1	accepted	unique_reviewed_human_target
Luck2020	Nature_supplement_2020-04-08	negative_evidence	Ensembl	ENSG00000142544	ENSG00000142544	false	3	Q7Z7A3	Q7Z7A3	Q7Z7A3	accepted	unique_reviewed_human_target
Luck2020	Nature_supplement_2020-04-08	negative_evidence	Ensembl	ENSG00000142546	ENSG00000142546	false	5	A0A075B6F9;A0A075B797;A0ACI8PXF6;M0QX85;M0R1K2;M0R1T7;M0R3B2;Q9Y314	Q9Y314	Q9Y314	accepted	unique_reviewed_human_target
Luck2020	Nature_supplement_2020-04-08	negative_evidence	Ensembl	ENSG00000142694	ENSG00000142694	false	1	Q9NVM1	Q9NVM1	Q9NVM1	accepted	unique_reviewed_human_target
Luck2020	Nature_supplement_2020-04-08	negative_evidence	Ensembl	ENSG00000142765	ENSG00000142765	false	2	A0A087X1N4;A0ACI8QQI6;A0ACI8RIR0;A0ACI8VR67;A0ACI8VR68;A0ACI8VRA1;Q5SSC6;Q8IYJ3	Q8IYJ3	Q8IYJ3	accepted	unique_reviewed_human_target
Luck2020	Nature_supplement_2020-04-08	negative_evidence	Ensembl	ENSG00000142892	ENSG00000142892	false	1	A0ACI8PCP3;A0ACI8PPK4;A0ACI8QH87;A0ACI8QHX0;A0ACI8R099;A0ACI8RJE3;A0ACI8RTR7;A0ACI8SLG9;A0ACI8SLH4;A0ACI8SLK6;A0ACI8UPC2;A6NEM5;B1AK81;Q92643;S4R3M5	Q92643	Q92643	accepted	unique_reviewed_human_target
Luck2020	Nature_supplement_2020-04-08	negative_evidence	Ensembl	ENSG00000142973	ENSG00000142973	false	2	A0ACI8Q8Y6;A0ACI8Q8Y8;A0ACI8QAT7;A0ACI8QDD6;A0ACI8S2K1;A0ACI8U3S5;A0ACI8U3T1;A0ACI8U3T7;A0ACI8U3V6;A0ACI8U3Y8;A0ACI8U4K1;E9PL36;E9PML0;F5H1Q8;F5H5Q6;F6TRI2;P13584	P13584	P13584	accepted	unique_reviewed_human_target
Luck2020	Nature_supplement_2020-04-08	negative_evidence	Ensembl	ENSG00000143217	ENSG00000143217	false	3	A0ACI8RZS7;Q96NY8	Q96NY8	Q96NY8	accepted	unique_reviewed_human_target
Luck2020	Nature_supplement_2020-04-08	negative_evidence	Ensembl	ENSG00000143256	ENSG00000143256	false	6	A0ACI8PR62;A0ACI8SWQ8;A0ACI8SWV1;A0ACI8SWY0;Q9UHV9	Q9UHV9	Q9UHV9	accepted	unique_reviewed_human_target
Luck2020	Nature_supplement_2020-04-08	negative_evidence	Ensembl	ENSG00000143443	ENSG00000143443	false	2	Q9BUN1	Q9BUN1	Q9BUN1	accepted	unique_reviewed_human_target
Luck2020	Nature_supplement_2020-04-08	negative_evidence	Ensembl	ENSG00000143473	ENSG00000143473	false	3	A0A1W2PNI2;A0A1W2PP36;A0A1W2PP68;A0A1W2PPA2;A0A1W2PRD8;A0A1W2PRG6;A0A1W2PRV9;A0A1W2PRZ5;A0A1W2PS62;A0A1X7SBS6;A0ACI8RK27;O95259	O95259	O95259	accepted	unique_reviewed_human_target
Luck2020	Nature_supplement_2020-04-08	negative_evidence	Ensembl	ENSG00000143494	ENSG00000143494	false	3	A0ACI8SV81;A0ACI8SV96;A0ACI8SVA9;A0ACI8SVC8;A0ACI8SVF9;A0ACI8SVN8;C9JY36;Q86V25	Q86V25	Q86V25	accepted	unique_reviewed_human_target
Luck2020	Nature_supplement_2020-04-08	negative_evidence	Ensembl	ENSG00000143553	ENSG00000143553	false	2	A0ACI8SKA0;A0ACI8VNA6;O95295	O95295	O95295	accepted	unique_reviewed_human_target
Luck2020	Nature_supplement_2020-04-08	negative_evidence	Ensembl	ENSG00000143624	ENSG00000143624	false	6	A0A096LNW8;A0A096LPB9;A0ACI8RHE7;A0ACI8RKW6;A0ACI8SF57;A0ACI8TAQ0;A0ACI8UZ39;A0ACI8UZ41;A0ACI8UZ51;H0Y8Z1;Q68E01	Q68E01	Q68E01	accepted	unique_reviewed_human_target
Luck2020	Nature_supplement_2020-04-08	negative_evidence	Ensembl	ENSG00000143801	ENSG00000143801	false	6	A0A7I2V2W1;A0A7I2V355;A0A7I2V3R9;A0A7I2V3Y8;A0A7I2V4D0;A0A7I2V4T4;A0A7I2V4Y6;A0A7I2V551;A0A7I2V5L1;A0A7I2V5Q3;A0A7I2V5S6;A0A7I2V5Y0;A0A7I2YQG9;A0ACI8QSL1;A0ACI8RE62;A0ACI8U6T4;A0ACI8VHI0;B1AP22;E5RFW4;E5RG63;E5RHT1;E5RJM5;P49810	P49810	P49810	accepted	unique_reviewed_human_target
Luck2020	Nature_supplement_2020-04-08	negative_evidence	Ensembl	ENSG00000143839	ENSG00000143839	false	1	A0A1B0GUZ2;A0ACI8PFT6;P00797	P00797	P00797	accepted	unique_reviewed_human_target
Luck2020	Nature_supplement_2020-04-08	negative_evidence	Ensembl	ENSG00000143889	ENSG00000143889	false	3	B7WPG3;C9IYN3;C9JJZ7;H7BXH8;H7C464;Q8WVV9;V9GYK2	Q8WVV9	Q8WVV9	accepted	unique_reviewed_human_target
Luck2020	Nature_supplement_2020-04-08	negative_evidence	Ensembl	ENSG00000143924	ENSG00000143924	false	2	A0ACI8PG00;A0ACI8QN47;A0ACI8T2J9;A0ACI8T2K4;A0ACI8T2K5;A0ACI8T2T0;A0ACI8T2Y9;A0ACI8T303;A0ACI8T347;A0ACI8T363;A0ACI8T372;A0ACI8VCQ6;A0ACI8VEJ3;B5MBZ0;Q9HC35	Q9HC35	Q9HC35	accepted	unique_reviewed_human_target
Luck2020	Nature_supplement_2020-04-08	negative_evidence	Ensembl	ENSG00000144021	ENSG00000144021	false	3	A0ACI8QKE0;A0ACI8R4A7;A0ACI8RLS3;A0ACI8UHF7;A0ACI8UHH6;O76071	O76071	O76071	accepted	unique_reviewed_human_target
Luck2020	Nature_supplement_2020-04-08	negative_evidence	Ensembl	ENSG00000144152	ENSG00000144152	false	3	A0ACI8PI68;A0ACI8QEW2;A0ACI8QZW2;B8ZZC1;H0Y2N7;H7BZ65;Q53RD9	Q53RD9	Q53RD9	accepted	unique_reviewed_human_target
Luck2020	Nature_supplement_2020-04-08	negative_evidence	Ensembl	ENSG00000144488	ENSG00000144488	false	3	C9J6L8;Q6ZVH7	Q6ZVH7	Q6ZVH7	accepted	unique_reviewed_human_target
Luck2020	Nature_supplement_2020-04-08	negative_evidence	Ensembl	ENSG00000144591	ENSG00000144591	false	6	A0A087WUI8;A0A0U1RRC2;A0A804HID2;A0A804HIM4;A0A804HIN0;A0A804HIS0;A0A804HJC3;A0A804HKA4;A0A804HLB2;A0A804HLK2;A0ACI8S7F7;A0ACI8TJ20;A0ACI8TJN4;A0ACI8TJV7;A0ACI8TKG5;A0ACI8UKR4;A0ACI8UKS1;A0ACI8UKS2;A0ACI8UP88;A0ACI8UPE9;A0ACI8UQ41;C9J255;C9JAH0;F8WD54;Q96IJ6	Q96IJ6	Q96IJ6	accepted	unique_reviewed_human_target
Luck2020	Nature_supplement_2020-04-08	negative_evidence	Ensembl	ENSG00000144645	ENSG00000144645	false	2	A0A5F9ZH75;A0A8V8TM06;A0ACI8SJX9;A0ACI8SK09;A0ACI8V4J7;A0ACI8V4M0;H7C199;H7C487;Q9BXB5	Q9BXB5	Q9BXB5	accepted	unique_reviewed_human_target
Luck2020	Nature_supplement_2020-04-08	negative_evidence	Ensembl	ENSG00000144837	ENSG00000144837	false	3	A0ACI8PRA6;A0ACI8PT86;A0ACI8PTL9;A0ACI8PXD6;A0ACI8RQC3;G5E9W0;H7C4H1;Q53H76	Q53H76	Q53H76	accepted	unique_reviewed_human_target
Luck2020	Nature_supplement_2020-04-08	negative_evidence	Ensembl	ENSG00000144857	ENSG00000144857	false	5	A0ACI8RVU8;A0ACI8S373;A0ACI8S484;A0ACI8SGA5;A0ACI8SH51;A0ACI8V544;A0ACI8V5E2;A0ACI8V5M4;A0ACI8V785;A0ACI8V7A2;A0ACI8V7D4;C9J2L7;C9J7V2;C9J9M5;C9JZ38;F6UR31;H7C4U8;H7C5J2;Q9BWV1	Q9BWV1	Q9BWV1	accepted	unique_reviewed_human_target
Luck2020	Nature_supplement_2020-04-08	negative_evidence	Ensembl	ENSG00000144962	ENSG00000144962	false	3	A0A494BZR9;Q9BXB7	Q9BXB7	Q9BXB7	accepted	unique_reviewed_human_target
Luck2020	Nature_supplement_2020-04-08	negative_evidence	Ensembl	ENSG00000145287	ENSG00000145287	false	3	A0ABB0MVD5;A0ABB0MVE1;D6RA24;Q9NZF1	Q9NZF1	Q9NZF1	accepted	unique_reviewed_human_target
Luck2020	Nature_supplement_2020-04-08	negative_evidence	Ensembl	ENSG00000145358	ENSG00000145358	false	3	D6RD49;D6RJ99;Q96D03	Q96D03	Q96D03	accepted	unique_reviewed_human_target
Luck2020	Nature_supplement_2020-04-08	negative_evidence	Ensembl	ENSG00000145414	ENSG00000145414	false	3	A0ACI8PR19;D6RIB3;Q96HR8	Q96HR8	Q96HR8	accepted	unique_reviewed_human_target
Luck2020	Nature_supplement_2020-04-08	negative_evidence	Ensembl	ENSG00000145623	ENSG00000145623	false	3	A0ACI8RHF3;A0ACI8V4P6;H0Y8W9;H0Y9E3;H0YAD1;Q99650	Q99650	Q99650	accepted	unique_reviewed_human_target
Luck2020	Nature_supplement_2020-04-08	negative_evidence	Ensembl	ENSG00000145626	ENSG00000145626	false	3	A0ACI8RII5;A0ACI8RVN3;D6RHV6;E9PD17;F6S141;Q6NUS8	Q6NUS8	Q6NUS8	accepted	unique_reviewed_human_target
Luck2020	Nature_supplement_2020-04-08	negative_evidence	Ensembl	ENSG00000145832	ENSG00000145832	false	3	A0A3B3IRS1;A0A3B3IS12;A0ACI8PKA5;A0ACI8Q940;A0ACI8SYJ6;C9JM56;D6RFW8;J3KQI1;Q6ZT89	Q6ZT89	Q6ZT89	accepted	unique_reviewed_human_target
Luck2020	Nature_supplement_2020-04-08	negative_evidence	Ensembl	ENSG00000146066	ENSG00000146066	false	2	Q9BW72	Q9BW72	Q9BW72	accepted	unique_reviewed_human_target
Luck2020	Nature_supplement_2020-04-08	negative_evidence	Ensembl	ENSG00000146090	ENSG00000146090	false	2	J9JIG9;Q8N431	Q8N431	Q8N431	accepted	unique_reviewed_human_target
Luck2020	Nature_supplement_2020-04-08	negative_evidence	Ensembl	ENSG00000146221	ENSG00000146221	false	3	Q5JU00;Q5JU01	Q5JU00	Q5JU00	accepted	unique_reviewed_human_target
Luck2020	Nature_supplement_2020-04-08	negative_evidence	Ensembl	ENSG00000146453	ENSG00000146453	false	2	A0ACI8U8E8;Q8NA58;V9GYA0	Q8NA58	Q8NA58	accepted	unique_reviewed_human_target
Luck2020	Nature_supplement_2020-04-08	negative_evidence	Ensembl	ENSG00000146469	ENSG00000146469	false	2	A0ACI8QMR6;H0Y763;P01282	P01282	P01282	accepted	unique_reviewed_human_target
Luck2020	Nature_supplement_2020-04-08	negative_evidence	Ensembl	ENSG00000146701	ENSG00000146701	false	3	A0ACI8PI59;A0ACI8Q5A6;A0ACI8QPL0;A0ACI8R928;A0ACI8TJT2;A0ACI8TK77;A0ACI8TKA7;A0ACI8VSA5;G3XAL0;P40926;U3KQ63	P40926	P40926	accepted	unique_reviewed_human_target
Luck2020	Nature_supplement_2020-04-08	negative_evidence	Ensembl	ENSG00000146731	ENSG00000146731	false	3	A0ACI8R0B3;A0ACI8RFD3;A0ACI8RMK9;A0ACI8RS92;A0ACI8RZT2;A0ACI8S3W5;A0ACI8T706;A0ACI8T708;A0ACI8T714;A0ACI8T7V4;A0ACI8T7V7;A0ACI8T7X2;A0ACI8T7Y9;A0ACI8V7W5;A0ACI8V865;P40227	P40227	P40227	accepted	unique_reviewed_human_target
Luck2020	Nature_supplement_2020-04-08	negative_evidence	Ensembl	ENSG00000147140	ENSG00000147140	false	6	A0A7I2V447;A0A7I2V464;A0A7I2V4J2;A0A7I2V4K9;A0A7I2V4N2;A0A7I2V535;A0A7I2V5Y7;A0A7I2YQK8;A0A7P0MRW0;A0ACI8R504;A0ACI8RWK7;A0ACI8TVU1;A0ACI8V1Q3;A0ACI8V1R0;C9IZL7;C9J4X2;C9JJ13;C9JYS8;H7C367;Q15233	Q15233	Q15233	accepted	unique_reviewed_human_target
Luck2020	Nature_supplement_2020-04-08	negative_evidence	Ensembl	ENSG00000147257	ENSG00000147257	false	3	A0A8I5KUG1;A0A8I5KW36;A0A8I5KYY0;A0ACI8SII5;A0ACI8TAA9;A0ACI8TAD0;H0Y3U6;P51654	P51654	P51654	accepted	unique_reviewed_human_target
Luck2020	Nature_supplement_2020-04-08	negative_evidence	Ensembl	ENSG00000147571	ENSG00000147571	false	2	P06850	P06850	P06850	accepted	unique_reviewed_human_target
Luck2020	Nature_supplement_2020-04-08	negative_evidence	Ensembl	ENSG00000147679	ENSG00000147679	false	2	A0ACI8U2T2;E5RG01;E5RGP0;E5RH13;E5RIC4;E5RIM0;G3XAM4;Q9BRU9	Q9BRU9	Q9BRU9	accepted	unique_reviewed_human_target
Luck2020	Nature_supplement_2020-04-08	negative_evidence	Ensembl	ENSG00000147724	ENSG00000147724	false	3	E5RFQ7;E5RH68;J3QSR3;Q49AJ0	Q49AJ0	Q49AJ0	accepted	unique_reviewed_human_target
Luck2020	Nature_supplement_2020-04-08	negative_evidence	Ensembl	ENSG00000147862	ENSG00000147862	false	6	A0A0A0MRX8;A0A1B0GTC1;A0A1B0GU97;A0A1B0GVN4;A0A1B0GW37;A0A1B0GWB8;A0A1B0GWI9;A0A1B0GWJ4;A0A2R8Y7V8;A0ACI8PVA1;A0ACI8PWA7;A0ACI8Q0Z0;A0ACI8QAQ4;A0ACI8QJZ6;A0ACI8REE7;A0ACI8S5C1;A0ACI8V7C2;O00712;Q5VW26;Q5VW27;Q5VW30;Q5VW31;Q5W0Y9;U3KPY9;U3KQE8	O00712	O00712	accepted	unique_reviewed_human_target
Luck2020	Nature_supplement_2020-04-08	negative_evidence	Ensembl	ENSG00000147894	ENSG00000147894	false	2	A0A2R8Y5K2;A0A2R8Y5U5;A0A5F9ZHW7;A0ACI8VFG2;A0ACI8VHB2;Q96LT7	Q96LT7	Q96LT7	accepted	unique_reviewed_human_target
Luck2020	Nature_supplement_2020-04-08	negative_evidence	Ensembl	ENSG00000148344	ENSG00000148344	false	4	O14684	O14684	O14684	accepted	unique_reviewed_human_target
Luck2020	Nature_supplement_2020-04-08	negative_evidence	Ensembl	ENSG00000148935	ENSG00000148935	false	2	A0ACI8U4Y8;E9PM28;E9PQ37;E9PQ74;E9PRR5;O43903	O43903	O43903	accepted	unique_reviewed_human_target
Luck2020	Nature_supplement_2020-04-08	negative_evidence	Ensembl	ENSG00000148985	ENSG00000148985	false	7	A0A0A0MS75;A0ACI8PXS2;A0ACI8Q5D4;A0ACI8SVE1;A8MYS5;A8MZF5;E9PKT0;E9PQ19;E9PRZ2;F6R8M9;H0YCQ4;H0YDC6;H0YDJ5;H0YDQ4;H0YEE9;Q9UHJ9	Q9UHJ9	Q9UHJ9	accepted	unique_reviewed_human_target
Luck2020	Nature_supplement_2020-04-08	negative_evidence	Ensembl	ENSG00000149313	ENSG00000149313	false	2	A0ACI8RN62;A0ACI8TC77;A0ACI8TD53;E9PLW6;E9PNF3;Q9NRN7	Q9NRN7	Q9NRN7	accepted	unique_reviewed_human_target
Luck2020	Nature_supplement_2020-04-08	negative_evidence	Ensembl	ENSG00000149480	ENSG00000149480	false	3	O94776	O94776	O94776	accepted	unique_reviewed_human_target
Luck2020	Nature_supplement_2020-04-08	negative_evidence	Ensembl	ENSG00000149499	ENSG00000149499	false	2	A0ACI8PCG7;A0ACI8PCH0;A0ACI8PCQ9;A0ACI8PFZ6;A0ACI8PG71;A0ACI8PJJ3;A0ACI8PQR2;A0ACI8PT15;A0ACI8PYU9;A0ACI8Q0C7;A0ACI8Q7T9;A0ACI8QIZ2;A0ACI8QRM0;A0ACI8R9R2;A0ACI8RJB6;A0ACI8RR13;A0ACI8TI05;A0ACI8TI06;A0ACI8VAE4;A0ACI8VAF5;A0ACI8VAG9;A0ACI8VAH0;A0ACI8VAI1;B7WPE2;C9J6V3;E9PJV5;E9PSB4;G3V195;G3V1D0;H0Y3M3;H7C355;Q32P44	Q32P44	Q32P44	accepted	unique_reviewed_human_target
Luck2020	Nature_supplement_2020-04-08	negative_evidence	Ensembl	ENSG00000149541	ENSG00000149541	false	2	A0ACI8PX72;A0ACI8UTL1;A0ACI8UTY2;E9PNA1;E9PQ60;G3V150;O94766	O94766	O94766	accepted	unique_reviewed_human_target
Luck2020	Nature_supplement_2020-04-08	negative_evidence	Ensembl	ENSG00000149557	ENSG00000149557	false	2	A0ACI8PH34;A0ACI8QG98;A0ACI8QQ85;A0ACI8R2W6;A0ACI8R855;A0ACI8RIR4;A0ACI8RPZ3;A0ACI8RYE0;A0ACI8VB13;A0ACI8VFL6;A0ACI8VFQ3;A0ACI8VGS6;A0ACI8VGV5;A0ACI8VGV7;E9PNH2;J3KTR6;Q99689	Q99689	Q99689	accepted	unique_reviewed_human_target
Luck2020	Nature_supplement_2020-04-08	negative_evidence	Ensembl	ENSG00000149782	ENSG00000149782	false	2	A0ACI8Q623;A0ACI8QXP2;A0ACI8RGX7;A0ACI8RJ72;A0ACI8RNI7;A0ACI8S6X4;A0ACI8SAA2;A0ACI8T4I3;A0ACI8T4K6;Q01970	Q01970	Q01970	accepted	unique_reviewed_human_target
Luck2020	Nature_supplement_2020-04-08	negative_evidence	Ensembl	ENSG00000150455	ENSG00000150455	false	6	A0A8V8TPR1;A0ACI8PZC5;A0ACI8RCP7;F5H2K1;P58753	P58753	P58753	accepted	unique_reviewed_human_target
Luck2020	Nature_supplement_2020-04-08	negative_evidence	Ensembl	ENSG00000151388	ENSG00000151388	false	2	D6REX0;P58397	P58397	P58397	accepted	unique_reviewed_human_target
Luck2020	Nature_supplement_2020-04-08	negative_evidence	Ensembl	ENSG00000151632	ENSG00000151632	false	2	A0ACI8PJP8;A0ACI8PV39;A0ACI8R8A5;A0ACI8RMB3;A0ACI8V5Z3;F6Q7U0;P52895;S4R3P0	P52895	P52895	accepted	unique_reviewed_human_target
Luck2020	Nature_supplement_2020-04-08	negative_evidence	Ensembl	ENSG00000151650	ENSG00000151650	false	2	A0ACI8TG81;O95231	O95231	O95231	accepted	unique_reviewed_human_target
Luck2020	Nature_supplement_2020-04-08	negative_evidence	Ensembl	ENSG00000151689	ENSG00000151689	false	3	A0A1D5RMQ4;A0ACI8QTW1;A0ACI8RL25;A0ACI8RS86;A0ACI8S945;B8ZZF6;C9J128;C9J173;C9J2N5;C9J2Z6;E7ENF2;E7ET59;E7EUX4;P49441	P49441	P49441	accepted	unique_reviewed_human_target
Luck2020	Nature_supplement_2020-04-08	negative_evidence	Ensembl	ENSG00000151834	ENSG00000151834	false	6	A0A0A0MTM5;A0ACI8PGC3;A0ACI8V296;D6RAA9;D6RB77;D6RBK9;D6RBL7;D6RCS5;E9PBQ7;G5E9Z6;H0Y9V8;P47869	P47869	P47869	accepted	unique_reviewed_human_target
Luck2020	Nature_supplement_2020-04-08	negative_evidence	Ensembl	ENSG00000151923	ENSG00000151923	false	2	A0A087WX93;A0ACI8QSP2;A0ACI8RFH6;A0ACI8SF41;A0ACI8TZ41;A0ACI8TZ93;A0ACI8TZL6;A6NKZ9;E7ETC0;E7ETJ9;Q01085	Q01085	Q01085	accepted	unique_reviewed_human_target
Luck2020	Nature_supplement_2020-04-08	negative_evidence	Ensembl	ENSG00000152056	ENSG00000152056	false	1	A0A8V8TN69;A0A8V8TN74;A0A8V8TNP8;A0A8V8TPK7;A0A8V8TPZ3;A0ACI8SGU5;B8ZZZ1;C9JZK4;F8W8K9;G5E966;Q96PC3	Q96PC3	Q96PC3	accepted	unique_reviewed_human_target
Luck2020	Nature_supplement_2020-04-08	negative_evidence	Ensembl	ENSG00000152229	ENSG00000152229	false	6	A0ACI8R7U0;A0ACI8RS49;A0ACI8RVY7;A0ACI8S6I5;A0ACI8U876;Q9H939	Q9H939	Q9H939	accepted	unique_reviewed_human_target
Luck2020	Nature_supplement_2020-04-08	negative_evidence	Ensembl	ENSG00000152422	ENSG00000152422	false	1	Q13426	Q13426	Q13426	accepted	unique_reviewed_human_target
Luck2020	Nature_supplement_2020-04-08	negative_evidence	Ensembl	ENSG00000152475	ENSG00000152475	false	3	Q96EG3	Q96EG3	Q96EG3	accepted	unique_reviewed_human_target
Luck2020	Nature_supplement_2020-04-08	negative_evidence	Ensembl	ENSG00000152518	ENSG00000152518	false	2	A0ACI8TGE4;A0ACI8TGF5;A0ACI8UII8;P47974	P47974	P47974	accepted	unique_reviewed_human_target
Luck2020	Nature_supplement_2020-04-08	negative_evidence	Ensembl	ENSG00000152977	ENSG00000152977	false	2	H7C5D8;Q15915	Q15915	Q15915	accepted	unique_reviewed_human_target
Luck2020	Nature_supplement_2020-04-08	negative_evidence	Ensembl	ENSG00000153283	ENSG00000153283	false	2	A0ACI8PFD4;A0ACI8Q221;A0ACI8QB21;A0ACI8QMK2;A0ACI8QVQ2;A0ACI8RTR3;E9PEJ1;F6RDM0;F8WDV3;H7C4F0;P40200;U3KPT0	P40200	P40200	accepted	unique_reviewed_human_target
Luck2020	Nature_supplement_2020-04-08	negative_evidence	Ensembl	ENSG00000153303	ENSG00000153303	false	3	A0A2R8Y4L9;A0A2R8Y579;A0A2R8Y6M2;A0A2R8Y7X7;D6RB43;H0Y9A3;Q8N878	Q8N878	Q8N878	accepted	unique_reviewed_human_target
Luck2020	Nature_supplement_2020-04-08	negative_evidence	Ensembl	ENSG00000153339	ENSG00000153339	false	3	A0ACI8PIV3;A0ACI8QT25;A0ACI8RAE8;A0ACI8S026;A0ACI8T5Y6;J3KSL8;J3QQJ5;J3QQS5;J3QR00;J3QSA1;Q9Y2L5	Q9Y2L5	Q9Y2L5	accepted	unique_reviewed_human_target
Luck2020	Nature_supplement_2020-04-08	negative_evidence	Ensembl	ENSG00000153551	ENSG00000153551	false	3	A0ACI8Q7X2;A0ACI8R4F2;A0ACI8TIJ1;A0ACI8TIS4;F8WDZ3;H0YFU6;H0YGW1;Q96FZ5	Q96FZ5	Q96FZ5	accepted	unique_reviewed_human_target
Luck2020	Nature_supplement_2020-04-08	negative_evidence	Ensembl	ENSG00000153902	ENSG00000153902	false	2	A0ACI8PS39;A0ACI8QG79;A0ACI8S3E7;A8MVC2;K7ENQ0;Q8N135	Q8N135	Q8N135	accepted	unique_reviewed_human_target
Luck2020	Nature_supplement_2020-04-08	negative_evidence	Ensembl	ENSG00000153914	ENSG00000153914	false	1	A0A087WY03;A0ACI8Q1J6;A0ACI8RST8;A0ACI8TV19;A0ACI8TV33;A0ACI8TV57;A0ACI8VSX8;A0ACI8VT26;E5RFV3;E5RJ76;E5RK30;H0YC47;Q8WXA9	Q8WXA9	Q8WXA9	accepted	unique_reviewed_human_target
Luck2020	Nature_supplement_2020-04-08	negative_evidence	Ensembl	ENSG00000154079	ENSG00000154079	false	2	Q5VUM1	Q5VUM1	Q5VUM1	accepted	unique_reviewed_human_target
Luck2020	Nature_supplement_2020-04-08	negative_evidence	Ensembl	ENSG00000154719	ENSG00000154719	false	2	A0ACI8PYX8;A0ACI8S461;A0ACI8T9L7;A0ACI8TAA7;A0ACI8TAF3;A0ACI8TAK9;A0ACI8TAN2;A0ACI8TAT1;A0ACI8TAU7;A0ACI8UG82;A0ACI8UGU6;C9JG87;Q9NYK5	Q9NYK5	Q9NYK5	accepted	unique_reviewed_human_target
Luck2020	Nature_supplement_2020-04-08	negative_evidence	Ensembl	ENSG00000155011	ENSG00000155011	false	3	A0ACI8ULB4;D6RCC2;D6RGF1;Q9UBU2	Q9UBU2	Q9UBU2	accepted	unique_reviewed_human_target
Luck2020	Nature_supplement_2020-04-08	negative_evidence	Ensembl	ENSG00000155313	ENSG00000155313	false	3	A0ACI8TB30;A0ACI8TB43;A0ACI8TB46;A0ACI8TB87;A0ACI8U5I2;A0ACI8U5K1;A0ACI8U5L0;A0ACI8U5M8;A0ACI8U5P1;A0ACI8U5X5;A0ACI8U7N7;A0ACI8U843;F6ST93;H7C1T8;H7C253;Q9UHP3	Q9UHP3	Q9UHP3	accepted	unique_reviewed_human_target
Luck2020	Nature_supplement_2020-04-08	negative_evidence	Ensembl	ENSG00000155366	ENSG00000155366	false	5	A0ACI8T1D2;A0ACI8UNN6;E9PLA2;E9PN11;E9PQH6;P08134;Q5JR05;Q5JR06;Q5JR07;Q5JR08	P08134	P08134	accepted	unique_reviewed_human_target
Luck2020	Nature_supplement_2020-04-08	negative_evidence	Ensembl	ENSG00000156006	ENSG00000156006	false	6	E7EWF9;P11245	P11245	P11245	accepted	unique_reviewed_human_target
Luck2020	Nature_supplement_2020-04-08	negative_evidence	Ensembl	ENSG00000156096	ENSG00000156096	false	3	A0ACI8PWM5;A0ACI8RSX2;D6RGY0;P06133	P06133	P06133	accepted	unique_reviewed_human_target
Luck2020	Nature_supplement_2020-04-08	negative_evidence	Ensembl	ENSG00000156097	ENSG00000156097	false	3	A0A8I5KY74;Q9BZJ8	Q9BZJ8	Q9BZJ8	accepted	unique_reviewed_human_target
Luck2020	Nature_supplement_2020-04-08	negative_evidence	Ensembl	ENSG00000156304	ENSG00000156304	false	3	A0ACI8R661;A0ACI8R663;A0ACI8R669;A0ACI8R672;A0ACI8R681;A0ACI8RKC9;A0ACI8RR75;A0ACI8RV57;A0ACI8SCZ4;A0ACI8SFT1;A0ACI8SH13;A0ACI8TNB7;A0ACI8TND3;A0ACI8TNG2;A0ACI8UJU8;O95104	O95104	O95104	accepted	unique_reviewed_human_target
Luck2020	Nature_supplement_2020-04-08	negative_evidence	Ensembl	ENSG00000156395	ENSG00000156395	false	3	Q5CAJ2;Q9UPU3	Q9UPU3	Q9UPU3	accepted	unique_reviewed_human_target
Luck2020	Nature_supplement_2020-04-08	negative_evidence	Ensembl	ENSG00000156427	ENSG00000156427	false	6	A0ACI8VIG4;O76093	O76093	O76093	accepted	unique_reviewed_human_target
Luck2020	Nature_supplement_2020-04-08	negative_evidence	Ensembl	ENSG00000156689	ENSG00000156689	false	2	Q8WU03	Q8WU03	Q8WU03	accepted	unique_reviewed_human_target
Luck2020	Nature_supplement_2020-04-08	negative_evidence	Ensembl	ENSG00000156858	ENSG00000156858	false	2	A0ACI8QBL9;A0ACI8R1D6;A0ACI8TTN3;A0ACI8ULE2;H3BND2;H3BQL8;Q9BWN1	Q9BWN1	Q9BWN1	accepted	unique_reviewed_human_target
Luck2020	Nature_supplement_2020-04-08	negative_evidence	Ensembl	ENSG00000156976	ENSG00000156976	false	3	A0ACI8PI13;A0ACI8Q6L1;A0ACI8R5L4;A0ACI8RKP5;A0ACI8TG88;A0ACI8TGH0;A0ACI8TGQ1;A0ACI8TGQ9;A0ACI8TGT0;A0ACI8TGT1;A0ACI8UXF5;A0ACI8UXM5;A0ACI8V1C3;C9JUF0;E7EMV8;E7EQG2;E9PBH4;F8WE11;J3KSN7;Q14240	Q14240	Q14240	accepted	unique_reviewed_human_target
Luck2020	Nature_supplement_2020-04-08	negative_evidence	Ensembl	ENSG00000156983	ENSG00000156983	false	2	A0A5F9ZH11;A0A5F9ZHW9;A0A5F9ZHX4;A0A804HHW3;A0A804HI52;A0A804HIN1;A0A804HJV3;A0A804HKK9;A0A804HKU6;A0A804HKY8;A0A804HL48;A0A804HL99;A0A8C8KWW5;A0A8C8L8G4;A0ACI8Q3J7;A0ACI8SYM8;A0ACI8SYW5;A0ACI8SYY2;A0ACI8SYY9;A0ACI8SZ00;A0ACI8SZ04;C9JHC0;P55201	P55201	P55201	accepted	unique_reviewed_human_target
Luck2020	Nature_supplement_2020-04-08	negative_evidence	Ensembl	ENSG00000157017	ENSG00000157017	false	3	E7ESW0;F6SA48;Q9UBU3	Q9UBU3	Q9UBU3	accepted	unique_reviewed_human_target
Luck2020	Nature_supplement_2020-04-08	negative_evidence	Ensembl	ENSG00000157103	ENSG00000157103	false	6	A0A2R8Y3X2;A0A2R8Y495;A0A2R8Y4I3;A0A2R8Y6J7;A0A2R8Y867;A0A2R8YCM3;A0A2R8YDD5;A0A2R8YEF0;A0A2R8YF74;A0A2R8YFI0;A0A8V8TMZ9;C9J5P8;P30531	P30531	P30531	accepted	unique_reviewed_human_target
Luck2020	Nature_supplement_2020-04-08	negative_evidence	Ensembl	ENSG00000157335	ENSG00000157335	false	3	A0ACI8PE79;F5H550;H3BSF2;H3BUD1;Q8NCF0	Q8NCF0	Q8NCF0	accepted	unique_reviewed_human_target
Luck2020	Nature_supplement_2020-04-08	negative_evidence	Ensembl	ENSG00000157978	ENSG00000157978	false	3	A0ABB0MVA8;A0ABB0MVB1;A0ABB0MVB7;A0ACI8R1B8;A0ACI8RQT4;A0ACI8RT36;A0ACI8SBF2;A0ACI8SR20;A0ACI8V772;Q5SW96	Q5SW96	Q5SW96	accepted	unique_reviewed_human_target
Luck2020	Nature_supplement_2020-04-08	negative_evidence	Ensembl	ENSG00000158089	ENSG00000158089	false	3	A0ACI8RLE3;A0ACI8RNT7;A0ACI8S9B3;A0ACI8THZ9;A0ACI8TI62;H7C168;H7C1E3;J3KQQ5;Q96FL9	Q96FL9	Q96FL9	accepted	unique_reviewed_human_target
Luck2020	Nature_supplement_2020-04-08	negative_evidence	Ensembl	ENSG00000158321	ENSG00000158321	false	3	A0A024RDL5;A0A087WVB5;A0A2R8Y516;A0A2R8Y522;A0A2R8Y568;A0A2R8Y6Q9;A0A2R8Y8C6;A0A2R8YEX6;A0A590UJA2;A0A590UJP3;A0A590UK55;A0A590UKA2;A0A8V8TPM5;H7C090;H7C1G5;H7C2P0;Q75MD7;Q8WXX7	Q8WXX7	Q8WXX7	accepted	unique_reviewed_human_target
Luck2020	Nature_supplement_2020-04-08	negative_evidence	Ensembl	ENSG00000158417	ENSG00000158417	false	3	A0ACI8PDC1;A0ACI8RFT9;A0ACI8TJ01;A0ACI8TJ54;A0ACI8VKY2;O60841	O60841	O60841	accepted	unique_reviewed_human_target
Luck2020	Nature_supplement_2020-04-08	negative_evidence	Ensembl	ENSG00000158545	ENSG00000158545	false	3	A0ACI8QU51;A0ACI8RT37;A0ACI8THD5;A0ACI8THE9;A0ACI8VED7;A0ACI8VEH7;E7ERS3;H3BP01;H3BPD0;H3BRH3;H3BRN6;Q86VM9	Q86VM9	Q86VM9	accepted	unique_reviewed_human_target
Luck2020	Nature_supplement_2020-04-08	negative_evidence	Ensembl	ENSG00000158604	ENSG00000158604	false	6	A0ACI8UFF2;F8W7F7;Q7Z7H5	Q7Z7H5	Q7Z7H5	accepted	unique_reviewed_human_target
Luck2020	Nature_supplement_2020-04-08	negative_evidence	Ensembl	ENSG00000158764	ENSG00000158764	false	3	A0ACI8TSY8;Q8WWU7	Q8WWU7	Q8WWU7	accepted	unique_reviewed_human_target
Luck2020	Nature_supplement_2020-04-08	negative_evidence	Ensembl	ENSG00000158825	ENSG00000158825	false	2	A0ACI8QZJ7;A0ACI8RRT5;A0ACI8S3K6;A0ACI8STQ3;A0ACI8SU29;P32320	P32320	P32320	accepted	unique_reviewed_human_target
Luck2020	Nature_supplement_2020-04-08	negative_evidence	Ensembl	ENSG00000158856	ENSG00000158856	false	5	A0A087WT94;A0A087WUC0;A0A979HLS0;E5RFK4;E5RFK6;E5RGQ0;E5RGQ7;E5RJ61;E5RJC0;Q08495	Q08495	Q08495	accepted	unique_reviewed_human_target
Luck2020	Nature_supplement_2020-04-08	negative_evidence	Ensembl	ENSG00000159197	ENSG00000159197	false	2	Q9Y6J6	Q9Y6J6	Q9Y6J6	accepted	unique_reviewed_human_target
Luck2020	Nature_supplement_2020-04-08	negative_evidence	Ensembl	ENSG00000159588	ENSG00000159588	false	3	A0ACI8PHR4;A0ACI8PSW1;A0ACI8R552;A0ACI8RKC4;F2Z395;F8W7G4;Q96LX7	Q96LX7	Q96LX7	accepted	unique_reviewed_human_target
Luck2020	Nature_supplement_2020-04-08	negative_evidence	Ensembl	ENSG00000160191	ENSG00000160191	false	5	A0ACI8QC20;A0ACI8QC40;A0ACI8QC41;A0ACI8QE15;A0ACI8QG50;A0ACI8R4F1;A0ACI8RBQ1;A0ACI8RSL5;A0ACI8S427;A0ACI8S8W4;A0ACI8SC34;A0ACI8TWI7;A0ACI8TWN8;A0ACI8TY26;A0ACI8TYB8;A0ACI8TYT0;A0ACI8TZ18;A0ACI8TZ98;A0ACI8TZB8;O76083	O76083	O76083	accepted	unique_reviewed_human_target
Luck2020	Nature_supplement_2020-04-08	negative_evidence	Ensembl	ENSG00000160271	ENSG00000160271	false	5	A0A2R8YE90;A0A2R8YEX4;A0ACI8QE97;A0ACI8QEA0;A0ACI8QG75;A0ACI8QI33;A0ACI8R6U3;A0ACI8S569;A0ACI8S9Q3;A0ACI8SCQ5;A0ACI8V4V8;A0ACI8V5F8;A0ACI8V848;A0ACI8V894;Q12967;Q5T7U6	Q12967	Q12967	accepted	unique_reviewed_human_target
Luck2020	Nature_supplement_2020-04-08	negative_evidence	Ensembl	ENSG00000160446	ENSG00000160446	false	2	A0ACI8P9S1;A0ACI8PCQ7;A0ACI8PD60;A0ACI8PGH1;A0ACI8R4N1;A0ACI8TVU3;A0ACI8TWB9;A0ACI8TWC4;A0ACI8V0J4;Q5T266;Q5T269;Q96GR4;X6RBN4	Q96GR4	Q96GR4	accepted	unique_reviewed_human_target
Luck2020	Nature_supplement_2020-04-08	negative_evidence	Ensembl	ENSG00000160808	ENSG00000160808	false	2	A0AAQ5BH63;A0ACI8PWV0;A0ACI8QC06;A0ACI8RT40;A0ACI8S086;A0ACI8V209;A0ACI8V2H5;A0ACI8V3Z5;A0ACI8V3Z8;A0ACI8V454;E9PGV7;P08590	P08590	P08590	accepted	unique_reviewed_human_target
Luck2020	Nature_supplement_2020-04-08	negative_evidence	Ensembl	ENSG00000160959	ENSG00000160959	false	3	E9PNL0;E9PP40;E9PRP5;Q15048	Q15048	Q15048	accepted	unique_reviewed_human_target
Luck2020	Nature_supplement_2020-04-08	negative_evidence	Ensembl	ENSG00000161204	ENSG00000161204	false	2	A0ACI8PS85;A0ACI8Q997;A0ACI8QGM3;A0ACI8RYJ3;A0ACI8U210;A0ACI8U231;A0ACI8VMH2;A0ACI8VMH8;A0ACI8VMI5;F8WCU6;Q9NUQ8	Q9NUQ8	Q9NUQ8	accepted	unique_reviewed_human_target
Luck2020	Nature_supplement_2020-04-08	negative_evidence	Ensembl	ENSG00000161381	ENSG00000161381	false	2	A0ACI8PZC9;A0ACI8S9G8;A0ACI8V4N7;A0ACI8V4P4;C9JCL2;C9JWQ3;F6QXJ1;J3KS04;J3QR40;J3QRR7;Q8IUK5	Q8IUK5	Q8IUK5	accepted	unique_reviewed_human_target
Luck2020	Nature_supplement_2020-04-08	negative_evidence	Ensembl	ENSG00000161405	ENSG00000161405	false	1	A0A0C4DGN9;Q9UKT9	Q9UKT9	Q9UKT9	accepted	unique_reviewed_human_target
Luck2020	Nature_supplement_2020-04-08	negative_evidence	Ensembl	ENSG00000161544	ENSG00000161544	false	4	K7EIM9;K7EMC7;Q8WWM9	Q8WWM9	Q8WWM9	accepted	unique_reviewed_human_target
Luck2020	Nature_supplement_2020-04-08	negative_evidence	Ensembl	ENSG00000162076	ENSG00000162076	false	2	A0ACI8QSH0;A0ACI8T4Q5;A0ACI8U9L7;I3L1Y9;I3L4I0;Q96CP2	Q96CP2	Q96CP2	accepted	unique_reviewed_human_target
Luck2020	Nature_supplement_2020-04-08	negative_evidence	Ensembl	ENSG00000162078	ENSG00000162078	false	2	A0A0C4DGN4;I3L1H9;I3L3X0;Q96DA0	Q96DA0	Q96DA0	accepted	unique_reviewed_human_target
Luck2020	Nature_supplement_2020-04-08	negative_evidence	Ensembl	ENSG00000162236	ENSG00000162236	false	2	A0ACI8R160;A0ACI8SJT8;E9PNU4;E9PP18;E9PRW9;H7C3X5;Q13190	Q13190	Q13190	accepted	unique_reviewed_human_target
Luck2020	Nature_supplement_2020-04-08	negative_evidence	Ensembl	ENSG00000162396	ENSG00000162396	false	4	Q7L3T8	Q7L3T8	Q7L3T8	accepted	unique_reviewed_human_target
Luck2020	Nature_supplement_2020-04-08	negative_evidence	Ensembl	ENSG00000162711	ENSG00000162711	false	2	A0A2R8YEG7;A0A7I2PJH0;A0A7I2PMC6;A0A7I2PRX0;A0A7I2R3P8;A0A7I2UNQ2;A0A7I2YME5;A0ACI8V1A5			quarantine	multiple_or_cross_species_targets_without_unique_human_mapping
Luck2020	Nature_supplement_2020-04-08	negative_evidence	Ensembl	ENSG00000162755	ENSG00000162755	false	1	A0ACI8PIV0;A0ACI8SWD9;Q8NEP7	Q8NEP7	Q8NEP7	accepted	unique_reviewed_human_target
Luck2020	Nature_supplement_2020-04-08	negative_evidence	Ensembl	ENSG00000162927	ENSG00000162927	false	3	A0ACI8QV49;A0ACI8RIY9;A0ACI8VM48;A0ACI8VM52;A8MUL8;C9JNL8;Q3MIT2	Q3MIT2	Q3MIT2	accepted	unique_reviewed_human_target
Luck2020	Nature_supplement_2020-04-08	negative_evidence	Ensembl	ENSG00000162949	ENSG00000162949	false	3	A0ACI8UHA2;A0ACI8UHB8;A0ACI8UHD2;F5GYA7;H7C1Z4;Q6MZZ7	Q6MZZ7	Q6MZZ7	accepted	unique_reviewed_human_target
Luck2020	Nature_supplement_2020-04-08	negative_evidence	Ensembl	ENSG00000163071	ENSG00000163071	false	2	A0ACI8P896;A0ACI8PGA4;A0ACI8Q2B9;A0ACI8QA31;A0ACI8QRV3;A0ACI8RCY3;A0ACI8RMX5;A0ACI8TF98;A0ACI8TFD8;A0ACI8UXD4;A0ACI8UXK8;D6RGI2;E7EVV3;Q8TC71	Q8TC71	Q8TC71	accepted	unique_reviewed_human_target
Luck2020	Nature_supplement_2020-04-08	negative_evidence	Ensembl	ENSG00000163106	ENSG00000163106	false	3	A0ACI8UD11;O60760	O60760	O60760	accepted	unique_reviewed_human_target
Luck2020	Nature_supplement_2020-04-08	negative_evidence	Ensembl	ENSG00000163348	ENSG00000163348	false	2	Q5T171;Q9BRQ0	Q9BRQ0	Q9BRQ0	accepted	unique_reviewed_human_target
Luck2020	Nature_supplement_2020-04-08	negative_evidence	Ensembl	ENSG00000163393	ENSG00000163393	false	6	A0ACI8RTR0;A0ACI8T126;A0ACI8VJ29;Q8IZD6	Q8IZD6	Q8IZD6	accepted	unique_reviewed_human_target
Luck2020	Nature_supplement_2020-04-08	negative_evidence	Ensembl	ENSG00000163431	ENSG00000163431	false	3	A0ACI8RTS3;P29536	P29536	P29536	accepted	unique_reviewed_human_target
Luck2020	Nature_supplement_2020-04-08	negative_evidence	Ensembl	ENSG00000163596	ENSG00000163596	false	1	A0ACI8R7U9;A0ACI8SDC7;A0ACI8U9B5;A0ACI8U9H5;C9J0T2;C9J101;C9J1M7;C9J5Z0;C9J9Z8;C9JAQ4;C9JDK6;C9JDM8;C9JEN4;C9JEP0;C9JP49;C9JRB6;F8WBQ1;Q8NDH6	Q8NDH6	Q8NDH6	accepted	unique_reviewed_human_target
Luck2020	Nature_supplement_2020-04-08	negative_evidence	Ensembl	ENSG00000163600	ENSG00000163600	false	2	A0ACI8QMD0;Q9Y6W8	Q9Y6W8	Q9Y6W8	accepted	unique_reviewed_human_target
Luck2020	Nature_supplement_2020-04-08	negative_evidence	Ensembl	ENSG00000163762	ENSG00000163762	false	2	A0ACI8RAE6;C9J6Q4;Q96CE8	Q96CE8	Q96CE8	accepted	unique_reviewed_human_target
Luck2020	Nature_supplement_2020-04-08	negative_evidence	Ensembl	ENSG00000163848	ENSG00000163848	false	2	A0ACI8RJX2;A0ACI8V5H0;A0ACI8V5T8;A0ACI8V5Z7;C9J6Y6;C9JRX0;C9K0U4;G5E9X2;Q9UQR1	Q9UQR1	Q9UQR1	accepted	unique_reviewed_human_target
Luck2020	Nature_supplement_2020-04-08	negative_evidence	Ensembl	ENSG00000164096	ENSG00000164096	false	2	Q8WVX3	Q8WVX3	Q8WVX3	accepted	unique_reviewed_human_target
Luck2020	Nature_supplement_2020-04-08	negative_evidence	Ensembl	ENSG00000164124	ENSG00000164124	false	1	A0A1D5RMR6;A0ACI8R5Y5;A0ACI8R5Y9;A0ACI8R5Z0;A0ACI8R600;A0ACI8RR21;A0ACI8SCY0;A0ACI8SFR8;A0ACI8SH04;D6R9I0;D6R9U5;D6RAX5;D6RCA2;D6RDF9;D6RDI4;D6RDN8;D6RIX5;Q7Z5S9	Q7Z5S9	Q7Z5S9	accepted	unique_reviewed_human_target
Luck2020	Nature_supplement_2020-04-08	negative_evidence	Ensembl	ENSG00000164253	ENSG00000164253	false	6	A0ACI8PFG8;A0ACI8PTV7;A0ACI8QB94;A0ACI8QVW1;A0ACI8SL00;A0ACI8SLA8;A0ACI8UXN3;A0ACI8UXZ7;A0ACI8UZB9;D6R9E7;D6R9M1;D6RA22;D6RB94;D6RBY6;D6RE66;D6RGW4;D6RH33;D6RIX6;D6RJA5;F6QNT2;F6X334;H0Y9Z3;H0YAA3;H0YAI6;Q9HAD4	Q9HAD4	Q9HAD4	accepted	unique_reviewed_human_target
Luck2020	Nature_supplement_2020-04-08	negative_evidence	Ensembl	ENSG00000164332	ENSG00000164332	false	3	A0ACI8PRL4;A0ACI8R4X7;A0ACI8RJB2;A0ACI8S5L8;A0ACI8T744;Q8WVY7	Q8WVY7	Q8WVY7	accepted	unique_reviewed_human_target
Luck2020	Nature_supplement_2020-04-08	negative_evidence	Ensembl	ENSG00000164867	ENSG00000164867	false	2	A0ACI8U7M6;A0ACI8U7S4;E7ESA7;H7C4V4;P29474	P29474	P29474	accepted	unique_reviewed_human_target
Luck2020	Nature_supplement_2020-04-08	negative_evidence	Ensembl	ENSG00000164978	ENSG00000164978	false	6	P50583	P50583	P50583	accepted	unique_reviewed_human_target
Luck2020	Nature_supplement_2020-04-08	negative_evidence	Ensembl	ENSG00000165197	ENSG00000165197	false	6	A0ACI8ULB7;O43915	O43915	O43915	accepted	unique_reviewed_human_target
Luck2020	Nature_supplement_2020-04-08	negative_evidence	Ensembl	ENSG00000165269	ENSG00000165269	false	2	A0A096LNK2;A0A096LNN5;A0A096LNU3;A0A096LNV7;A0A096LP09;A0A096LP23;A0A096LP64;A0ACI8QP47;A0ACI8RKN8;A0ACI8VEN6;A0ACI8VEP1;F6RZE9;O14520;Q5T5L3;Q5T5M0;Q5T5M1	O14520	O14520	accepted	unique_reviewed_human_target
Luck2020	Nature_supplement_2020-04-08	negative_evidence	Ensembl	ENSG00000165283	ENSG00000165283	false	2	A0A087WYB4;A0ACI8Q5E8;A0ACI8R1V3;A0ACI8U2U5;A0ACI8U2X6;A0ACI8U3U0;A0ACI8U4F9;A0ACI8U4V2;A0ACI8U4W2;A0ACI8U4W4;A0ACI8U514;A0ACI8U531;A0ACI8U580;F2Z2I8;Q9UJZ1	Q9UJZ1	Q9UJZ1	accepted	unique_reviewed_human_target
Luck2020	Nature_supplement_2020-04-08	negative_evidence	Ensembl	ENSG00000165496	ENSG00000165496	false	3	Q96L21	Q96L21	Q96L21	accepted	unique_reviewed_human_target
Luck2020	Nature_supplement_2020-04-08	negative_evidence	Ensembl	ENSG00000165704	ENSG00000165704	false	2	A0ACI8Q3Q3;A0ACI8Q8M4;A0ACI8STD3;A0ACI8STH5;A0ACI8VJ97;A0ACI8VJF3;A0ACI8VJH5;P00492	P00492	P00492	accepted	unique_reviewed_human_target
Luck2020	Nature_supplement_2020-04-08	negative_evidence	Ensembl	ENSG00000165795	ENSG00000165795	false	3	A0A0U1RR50;A0ACI8PUA1;A0ACI8PUF0;A0ACI8QBJ3;A0ACI8QIW5;A0ACI8R8N0;A0ACI8RLY4;A0ACI8RVP5;A0ACI8RZX9;A0ACI8STE5;A0ACI8UIL9;A0ACI8UIU2;A0ACI8UKR8;A0ACI8UKW6;A0ACI8ULD5;A0ACI8UMR7;A0ACI8UMT0;G3V237;G3V239;G3V271;G3V280;G3V285;G3V2A6;G3V2I9;G3V2S0;G3V2T2;G3V2Y3;G3V358;G3V383;G3V392;G3V3C3;G3V3D5;G3V3L1;G3V3P1;G3V3P6;G3V3X2;G3V3X3;G3V420;G3V4S2;G3V4S9;G3V4T9;G3V4X3;G3V552;G3V578;G3V5A6;G3V5B5;G3V5B7;G3V5D7;G3V5G0;G3V5G7;G3V5H8;G3V5L7;G3V5P9;G3V5S0;G3V5V9;H0YJ56;H0YJT9;H7C0X0;Q9UN36	Q9UN36	Q9UN36	accepted	unique_reviewed_human_target
Luck2020	Nature_supplement_2020-04-08	negative_evidence	Ensembl	ENSG00000165821	ENSG00000165821	false	3	A0A087X1T9;A0A0B4J2F7;E7EW59;F5H1G6;F5H433;H0YFS7;Q9Y467	Q9Y467	Q9Y467	accepted	unique_reviewed_human_target
Luck2020	Nature_supplement_2020-04-08	negative_evidence	Ensembl	ENSG00000166133	ENSG00000166133	false	3	A0A087WXE2;A0ACI8QV25;A0ACI8RLV8;A0ACI8SW67;Q8IZ73	Q8IZ73	Q8IZ73	accepted	unique_reviewed_human_target
Luck2020	Nature_supplement_2020-04-08	negative_evidence	Ensembl	ENSG00000166136	ENSG00000166136	false	3	A0ACI8QI19;A0ACI8RA18;A0ACI8RGI6;A0ACI8TXW8;A0ACI8TZA1;A0ACI8U4E8;A0ACI8U4G9;E9PIZ8;O95169	O95169	O95169	accepted	unique_reviewed_human_target
Luck2020	Nature_supplement_2020-04-08	negative_evidence	Ensembl	ENSG00000166140	ENSG00000166140	false	2	H3BN64;H3BP54;H3BRF9;H3BRM1;H3BS07;H3BSF5;H3BUW6;H3BVF5;Q96K21	Q96K21	Q96K21	accepted	unique_reviewed_human_target
Luck2020	Nature_supplement_2020-04-08	negative_evidence	Ensembl	ENSG00000166147	ENSG00000166147	false	2	A0A6I8PL22;F6U495;H0YN80;H0YND0;P35555	P35555	P35555	accepted	unique_reviewed_human_target
Luck2020	Nature_supplement_2020-04-08	negative_evidence	Ensembl	ENSG00000166165	ENSG00000166165	false	4	A0A8I5KRX7;A0ACI8PQQ3;A0ACI8QEN0;A0ACI8UZJ4;A0ACI8UZK6;G3V2I1;G3V461;G3V4N7;H0YJG0;H0YJJ7;H0YJK0;P12277	P12277	P12277	accepted	unique_reviewed_human_target
Luck2020	Nature_supplement_2020-04-08	negative_evidence	Ensembl	ENSG00000166246	ENSG00000166246	false	3	A0A087WT50;K7ENX3;K7EPW6;Q8IYS4	Q8IYS4	Q8IYS4	accepted	unique_reviewed_human_target
Luck2020	Nature_supplement_2020-04-08	negative_evidence	Ensembl	ENSG00000166405	ENSG00000166405	false	4	E9PK46;E9PKX8;E9PNI0;Q7Z5B4	Q7Z5B4	Q7Z5B4	accepted	unique_reviewed_human_target
Luck2020	Nature_supplement_2020-04-08	negative_evidence	Ensembl	ENSG00000166847	ENSG00000166847	false	2	A0ACI8PT78;A0ACI8SJB8;H3BR94;H3BS05;H3BUD2;I3L0U8;Q9BTE1	Q9BTE1	Q9BTE1	accepted	unique_reviewed_human_target
Luck2020	Nature_supplement_2020-04-08	negative_evidence	Ensembl	ENSG00000166974	ENSG00000166974	false	3	A0ACI8T3W6;A0ACI8T420;A0ACI8U6K7;A0ACI8U6L4;K7EL66;K7ENB3;K7ERD8;M0QX52;Q15555	Q15555	Q15555	accepted	unique_reviewed_human_target
Luck2020	Nature_supplement_2020-04-08	negative_evidence	Ensembl	ENSG00000167513	ENSG00000167513	false	3	A0ACI8THV7;H3BSY1;Q9H211	Q9H211	Q9H211	accepted	unique_reviewed_human_target
Luck2020	Nature_supplement_2020-04-08	negative_evidence	Ensembl	ENSG00000167771	ENSG00000167771	false	2	A0ACI8RQY3;A0ACI8SUU1;A0ACI8SUX8;Q8IZ40	Q8IZ40	Q8IZ40	accepted	unique_reviewed_human_target
Luck2020	Nature_supplement_2020-04-08	negative_evidence	Ensembl	ENSG00000167995	ENSG00000167995	false	6	A0A0C4DGE9;E9PMB5;F6SS56;O76090	O76090	O76090	accepted	unique_reviewed_human_target
Luck2020	Nature_supplement_2020-04-08	negative_evidence	Ensembl	ENSG00000167996	ENSG00000167996	false	3	A0ACI8R4N0;A0ACI8RSQ0;A0ACI8RY10;A0ACI8SCA2;E9PK45;E9PKM5;E9PKY7;E9PPQ4;E9PQR3;E9PRK8;G3V192;G3V1D1;P02794	P02794	P02794	accepted	unique_reviewed_human_target
Luck2020	Nature_supplement_2020-04-08	negative_evidence	Ensembl	ENSG00000168040	ENSG00000168040	false	3	A0ACI8TP51;Q13158	Q13158	Q13158	accepted	unique_reviewed_human_target
Luck2020	Nature_supplement_2020-04-08	negative_evidence	Ensembl	ENSG00000168067	ENSG00000168067	false	3	A0ACI8QKW7;A0ACI8QNU5;A0ACI8T8B5;A0ACI8T8H1;A0ACI8UA50;A0ACI8UCH5;A0ACI8UCV1;C9JCU6;F2Z2B3;F8WCP4;H7C208;Q12851	Q12851	Q12851	accepted	unique_reviewed_human_target
Luck2020	Nature_supplement_2020-04-08	negative_evidence	Ensembl	ENSG00000168216	ENSG00000168216	false	2	A0A3B3IRL1;A0A3B3IRN0;A0A3B3IRS7;A0A3B3IS10;A0A3B3IS99;A0A3B3IT31;A0A3B3IT65;A0A3B3ITM4;A0A3B3ITP2;A0A3B3ITR7;A0A3B3IU68;A0A3B3IU91;A0A3B3IU99;A0A3F2YP66;A0A494C126;A0ACI8PT19;A0ACI8PYT0;A0ACI8QHD6;A0ACI8QS72;A0ACI8S424;A0ACI8TRP8;Q9NUN5	Q9NUN5	Q9NUN5	accepted	unique_reviewed_human_target
Luck2020	Nature_supplement_2020-04-08	negative_evidence	Ensembl	ENSG00000168259	ENSG00000168259	false	2	A0A6I8PIK4;A0A6I8PLE7;A0A6I8PR89;A0A6I8PR93;A0A6I8PRZ0;A0A6I8PS32;A0A6I8PU73;A0A6I8PU89;A0A6I8PUC2;A0A6I8PUD4;A0ACI8QYD0;A0ACI8QZ63;A0ACI8SGD3;A0ACI8VN16;K7EIH8;K7EJE9;K7EJL5;K7EJV7;K7EK03;K7ELJ8;K7EN19;K7ENB7;K7EPP7;K7EQ73;K7ER44;K7ESP1;Q99615	Q99615	Q99615	accepted	unique_reviewed_human_target
Luck2020	Nature_supplement_2020-04-08	negative_evidence	Ensembl	ENSG00000168291	ENSG00000168291	false	6	A0ACI8R6U8;A0ACI8R6V2;A0ACI8RJW2;A0ACI8RRK7;A0ACI8RVH4;A0ACI8S669;A0ACI8SH32;A0ACI8V6N5;A0ACI8VAW5;C9J634;F8WF02;P11177	P11177	P11177	accepted	unique_reviewed_human_target
Luck2020	Nature_supplement_2020-04-08	negative_evidence	Ensembl	ENSG00000168314	ENSG00000168314	false	6	A0ACI8P8Y1;C9JAR7;C9JLT8;Q13875	Q13875	Q13875	accepted	unique_reviewed_human_target
Luck2020	Nature_supplement_2020-04-08	negative_evidence	Ensembl	ENSG00000168530	ENSG00000168530	false	4	A0ACI8V319;P05976	P05976	P05976	accepted	unique_reviewed_human_target
Luck2020	Nature_supplement_2020-04-08	negative_evidence	Ensembl	ENSG00000168824	ENSG00000168824	false	2	A0ACI8RL36;A0ACI8VEV7;P42857	P42857	P42857	accepted	unique_reviewed_human_target
Luck2020	Nature_supplement_2020-04-08	negative_evidence	Ensembl	ENSG00000168843	ENSG00000168843	false	3	A0ACI8R3V8;Q8N475	Q8N475	Q8N475	accepted	unique_reviewed_human_target
Luck2020	Nature_supplement_2020-04-08	negative_evidence	Ensembl	ENSG00000168917	ENSG00000168917	false	6	Q8TBE7	Q8TBE7	Q8TBE7	accepted	unique_reviewed_human_target
Luck2020	Nature_supplement_2020-04-08	negative_evidence	Ensembl	ENSG00000168952	ENSG00000168952	false	2	A0ACI8QIR5;A0ACI8RCH1;F8VZZ2;Q8NFX7	Q8NFX7	Q8NFX7	accepted	unique_reviewed_human_target
Luck2020	Nature_supplement_2020-04-08	negative_evidence	Ensembl	ENSG00000168993	ENSG00000168993	false	2	D6RAG3;D6RI11;O14810	O14810	O14810	accepted	unique_reviewed_human_target
Luck2020	Nature_supplement_2020-04-08	negative_evidence	Ensembl	ENSG00000169087	ENSG00000169087	false	3	A0ACI8PV35;A0ACI8Q0R8;A0ACI8QJT2;A0ACI8S584;A0ACI8TUU8;A0ACI8TUX2;A0ACI8TUZ1;A0ACI8TUZ7;A0ACI8VLP9;Q96EW2	Q96EW2	Q96EW2	accepted	unique_reviewed_human_target
Luck2020	Nature_supplement_2020-04-08	negative_evidence	Ensembl	ENSG00000169155	ENSG00000169155	false	2	O43298;Q5JU97	O43298	O43298	accepted	unique_reviewed_human_target
Luck2020	Nature_supplement_2020-04-08	negative_evidence	Ensembl	ENSG00000169213	ENSG00000169213	false	5	P20337	P20337	P20337	accepted	unique_reviewed_human_target
Luck2020	Nature_supplement_2020-04-08	negative_evidence	Ensembl	ENSG00000169231	ENSG00000169231	false	2	A0ACI8R6Q2;A0ACI8RTB6;A0ACI8S5W3;A0ACI8S6M5;A0ACI8V7B7;A0ACI8V7C9;A0ACI8V911;F5H4Z8;F6X1I5;I3L0G5;P49746	P49746	P49746	accepted	unique_reviewed_human_target
Luck2020	Nature_supplement_2020-04-08	negative_evidence	Ensembl	ENSG00000169248	ENSG00000169248	false	6	O14625	O14625	O14625	accepted	unique_reviewed_human_target
Luck2020	Nature_supplement_2020-04-08	negative_evidence	Ensembl	ENSG00000169291	ENSG00000169291	false	2	A0ACI8V332;A0ACI8V334;H0YJQ6;H0YJR4;Q5VZ18	Q5VZ18	Q5VZ18	accepted	unique_reviewed_human_target
Luck2020	Nature_supplement_2020-04-08	negative_evidence	Ensembl	ENSG00000169314	ENSG00000169314	false	6	A0ACI8PXP8;A0ACI8S0S5;A0ACI8TRJ4;A0ACI8TRJ7;A0ACI8TRL1;A0ACI8TRW1;A0ACI8TS02;A0ACI8UW59;F8W7S3;Q8WYQ4	Q8WYQ4	Q8WYQ4	accepted	unique_reviewed_human_target
Luck2020	Nature_supplement_2020-04-08	negative_evidence	Ensembl	ENSG00000169495	ENSG00000169495	false	3	P83105	P83105	P83105	accepted	unique_reviewed_human_target
Luck2020	Nature_supplement_2020-04-08	negative_evidence	Ensembl	ENSG00000169554	ENSG00000169554	false	2	A0A0D9SF71;A0A0D9SF74;A0A0D9SG93;A0A0D9SGG5;A0A0R4J2E3;A0A1B0GTH3;A0A1B0GUM8;A0A1B0GV02;A0A1B0GVV8;A0A1B0GW50;A0A1B0GWA7;A0A1W2PS25;A0A1X7SC99;A0A2R8YDQ8;A0A6Q8PH34;A0A8I5KV18;C9JU62;C9JUQ1;E7ESP8;E7EUW9;E7EVG9;H7C0G0;O60315;U3KPV5;U3KPX6;U3KQ33;U3KQ51	O60315	O60315	accepted	unique_reviewed_human_target
Luck2020	Nature_supplement_2020-04-08	negative_evidence	Ensembl	ENSG00000169635	ENSG00000169635	false	5	Q96JB3	Q96JB3	Q96JB3	accepted	unique_reviewed_human_target
Luck2020	Nature_supplement_2020-04-08	negative_evidence	Ensembl	ENSG00000169826	ENSG00000169826	false	6	A0ACI8R5K4;A0ACI8RQS5;A0ACI8U7B3;Q8N6G5	Q8N6G5	Q8N6G5	accepted	unique_reviewed_human_target
Luck2020	Nature_supplement_2020-04-08	negative_evidence	Ensembl	ENSG00000169862	ENSG00000169862	false	3	A0A994J5I1;A0A994J5V2;A0A994J833;A0ACI8T7S6;A0ACI8UWK3;D6RBA8;D6RC65;D6RF55;D6RHE9;E7EPC8;E9PHB5;F6TPV3;Q9UQB3	Q9UQB3	Q9UQB3	accepted	unique_reviewed_human_target
Luck2020	Nature_supplement_2020-04-08	negative_evidence	Ensembl	ENSG00000169903	ENSG00000169903	false	6	A0ACI8Q695;C9JVD2;P48230	P48230	P48230	accepted	unique_reviewed_human_target
Luck2020	Nature_supplement_2020-04-08	negative_evidence	Ensembl	ENSG00000169989	ENSG00000169989	false	2	Q8IY51	Q8IY51	Q8IY51	accepted	unique_reviewed_human_target
Luck2020	Nature_supplement_2020-04-08	negative_evidence	Ensembl	ENSG00000170153	ENSG00000170153	false	2	D6RIE5;Q9ULK6	Q9ULK6	Q9ULK6	accepted	unique_reviewed_human_target
Luck2020	Nature_supplement_2020-04-08	negative_evidence	Ensembl	ENSG00000170323	ENSG00000170323	false	3	A0ACI8UX73;A0ACI8UX96;A0ACI8UXE6;A0ACI8V135;E5RIR0;P15090	P15090	P15090	accepted	unique_reviewed_human_target
Luck2020	Nature_supplement_2020-04-08	negative_evidence	Ensembl	ENSG00000170848	ENSG00000170848	false	2	B5MCE1;M0QXW0;M0QZA7;M0R314;Q00889	Q00889	Q00889	accepted	unique_reviewed_human_target
Luck2020	Nature_supplement_2020-04-08	negative_evidence	Ensembl	ENSG00000170860	ENSG00000170860	false	4	A0ACI8RCN8;A0ACI8RXU8;P62310	P62310	P62310	accepted	unique_reviewed_human_target
Luck2020	Nature_supplement_2020-04-08	negative_evidence	Ensembl	ENSG00000171097	ENSG00000171097	false	3	A0ACI8QKD0;A0ACI8QKG9;A0ACI8VA67;A0ACI8VA92;A0ACI8VDF5;A0ACI8VEA2;J3KQH8;Q16773;Q5T276;Q5T277;Q5T278	Q16773	Q16773	accepted	unique_reviewed_human_target
Luck2020	Nature_supplement_2020-04-08	negative_evidence	Ensembl	ENSG00000171133	ENSG00000171133	false	2	A0A494BX18;Q8NGT1	Q8NGT1	Q8NGT1	accepted	unique_reviewed_human_target
Luck2020	Nature_supplement_2020-04-08	negative_evidence	Ensembl	ENSG00000171180	ENSG00000171180	false	3	Q96R27	Q96R27	Q96R27	accepted	unique_reviewed_human_target
Luck2020	Nature_supplement_2020-04-08	negative_evidence	Ensembl	ENSG00000171195	ENSG00000171195	false	6	D6RHX1;Q8TAX7	Q8TAX7	Q8TAX7	accepted	unique_reviewed_human_target
Luck2020	Nature_supplement_2020-04-08	negative_evidence	Ensembl	ENSG00000171204	ENSG00000171204	false	3	E9PJQ6;E9PKZ7;E9PKZ9;H0YD74;H0YEG5;Q8IUX1	Q8IUX1	Q8IUX1	accepted	unique_reviewed_human_target
Luck2020	Nature_supplement_2020-04-08	negative_evidence	Ensembl	ENSG00000171224	ENSG00000171224	false	2	Q5VVH9;Q96D05	Q96D05	Q96D05	accepted	unique_reviewed_human_target
Luck2020	Nature_supplement_2020-04-08	negative_evidence	Ensembl	ENSG00000171295	ENSG00000171295	false	6	C9J3D9;C9JG89;C9JV94;K7EJ55;Q8IYI8	Q8IYI8	Q8IYI8	accepted	unique_reviewed_human_target
Luck2020	Nature_supplement_2020-04-08	negative_evidence	Ensembl	ENSG00000171360	ENSG00000171360	false	2	O76015	O76015	O76015	accepted	unique_reviewed_human_target
Luck2020	Nature_supplement_2020-04-08	negative_evidence	Ensembl	ENSG00000171401	ENSG00000171401	false	3	A0ACI8VL52;K7EMD9;K7EMJ2;K7EQH6;K7ERE3;P13646	P13646	P13646	accepted	unique_reviewed_human_target
Luck2020	Nature_supplement_2020-04-08	negative_evidence	Ensembl	ENSG00000171402	ENSG00000171402	false	2	Q8WTP9	Q8WTP9	Q8WTP9	accepted	unique_reviewed_human_target
Luck2020	Nature_supplement_2020-04-08	negative_evidence	Ensembl	ENSG00000171522	ENSG00000171522	false	3	A0ACI8VDY2;P35408	P35408	P35408	accepted	unique_reviewed_human_target
Luck2020	Nature_supplement_2020-04-08	negative_evidence	Ensembl	ENSG00000171564	ENSG00000171564	false	3	A0ACI8R0S8;A0ACI8RA68;A0ACI8RFX0;A0ACI8RJE9;A0ACI8RVZ9;A0ACI8S7E7;A0ACI8S821;A0ACI8SD32;A0ACI8SGZ4;D6REL8;F8W6P4;P02675	P02675	P02675	accepted	unique_reviewed_human_target
Luck2020	Nature_supplement_2020-04-08	negative_evidence	Ensembl	ENSG00000171631	ENSG00000171631	false	6	A0A7P0TA46;F5GX90;F5GYF3;F5H7H9;Q15077	Q15077	Q15077	accepted	unique_reviewed_human_target
Luck2020	Nature_supplement_2020-04-08	negative_evidence	Ensembl	ENSG00000171772	ENSG00000171772	false	3	A0A0A0MT28;A0A0B4J1R9;A0ACI8PFZ8;A0ACI8PUJ9;A0ACI8QBZ6;A0ACI8QNK6;A0ACI8QWL3;Q8N0S2	Q8N0S2	Q8N0S2	accepted	unique_reviewed_human_target
Luck2020	Nature_supplement_2020-04-08	negative_evidence	Ensembl	ENSG00000171819	ENSG00000171819	false	3	O43827	O43827	O43827	accepted	unique_reviewed_human_target
Luck2020	Nature_supplement_2020-04-08	negative_evidence	Ensembl	ENSG00000171824	ENSG00000171824	false	2	A0ACI8PLP7;A0ACI8QJD6;A0ACI8R524;A0ACI8T1X0;A0ACI8T1X1;A0ACI8T1X4;A0ACI8T1Y6;A0ACI8T200;A0ACI8T216;A0ACI8T221;A0ACI8VLP7;A0ACI8VLR3;A0ACI8VLR7;A0ACI8VLZ4;K7EJ37;Q01780	Q01780	Q01780	accepted	unique_reviewed_human_target
Luck2020	Nature_supplement_2020-04-08	negative_evidence	Ensembl	ENSG00000171962	ENSG00000171962	false	2	A0ACI8Q8A6;A0ACI8R8Q8;A0ACI8RIJ1;A0ACI8RL16;A0ACI8UGF2;A0ACI8UH11;A0ACI8UHM4;J3KRB8;J3KRN8;J3QR90;J3QRC9;J3QRH8;J3QS14;J3QSG4;K7EJT6;Q9H069	Q9H069	Q9H069	accepted	unique_reviewed_human_target
Luck2020	Nature_supplement_2020-04-08	negative_evidence	Ensembl	ENSG00000172215	ENSG00000172215	false	2	O00574	O00574	O00574	accepted	unique_reviewed_human_target
Luck2020	Nature_supplement_2020-04-08	negative_evidence	Ensembl	ENSG00000172375	ENSG00000172375	false	1	A0ACI8PF27;A0ACI8PSH2;A0ACI8QD28;A0ACI8QL50;A0ACI8QLI9;A0ACI8R4G1;A0ACI8RME8;A0ACI8RWA2;A0ACI8TZL9;A0ACI8UBA3;A0ACI8UBA7;A0ACI8UBA9;A0ACI8UBB9;E9PK05;O14523	O14523	O14523	accepted	unique_reviewed_human_target
Luck2020	Nature_supplement_2020-04-08	negative_evidence	Ensembl	ENSG00000172531	ENSG00000172531	false	5	A0A7I2V4F7;A0ACI8QLL8;A0ACI8RN03;A0ACI8RUQ6;A0ACI8S3F4;A0ACI8SC77;A0ACI8SFK8;A0ACI8TJU9;A0ACI8TJV4;A0ACI8TJW5;A0ACI8TJX0;A0ACI8TK18;E9PMD7;P62136	P62136	P62136	accepted	unique_reviewed_human_target
Luck2020	Nature_supplement_2020-04-08	negative_evidence	Ensembl	ENSG00000172578	ENSG00000172578	false	6	A0A0C4DGF2;Q8WZ60	Q8WZ60	Q8WZ60	accepted	unique_reviewed_human_target
Luck2020	Nature_supplement_2020-04-08	negative_evidence	Ensembl	ENSG00000172725	ENSG00000172725	false	3	A0A087WW53;A0ACI8QWT7;A0ACI8RH29;A0ACI8SC49;A0ACI8SX31;A0ACI8SXB1;A0ACI8SXJ2;A0ACI8SXP1;A0ACI8UVF7;A0ACI8UVG6;A0ACI8UVG9;F5H0D2;F5H390;Q9BR76	Q9BR76	Q9BR76	accepted	unique_reviewed_human_target
Luck2020	Nature_supplement_2020-04-08	negative_evidence	Ensembl	ENSG00000172845	ENSG00000172845	false	3	A0A494C070;A0A494C0Z6;A0A494C1G8;H0Y6K5;H0Y7L6;Q02447	Q02447	Q02447	accepted	unique_reviewed_human_target
Luck2020	Nature_supplement_2020-04-08	negative_evidence	Ensembl	ENSG00000173163	ENSG00000173163	false	3	A0ACI8QZ51;A0ACI8S2C3;H0Y7J4;H7C169;H7C377;Q8N668	Q8N668	Q8N668	accepted	unique_reviewed_human_target
Luck2020	Nature_supplement_2020-04-08	negative_evidence	Ensembl	ENSG00000173226	ENSG00000173226	false	3	A0ACI8T721;A0ACI8T790;A0ACI8VH34;A0ACI8VH95;C9J6Z7;C9JVC4;C9JXD7;Q15051	Q15051	Q15051	accepted	unique_reviewed_human_target
Luck2020	Nature_supplement_2020-04-08	negative_evidence	Ensembl	ENSG00000173421	ENSG00000173421	false	2	Q8IYA8	Q8IYA8	Q8IYA8	accepted	unique_reviewed_human_target
Luck2020	Nature_supplement_2020-04-08	negative_evidence	Ensembl	ENSG00000173480	ENSG00000173480	false	2	M0QXH9;M0R0M6;M0R0V5;M0R178;M0R230;M0R267;Q8TAU3	Q8TAU3	Q8TAU3	accepted	unique_reviewed_human_target
Luck2020	Nature_supplement_2020-04-08	negative_evidence	Ensembl	ENSG00000173821	ENSG00000173821	false	2	A0A0A0MTC1;A0A0A0MTR7;I3L3H9;Q63HN8	Q63HN8	Q63HN8	accepted	unique_reviewed_human_target
Luck2020	Nature_supplement_2020-04-08	negative_evidence	Ensembl	ENSG00000174059	ENSG00000174059	false	3	A0ACI8V9G4;A0ACI8VCB7;P28906;Q5JTA5	P28906	P28906	accepted	unique_reviewed_human_target
Luck2020	Nature_supplement_2020-04-08	negative_evidence	Ensembl	ENSG00000174125	ENSG00000174125	false	3	D6RA99;D6RAP2;D6RCE8;D6RF68;Q15399	Q15399	Q15399	accepted	unique_reviewed_human_target
Luck2020	Nature_supplement_2020-04-08	negative_evidence	Ensembl	ENSG00000174165	ENSG00000174165	false	3	E9PI61;E9PLR9;Q6UX98	Q6UX98	Q6UX98	accepted	unique_reviewed_human_target
Luck2020	Nature_supplement_2020-04-08	negative_evidence	Ensembl	ENSG00000174547	ENSG00000174547	false	4	A0ACI8RA56;A0ACI8S0W5;A0ACI8STC2;A0ACI8STC4;A0ACI8STJ7;A0ACI8STJ8;A0ACI8U8F5;E9PQB6;H0YCD5;Q9Y3B7	Q9Y3B7	Q9Y3B7	accepted	unique_reviewed_human_target
Luck2020	Nature_supplement_2020-04-08	negative_evidence	Ensembl	ENSG00000174808	ENSG00000174808	false	6	A0ACI8UN97;H0Y8Q5;P35070	P35070	P35070	accepted	unique_reviewed_human_target
Luck2020	Nature_supplement_2020-04-08	negative_evidence	Ensembl	ENSG00000175018	ENSG00000175018	false	1	E9PJL2;E9PR91;Q5VZQ5	Q5VZQ5	Q5VZQ5	accepted	unique_reviewed_human_target
Luck2020	Nature_supplement_2020-04-08	negative_evidence	Ensembl	ENSG00000175029	ENSG00000175029	false	2	A0A087WYL1;A0ACI8S335;A0ACI8TE58;P56545	P56545	P56545	accepted	unique_reviewed_human_target
Luck2020	Nature_supplement_2020-04-08	negative_evidence	Ensembl	ENSG00000175063	ENSG00000175063	false	4	A0A087WVK1;A0A0A0MSE8;A0ACI8TRQ9;A0ACI8TRV6;A0ACI8TSJ6;K4DI81;O00762	O00762	O00762	accepted	unique_reviewed_human_target
Luck2020	Nature_supplement_2020-04-08	negative_evidence	Ensembl	ENSG00000175097	ENSG00000175097	false	3	E9PPU5;E9PQB9;P55895	P55895	P55895	accepted	unique_reviewed_human_target
Luck2020	Nature_supplement_2020-04-08	negative_evidence	Ensembl	ENSG00000175329	ENSG00000175329	false	2	A0ACI8RTH3;A0ACI8UZ60;Q2M1V0	Q2M1V0	Q2M1V0	accepted	unique_reviewed_human_target
Luck2020	Nature_supplement_2020-04-08	negative_evidence	Ensembl	ENSG00000175390	ENSG00000175390	false	2	A0A1W2PP79;A0A7I2V4S2;A0A7I2YQA0;A0ACI8SZU8;A0ACI8SZV0;A0ACI8SZW1;A0ACI8SZY8;E9PQV8;H0YDT6;O00303	O00303	O00303	accepted	unique_reviewed_human_target
Luck2020	Nature_supplement_2020-04-08	negative_evidence	Ensembl	ENSG00000175895	ENSG00000175895	false	3	Q9H8W4	Q9H8W4	Q9H8W4	accepted	unique_reviewed_human_target
Luck2020	Nature_supplement_2020-04-08	negative_evidence	Ensembl	ENSG00000176020	ENSG00000176020	false	2	Q86WK7	Q86WK7	Q86WK7	accepted	unique_reviewed_human_target
Luck2020	Nature_supplement_2020-04-08	negative_evidence	Ensembl	ENSG00000176153	ENSG00000176153	false	5	G3V323;G3V4J6;H0YJK8;P18283	P18283	P18283	accepted	unique_reviewed_human_target
Luck2020	Nature_supplement_2020-04-08	negative_evidence	Ensembl	ENSG00000176170	ENSG00000176170	false	3	A0ACI8QBI8;A0ACI8SDI1;K7EJ32;K7EMA4;Q9NYA1	Q9NYA1	Q9NYA1	accepted	unique_reviewed_human_target
Luck2020	Nature_supplement_2020-04-08	negative_evidence	Ensembl	ENSG00000176723	ENSG00000176723	false	2	H3BQN5;Q8N446	Q8N446	Q8N446	accepted	unique_reviewed_human_target
Luck2020	Nature_supplement_2020-04-08	negative_evidence	Ensembl	ENSG00000176945	ENSG00000176945	false	3	A0ACI8PMK0;C9JJE7;H7C102;Q8N307	Q8N307	Q8N307	accepted	unique_reviewed_human_target
Luck2020	Nature_supplement_2020-04-08	negative_evidence	Ensembl	ENSG00000177542	ENSG00000177542	false	2	A0A0A6YYN8;A0A0D9SEI9;A0A0D9SFA8;A0A0D9SFE1;A0A0D9SG84;A0ACI8RVA5;A0ACI8TXP3;A0ACI8UKK1;A0ACI8UKV0;E9PI74;E9PJH7;E9PJY0;E9PQ36;E9PS95;K4DIA2;K4DIA8;K4DIB0;K4DIB3;K4DIB4;K4DIB6;K4DIB8;Q9H936	Q9H936	Q9H936	accepted	unique_reviewed_human_target
Luck2020	Nature_supplement_2020-04-08	negative_evidence	Ensembl	ENSG00000177565	ENSG00000177565	false	1	A0A0D9SEW5;A0A0D9SF25;A0A0D9SF63;A0A0D9SFI2;A0A1B0GUU2;A0A1B0GVH3;A0ACI8S5L5;A0ACI8VRA0;C9IYU9;C9J3H2;C9J7E1;C9J903;C9JBN1;C9JCK0;C9JCW4;C9JEC9;C9JLJ1;C9JTW8;Q9BZK7	Q9BZK7	Q9BZK7	accepted	unique_reviewed_human_target
Luck2020	Nature_supplement_2020-04-08	negative_evidence	Ensembl	ENSG00000177697	ENSG00000177697	false	9	A0ACI8QD24;A0ACI8R5G1;A0ACI8RM08;A0ACI8SYV9;A0ACI8SYW0;A0ACI8SZ22;A0ACI8SZ34;A0ACI8UDC7;A0ACI8UDE3;A0ACI8UDG2;E9PJC8;E9PJE8;E9PK37;E9PLZ6;E9PMR4;E9PP93;E9PRJ3;E9PSA1;K4DIA7;K4DIB7;P48509	P48509	P48509	accepted	unique_reviewed_human_target
Luck2020	Nature_supplement_2020-04-08	negative_evidence	Ensembl	ENSG00000178084	ENSG00000178084	false	3	Q8WXA8	Q8WXA8	Q8WXA8	accepted	unique_reviewed_human_target
Luck2020	Nature_supplement_2020-04-08	negative_evidence	Ensembl	ENSG00000178096	ENSG00000178096	false	5	Q9Y3E2	Q9Y3E2	Q9Y3E2	accepted	unique_reviewed_human_target
Luck2020	Nature_supplement_2020-04-08	negative_evidence	Ensembl	ENSG00000178105	ENSG00000178105	false	2	A0A3B3ISR7;A0A8I5KPM1;A0A8I5KQZ1;A0A8I5KSH6;A0A8I5KUU7;A0A8I5KXY1;A0ACI8U374;A0ACI8U407;A0ACI8U412;E9PIF2;Q13206	Q13206	Q13206	accepted	unique_reviewed_human_target
Luck2020	Nature_supplement_2020-04-08	negative_evidence	Ensembl	ENSG00000178149	ENSG00000178149	false	2	A0A096LNZ3;A0ACI8PQU4;A0ACI8PSU9;A0ACI8ST21;A0ACI8ST43;A0ACI8VJA5;A0ACI8VJK0;A0ACI8VMY4;A0ACI8VNC6;C9JA38;C9JJG6;H7C0T8;Q5D0E6	Q5D0E6	Q5D0E6	accepted	unique_reviewed_human_target
Luck2020	Nature_supplement_2020-04-08	negative_evidence	Ensembl	ENSG00000178773	ENSG00000178773	false	3	A0ACI8PAU3;A0ACI8TV01;A0ACI8TV14;A0ACI8TWI0;A0ACI8UVF4;E9PJ31;H0YE30;H0YEH8;H3BP03;Q9UBL6	Q9UBL6	Q9UBL6	accepted	unique_reviewed_human_target
Luck2020	Nature_supplement_2020-04-08	negative_evidence	Ensembl	ENSG00000179021	ENSG00000179021	false	2	A0ACI8QJ37;A0ACI8RTA5;E9PFZ1;Q5JPI3	Q5JPI3	Q5JPI3	accepted	unique_reviewed_human_target
Luck2020	Nature_supplement_2020-04-08	negative_evidence	Ensembl	ENSG00000180198	ENSG00000180198	false	6	A0ACI8QUG7;A0ACI8RSS3;A0ACI8S699;A0ACI8SGJ2;A0ACI8THR8;A0ACI8THS6;A0ACI8THU2;A0ACI8TJ58;A0ACI8TJI3;A0ACI8TJM4;A0ACI8TJU2;A0ACI8UQ88;A0ACI8UQC8;C9J3R0;C9JMJ4;C9JQZ4;C9JRH2;C9JW69;M0R1Q8;P18754	P18754	P18754	accepted	unique_reviewed_human_target
Luck2020	Nature_supplement_2020-04-08	negative_evidence	Ensembl	ENSG00000180259	ENSG00000180259	false	3				quarantine	unmapped_in_pinned_uniprot_release
Luck2020	Nature_supplement_2020-04-08	negative_evidence	Ensembl	ENSG00000180353	ENSG00000180353	false	3	A0ACI8RZS4;A0ACI8SAF5;A0ACI8SHD9;A0ACI8TJF2;A0ACI8VCH6;E7EVW7;F8WDD5;F8WEZ6;P14317	P14317	P14317	accepted	unique_reviewed_human_target
Luck2020	Nature_supplement_2020-04-08	negative_evidence	Ensembl	ENSG00000180354	ENSG00000180354	false	8	C9JBT1;Q8N3F0	Q8N3F0	Q8N3F0	accepted	unique_reviewed_human_target
Luck2020	Nature_supplement_2020-04-08	negative_evidence	Ensembl	ENSG00000180448	ENSG00000180448	false	2	A0A087X1A3;A0ACI8Q5T4;A0ACI8QPC4;A0ACI8QVV1;A0ACI8S312;A0ACI8S6G8;A0ACI8V9F8;F5H1R4;K7EM55;K7EM85;K7EQA4;K7ES92;K7ES98;Q92619	Q92619	Q92619	accepted	unique_reviewed_human_target
Luck2020	Nature_supplement_2020-04-08	negative_evidence	Ensembl	ENSG00000181135	ENSG00000181135	false	2	A0A2R8YE36;A0ACI8VMJ8;E9PHZ0;E9PJ46;E9PKX4;E9PNV7;E9PP66;E9PPS7;E9PQ20;E9PS67;Q96C28	Q96C28	Q96C28	accepted	unique_reviewed_human_target
Luck2020	Nature_supplement_2020-04-08	negative_evidence	Ensembl	ENSG00000181315	ENSG00000181315	false	2	C9JP13;Q6U7Q0	Q6U7Q0	Q6U7Q0	accepted	unique_reviewed_human_target
Luck2020	Nature_supplement_2020-04-08	negative_evidence	Ensembl	ENSG00000181378	ENSG00000181378	false	2	C9JIV0;C9JLP9;C9JVA0;H7C0B4;Q49A14;Q6ZU64	Q6ZU64	Q6ZU64	accepted	unique_reviewed_human_target
Luck2020	Nature_supplement_2020-04-08	negative_evidence	Ensembl	ENSG00000181544	ENSG00000181544	false	2	A0A2R8YDV8;A0A8Q3SIN2;A0A8Q3SJA8;A0A8Q3WL55;A0A8Q3WL61;A0A8Q3WL66;A0A8Q3WLR5;A0ACI8SXB9;C9J5X9;Q8NB91	Q8NB91	Q8NB91	accepted	unique_reviewed_human_target
Luck2020	Nature_supplement_2020-04-08	negative_evidence	Ensembl	ENSG00000181773	ENSG00000181773	false	2	P46089	P46089	P46089	accepted	unique_reviewed_human_target
Luck2020	Nature_supplement_2020-04-08	negative_evidence	Ensembl	ENSG00000182287	ENSG00000182287	false	5	A0A5F9ZHW1;A0A5F9ZHX2;A0A5F9ZI43;A6NH01;F6SFB5;H0Y673;H7BZG6;P56377	P56377	P56377	accepted	unique_reviewed_human_target
Luck2020	Nature_supplement_2020-04-08	negative_evidence	Ensembl	ENSG00000182389	ENSG00000182389	false	2	A0A1B0GTA9;A0A1B0GTF6;A0A1B0GTH0;A0A1B0GTK1;A0A1B0GTL1;A0A1B0GTN2;A0A1B0GTN8;A0A1B0GTP5;A0A1B0GTP6;A0A1B0GTS4;A0A1B0GTX2;A0A1B0GTX6;A0A1B0GTX8;A0A1B0GU05;A0A1B0GU07;A0A1B0GU32;A0A1B0GU42;A0A1B0GU53;A0A1B0GUI5;A0A1B0GUI8;A0A1B0GUJ7;A0A1B0GUK3;A0A1B0GUK4;A0A1B0GUM9;A0A1B0GUU5;A0A1B0GUU8;A0A1B0GUW8;A0A1B0GV16;A0A1B0GVB2;A0A1B0GVF0;A0A1B0GVG1;A0A1B0GVG9;A0A1B0GVP7;A0A1B0GVT6;A0A1B0GVU5;A0A1B0GW58;A0A1B0GW63;A0A1B0GW81;A0A1B0GWF9;A0A1B0GWG5;A0A1B0GXG0;A0A1C7CYX2;C9J224;E7EN11;H0Y476;O00305	O00305	O00305	accepted	unique_reviewed_human_target
Luck2020	Nature_supplement_2020-04-08	negative_evidence	Ensembl	ENSG00000182628	ENSG00000182628	false	3	A0ACI8SSZ9;J3KRW9;J3KRZ0;J3KSP0;J3KTC5;J3QKN8;J3QL03;J3QS74;Q8WVK7	Q8WVK7	Q8WVK7	accepted	unique_reviewed_human_target
Luck2020	Nature_supplement_2020-04-08	negative_evidence	Ensembl	ENSG00000182870	ENSG00000182870	false	2	A0ACI8VCS0;A0ACI8VCS5;F5H317;F5H557;H3BM10;J3KNN1;Q9HCQ5	Q9HCQ5	Q9HCQ5	accepted	unique_reviewed_human_target
Luck2020	Nature_supplement_2020-04-08	negative_evidence	Ensembl	ENSG00000183010	ENSG00000183010	false	2	E2QRB3;J3KQ22;J3KSA9;J3KTA8;J3QKT3;J3QKT4;J3QL23;J3QL24;J3QL32;J3QLK9;J3QR88;J3QRZ0;P32322	P32322	P32322	accepted	unique_reviewed_human_target
Luck2020	Nature_supplement_2020-04-08	negative_evidence	Ensembl	ENSG00000183032	ENSG00000183032	false	5	Q9BQT8	Q9BQT8	Q9BQT8	accepted	unique_reviewed_human_target
Luck2020	Nature_supplement_2020-04-08	negative_evidence	Ensembl	ENSG00000183044	ENSG00000183044	false	2	A0ACI8RF53;A0ACI8RZM6;A0ACI8S9Q6;H3BMJ9;H3BNQ7;H3BP74;H3BP84;H3BPW8;H3BRJ1;H3BRN4;H3BRT1;P80404	P80404	P80404	accepted	unique_reviewed_human_target
Luck2020	Nature_supplement_2020-04-08	negative_evidence	Ensembl	ENSG00000183072	ENSG00000183072	false	6	E5RH49;P52952	P52952	P52952	accepted	unique_reviewed_human_target
Luck2020	Nature_supplement_2020-04-08	negative_evidence	Ensembl	ENSG00000183077	ENSG00000183077	false	4	A0ACI8PAN3;A0ACI8PAV0;A0ACI8PB94;A0ACI8PC11;A0ACI8PEF3;A0ACI8PEL8;A0ACI8PHZ9;A0ACI8PKQ2;A0ACI8PNT5;A0ACI8PRA9;A0ACI8PWS6;A0ACI8PYE3;A0ACI8Q5K7;A0ACI8QG21;A0ACI8QGW8;A0ACI8QNV0;A0ACI8QTQ1;A0ACI8R7I9;A0ACI8RBZ8;A0ACI8RH66;A0ACI8RIK4;A0ACI8RP37;A0ACI8RT57;A0ACI8SKY3;A0ACI8VC66;K7EIX3;K7EK09;K7ELV9;K7EMI4;K7EMM5;K7EPF8;K7EQK5;Q63HM1;W4VSQ7	Q63HM1	Q63HM1	accepted	unique_reviewed_human_target
Luck2020	Nature_supplement_2020-04-08	negative_evidence	Ensembl	ENSG00000183395	ENSG00000183395	false	4	P20382	P20382	P20382	accepted	unique_reviewed_human_target
Luck2020	Nature_supplement_2020-04-08	negative_evidence	Ensembl	ENSG00000183486	ENSG00000183486	false	3	A0A7P0Z4E8;A0ACI8SHX4;A0ACI8VCN6;A0ACI8VCZ0;C9J9T4;C9JEL4;C9JS04;C9JZQ9;P20592	P20592	P20592	accepted	unique_reviewed_human_target
Luck2020	Nature_supplement_2020-04-08	negative_evidence	Ensembl	ENSG00000183495	ENSG00000183495	false	2	A0A0A0MR70;A0A0A0MR72;A0A0A0MR80;A0A8V8TRJ5;A0ACI8TW64;Q96L91	Q96L91	Q96L91	accepted	unique_reviewed_human_target
Luck2020	Nature_supplement_2020-04-08	negative_evidence	Ensembl	ENSG00000183625	ENSG00000183625	false	2	F6S373;F6YDF7;P51677	P51677	P51677	accepted	unique_reviewed_human_target
Luck2020	Nature_supplement_2020-04-08	negative_evidence	Ensembl	ENSG00000184108	ENSG00000184108	false	2	Q8N9V2	Q8N9V2	Q8N9V2	accepted	unique_reviewed_human_target
Luck2020	Nature_supplement_2020-04-08	negative_evidence	Ensembl	ENSG00000184194	ENSG00000184194	false	2	J3KPD1;Q9NS66	Q9NS66	Q9NS66	accepted	unique_reviewed_human_target
Luck2020	Nature_supplement_2020-04-08	negative_evidence	Ensembl	ENSG00000184350	ENSG00000184350	false	2	Q86SM8	Q86SM8	Q86SM8	accepted	unique_reviewed_human_target
Luck2020	Nature_supplement_2020-04-08	negative_evidence	Ensembl	ENSG00000184470	ENSG00000184470	false	3	A0A096LNY7;A0A096LP96;A0A096LPB7;A0A096LPD9;A0A096LPH4;A0A096LPK7;A0A0U1RQX0;A0A182DWF2;A0A182DWF3;D3YTF8;E7EWK1;Q9NNW7	Q9NNW7	Q9NNW7	accepted	unique_reviewed_human_target
Luck2020	Nature_supplement_2020-04-08	negative_evidence	Ensembl	ENSG00000184500	ENSG00000184500	false	4	A0A3B3IRK9;A0A3B3ISJ1;A0A3B3ISQ0;A0A3B3ITZ7;A0A3B3IUA6;A0ACI8PM66;A0ACI8PX91;A0ACI8Q1F1;A0ACI8QNR8;A0ACI8QX39;A0ACI8QY29;A0ACI8R5D7;A0ACI8RAL3;A0ACI8REB3;A0ACI8RPB6;A0ACI8RUY5;A0ACI8S2P7;A0ACI8UKV8;A0ACI8UKW2;A0ACI8UL65;C9K0R0;G5E9F8;P07225	P07225	P07225	accepted	unique_reviewed_human_target
Luck2020	Nature_supplement_2020-04-08	negative_evidence	Ensembl	ENSG00000184787	ENSG00000184787	false	5	A0ACI8R4Q6;A0ACI8SQJ4;F8WCB9;F8WDB1;P60604	P60604	P60604	accepted	unique_reviewed_human_target
Luck2020	Nature_supplement_2020-04-08	negative_evidence	Ensembl	ENSG00000184900	ENSG00000184900	false	2	A0ACI8QBB3;A0ACI8QVC1;A0ACI8R152;A0ACI8S5Q7;A0ACI8TMU5;A0ACI8TN31;A8MU27;A8MUA9;P55854	P55854	P55854	accepted	unique_reviewed_human_target
Luck2020	Nature_supplement_2020-04-08	negative_evidence	Ensembl	ENSG00000185245	ENSG00000185245	false	6	P07359	P07359	P07359	accepted	unique_reviewed_human_target
Luck2020	Nature_supplement_2020-04-08	negative_evidence	Ensembl	ENSG00000185475	ENSG00000185475	false	3	A0ACI8QF43;A0ACI8QGS8;A0ACI8QZ81;A0ACI8R4Z5;A0ACI8S9X2;A0ACI8UKP1;A0ACI8UL42;A0ACI8UM32;G3V185;H0YEV1;Q7Z7N9	Q7Z7N9	Q7Z7N9	accepted	unique_reviewed_human_target
Luck2020	Nature_supplement_2020-04-08	negative_evidence	Ensembl	ENSG00000185640	ENSG00000185640	false	3	H0YID6;Q5XKE5	Q5XKE5	Q5XKE5	accepted	unique_reviewed_human_target
Luck2020	Nature_supplement_2020-04-08	negative_evidence	Ensembl	ENSG00000185650	ENSG00000185650	false	2	G3V2D5;G3V2P5;G3V515;Q07352	Q07352	Q07352	accepted	unique_reviewed_human_target
Luck2020	Nature_supplement_2020-04-08	negative_evidence	Ensembl	ENSG00000185787	ENSG00000185787	false	2	A0ABB0MUY0;A0ABB0MUY1;A0ABB0MV09;A0ABB0MVA6;A0ACI8PVT0;A0ACI8R8D8;A0ACI8RA47;A0ACI8S1U6;A0ACI8T782;A0ACI8T785;A0ACI8T787;A0ACI8UYG8;F8W738;H0YLJ3;H0YLV1;H0YM21;H0YMJ0;H0YMT8;H0YNE0;H0YNI8;H0YNX3;Q9UBU8	Q9UBU8	Q9UBU8	accepted	unique_reviewed_human_target
Luck2020	Nature_supplement_2020-04-08	negative_evidence	Ensembl	ENSG00000185880	ENSG00000185880	false	2	A0AAQ5BHD2;A0AAQ5BHH2;A0AAQ5BHH4;A0ACI8VS41;H0YKB8;H0YL66;Q86WT6	Q86WT6	Q86WT6	accepted	unique_reviewed_human_target
Luck2020	Nature_supplement_2020-04-08	negative_evidence	Ensembl	ENSG00000185883	ENSG00000185883	false	3	H3BMY0;H3BNI4;P27449	P27449	P27449	accepted	unique_reviewed_human_target
Luck2020	Nature_supplement_2020-04-08	negative_evidence	Ensembl	ENSG00000185962	ENSG00000185962	false	6	Q5TA76	Q5TA76	Q5TA76	accepted	unique_reviewed_human_target
Luck2020	Nature_supplement_2020-04-08	negative_evidence	Ensembl	ENSG00000186340	ENSG00000186340	false	3	A0A3B3ITK0;A0A7I2V344;A0A7I2V585;A0A7I2YQ86;A0A7I2YQT6;A0ACI8TE48;A0ACI8TE87;A0ACI8TEJ4;A0ACI8VJ42;A0ACI8VJ46;P35442;Q5RI53	P35442	P35442	accepted	unique_reviewed_human_target
Luck2020	Nature_supplement_2020-04-08	negative_evidence	Ensembl	ENSG00000186723	ENSG00000186723	false	2	Q9Y4A9	Q9Y4A9	Q9Y4A9	accepted	unique_reviewed_human_target
Luck2020	Nature_supplement_2020-04-08	negative_evidence	Ensembl	ENSG00000186895	ENSG00000186895	false	9	P11487	P11487	P11487	accepted	unique_reviewed_human_target
Luck2020	Nature_supplement_2020-04-08	negative_evidence	Ensembl	ENSG00000186970	ENSG00000186970	false	2	Q3LI76	Q3LI76	Q3LI76	accepted	unique_reviewed_human_target
Luck2020	Nature_supplement_2020-04-08	negative_evidence	Ensembl	ENSG00000186998	ENSG00000186998	false	2	A0ACI8QDU0;A0ACI8QW84;A0ACI8RCZ2;A0ACI8RTN7;A0ACI8TUI9;A0ACI8TUR0;A0ACI8TUU5;A0ACI8VA72;A0ACI8VAB8;A0ACI8VAC5;A0ACI8VAC9;B0QYK2;B0QYK3;B0QYK4;B0QYK5;F8WDX7;H0Y6W4;Q96A84	Q96A84	Q96A84	accepted	unique_reviewed_human_target
Luck2020	Nature_supplement_2020-04-08	negative_evidence	Ensembl	ENSG00000187134	ENSG00000187134	false	3	A0ACI8PCF0;A0ACI8PQP7;A0ACI8Q7R0;A0ACI8QRK6;A0ACI8VPN4;A0ACI8VPY4;A6NHU4;H0Y804;Q04828	Q04828	Q04828	accepted	unique_reviewed_human_target
Luck2020	Nature_supplement_2020-04-08	negative_evidence	Ensembl	ENSG00000187223	ENSG00000187223	false	2	Q5TA82	Q5TA82	Q5TA82	accepted	unique_reviewed_human_target
Luck2020	Nature_supplement_2020-04-08	negative_evidence	Ensembl	ENSG00000187545	ENSG00000187545	false	3	O60809	O60809	O60809	accepted	unique_reviewed_human_target
Luck2020	Nature_supplement_2020-04-08	negative_evidence	Ensembl	ENSG00000187626	ENSG00000187626	false	6	A0ACI8RAX2;A0ACI8RYN4;A0ACI8TE94;A0ACI8TED3;Q969J2	Q969J2	Q969J2	accepted	unique_reviewed_human_target
Luck2020	Nature_supplement_2020-04-08	negative_evidence	Ensembl	ENSG00000187837	ENSG00000187837	false	6	P16403	P16403	P16403	accepted	unique_reviewed_human_target
Luck2020	Nature_supplement_2020-04-08	negative_evidence	Ensembl	ENSG00000187944	ENSG00000187944	false	3	A0A5K1VW65		A0A5K1VW65	accepted	unique_current_human_target_unreviewed
Luck2020	Nature_supplement_2020-04-08	negative_evidence	Ensembl	ENSG00000187954	ENSG00000187954	false	3	A0ACI8V6P3;P0DTL6	P0DTL6	P0DTL6	accepted	unique_reviewed_human_target
Luck2020	Nature_supplement_2020-04-08	negative_evidence	Ensembl	ENSG00000188060	ENSG00000188060	false	2	Q8N4Z0	Q8N4Z0	Q8N4Z0	accepted	unique_reviewed_human_target
Luck2020	Nature_supplement_2020-04-08	negative_evidence	Ensembl	ENSG00000188611	ENSG00000188611	false	3	A0A0C4DFQ8;E9PBM9;Q9NR71;V9GY52;V9GYJ5	Q9NR71	Q9NR71	accepted	unique_reviewed_human_target
Luck2020	Nature_supplement_2020-04-08	negative_evidence	Ensembl	ENSG00000188986	ENSG00000188986	false	2	A0A5H1ZRP4;Q8WX92	Q8WX92	Q8WX92	accepted	unique_reviewed_human_target
Luck2020	Nature_supplement_2020-04-08	negative_evidence	Ensembl	ENSG00000189058	ENSG00000189058	false	6	A0ACI8UV18;C9JF17;C9JX71;F8WBT9;P05090	P05090	P05090	accepted	unique_reviewed_human_target
Luck2020	Nature_supplement_2020-04-08	negative_evidence	Ensembl	ENSG00000196214	ENSG00000196214	false	2	A0A0B4J2B2;A0ACI8UPJ4;G3XAE0;M0QXI4;M0R139;M0R1P9;M0R2P3;M0R2R1;Q5HY98	Q5HY98	Q5HY98	accepted	unique_reviewed_human_target
Luck2020	Nature_supplement_2020-04-08	negative_evidence	Ensembl	ENSG00000196284	ENSG00000196284	false	1	A0A1B0GVT7;A0ACI8RXV3;O75486;Q5VWT9	O75486	O75486	accepted	unique_reviewed_human_target
Luck2020	Nature_supplement_2020-04-08	negative_evidence	Ensembl	ENSG00000196368	ENSG00000196368	false	2	Q96G61	Q96G61	Q96G61	accepted	unique_reviewed_human_target
Luck2020	Nature_supplement_2020-04-08	negative_evidence	Ensembl	ENSG00000196372	ENSG00000196372	false	1	A0ACI8QZU4;A0ACI8UYY6;A0ACI8UZ30;Q8WXK3	Q8WXK3	Q8WXK3	accepted	unique_reviewed_human_target
Luck2020	Nature_supplement_2020-04-08	negative_evidence	Ensembl	ENSG00000196418	ENSG00000196418	false	2	A0ACI8SSH4;J3QKQ6;Q15973	Q15973	Q15973	accepted	unique_reviewed_human_target
Luck2020	Nature_supplement_2020-04-08	negative_evidence	Ensembl	ENSG00000196470	ENSG00000196470	false	3	H3BU09;Q8IUQ4	Q8IUQ4	Q8IUQ4	accepted	unique_reviewed_human_target
Luck2020	Nature_supplement_2020-04-08	negative_evidence	Ensembl	ENSG00000196611	ENSG00000196611	false	3	P03956	P03956	P03956	accepted	unique_reviewed_human_target
Luck2020	Nature_supplement_2020-04-08	negative_evidence	Ensembl	ENSG00000197128	ENSG00000197128	false	2	A0A087WTB1;C9J1S5;C9JFF8;M0R084;M0R156;Q68DY9	Q68DY9	Q68DY9	accepted	unique_reviewed_human_target
Luck2020	Nature_supplement_2020-04-08	negative_evidence	Ensembl	ENSG00000197162	ENSG00000197162	false	2	A0ACI8SLM7;A8K8V0;H3BR67;I3L119	A8K8V0	A8K8V0	accepted	unique_reviewed_human_target
Luck2020	Nature_supplement_2020-04-08	negative_evidence	Ensembl	ENSG00000197170	ENSG00000197170	false	6	A0ACI8Q8N2;A0ACI8QSK1;A0ACI8R594;A0ACI8RCL8;A0ACI8S085;A0ACI8UWU8;A0ACI8UX34;A0ACI8V0R9;A0ACI8V113;A0ACI8V214;J3KSK1;J3KTJ5;O00232	O00232	O00232	accepted	unique_reviewed_human_target
Luck2020	Nature_supplement_2020-04-08	negative_evidence	Ensembl	ENSG00000197324	ENSG00000197324	false	2	A0ACI8R4Z2;A0ACI8RIK2;A0ACI8S210;A0ACI8S394;A0ACI8S5I5;A0ACI8SFW8;A0ACI8SLD6;A0ACI8SLE0;A0ACI8SLF7;A0ACI8V806;A0ACI8V888;H0YHW7;Q7Z4F1	Q7Z4F1	Q7Z4F1	accepted	unique_reviewed_human_target
Luck2020	Nature_supplement_2020-04-08	negative_evidence	Ensembl	ENSG00000197563	ENSG00000197563	false	3	A0A1W2PNH8;A0A1W2PNQ8;A0A1W2PNR0;A0A1W2PNW5;A0A1W2PPA0;A0A1W2PPB6;A0A1W2PPK6;A0A1W2PPR7;A0A1W2PQ49;A0A1W2PQA9;A0A1W2PQP4;A0A1W2PQR8;A0A1W2PQZ1;A0A1W2PR74;A0A1W2PRH3;A0A1W2PS19;A0ACI8Q6W2;A0ACI8QIF3;A0ACI8QQF5;A0ACI8R0X8;A0ACI8RU40;A0ACI8TDE7;A0ACI8TDK5;A0ACI8TED2;A0ACI8V7A1;A0ACI8V7B6;A0ACI8VBP8;A0ACI8VD22;A0ACI8VD62;K7EID9;K7EJM6;K7EL34;K7ELE1;K7EMD7;K7ENK2;K7EPJ2;K7EQG0;K7ERX5;K7ESH9;O95427	O95427	O95427	accepted	unique_reviewed_human_target
Luck2020	Nature_supplement_2020-04-08	negative_evidence	Ensembl	ENSG00000197616	ENSG00000197616	false	3	A0ACI8VGG9;A0ACI8VGH4;A0ACI8VGH7;A0ACI8VGH8;A0ACI8VGJ1;A0ACI8VGJ3;A0ACI8VGK1;A0ACI8VGK2;A0ACI8VGN3;A0ACI8VGV0;A0ACI8VK95;A0ACI8VKJ4;A0ACI8VKU6;A0ACI8VKU8;A0ACI8VKX2;A0ACI8VLC5;A0ACI8VLP5;A0ACI8VMS6;A0ACI8VMW7;A0ACI8VMX0;A0ACI8VMX2;A0ACI8VMY2;A0ACI8VMY3;P13533	P13533	P13533	accepted	unique_reviewed_human_target
Luck2020	Nature_supplement_2020-04-08	negative_evidence	Ensembl	ENSG00000197702	ENSG00000197702	false	1	A0ACI8QXL2;A0ACI8RD87;A0ACI8RKT9;A0ACI8RQR7;A0ACI8RYE5;A0ACI8S041;A0ACI8S2S7;A0ACI8SEM8;A0ACI8SKC9;A0ACI8SKH8;A0ACI8UKV2;E9PS97;Q9NVD7	Q9NVD7	Q9NVD7	accepted	unique_reviewed_human_target
Luck2020	Nature_supplement_2020-04-08	negative_evidence	Ensembl	ENSG00000197748	ENSG00000197748	false	3	A0A0C4DFU9;A0ACI8UWK7;H0Y4U9;H7BZT8;Q5TA04;Q5TA05;Q8NDM7	Q8NDM7	Q8NDM7	accepted	unique_reviewed_human_target
Luck2020	Nature_supplement_2020-04-08	negative_evidence	Ensembl	ENSG00000197771	ENSG00000197771	false	6	A0ACI8QJG2;A0ACI8R1Z0;A0ACI8RB13;A0ACI8RHE1;A0ACI8RR64;A0ACI8RWP5;A0ACI8SBL5;A0ACI8SDX4;A0ACI8U0W9;A0ACI8VJR4;A0ACI8VJZ2;Q9BTE3	Q9BTE3	Q9BTE3	accepted	unique_reviewed_human_target
Luck2020	Nature_supplement_2020-04-08	negative_evidence	Ensembl	ENSG00000197859	ENSG00000197859	false	2	A0ACI8RT34;A0ACI8USW8;A0ACI8UT05;A0ACI8UT76;A0ACI8UTQ5;B1B0D4;Q86TH1	Q86TH1	Q86TH1	accepted	unique_reviewed_human_target
Luck2020	Nature_supplement_2020-04-08	negative_evidence	Ensembl	ENSG00000197872	ENSG00000197872	false	3	C9IYV6;C9JPE5;Q9H0Q0	Q9H0Q0	Q9H0Q0	accepted	unique_reviewed_human_target
Luck2020	Nature_supplement_2020-04-08	negative_evidence	Ensembl	ENSG00000197903	ENSG00000197903	false	6	O60814	O60814	O60814	accepted	unique_reviewed_human_target
Luck2020	Nature_supplement_2020-04-08	negative_evidence	Ensembl	ENSG00000198088	ENSG00000198088	false	7	H0Y6X7;Q5JSN5;Q9H1M0	Q9H1M0	Q9H1M0	accepted	unique_reviewed_human_target
Luck2020	Nature_supplement_2020-04-08	negative_evidence	Ensembl	ENSG00000198130	ENSG00000198130	false	3	A0ACI8PMK3;A0ACI8Q4A2;A0ACI8QBV8;A0ACI8RV17;A0ACI8UZT3;B8ZZZ0;B9A058;F8W8A6;H7BYI7;H7C126;H7C1A5;Q6NVY1	Q6NVY1	Q6NVY1	accepted	unique_reviewed_human_target
Luck2020	Nature_supplement_2020-04-08	negative_evidence	Ensembl	ENSG00000198146	ENSG00000198146	false	3	H0YM59;Q6IQ21	Q6IQ21	Q6IQ21	accepted	unique_reviewed_human_target
Luck2020	Nature_supplement_2020-04-08	negative_evidence	Ensembl	ENSG00000198336	ENSG00000198336	false	2	A0A1C7CYY4;A0ACI8UTB8;A0ACI8UTM5;A0ACI8UY25;A0ACI8UY69;A0ACI8UY79;I3L1K6;I3L1R3;I3L3U1;I3L4B1;I3L532;P12829	P12829	P12829	accepted	unique_reviewed_human_target
Luck2020	Nature_supplement_2020-04-08	negative_evidence	Ensembl	ENSG00000198435	ENSG00000198435	false	3	Q7Z6K4	Q7Z6K4	Q7Z6K4	accepted	unique_reviewed_human_target
Luck2020	Nature_supplement_2020-04-08	negative_evidence	Ensembl	ENSG00000198492	ENSG00000198492	false	3	A0ACI8PVL5;Q9Y5A9;S4R3J8;S4R3V3	Q9Y5A9	Q9Y5A9	accepted	unique_reviewed_human_target
Luck2020	Nature_supplement_2020-04-08	negative_evidence	Ensembl	ENSG00000198498	ENSG00000198498	false	5	A0ACI8PZM1;A0ACI8SJK3;A0ACI8SJQ2;A0ACI8SJR1;A0ACI8SJU6;D6RA57;D6RC31;D6RE67;H0Y9X1;Q96EY4	Q96EY4	Q96EY4	accepted	unique_reviewed_human_target
Luck2020	Nature_supplement_2020-04-08	negative_evidence	Ensembl	ENSG00000198759	ENSG00000198759	false	3	A0ACI8PAX1;A0ACI8PYN7;Q8IUX8	Q8IUX8	Q8IUX8	accepted	unique_reviewed_human_target
Luck2020	Nature_supplement_2020-04-08	negative_evidence	Ensembl	ENSG00000198783	ENSG00000198783	false	7	J3QQQ3;Q96NB3	Q96NB3	Q96NB3	accepted	unique_reviewed_human_target
Luck2020	Nature_supplement_2020-04-08	negative_evidence	Ensembl	ENSG00000198844	ENSG00000198844	false	6	A0A3B3IUF8;A0ACI8PGR7;A0ACI8Q320;A0ACI8QM49;J3KT46;J3QQS4;J3QS60;O94989	O94989	O94989	accepted	unique_reviewed_human_target
Luck2020	Nature_supplement_2020-04-08	negative_evidence	Ensembl	ENSG00000198848	ENSG00000198848	false	2	A0ACI8R0V4;A0ACI8R0V6;A0ACI8R0V7;A0ACI8R0Y2;A0ACI8R0Y3;A0ACI8R100;A0ACI8R165;A0ACI8R1E4;A0ACI8R1G1;A0ACI8R1P4;A0ACI8R1R3;A0ACI8RAW1;A0ACI8RAY0;A0ACI8RFR4;A0ACI8RFS7;A0ACI8RGP1;A0ACI8RK60;A0ACI8RMW5;A0ACI8RMY0;A0ACI8RSI1;A0ACI8RSJ3;A0ACI8RWI9;A0ACI8RWK1;A0ACI8S017;A0ACI8S031;A0ACI8S1J9;A0ACI8S1L1;A0ACI8S425;A0ACI8S436;A0ACI8S7P4;A0ACI8S7Q2;A0ACI8S8D0;A0ACI8S8D5;A0ACI8SBT1;A0ACI8SDC3;A0ACI8SDC9;A0ACI8SEZ7;A0ACI8SF78;A0ACI8SF83;A0ACI8SGL0;A0ACI8SGL2;A0ACI8SH18;A0ACI8SH20;A0ACI8TP45;A0ACI8VMD1;A0ACI8VMN2;A0ACI8VMN4;A0ACI8VPM5;A0ACI8VPS5;A0ACI8VPV5;A0ACI8VPZ4;A0ACI8VQ34;H3BQR4;H3BQV8;H3BSU0;P23141	P23141	P23141	accepted	unique_reviewed_human_target
Luck2020	Nature_supplement_2020-04-08	negative_evidence	Ensembl	ENSG00000198860	ENSG00000198860	false	2	A0A2R8Y5L0;A0A2R8Y5Q6;A0A2R8Y5W5;A0A2R8Y6A4;A0A2R8Y6B3;A0A2R8Y6M5;A0A2R8YDU8;A0A2R8YEM0;A0A2R8YG40;A0A2R8YHG0;A0A2U3TZM3;A0ACI8UAC8;E9PPN1;F2Z3M0;H0YCV5;Q8WW01	Q8WW01	Q8WW01	accepted	unique_reviewed_human_target
Luck2020	Nature_supplement_2020-04-08	negative_evidence	Ensembl	ENSG00000198885	ENSG00000198885	false	1	C9JNT4;H7C0T2;Q6GPH6	Q6GPH6	Q6GPH6	accepted	unique_reviewed_human_target
Luck2020	Nature_supplement_2020-04-08	negative_evidence	Ensembl	ENSG00000203685	ENSG00000203685	false	2	F8WD64;Q69YW2	Q69YW2	Q69YW2	accepted	unique_reviewed_human_target
Luck2020	Nature_supplement_2020-04-08	negative_evidence	Ensembl	ENSG00000203908	ENSG00000203908	false	1	Q587J8	Q587J8	Q587J8	accepted	unique_reviewed_human_target
Luck2020	Nature_supplement_2020-04-08	negative_evidence	Ensembl	ENSG00000204007	ENSG00000204007	false	1	A0ACI8QQP1;Q7Z4J2	Q7Z4J2	Q7Z4J2	accepted	unique_reviewed_human_target
Luck2020	Nature_supplement_2020-04-08	negative_evidence	Ensembl	ENSG00000204104	ENSG00000204104	false	3	A0ACI8Q5K1;A0ACI8TV15;A0ACI8TV89;A0ACI8TVB5;A0ACI8VI34;A0ACI8VLI4;A0ACI8VLS8;A0ACI8VM29;A0ACI8VM55;A0ACI8VN25;A0ACI8VP39;A0ACI8VP64;A0ACI8VPA2;A0ACI8VPA3;A0ACI8VPA8;A0ACI8VPI2;A0ACI8VPP9;H7BZ10;Q8TDR0	Q8TDR0	Q8TDR0	accepted	unique_reviewed_human_target
Luck2020	Nature_supplement_2020-04-08	negative_evidence	Ensembl	ENSG00000204178	ENSG00000204178	false	2	A0A3B3ITD2;A0ACI8QMD5;A0ACI8R4X9;A0ACI8RD73;A0ACI8RJE8;A0ACI8RY60;Q8N5G2	Q8N5G2	Q8N5G2	accepted	unique_reviewed_human_target
Luck2020	Nature_supplement_2020-04-08	negative_evidence	Ensembl	ENSG00000204231	ENSG00000204231	false	6	A0ACI8PID4;A0ACI8QIB9;A0ACI8QRJ0;A0ACI8QSB7;A0ACI8R9T8;A0ACI8RR97;A0ACI8RZM3;A0ACI8SM11;E9PK75;P28702	P28702	P28702	accepted	unique_reviewed_human_target
Luck2020	Nature_supplement_2020-04-08	negative_evidence	Ensembl	ENSG00000204296	ENSG00000204296	false	3	A0A8V8TNR9;C9J9T8;E9PLW3;E9PNQ4;E9PQ85;Q5SRN2	Q5SRN2	Q5SRN2	accepted	unique_reviewed_human_target
Luck2020	Nature_supplement_2020-04-08	negative_evidence	Ensembl	ENSG00000204301	ENSG00000204301	false	2	A0ACI8Q2W0;A0ACI8R327;A0ACI8RKS9;Q99466	Q99466	Q99466	accepted	unique_reviewed_human_target
Luck2020	Nature_supplement_2020-04-08	negative_evidence	Ensembl	ENSG00000204315	ENSG00000204315	false	2	Q9UIM3	Q9UIM3	Q9UIM3	accepted	unique_reviewed_human_target
Luck2020	Nature_supplement_2020-04-08	negative_evidence	Ensembl	ENSG00000204442	ENSG00000204442	false	3	B1AL88	B1AL88	B1AL88	accepted	unique_reviewed_human_target
Luck2020	Nature_supplement_2020-04-08	negative_evidence	Ensembl	ENSG00000204449	ENSG00000204449	false	2	P0CI26	P0CI26	P0CI26	accepted	unique_reviewed_human_target
Luck2020	Nature_supplement_2020-04-08	negative_evidence	Ensembl	ENSG00000204519	ENSG00000204519	false	1	M0R209;M0R2M4;Q7Z340	Q7Z340	Q7Z340	accepted	unique_reviewed_human_target
Luck2020	Nature_supplement_2020-04-08	negative_evidence	Ensembl	ENSG00000204618	ENSG00000204618	false	2	Q9H2S5	Q9H2S5	Q9H2S5	accepted	unique_reviewed_human_target
Luck2020	Nature_supplement_2020-04-08	negative_evidence	Ensembl	ENSG00000204632	ENSG00000204632	false	6	F6UBT4;P17693;Q5RJ85	P17693	P17693	accepted	unique_reviewed_human_target
Luck2020	Nature_supplement_2020-04-08	negative_evidence	Ensembl	ENSG00000204991	ENSG00000204991	false	3	A0ACI8TI84;A0ACI8TIJ2;A0ACI8VIR9;A0ACI8VJ61;H3BV39;H3BV74;Q8WWL2	Q8WWL2	Q8WWL2	accepted	unique_reviewed_human_target
Luck2020	Nature_supplement_2020-04-08	negative_evidence	Ensembl	ENSG00000205002	ENSG00000205002	false	3	Q4LEZ3	Q4LEZ3	Q4LEZ3	accepted	unique_reviewed_human_target
Luck2020	Nature_supplement_2020-04-08	negative_evidence	Ensembl	ENSG00000205496	ENSG00000205496	false	2	Q8NGJ7	Q8NGJ7	Q8NGJ7	accepted	unique_reviewed_human_target
Luck2020	Nature_supplement_2020-04-08	negative_evidence	Ensembl	ENSG00000205593	ENSG00000205593	false	6	A0ACI8PQ65;A0ACI8Q6Z1;A0ACI8QER0;A0ACI8RSL1;A0ACI8RWZ6;A0ACI8U670;A0ACI8U671;A0ACI8U6P1;A0ACI8U794;H0Y7N0;Q8NEG7	Q8NEG7	Q8NEG7	accepted	unique_reviewed_human_target
Luck2020	Nature_supplement_2020-04-08	negative_evidence	Ensembl	ENSG00000205944	ENSG00000205944	false	3	E9PBY2;Q13117	Q13117	Q13117	accepted	unique_reviewed_human_target
Luck2020	Nature_supplement_2020-04-08	negative_evidence	Ensembl	ENSG00000206177	ENSG00000206177	false	2	Q6B0K9	Q6B0K9	Q6B0K9	accepted	unique_reviewed_human_target
Luck2020	Nature_supplement_2020-04-08	negative_evidence	Ensembl	ENSG00000213203	ENSG00000213203	false	3	Q8WWP7	Q8WWP7	Q8WWP7	accepted	unique_reviewed_human_target
Luck2020	Nature_supplement_2020-04-08	negative_evidence	Ensembl	ENSG00000213347	ENSG00000213347	false	2	A0ACI8TEU2;D6RD21;D6RED4;Q9BW11	Q9BW11	Q9BW11	accepted	unique_reviewed_human_target
Luck2020	Nature_supplement_2020-04-08	negative_evidence	Ensembl	ENSG00000213533	ENSG00000213533	false	2	A0ACI8QV82;A0ACI8T765;A0ACI8V7G6;F8WDI5;H7C503;H7C551;Q86TL2	Q86TL2	Q86TL2	accepted	unique_reviewed_human_target
Luck2020	Nature_supplement_2020-04-08	negative_evidence	Ensembl	ENSG00000213782	ENSG00000213782	false	2	A0ACI8PNE1;A0ACI8RDK3;A0ACI8UDX1;A0ACI8UDX5;F5H1N9;Q9H0S4	Q9H0S4	Q9H0S4	accepted	unique_reviewed_human_target
Luck2020	Nature_supplement_2020-04-08	negative_evidence	Ensembl	ENSG00000213865	ENSG00000213865	false	3				quarantine	unmapped_in_pinned_uniprot_release
Luck2020	Nature_supplement_2020-04-08	negative_evidence	Ensembl	ENSG00000213983	ENSG00000213983	false	1	A0ACI8Q9D8;A0ACI8Q9H5;A0ACI8QLA8;A0ACI8REH1;A0ACI8RM27;A0ACI8RX88;A0ACI8S8B4;A0ACI8SKS0;A0ACI8SKS2;A0ACI8SKT2;A0ACI8SKX7;A0ACI8SKZ3;A0ACI8SL50;A0ACI8U4C6;A0ACI8U4G7;G3V2V9;G3V3Z2;G3V532;H0YJ08;H0YJ47;O75843	O75843	O75843	accepted	unique_reviewed_human_target
Luck2020	Nature_supplement_2020-04-08	negative_evidence	Ensembl	ENSG00000214212	ENSG00000214212	false	2	A0ACI8PPS4;A0ACI8S4M0;A8MVS5	A8MVS5	A8MVS5	accepted	unique_reviewed_human_target
Luck2020	Nature_supplement_2020-04-08	negative_evidence	Ensembl	ENSG00000215012	ENSG00000215012	false	6	C9J0V4;Q7L3V2	Q7L3V2	Q7L3V2	accepted	unique_reviewed_human_target
Luck2020	Nature_supplement_2020-04-08	negative_evidence	Ensembl	ENSG00000221818	ENSG00000221818	false	4	A0ACI8SA34;A0ACI8VBC9;J3KQ27;Q9HAK2	Q9HAK2	Q9HAK2	accepted	unique_reviewed_human_target
Luck2020	Nature_supplement_2020-04-08	negative_evidence	Ensembl	ENSG00000221955	ENSG00000221955	false	2	A0ACI8R2B4;A0ACI8RRD2;A0ACI8RTL8;A0ACI8SBP7;A0ACI8TLR5;A0ACI8TLU6;A0ACI8TM97;A0ACI8TMA0;A0ACI8TMB5;A0ACI8TME1;A0AV02;C9IZN2;H7C5B1;H7C5L2	A0AV02	A0AV02	accepted	unique_reviewed_human_target
Luck2020	Nature_supplement_2020-04-08	negative_evidence	Ensembl	ENSG00000221983	ENSG00000221983	false	2	A0ACI8RSJ6;A0ACI8T383;A0ACI8T3F9;A0ACI8UDI4;M0R1M6;M0R1V7;M0R2S1;P62987	P62987	P62987	accepted	unique_reviewed_human_target
Luck2020	Nature_supplement_2020-04-08	negative_evidence	Ensembl	ENSG00000229183	ENSG00000229183	false	2	F5GXL4;F5H0H6;P0DJD7	P0DJD7	P0DJD7	accepted	unique_reviewed_human_target
Luck2020	Nature_supplement_2020-04-08	negative_evidence	Ensembl	ENSG00000229809	ENSG00000229809	false	6	A0ACI8R518;A0ACI8RJH9;A0ACI8RY84;H3BR26;H3BR45;H3BTK8;P0C7X2	P0C7X2	P0C7X2	accepted	unique_reviewed_human_target
Luck2020	Nature_supplement_2020-04-08	negative_evidence	Ensembl	ENSG00000232268	ENSG00000232268	false	3	Q8NGK6	Q8NGK6	Q8NGK6	accepted	unique_reviewed_human_target
Luck2020	Nature_supplement_2020-04-08	negative_evidence	Ensembl	ENSG00000234127	ENSG00000234127	false	6	A0ACI8PHR3;A0ACI8PL97;A0ACI8VDS0;A2AE48;A2AE50;Q12899;Q5SPU2	Q12899	Q12899	accepted	unique_reviewed_human_target
Luck2020	Nature_supplement_2020-04-08	negative_evidence	Ensembl	ENSG00000239282	ENSG00000239282	false	3	A0ACI8PI85;A0ACI8QS41;A0ACI8RR53;A0ACI8UU75;A0ACI8UU83;A0ACM8R381;B7WPJ3;F2Z2C1;F2Z3I9;F8WD52;Q8WTX7	Q8WTX7	Q8WTX7	accepted	unique_reviewed_human_target
Luck2020	Nature_supplement_2020-04-08	negative_evidence	Ensembl	ENSG00000240505	ENSG00000240505	false	2	E7ER05;J3QR67;O14836	O14836	O14836	accepted	unique_reviewed_human_target
Luck2020	Nature_supplement_2020-04-08	negative_evidence	Ensembl	ENSG00000240764	ENSG00000240764	false	3	Q9Y5F6	Q9Y5F6	Q9Y5F6	accepted	unique_reviewed_human_target
Luck2020	Nature_supplement_2020-04-08	negative_evidence	Ensembl	ENSG00000241685	ENSG00000241685	false	2	A0ACI8QRI0;A0ACI8R2Q1;A0ACI8RDE9;A0ACI8S422;A0ACI8SAT8;A0ACI8TX85;A0ACI8TXB5;A0ACI8V7K3;A0ACI8V8K3;A0ACI8V8P3;E9PF58;Q92747	Q92747	Q92747	accepted	unique_reviewed_human_target
Luck2020	Nature_supplement_2020-04-08	negative_evidence	Ensembl	ENSG00000241837	ENSG00000241837	false	6	A0A494C0K9;A0ACI8QFZ1;A0ACI8QG08;A0ACI8QJM3;A0ACI8R8E9;A0ACI8REX2;A0ACI8SD61;A0ACI8SY02;A0ACI8SY16;A0ACI8SY18;A0ACI8SY25;A0ACI8SY31;A0ACI8SY32;A0ACI8SY37;A0ACI8SY44;A0ACI8SY93;H7C068;H7C086;H7C239;H7C2P9;P48047	P48047	P48047	accepted	unique_reviewed_human_target
Luck2020	Nature_supplement_2020-04-08	negative_evidence	Ensembl	ENSG00000242259	ENSG00000242259	false	3	A0ACI8RHG5;E0CX16;Q6P5X5	Q6P5X5	Q6P5X5	accepted	unique_reviewed_human_target
Luck2020	Nature_supplement_2020-04-08	negative_evidence	Ensembl	ENSG00000242574	ENSG00000242574	false	6	A0ACI8PV22;A0ACI8QP58;A0ACI8QPY0;A0ACI8RPS3;H0Y4B8;H0Y7A2;P28068	P28068	P28068	accepted	unique_reviewed_human_target
Luck2020	Nature_supplement_2020-04-08	negative_evidence	Ensembl	ENSG00000242950	ENSG00000242950	false	2	Q9UQF0	Q9UQF0	Q9UQF0	accepted	unique_reviewed_human_target
Luck2020	Nature_supplement_2020-04-08	negative_evidence	Ensembl	ENSG00000243156	ENSG00000243156	false	2	A0A5F9ZHV5;C9J922;E9PP85;J3KRP8;J3KSK6;J3KTB6;J3QLA3;J3QQT0;J3QR21;Q7RTP6	Q7RTP6	Q7RTP6	accepted	unique_reviewed_human_target
Luck2020	Nature_supplement_2020-04-08	negative_evidence	Ensembl	ENSG00000243710	ENSG00000243710	false	3	A0A087WVY5;A0ACI8SE53;E9PP89;E9PRV3;H7C4D4;Q96MR6	Q96MR6	Q96MR6	accepted	unique_reviewed_human_target
Luck2020	Nature_supplement_2020-04-08	negative_evidence	Ensembl	ENSG00000244509	ENSG00000244509	false	2	A0ACI8PNR7;F8WB92;Q9NRW3	Q9NRW3	Q9NRW3	accepted	unique_reviewed_human_target
Luck2020	Nature_supplement_2020-04-08	negative_evidence	Ensembl	ENSG00000244754	ENSG00000244754	false	2	A0A6I8PL40;A0A6I8PL95;A0A6I8PRE0;A0A6I8PRI0;A0A6I8PRM1;A0A6I8PRP6;A0A6I8PRR0;A0A6I8PRR5;A0A6I8PRT3;A0A6I8PRV3;A0A6I8PRX5;A0A6I8PRY6;A0A6I8PS46;A0A6I8PU16;D6R968;F6V1K3;Q92802	Q92802	Q92802	accepted	unique_reviewed_human_target
Luck2020	Nature_supplement_2020-04-08	negative_evidence	Ensembl	ENSG00000248905	ENSG00000248905	false	2	A0A5F9ZHS8;H0YL93;H0YLM7;H0YM30;H0YMP0;Q68DA7	Q68DA7	Q68DA7	accepted	unique_reviewed_human_target
Luck2020	Nature_supplement_2020-04-08	negative_evidence	Ensembl	ENSG00000254093	ENSG00000254093	false	2	A0ACI8RLR8;E5RGR1;E5RJG9;H0YBF0;Q96BK5	Q96BK5	Q96BK5	accepted	unique_reviewed_human_target
Luck2020	Nature_supplement_2020-04-08	negative_evidence	Ensembl	ENSG00000255524	ENSG00000255524	false	3	E9PQR5;H0YDQ7	E9PQR5	E9PQR5	accepted	unique_reviewed_human_target
Luck2020	Nature_supplement_2020-04-08	negative_evidence	Ensembl	ENSG00000255529	ENSG00000255529	false	2	E9PP13;P0CAP2;Q6EEV4	P0CAP2;Q6EEV4		quarantine	multiple_reviewed_human_targets
Luck2020	Nature_supplement_2020-04-08	negative_evidence	Ensembl	ENSG00000255837	ENSG00000255837	false	3	P59543	P59543	P59543	accepted	unique_reviewed_human_target
Luck2020	Nature_supplement_2020-04-08	negative_evidence	Ensembl	ENSG00000256043	ENSG00000256043	false	3	A0A7I2V4E3;A0A7I2V4S1;A0A7P0T898;A0A7P0T8T8;A0A7P0T996;A0A7P0Z4C4;A0A7P0Z4D8;A0A7P0Z4I5;A0A7P0Z4L5;A0ACI8PD81;A0ACI8RAC3;A0ACI8URH4;P43234	P43234	P43234	accepted	unique_reviewed_human_target
Luck2020	Nature_supplement_2020-04-08	negative_evidence	Ensembl	ENSG00000256683	ENSG00000256683	false	5	A0ACI8R7X2;M0QY52;M0QYT6;M0R017;M0R1T8;Q9GZX5	Q9GZX5	Q9GZX5	accepted	unique_reviewed_human_target
Luck2020	Nature_supplement_2020-04-08	negative_evidence	Ensembl	ENSG00000256812	ENSG00000256812	false	3	Q96L46	Q96L46	Q96L46	accepted	unique_reviewed_human_target
Luck2020	Nature_supplement_2020-04-08	negative_evidence	Ensembl	ENSG00000259030	ENSG00000259030	false	2	A0A3B3ITB1;A6NHC7;E9PKE1;Q59H18;V9GXZ4	Q59H18	Q59H18	accepted	unique_reviewed_human_target
Luck2020	Nature_supplement_2020-04-08	negative_evidence	Ensembl	ENSG00000262576	ENSG00000262576	false	2	Q9Y5G9	Q9Y5G9	Q9Y5G9	accepted	unique_reviewed_human_target
Luck2020	Nature_supplement_2020-04-08	negative_evidence	Ensembl	ENSG00000262814	ENSG00000262814	false	2	A0ACI8QBK8;A0ACI8SM98;P52815	P52815	P52815	accepted	unique_reviewed_human_target
Luck2020	Nature_supplement_2020-04-08	negative_evidence	Ensembl	ENSG00000263465	ENSG00000263465	false	3	Q9BRL6	Q9BRL6	Q9BRL6	accepted	unique_reviewed_human_target
Luck2020	Nature_supplement_2020-04-08	negative_evidence	Ensembl	ENSG00000265241	ENSG00000265241	false	2	A0ACI8S4D2;A0ACI8TJ82;Q9Y5S9	Q9Y5S9	Q9Y5S9	accepted	unique_reviewed_human_target
Luck2020	Nature_supplement_2020-04-08	negative_evidence	Ensembl	ENSG00000275023	ENSG00000275023	false	2	A0A087WVY1;A0A0G2JMN0;A0ACI8S7N9;P55198	P55198	P55198	accepted	unique_reviewed_human_target
Luck2020	Nature_supplement_2020-04-08	negative_evidence	Ensembl	ENSG00000276043	ENSG00000276043	false	2	A0A087WTW0;A0A087WVR3;A0A087WWG9;A0ACI8TNA6;A0ACI8TNH6;A0ACI8US11;Q96T88	Q96T88	Q96T88	accepted	unique_reviewed_human_target
Luck2020	Nature_supplement_2020-04-08	negative_evidence	Ensembl	ENSG00000277462	ENSG00000277462	false	5	A0ACI8RUW6;A0ACI8S5S0;Q9BS34	Q9BS34	Q9BS34	accepted	unique_reviewed_human_target
Luck2020	Nature_supplement_2020-04-08	negative_evidence	Ensembl	ENSG00000278053	ENSG00000278053	false	2	A0A087WTD6;A0A087X069;A0A087X121;A0A087X1P7;A0ACI8QJT3;A0ACI8U3B8;A0ACI8VF49;Q9Y2R4	Q9Y2R4	Q9Y2R4	accepted	unique_reviewed_human_target
Luck2020	Nature_supplement_2020-04-08	negative_evidence	Ensembl	ENSG00000282034	ENSG00000282034	false	2	A0A0C4DFX4;A0A994J4T5			quarantine	multiple_or_cross_species_targets_without_unique_human_mapping
